{
"type": "FeatureCollection",
"name": "BusRoutes_for_Streamlit",
"crs": { "type": "name", "properties": { "name": "urn:ogc:def:crs:EPSG::32639" } },
"features": [
{ "type": "Feature", "properties": { "fid": 1, "id": 1, "length": 1289.9745350211167, "line_name": "route02(beheshti terminal-rasht-bahar)" }, "geometry": { "type": "LineString", "coordinates": [ [ 412083.995679890736938, 4014297.098639413248748 ], [ 412089.330154682975262, 4014304.75597534282133 ], [ 412100.245236930437386, 4014316.038867250084877 ], [ 412104.171856766857672, 4014326.05854915548116 ], [ 412105.562763037800323, 4014334.547710902988911 ], [ 412107.596655024506617, 4014339.862510769162327 ], [ 412113.381235649459995, 4014346.695557943079621 ], [ 412137.574664339306764, 4014376.017882058862597 ], [ 412160.42682766384678, 4014410.689166228286922 ], [ 412191.121883942221757, 4014455.507416774053127 ], [ 412208.261400560906623, 4014477.120420897845179 ], [ 412222.325210115290247, 4014497.208352149929851 ], [ 412234.969183087698184, 4014519.311388174071908 ], [ 412253.752491443650797, 4014561.137762368656695 ], [ 412276.981010019953828, 4014615.368491346482188 ], [ 412294.048516157490667, 4014683.444395589176565 ], [ 412306.063292375765741, 4014732.45293580647558 ], [ 412312.318978718249127, 4014763.735051123425364 ], [ 412322.829377377056517, 4014788.527393939904869 ], [ 412341.592315901187249, 4014810.568890000227839 ], [ 412344.815672494878527, 4014826.764762189239264 ], [ 412342.317485518753529, 4014846.797509886324406 ], [ 412331.303873887402005, 4014861.358437089249492 ], [ 412320.189453205908649, 4014865.916610506828874 ], [ 412310.101178410637658, 4014865.129099380690604 ], [ 412298.888143758289516, 4014859.906815107446164 ], [ 412291.412248237291351, 4014850.423033847939223 ], [ 412283.53376324812416, 4014836.719498349819332 ], [ 412282.931656197353732, 4014812.716484850272536 ], [ 412288.361108193406835, 4014797.767200282774866 ], [ 412289.144481762079522, 4014786.199370136018842 ], [ 412288.319160748971626, 4014775.759295864030719 ], [ 412280.644285219488665, 4014728.707759615033865 ], [ 412262.103177429002244, 4014657.312147076707333 ], [ 412252.652818385511637, 4014612.723917063325644 ], [ 412240.866370369796641, 4014586.388385050930083 ], [ 412220.206831746269017, 4014537.022557724732906 ], [ 412197.211613902298268, 4014488.124966796021909 ], [ 412188.025575128907803, 4014469.766278787981719 ], [ 412170.694774242350832, 4014447.043712879996747 ], [ 412136.737176684022415, 4014400.03542351257056 ], [ 412093.525168897409458, 4014345.784672539215535 ], [ 412072.22491562156938, 4014322.213184097316116 ], [ 412060.318231833865866, 4014313.288462060038 ] ] } },
{ "type": "Feature", "properties": { "fid": 2, "id": 2, "length": 238.83884661228967, "line_name": "route02(beheshti terminal-rasht-bahar)" }, "geometry": { "type": "LineString", "coordinates": [ [ 412060.318231833865866, 4014313.288462060038 ], [ 412047.842080471280497, 4014296.449850114062428 ], [ 412023.094605371414218, 4014270.245656566228718 ], [ 411994.184477939968929, 4014241.860580088570714 ], [ 411953.448082318180241, 4014201.146133332978934 ], [ 411934.167630644340534, 4014181.556038319133222 ], [ 411914.853329691221006, 4014158.631730897352099 ], [ 411895.310370783263352, 4014141.191022443119437 ] ] } },
{ "type": "Feature", "properties": { "fid": 3, "id": 3, "length": 430.3025191207692, "line_name": "route02(beheshti terminal-rasht-bahar)" }, "geometry": { "type": "LineString", "coordinates": [ [ 411895.310370783263352, 4014141.191022443119437 ], [ 411879.192298801499419, 4014121.423126141075045 ], [ 411849.378940965281799, 4014092.825352723244578 ], [ 411818.79805192805361, 4014059.567022182513028 ], [ 411808.049332960625179, 4014047.004519313573837 ], [ 411797.917226452147588, 4014041.994196184445173 ], [ 411784.877978390781209, 4014034.345686872955412 ], [ 411764.978216118819546, 4014024.766020983457565 ], [ 411747.819082121481188, 4014019.160112395416945 ], [ 411731.044746237981599, 4014015.995703921187669 ], [ 411724.548759223951492, 4014014.505474002566189 ], [ 411669.044416959630325, 4014026.628819932695478 ], [ 411599.526930468855426, 4014041.562592952977866 ], [ 411562.749722261098213, 4014050.087768777273595 ], [ 411536.69414201634936, 4014055.484491155017167 ], [ 411536.69414201634936, 4014055.484491155017167 ], [ 411529.104937008349225, 4014057.110892524942756 ], [ 411518.42007338127587, 4014060.814244042616338 ] ] } },
{ "type": "Feature", "properties": { "fid": 4, "id": 4, "length": 285.8534759945087, "line_name": "route02(beheshti terminal-rasht-bahar)" }, "geometry": { "type": "LineString", "coordinates": [ [ 411518.42007338127587, 4014060.814244042616338 ], [ 411518.42007338127587, 4014060.814244042616338 ], [ 411506.575497325975448, 4014062.278193098027259 ], [ 411486.363509838003665, 4014066.277796937618405 ], [ 411415.226575383450836, 4014081.229539500083774 ], [ 411355.416529645270202, 4014094.732599838636816 ], [ 411318.408217059215531, 4014102.223617987241596 ], [ 411307.234379086177796, 4014101.003695384599268 ], [ 411286.759271942079067, 4014105.658615130465478 ], [ 411251.56016457133228, 4014114.020697919186205 ], [ 411238.921277628396638, 4014117.25500058894977 ] ] } },
{ "type": "Feature", "properties": { "fid": 5, "id": 5, "length": 316.49180748659364, "line_name": "route02(beheshti terminal-rasht-bahar)" }, "geometry": { "type": "LineString", "coordinates": [ [ 411238.921277628396638, 4014117.25500058894977 ], [ 411195.703834359475877, 4014126.81761396676302 ], [ 411164.275878224347252, 4014134.252329695504159 ], [ 411129.617000134079717, 4014142.6093958937563 ], [ 411103.709476931719109, 4014148.542941628489643 ], [ 411078.116423945175484, 4014154.417774218600243 ], [ 411042.288250224781223, 4014162.842722933273762 ], [ 411008.839490774727892, 4014170.687711229082197 ], [ 410979.750159996736329, 4014177.932448291219771 ], [ 410947.023224275442772, 4014185.9370211744681 ], [ 410930.888452710001729, 4014189.471557232085615 ] ] } },
{ "type": "Feature", "properties": { "fid": 6, "id": 6, "length": 391.86666623796276, "line_name": "route02(beheshti terminal-rasht-bahar)" }, "geometry": { "type": "LineString", "coordinates": [ [ 410930.888452710001729, 4014189.471557232085615 ], [ 410899.521907451329753, 4014197.094185839872807 ], [ 410860.461431037809234, 4014206.275501180440187 ], [ 410820.144438555988017, 4014215.803337076213211 ], [ 410774.887747308122925, 4014226.382411965634674 ], [ 410727.47342520771781, 4014237.206176047679037 ], [ 410680.514922936214134, 4014248.581289972644299 ], [ 410646.527920319931582, 4014256.544371606316417 ], [ 410640.112867408373859, 4014258.555460267234594 ], [ 410639.347963128238916, 4014262.953888893127441 ], [ 410644.003256113792304, 4014278.022967960685492 ], [ 410646.484831505280454, 4014291.780533958226442 ], [ 410639.442388764291536, 4014307.192089276853949 ], [ 410625.277211289678235, 4014312.673000157810748 ], [ 410599.540791121835355, 4014319.030088762752712 ] ] } },
{ "type": "Feature", "properties": { "fid": 7, "id": 7, "length": 584.76745640343097, "line_name": "route02(beheshti terminal-rasht-bahar)" }, "geometry": { "type": "LineString", "coordinates": [ [ 410599.540791121835355, 4014319.030088762752712 ], [ 410577.224386572488584, 4014322.61493430705741 ], [ 410536.189355182519648, 4014332.262647845316678 ], [ 410501.437229289673269, 4014340.178603208623827 ], [ 410489.770444410038181, 4014343.522111552301794 ], [ 410472.540853755723219, 4014348.590195787604898 ], [ 410463.270899842260405, 4014348.685611866880208 ], [ 410459.169435438758228, 4014343.725911822170019 ], [ 410457.12841963081155, 4014329.07462449092418 ], [ 410454.604974896647036, 4014302.534850942902267 ], [ 410450.752889577648602, 4014295.571819419041276 ], [ 410432.074066977365874, 4014299.765670838300139 ], [ 410393.426704619429074, 4014305.276782959233969 ], [ 410337.278655394969974, 4014315.748060490936041 ], [ 410281.848436967935413, 4014325.989992775488645 ], [ 410227.86177589680301, 4014336.550845216028392 ], [ 410172.520651023893151, 4014346.681408526841551 ], [ 410098.678796306659933, 4014360.782755646854639 ], [ 410068.587055055017117, 4014367.657516610343009 ] ] } },
{ "type": "Feature", "properties": { "fid": 8, "id": 8, "length": 496.5704681423224, "line_name": "route02(beheshti terminal-rasht-bahar)" }, "geometry": { "type": "LineString", "coordinates": [ [ 410068.587055055017117, 4014367.657516610343009 ], [ 410011.902550228231121, 4014377.463927367236465 ], [ 409968.425693940080237, 4014385.916913972701877 ], [ 409882.893778426805511, 4014401.03035205649212 ], [ 409821.980376838124357, 4014411.887827168218791 ], [ 409792.696020488336217, 4014417.526876102667302 ], [ 409726.223661738797091, 4014430.443455033935606 ], [ 409642.677127024973743, 4014445.983291721437126 ], [ 409587.879576504521538, 4014456.334276979789138 ], [ 409580.573706862458494, 4014458.39015430258587 ] ] } },
{ "type": "Feature", "properties": { "fid": 9, "id": 9, "length": 204.54722758277555, "line_name": "route02(beheshti terminal-rasht-bahar)" }, "geometry": { "type": "LineString", "coordinates": [ [ 409580.573706862458494, 4014458.39015430258587 ], [ 409527.859920446993783, 4014466.517619270365685 ], [ 409477.557909721450415, 4014476.37793139833957 ], [ 409419.345410650304984, 4014487.210147989913821 ], [ 409379.734214216819964, 4014496.466457832138985 ] ] } },
{ "type": "Feature", "properties": { "fid": 10, "id": 10, "length": 835.40781581246358, "line_name": "route02(beheshti terminal-rasht-bahar)" }, "geometry": { "type": "LineString", "coordinates": [ [ 409379.734214216819964, 4014496.466457832138985 ], [ 409340.302111520199105, 4014502.928334002848715 ], [ 409298.441769621218555, 4014510.923241470940411 ], [ 409266.951706804102287, 4014512.140911957714707 ], [ 409237.233776653301902, 4014510.672501838300377 ], [ 409197.038919555197936, 4014505.756625562440604 ], [ 409140.791816645534709, 4014497.89628223888576 ], [ 409057.320935993921012, 4014486.097035678569227 ], [ 408980.175291248830035, 4014476.677786355372518 ], [ 408883.36551331973169, 4014463.241320675238967 ], [ 408789.989346551767085, 4014451.103769969660789 ], [ 408725.237228066835087, 4014439.111412815283984 ], [ 408714.36260868026875, 4014436.391095926985145 ], [ 408692.703347442031372, 4014430.949557811487466 ], [ 408614.584335602878127, 4014414.652163797989488 ], [ 408569.837230513279792, 4014404.896192095242441 ], [ 408555.072636312688701, 4014401.661189175210893 ] ] } },
{ "type": "Feature", "properties": { "fid": 11, "id": 11, "length": 248.87548202817493, "line_name": "route02(beheshti terminal-rasht-bahar)" }, "geometry": { "type": "LineString", "coordinates": [ [ 408555.072636312688701, 4014401.661189175210893 ], [ 408544.884047577041201, 4014398.655982674565166 ], [ 408504.104935050476342, 4014389.636706537567079 ], [ 408457.217455066682305, 4014381.793448525480926 ], [ 408434.150644068780821, 4014379.479686348699033 ], [ 408389.246541094267741, 4014371.949376237113029 ], [ 408353.957278603455052, 4014371.431880177929997 ], [ 408314.352705449156929, 4014371.404630678705871 ], [ 408309.099086515721865, 4014371.737895456142724 ] ] } },
{ "type": "Feature", "properties": { "fid": 12, "id": 12, "length": 313.72379039332327, "line_name": "route02(beheshti terminal-rasht-bahar)" }, "geometry": { "type": "LineString", "coordinates": [ [ 408309.099086515721865, 4014371.737895456142724 ], [ 408274.563438994460739, 4014370.934890625998378 ], [ 408262.844715005136095, 4014369.280001605860889 ], [ 408261.521419952099677, 4014363.291608985513449 ], [ 408260.7099900332978, 4014354.630107400007546 ], [ 408264.821855644579045, 4014351.919030845630914 ], [ 408284.081847227294929, 4014351.715930482372642 ], [ 408350.0086575782625, 4014355.467225281987339 ], [ 408392.159046756918542, 4014357.913227437064052 ], [ 408438.31385628413409, 4014364.54115263838321 ], [ 408499.789584829239175, 4014373.008922212291509 ], [ 408511.017012383323163, 4014374.22467824537307 ] ] } },
{ "type": "Feature", "properties": { "fid": 13, "id": 13, "length": 852.60295485740062, "line_name": "route02(beheshti terminal-rasht-bahar)" }, "geometry": { "type": "LineString", "coordinates": [ [ 408511.017012383323163, 4014374.22467824537307 ], [ 408573.41391067620134, 4014389.797162591014057 ], [ 408633.586008323531132, 4014402.725749888457358 ], [ 408691.517268740804866, 4014416.567506631370634 ], [ 408748.444352691527456, 4014429.086325332522392 ], [ 408778.194164938176982, 4014433.553911844268441 ], [ 408802.538179519935511, 4014437.522504074499011 ], [ 408856.443741627968848, 4014445.182908026967198 ], [ 408883.892641270474996, 4014449.119191492442042 ], [ 408956.550356534251478, 4014459.696115537546575 ], [ 409026.311648472386878, 4014468.747774173971266 ], [ 409079.501438678475097, 4014476.861652303487062 ], [ 409116.186571902944706, 4014481.813663385342807 ], [ 409159.643592226842884, 4014488.8070317953825 ], [ 409200.837816765648313, 4014494.601539705414325 ], [ 409233.913583234068938, 4014498.702488559763879 ], [ 409262.354188167722896, 4014498.516899933107197 ], [ 409307.422446987417061, 4014496.046082113869488 ], [ 409340.332847991376184, 4014492.924133739899844 ], [ 409351.309274069266394, 4014489.344922837335616 ] ] } },
{ "type": "Feature", "properties": { "fid": 14, "id": 14, "length": 255.00913088592952, "line_name": "route02(beheshti terminal-rasht-bahar)" }, "geometry": { "type": "LineString", "coordinates": [ [ 409351.309274069266394, 4014489.344922837335616 ], [ 409367.459056865773164, 4014487.528341680765152 ], [ 409411.318051338894293, 4014481.291422700509429 ], [ 409446.359568631625734, 4014475.368828531820327 ], [ 409494.875462122203317, 4014466.860769975464791 ], [ 409563.338775688200258, 4014455.033244993537664 ], [ 409599.259679259499535, 4014447.101355675142258 ], [ 409601.982822225429118, 4014445.197661464102566 ] ] } },
{ "type": "Feature", "properties": { "fid": 15, "id": 15, "length": 428.65538164847169, "line_name": "route02(beheshti terminal-rasht-bahar)" }, "geometry": { "type": "LineString", "coordinates": [ [ 409601.982822225429118, 4014445.197661464102566 ], [ 409645.989734176197089, 4014439.94655902730301 ], [ 409709.233495897555258, 4014428.17441595857963 ], [ 409795.115666947851423, 4014412.166388879064471 ], [ 409881.538125054677948, 4014396.153621419332922 ], [ 409944.593271149555221, 4014383.495930916629732 ], [ 410003.353914530714974, 4014373.328521957155317 ], [ 410023.428138530987781, 4014368.375962712336332 ] ] } },
{ "type": "Feature", "properties": { "fid": 16, "id": 16, "length": 362.82304369049496, "line_name": "route02(beheshti terminal-rasht-bahar)" }, "geometry": { "type": "LineString", "coordinates": [ [ 410023.428138530987781, 4014368.375962712336332 ], [ 410033.70818365784362, 4014366.678739128168672 ], [ 410072.296302791102789, 4014359.832779633346945 ], [ 410104.006401849270333, 4014353.724997440818697 ], [ 410144.880430684657767, 4014345.966507866978645 ], [ 410191.238772095297463, 4014337.595816916786134 ], [ 410232.648353731958196, 4014329.387599436566234 ], [ 410273.154569818347227, 4014320.855438370723277 ], [ 410313.314611685578711, 4014313.660883449018002 ], [ 410354.818987805570941, 4014305.896892190445215 ], [ 410379.799120998883154, 4014300.950184561312199 ] ] } },
{ "type": "Feature", "properties": { "fid": 17, "id": 17, "length": 1073.9728709170768, "line_name": "route02(beheshti terminal-rasht-bahar)" }, "geometry": { "type": "LineString", "coordinates": [ [ 410379.799120998883154, 4014300.950184561312199 ], [ 410414.474833988817409, 4014295.167295380029827 ], [ 410437.019088438246399, 4014290.488990270998329 ], [ 410448.021992391848471, 4014292.598782267421484 ], [ 410449.645427451527212, 4014292.915530222002417 ], [ 410450.81657336401986, 4014293.01462717121467 ], [ 410451.985430900356732, 4014292.891440300270915 ], [ 410451.414537280274089, 4014289.896165808197111 ], [ 410449.482198368757963, 4014285.803369608242065 ], [ 410435.824579276086297, 4014253.153623258229345 ], [ 410422.724035061313771, 4014222.165466787759215 ], [ 410409.445688334410079, 4014191.401467536110431 ], [ 410406.671530158782844, 4014166.75390416989103 ], [ 410400.236892577668186, 4014118.801755687221885 ], [ 410397.909706137725152, 4014102.597277879714966 ], [ 410401.605646988726221, 4014059.43155504995957 ], [ 410408.039795597316697, 4014002.454574052244425 ], [ 410416.623335230338853, 4013909.441667336504906 ], [ 410422.267546242801473, 4013863.143605881836265 ], [ 410441.580392825999297, 4013850.495555904693902 ], [ 410503.048854311346076, 4013875.650645275600255 ], [ 410537.064248590613715, 4013892.196138564962894 ], [ 410610.454624447389506, 4013956.355462172068655 ], [ 410630.984966642165091, 4013974.596034981310368 ], [ 410643.257760963169858, 4013995.144542106892914 ], [ 410642.307084353233222, 4014077.852623387239873 ], [ 410641.082834495347925, 4014151.448925064411014 ], [ 410638.512242169934325, 4014234.173668987583369 ], [ 410638.524058356881142, 4014252.847367137670517 ], [ 410639.993752160458826, 4014255.722264849115163 ], [ 410655.068170169484802, 4014251.121271814219654 ], [ 410661.531889675708953, 4014248.644238624721766 ] ] } },
{ "type": "Feature", "properties": { "fid": 18, "id": 18, "length": 378.31330123374056, "line_name": "route02(beheshti terminal-rasht-bahar)" }, "geometry": { "type": "LineString", "coordinates": [ [ 410661.531889675708953, 4014248.644238624721766 ], [ 410718.995682218577713, 4014235.570304168388247 ], [ 410785.447992571280338, 4014220.438532733358443 ], [ 410836.44997492514085, 4014208.355624870862812 ], [ 410896.616259088332299, 4014194.62299303105101 ], [ 410949.409450724371709, 4014181.633180574979633 ], [ 411010.100166647112928, 4014166.339826359413564 ], [ 411029.453092746611219, 4014161.174692110624164 ] ] } },
{ "type": "Feature", "properties": { "fid": 19, "id": 19, "length": 372.39175802297933, "line_name": "route02(beheshti terminal-rasht-bahar)" }, "geometry": { "type": "LineString", "coordinates": [ [ 411029.453092746611219, 4014161.174692110624164 ], [ 411040.631286165909842, 4014159.247178351972252 ], [ 411089.486968324519694, 4014148.465990168042481 ], [ 411148.216262666974217, 4014134.972117184195668 ], [ 411194.194979085354134, 4014124.498794793151319 ], [ 411254.000065183790866, 4014110.550049455836415 ], [ 411299.801285387249663, 4014100.301410497631878 ], [ 411307.703326971153729, 4014098.442385617177933 ], [ 411314.648698047327343, 4014091.035450599621981 ], [ 411323.623977967421524, 4014088.498578675091267 ], [ 411374.094176392420195, 4014077.091209716163576 ], [ 411389.223051051492803, 4014072.525690652895719 ] ] } },
{ "type": "Feature", "properties": { "fid": 20, "id": 20, "length": 206.22987056586027, "line_name": "route02(beheshti terminal-rasht-bahar) " }, "geometry": { "type": "LineString", "coordinates": [ [ 411389.223051051492803, 4014072.525690652895719 ], [ 411415.40237387677189, 4014067.555884898174554 ], [ 411462.830817331443541, 4014057.958466702606529 ], [ 411547.789977014181204, 4014039.087355146184564 ], [ 411590.346454145736061, 4014027.518579249735922 ] ] } },
{ "type": "Feature", "properties": { "fid": 21, "id": 21, "length": 635.4474877479164, "line_name": "route02(beheshti terminal-rasht-bahar)" }, "geometry": { "type": "LineString", "coordinates": [ [ 411590.346454145736061, 4014027.518579249735922 ], [ 411655.941821110725868, 4014012.756560144945979 ], [ 411728.328439716075081, 4013996.682601966895163 ], [ 411781.132954406843055, 4013984.587020809296519 ], [ 411787.253162501263432, 4013984.524958692491055 ], [ 411790.173830994812306, 4013988.496858850587159 ], [ 411803.697100393124856, 4014008.367323657963425 ], [ 411844.158420447027311, 4014057.309228506870568 ], [ 411910.449910303286742, 4014132.666473044548184 ], [ 411965.024456066836137, 4014188.802116869017482 ], [ 412010.137086713279132, 4014235.030007614288479 ], [ 412038.144933346600737, 4014263.201953657437116 ], [ 412042.439044685452245, 4014265.048135419841856 ], [ 412049.317822349374183, 4014268.813365766312927 ], [ 412061.971764200250618, 4014274.020782856736332 ], [ 412067.070750180457253, 4014279.804776896722615 ], [ 412077.037523676932324, 4014290.763768042903394 ], [ 412083.995679890736938, 4014297.098639413248748 ] ] } },
{ "type": "Feature", "properties": { "fid": 1, "id": 1, "length": 1288.461585299814, "line_name": "route02(beheshti terminal-rasht-pezeshki)" }, "geometry": { "type": "LineString", "coordinates": [ [ 412083.995679890736938, 4014297.098639413248748 ], [ 412101.664742139459122, 4014317.615402418654412 ], [ 412105.016470858769026, 4014328.641272478271276 ], [ 412106.029409711889457, 4014335.355803060345352 ], [ 412119.292751018423587, 4014351.894764352124184 ], [ 412152.883892800891772, 4014398.239772385917604 ], [ 412206.610836760373786, 4014477.727581998798996 ], [ 412231.098125014221296, 4014513.938681247644126 ], [ 412256.138051868940238, 4014569.262610847130418 ], [ 412270.104572662035935, 4014597.576928739901632 ], [ 412278.595000911329407, 4014618.388083069119602 ], [ 412284.992734678904526, 4014645.889538773335516 ], [ 412303.178175101347733, 4014717.733393028844148 ], [ 412312.46387885051081, 4014763.879478721879423 ], [ 412316.551394207112025, 4014776.50972750550136 ], [ 412324.954158889770042, 4014788.651862212456763 ], [ 412333.334494097041897, 4014798.571167584974319 ], [ 412343.030742528499104, 4014814.034875063691288 ], [ 412343.351876890403219, 4014828.036935834679753 ], [ 412341.393657850276213, 4014848.064241557847708 ], [ 412334.30168828292517, 4014858.806430581491441 ], [ 412321.229807901370805, 4014865.607397751417011 ], [ 412310.430547205090988, 4014865.716279623098671 ], [ 412298.108446095662657, 4014857.615196485538036 ], [ 412289.363664259086363, 4014847.254987458698452 ], [ 412283.271605181507766, 4014832.199597519356757 ], [ 412283.476888375589624, 4014816.858388572465628 ], [ 412285.693438670830801, 4014804.609183790162206 ], [ 412290.758438993594609, 4014789.218964219558984 ], [ 412289.93536180537194, 4014779.001173513475806 ], [ 412284.248717953043524, 4014750.603314676322043 ], [ 412279.304422838438768, 4014724.421035550534725 ], [ 412258.050556023139507, 4014633.934449654538184 ], [ 412237.663731349748559, 4014575.895886286627501 ], [ 412208.360421697376296, 4014508.388191401492804 ], [ 412174.480009782128036, 4014451.152893803548068 ], [ 412127.009525226952974, 4014385.162750401068479 ], [ 412082.915364565094933, 4014332.699411942157894 ], [ 412060.318231833865866, 4014313.288462060038 ] ] } },
{ "type": "Feature", "properties": { "fid": 2, "id": 2, "length": 239.01577779581348, "line_name": "route02(beheshti terminal-rasht-pezeshki)" }, "geometry": { "type": "LineString", "coordinates": [ [ 412060.318231833865866, 4014313.288462060038 ], [ 412048.531486379390117, 4014297.033380633685738 ], [ 412019.421295351930894, 4014266.649489743635058 ], [ 411963.776569294917863, 4014211.413578622508794 ], [ 411919.923584181640763, 4014165.173164581879973 ], [ 411900.627219840651378, 4014144.027156783267856 ], [ 411895.310370783263352, 4014141.191022443119437 ] ] } },
{ "type": "Feature", "properties": { "fid": 3, "id": 3, "length": 429.99823996466148, "line_name": "route02(beheshti terminal-rasht-pezeshki)" }, "geometry": { "type": "LineString", "coordinates": [ [ 411895.310370783263352, 4014141.191022443119437 ], [ 411880.959497542353347, 4014121.773419499862939 ], [ 411848.236802599974908, 4014090.315138062927872 ], [ 411822.221357371541671, 4014063.457419474609196 ], [ 411807.29422909632558, 4014047.158063202630728 ], [ 411797.150853387080133, 4014041.036322985310107 ], [ 411781.953796060290188, 4014033.632003182079643 ], [ 411767.10770472191507, 4014025.334923681337386 ], [ 411744.714885901426896, 4014018.448267206549644 ], [ 411725.958231196389534, 4014015.081673157401383 ], [ 411711.224850666592829, 4014017.89886794378981 ], [ 411650.329419516841881, 4014030.966276837978512 ], [ 411580.269721615186427, 4014045.683405891992152 ], [ 411569.575383485876955, 4014048.553881880361587 ], [ 411544.616433651011903, 4014053.842606265097857 ], [ 411528.188518021604978, 4014057.592241168022156 ], [ 411518.42007338127587, 4014060.814244042616338 ] ] } },
{ "type": "Feature", "properties": { "fid": 4, "id": 4, "length": 286.39787466199846, "line_name": "route02(beheshti terminal-rasht-pezeshki)" }, "geometry": { "type": "LineString", "coordinates": [ [ 411518.42007338127587, 4014060.814244042616338 ], [ 411518.42007338127587, 4014060.814244042616338 ], [ 411495.490570279478561, 4014064.552368989214301 ], [ 411445.011108672013506, 4014075.069894401822239 ], [ 411375.849823795258999, 4014089.557238024659455 ], [ 411316.037622882751748, 4014102.838287741877139 ], [ 411306.290218143491074, 4014100.269983414560556 ], [ 411271.095606861345004, 4014109.076553813647479 ], [ 411248.465027560188901, 4014114.198164517059922 ], [ 411238.921277628396638, 4014117.25500058894977 ] ] } },
{ "type": "Feature", "properties": { "fid": 5, "id": 5, "length": 316.50218576197079, "line_name": "route02(beheshti terminal-rasht-pezeshki)" }, "geometry": { "type": "LineString", "coordinates": [ [ 411238.921277628396638, 4014117.25500058894977 ], [ 411222.070278476981912, 4014120.914397912565619 ], [ 411204.110768336860929, 4014125.099228286184371 ], [ 411167.651787022477947, 4014133.474515811074525 ], [ 411131.558555145864375, 4014142.401989137753844 ], [ 411106.321498376899399, 4014147.884063531178981 ], [ 411082.165624887682498, 4014153.46631390415132 ], [ 411045.798003828327637, 4014161.952338836155832 ], [ 411011.493657359969802, 4014169.750489248894155 ], [ 410979.265083753154613, 4014178.083301454782486 ], [ 410946.85201517783571, 4014185.973509429488331 ], [ 410930.888452710001729, 4014189.471557232085615 ] ] } },
{ "type": "Feature", "properties": { "fid": 6, "id": 6, "length": 391.98939260691589, "line_name": "route02(beheshti terminal-rasht-pezeshki)" }, "geometry": { "type": "LineString", "coordinates": [ [ 410930.888452710001729, 4014189.471557232085615 ], [ 410916.503335632849485, 4014193.286930495407432 ], [ 410883.098086072073784, 4014200.965233216993511 ], [ 410855.936566480493639, 4014207.468142175115645 ], [ 410793.346674916741904, 4014221.837259214371443 ], [ 410745.395724837493617, 4014232.9998883837834 ], [ 410693.318556374404579, 4014245.538991581648588 ], [ 410657.038231097627431, 4014253.692307388875633 ], [ 410639.983806690550409, 4014258.313637433573604 ], [ 410639.298056067607831, 4014261.655292857438326 ], [ 410644.723586849984713, 4014281.607222035061568 ], [ 410646.116025940806139, 4014294.486746655311435 ], [ 410638.510750811838079, 4014307.681010571774095 ], [ 410627.193596785771661, 4014310.020356496330351 ], [ 410607.277577207423747, 4014316.449616411235183 ], [ 410599.540791121835355, 4014319.030088762752712 ] ] } },
{ "type": "Feature", "properties": { "fid": 7, "id": 7, "length": 585.42153374136149, "line_name": "route02(beheshti terminal-rasht-pezeshki)" }, "geometry": { "type": "LineString", "coordinates": [ [ 410599.540791121835355, 4014319.030088762752712 ], [ 410571.182190502644517, 4014325.046016386244446 ], [ 410555.914228437643033, 4014328.315305698197335 ], [ 410514.072678153868765, 4014338.304879734758288 ], [ 410485.88370054931147, 4014345.48645856231451 ], [ 410476.553484870586544, 4014348.472478462848812 ], [ 410466.111248692614026, 4014348.357649239711463 ], [ 410459.583228665229399, 4014343.756387809757143 ], [ 410457.987635909463279, 4014328.655900069978088 ], [ 410456.348561973311007, 4014309.332017248962075 ], [ 410454.415842030080967, 4014296.458076387643814 ], [ 410448.286681775003672, 4014295.631944563239813 ], [ 410433.563285559415817, 4014299.340456965845078 ], [ 410414.873031816328876, 4014302.422925697173923 ], [ 410343.899008213542402, 4014315.381094894371927 ], [ 410263.221253452182282, 4014329.996106431353837 ], [ 410196.747628999117296, 4014342.909062121529132 ], [ 410097.924894436844625, 4014361.047591101378202 ], [ 410076.733270467026159, 4014365.93511008657515 ], [ 410068.587055055017117, 4014367.657516610343009 ] ] } },
{ "type": "Feature", "properties": { "fid": 8, "id": 8, "length": 496.59124420924275, "line_name": "route02(beheshti terminal-rasht-pezeshki)" }, "geometry": { "type": "LineString", "coordinates": [ [ 410068.587055055017117, 4014367.657516610343009 ], [ 410036.129385569540318, 4014373.691130509600043 ], [ 410005.217894922709092, 4014378.679361584596336 ], [ 409925.265804629656486, 4014393.734649774618447 ], [ 409867.403063253499568, 4014403.67098075710237 ], [ 409788.884472469857428, 4014418.045757924206555 ], [ 409701.75392414041562, 4014435.178349260240793 ], [ 409633.301844466477633, 4014448.11619896767661 ], [ 409597.540122787118889, 4014454.045518436469138 ], [ 409580.573706862458494, 4014458.39015430258587 ] ] } },
{ "type": "Feature", "properties": { "fid": 9, "id": 9, "length": 204.54325291628319, "line_name": "route02(beheshti terminal-rasht-pezeshki)" }, "geometry": { "type": "LineString", "coordinates": [ [ 409580.573706862458494, 4014458.39015430258587 ], [ 409543.280348198662978, 4014464.168890141882002 ], [ 409490.465291533386335, 4014474.722187110222876 ], [ 409433.870423468295485, 4014485.315164615400136 ], [ 409405.664193100645207, 4014490.721997248474509 ], [ 409387.159279858169612, 4014494.249383508693427 ], [ 409379.734214216819964, 4014496.466457832138985 ] ] } },
{ "type": "Feature", "properties": { "fid": 10, "id": 10, "length": 432.12994415657596, "line_name": "route02(beheshti terminal-rasht-pezeshki)" }, "geometry": { "type": "LineString", "coordinates": [ [ 409379.734214216819964, 4014496.466457832138985 ], [ 409333.975307394634001, 4014503.918251330498606 ], [ 409318.735872118268162, 4014509.857139421161264 ], [ 409310.742655036563519, 4014520.166667596437037 ], [ 409307.627886125468649, 4014532.203802498523146 ], [ 409308.463756923680194, 4014543.310510863084346 ], [ 409323.860674736322835, 4014604.284813071135432 ], [ 409340.626244837942068, 4014675.693374852184206 ], [ 409377.549990044906735, 4014850.487671076320112 ], [ 409382.812154925020877, 4014867.467231755144894 ] ] } },
{ "type": "Feature", "properties": { "fid": 11, "id": 11, "length": 347.37357092010279, "line_name": "route02(beheshti terminal-rasht-pezeshki)" }, "geometry": { "type": "LineString", "coordinates": [ [ 409382.812154925020877, 4014867.467231755144894 ], [ 409386.634144647512585, 4014893.076256739441305 ], [ 409404.250673748727422, 4014977.147662352304906 ], [ 409424.086906673153862, 4015066.976007783785462 ], [ 409441.386803227942437, 4015155.274651184678078 ], [ 409450.516677954350598, 4015202.309000747743994 ], [ 409451.743557047913782, 4015207.770574724301696 ] ] } },
{ "type": "Feature", "properties": { "fid": 12, "id": 12, "length": 348.47652773947254, "line_name": "route02(beheshti terminal-rasht-pezeshki)" }, "geometry": { "type": "LineString", "coordinates": [ [ 409451.743557047913782, 4015207.770574724301696 ], [ 409452.940322487440426, 4015227.626944592688233 ], [ 409453.150315649516415, 4015299.652750707697123 ], [ 409448.703464613179676, 4015356.610069835558534 ], [ 409444.141528195003048, 4015419.793239531107247 ], [ 409443.484419181302655, 4015434.472456032875925 ], [ 409437.955321017012466, 4015517.117724262643605 ], [ 409436.811868775170296, 4015545.58515056502074 ], [ 409437.432902901200578, 4015555.526997769251466 ] ] } },
{ "type": "Feature", "properties": { "fid": 13, "id": 13, "length": 582.57144311791637, "line_name": "route02(beheshti terminal-rasht-pezeshki)" }, "geometry": { "type": "LineString", "coordinates": [ [ 409437.432902901200578, 4015555.526997769251466 ], [ 409432.465939067769796, 4015577.642875669989735 ], [ 409428.199817428132519, 4015582.800415050238371 ], [ 409423.70278362208046, 4015583.069569642655551 ], [ 409418.95861998188775, 4015576.894347258843482 ], [ 409415.238715591025539, 4015565.37304620584473 ], [ 409415.450453164230566, 4015551.143080320209265 ], [ 409417.234350180951878, 4015497.770398854278028 ], [ 409421.535642575880047, 4015444.149189816322178 ], [ 409424.441798646294046, 4015412.106464140117168 ], [ 409428.025599905406125, 4015358.715050407219678 ], [ 409433.512235286820214, 4015280.627565661910921 ], [ 409433.568319921731018, 4015234.164477401413023 ], [ 409427.915920700412244, 4015192.651636673137546 ], [ 409420.844450276345015, 4015153.154359289444983 ], [ 409415.218687097425573, 4015126.425391191150993 ], [ 409410.18511455389671, 4015101.735030858777463 ], [ 409406.143311808817089, 4015083.097145484760404 ], [ 409403.323746072477661, 4015070.345473054330796 ], [ 409400.169100118684582, 4015057.269573351833969 ], [ 409395.689821096020751, 4015041.217038632836193 ] ] } },
{ "type": "Feature", "properties": { "fid": 14, "id": 14, "length": 209.83050697614578, "line_name": "route02(beheshti terminal-rasht-pezeshki)" }, "geometry": { "type": "LineString", "coordinates": [ [ 409395.689821096020751, 4015041.217038632836193 ], [ 409393.817105986003298, 4015027.021733285859227 ], [ 409392.05638187029399, 4015017.208504741545767 ], [ 409389.42941629467532, 4015005.868726805318147 ], [ 409378.974282161099836, 4014952.623609256930649 ], [ 409362.167771233362146, 4014877.213840896263719 ], [ 409352.316467164841015, 4014836.058770685456693 ] ] } },
{ "type": "Feature", "properties": { "fid": 15, "id": 15, "length": 421.61115870848869, "line_name": "route02(beheshti terminal-rasht-pezeshki)" }, "geometry": { "type": "LineString", "coordinates": [ [ 409352.316467164841015, 4014836.058770685456693 ], [ 409329.981140193820465, 4014725.156834602355957 ], [ 409303.16133326565614, 4014604.500637305900455 ], [ 409277.376153755467385, 4014514.067686116322875 ], [ 409275.829530576535035, 4014503.857627496123314 ], [ 409277.573849945911206, 4014498.504029579460621 ], [ 409281.15059533494059, 4014496.243638595566154 ], [ 409293.745715803932399, 4014495.667664012406021 ], [ 409322.161993713991251, 4014493.148286116309464 ], [ 409351.308846059138887, 4014489.344752739649266 ] ] } },
{ "type": "Feature", "properties": { "fid": 16, "id": 16, "length": 254.66890713695014, "line_name": "route02(beheshti terminal-rasht-pezeshki)" }, "geometry": { "type": "LineString", "coordinates": [ [ 409351.308846059138887, 4014489.344752739649266 ], [ 409417.065913023077883, 4014479.26552117895335 ], [ 409524.159037887468003, 4014460.366218381561339 ], [ 409578.065755349118263, 4014450.913322547450662 ], [ 409601.982781581231393, 4014445.19780213246122 ] ] } },
{ "type": "Feature", "properties": { "fid": 17, "id": 17, "length": 428.71351682140767, "line_name": "route02(beheshti terminal-rasht-pezeshki)" }, "geometry": { "type": "LineString", "coordinates": [ [ 409601.982781581231393, 4014445.19780213246122 ], [ 409636.112523303483613, 4014441.417752383742481 ], [ 409706.893093004939146, 4014427.344214007724077 ], [ 409778.419229770544916, 4014415.70891388785094 ], [ 409847.05405026889639, 4014402.992634290829301 ], [ 409905.812164264032617, 4014392.602277353871614 ], [ 409989.539608902472537, 4014377.063125254586339 ], [ 410023.428138530987781, 4014368.375962712336332 ] ] } },
{ "type": "Feature", "properties": { "fid": 18, "id": 18, "length": 362.88805281808254, "line_name": "route02(beheshti terminal-rasht-pezeshki)" }, "geometry": { "type": "LineString", "coordinates": [ [ 410023.428138530987781, 4014368.375962712336332 ], [ 410054.217317404574715, 4014364.611755777150393 ], [ 410162.383826554694679, 4014344.820063076913357 ], [ 410227.412808466353454, 4014331.477136997971684 ], [ 410302.323628048354294, 4014316.254334890283644 ], [ 410379.799120998883154, 4014300.950184561312199 ] ] } },
{ "type": "Feature", "properties": { "fid": 19, "id": 19, "length": 1069.5448291008652, "line_name": "route02(beheshti terminal-rasht-pezeshki)" }, "geometry": { "type": "LineString", "coordinates": [ [ 410379.799120998883154, 4014300.950184561312199 ], [ 410422.478188106731977, 4014293.619032035581768 ], [ 410437.577611572691239, 4014291.46278214128688 ], [ 410449.111361233692151, 4014292.677879585884511 ], [ 410451.066192179045174, 4014290.212371928617358 ], [ 410448.292957504105289, 4014283.127081173937768 ], [ 410422.636534598772414, 4014221.58975771907717 ], [ 410408.820468947582413, 4014191.053604236803949 ], [ 410401.544498105417006, 4014131.327820534817874 ], [ 410399.672615360934287, 4014106.893274714704603 ], [ 410402.485992794274352, 4014047.952810913324356 ], [ 410412.019805764837656, 4013959.820866856724024 ], [ 410420.60883442312479, 4013884.814816574100405 ], [ 410425.060189997137059, 4013862.538241657428443 ], [ 410429.304886732832529, 4013855.158393713645637 ], [ 410434.340571101463865, 4013854.661933928262442 ], [ 410460.519710295659024, 4013861.950903846416622 ], [ 410503.865974479122087, 4013875.510244304314256 ], [ 410519.775344928028062, 4013882.015814388170838 ], [ 410557.361674206214957, 4013913.196940314956009 ], [ 410610.184843264170922, 4013955.559317441191524 ], [ 410624.704169248754624, 4013966.970117247663438 ], [ 410642.420565755281132, 4013991.686537337955087 ], [ 410641.86111747706309, 4014042.378347183577716 ], [ 410642.288475828478113, 4014101.507702808827162 ], [ 410640.439742429414764, 4014166.885050430428237 ], [ 410638.4749939419562, 4014238.48820412484929 ], [ 410637.374834890011698, 4014254.061022612731904 ], [ 410639.737683007726446, 4014256.259822595864534 ], [ 410649.788053694181144, 4014253.266585294157267 ], [ 410661.531889675708953, 4014248.644238624721766 ] ] } },
{ "type": "Feature", "properties": { "fid": 20, "id": 20, "length": 378.31707775482664, "line_name": "route02(beheshti terminal-rasht-pezeshki)" }, "geometry": { "type": "LineString", "coordinates": [ [ 410661.531889675708953, 4014248.644238624721766 ], [ 410710.837802367925178, 4014237.967424429953098 ], [ 410762.559596379927825, 4014225.876688532531261 ], [ 410826.854304319014773, 4014210.98967959266156 ], [ 410889.886927563464269, 4014195.893774014431983 ], [ 410943.397836249903776, 4014182.674265168141574 ], [ 411008.584053535945714, 4014166.89026291295886 ], [ 411029.453092746611219, 4014161.174692110624164 ] ] } },
{ "type": "Feature", "properties": { "fid": 21, "id": 21, "length": 371.8952688759282, "line_name": "route02(beheshti terminal-rasht-pezeshki)" }, "geometry": { "type": "LineString", "coordinates": [ [ 411029.453092746611219, 4014161.174692110624164 ], [ 411096.94543969957158, 4014146.423733394593 ], [ 411158.007990350946784, 4014132.239160830620676 ], [ 411217.275229962309822, 4014118.517959627322853 ], [ 411288.573433448618744, 4014101.784480031579733 ], [ 411308.510805014404468, 4014097.357354208827019 ], [ 411319.767212546372321, 4014089.017243750859052 ], [ 411341.513731479877606, 4014085.460979430470616 ], [ 411371.684232435538433, 4014078.262031801044941 ], [ 411389.223051051492803, 4014072.525690652895719 ] ] } },
{ "type": "Feature", "properties": { "fid": 22, "id": 22, "length": 206.28419183550221, "line_name": "route02(beheshti terminal-rasht-pezeshki)" }, "geometry": { "type": "LineString", "coordinates": [ [ 411389.223051051492803, 4014072.525690652895719 ], [ 411434.727707963611465, 4014064.059247452300042 ], [ 411504.597994752868544, 4014048.453635102137923 ], [ 411553.904250785242766, 4014037.614930487703532 ], [ 411586.22384058003081, 4014029.28335424978286 ], [ 411590.346454145736061, 4014027.518579249735922 ] ] } },
{ "type": "Feature", "properties": { "fid": 23, "id": 23, "length": 633.60351844547517, "line_name": "route02(beheshti terminal-rasht-pezeshki)" }, "geometry": { "type": "LineString", "coordinates": [ [ 411590.346454145736061, 4014027.518579249735922 ], [ 411611.639252773602493, 4014023.578572559636086 ], [ 411629.595758709125221, 4014019.061166299507022 ], [ 411672.697764422278851, 4014008.841938143130392 ], [ 411708.35218278283719, 4014000.921576023101807 ], [ 411768.436746768071316, 4013987.751653171610087 ], [ 411786.788348735368345, 4013986.676318508107215 ], [ 411794.404949262214359, 4013992.156748450361192 ], [ 411813.607522469479591, 4014021.75112784979865 ], [ 411863.330022225331049, 4014078.602270450443029 ], [ 411898.332061603781767, 4014121.819761608727276 ], [ 411972.875683813646901, 4014194.426210411358625 ], [ 412036.919613907288294, 4014261.359475969802588 ], [ 412047.332562336989213, 4014267.478759732563049 ], [ 412054.927403326495551, 4014270.847718074917793 ], [ 412062.026114652282558, 4014274.110545366071165 ], [ 412071.767339438782074, 4014285.01623437833041 ], [ 412080.590568387764506, 4014294.152761788107455 ], [ 412083.995679890736938, 4014297.098639413248748 ] ] } },
{ "type": "Feature", "properties": { "fid": 1, "id": 1, "length": 543.27342953759899, "line_name": "route04(sadi-minoodar)" }, "geometry": { "type": "LineString", "coordinates": [ [ 409904.083829795476049, 4014430.766840127296746 ], [ 409905.773291374091059, 4014452.122170137707144 ], [ 409914.325552376452833, 4014495.717111681587994 ], [ 409912.402470625005662, 4014505.574159033130854 ], [ 409913.689965507248417, 4014512.563526345882565 ], [ 409921.342379841022193, 4014547.497783306520432 ], [ 409933.530401677358896, 4014603.226455820258707 ], [ 409949.381765958096366, 4014673.756277225445956 ], [ 409963.260146406712011, 4014736.303462579380721 ], [ 409975.049607041873969, 4014792.703244103118777 ], [ 409984.71224735409487, 4014839.287922730669379 ], [ 409990.829198177380022, 4014869.402933610603213 ], [ 409996.975441247399431, 4014902.352073858957738 ], [ 410004.796733290480915, 4014940.61927887937054 ], [ 410009.316266625304706, 4014962.60532657476142 ] ] } },
{ "type": "Feature", "properties": { "fid": 2, "id": 2, "length": 464.7585760539306, "line_name": "route04(sadi-minoodar)" }, "geometry": { "type": "LineString", "coordinates": [ [ 410009.316266625304706, 4014962.60532657476142 ], [ 410014.384467806143221, 4014993.040354370139539 ], [ 410027.946686029492412, 4015064.260932939127088 ], [ 410042.573081631329842, 4015133.969945488963276 ], [ 410057.079797443759162, 4015205.180801056325436 ], [ 410069.14499980583787, 4015262.244786626659334 ], [ 410080.241032211575657, 4015316.984575622715056 ], [ 410091.342109712772071, 4015372.224520512856543 ], [ 410099.079371461994015, 4015415.494616356212646 ], [ 410100.069241387187503, 4015418.204183747060597 ] ] } },
{ "type": "Feature", "properties": { "fid": 3, "id": 3, "length": 602.76624823819805, "line_name": "route04(sadi-minoodar)" }, "geometry": { "type": "LineString", "coordinates": [ [ 410100.069241387187503, 4015418.204183747060597 ], [ 410103.238624852499925, 4015439.12743612844497 ], [ 410116.788616669015028, 4015483.171109563205391 ], [ 410133.728515483671799, 4015528.680346427485347 ], [ 410155.495920014916919, 4015584.143598542548716 ], [ 410167.144303939887322, 4015614.034848030656576 ], [ 410169.405603734427132, 4015623.848622604738921 ], [ 410188.477088830200955, 4015666.668238392565399 ], [ 410205.092957344138995, 4015707.012286987155676 ], [ 410220.485271447163541, 4015746.535344161558896 ], [ 410238.099048934876919, 4015792.037813011556864 ], [ 410258.468964157975279, 4015843.013993687462062 ], [ 410275.135816533002071, 4015888.359576113987714 ], [ 410285.511085746053141, 4015925.76701572118327 ], [ 410292.74481141200522, 4015946.533766506239772 ], [ 410297.41135436296463, 4015953.988517864141613 ], [ 410303.979006492882036, 4015983.796895169187337 ] ] } },
{ "type": "Feature", "properties": { "fid": 4, "id": 4, "length": 278.64417492006368, "line_name": "route04(sadi-minoodar)" }, "geometry": { "type": "LineString", "coordinates": [ [ 410303.979006492882036, 4015983.796895169187337 ], [ 410307.483924843778368, 4016014.408007303252816 ], [ 410311.681946434429847, 4016041.87534064007923 ], [ 410321.827399995992891, 4016096.291774287354201 ], [ 410330.034990136045963, 4016146.059736005496234 ], [ 410335.39692026481498, 4016181.684905493166298 ], [ 410341.649449438380543, 4016225.13726014085114 ], [ 410343.956844423839357, 4016239.452346166595817 ], [ 410357.341816559433937, 4016253.964609908871353 ] ] } },
{ "type": "Feature", "properties": { "fid": 5, "id": 5, "length": 471.92314060215233, "line_name": "route04(sadi-minoodar)" }, "geometry": { "type": "LineString", "coordinates": [ [ 410357.341816559433937, 4016253.964609908871353 ], [ 410368.719897046743426, 4016271.542835481930524 ], [ 410377.291728591662832, 4016278.123703827150166 ], [ 410384.133007936587092, 4016287.056657639332116 ], [ 410385.066568376380019, 4016299.051679937168956 ], [ 410378.154743173276074, 4016309.460272967349738 ], [ 410367.928047895780765, 4016312.566878321114928 ], [ 410362.587743243842851, 4016318.290806453675032 ], [ 410357.596467415918596, 4016331.680775207467377 ], [ 410355.391830955515616, 4016346.95941834198311 ], [ 410355.219033840287011, 4016356.381515090353787 ], [ 410346.991837232897524, 4016432.287400420289487 ], [ 410344.099979012156837, 4016465.996943234931678 ], [ 410342.330866592412349, 4016503.863190474454314 ], [ 410343.469943020143546, 4016522.692076117731631 ], [ 410344.534236766281538, 4016547.357328816782683 ], [ 410343.769206471799407, 4016577.87704688962549 ], [ 410342.67151923244819, 4016615.402912964113057 ], [ 410338.257331747678109, 4016645.460083857178688 ], [ 410334.266987173294183, 4016677.346931405365467 ], [ 410332.110205868259072, 4016690.70768834464252 ], [ 410333.385433961462695, 4016701.460038593038917 ] ] } },
{ "type": "Feature", "properties": { "fid": 6, "id": 6, "length": 876.72851880125245, "line_name": "route04(sadi-minoodar)" }, "geometry": { "type": "LineString", "coordinates": [ [ 410333.385433961462695, 4016701.460038593038917 ], [ 410333.375456859939732, 4016711.952880748547614 ], [ 410335.622572944615968, 4016720.432996877003461 ], [ 410338.082855577522423, 4016723.408780295867473 ], [ 410344.052160288672894, 4016726.348366842139512 ], [ 410348.370958723477088, 4016726.303817959036678 ], [ 410353.900980146368966, 4016725.913315647281706 ], [ 410358.865360747673549, 4016723.027680747676641 ], [ 410365.676237914594822, 4016715.95472288550809 ], [ 410378.474496489216108, 4016700.483465173281729 ], [ 410407.701413770671934, 4016668.169738737866282 ], [ 410424.813498981297016, 4016652.153895884752274 ], [ 410433.903407310834154, 4016643.55692713521421 ], [ 410445.84818681521574, 4016636.931328433565795 ], [ 410454.323426083079539, 4016634.176309225615114 ], [ 410464.517136841081083, 4016627.902239866554737 ], [ 410524.030344283906743, 4016574.268865502439439 ], [ 410585.003701359673869, 4016531.291697414591908 ], [ 410608.958482358895708, 4016511.204303020611405 ], [ 410617.792502980853897, 4016503.944018624722958 ], [ 410630.393585852871183, 4016495.477893502451479 ], [ 410680.740283926483244, 4016469.117074750363827 ], [ 410712.424516661674716, 4016452.451909045223147 ], [ 410754.719899348856416, 4016430.675979284569621 ], [ 410762.68465914321132, 4016430.760938843712211 ], [ 410766.619236993021332, 4016432.721318851225078 ], [ 410773.037978617998306, 4016439.991592921316624 ], [ 410773.017670626810286, 4016451.162779956124723 ], [ 410766.353202199854422, 4016459.401014273520559 ], [ 410753.997907945420593, 4016465.530178351327777 ], [ 410690.767900404112879, 4016499.192364591173828 ], [ 410649.967912249732763, 4016521.953636834863573 ], [ 410644.091127042425796, 4016528.016369272954762 ], [ 410634.770384052942973, 4016540.450296277645975 ], [ 410629.797690341016278, 4016555.673956239130348 ], [ 410627.654132885683794, 4016570.368336275685579 ], [ 410629.877445810823701, 4016589.686288061086088 ], [ 410635.658259422634728, 4016626.807896341197193 ], [ 410640.828903353307396, 4016657.099805011413991 ], [ 410643.087726852449123, 4016666.746989201754332 ], [ 410645.487880009226501, 4016672.088973116129637 ] ] } },
{ "type": "Feature", "properties": { "fid": 7, "id": 7, "length": 201.31522440481854, "line_name": "route04(sadi-minoodar)" }, "geometry": { "type": "LineString", "coordinates": [ [ 410645.487880009226501, 4016672.088973116129637 ], [ 410647.022552985115908, 4016678.586131731048226 ], [ 410655.241360406042077, 4016709.972148702479899 ], [ 410661.003155654703733, 4016745.259927918203175 ], [ 410659.080251555424184, 4016768.288594715762883 ], [ 410648.055400723416824, 4016798.74700390920043 ], [ 410625.93393848661799, 4016852.661902368068695 ], [ 410621.821603767341003, 4016864.573370303492993 ] ] } },
{ "type": "Feature", "properties": { "fid": 8, "id": 8, "length": 464.35098020591244, "line_name": "route04(sadi-minoodar)" }, "geometry": { "type": "LineString", "coordinates": [ [ 410621.821603767341003, 4016864.573370303492993 ], [ 410616.187765715643764, 4016876.187867562286556 ], [ 410585.477892692957539, 4016948.031465203035623 ], [ 410563.346936619956978, 4017000.946267813444138 ], [ 410523.605727729038335, 4017100.060279090888798 ], [ 410483.107253763708286, 4017204.184255758766085 ], [ 410456.291063710639719, 4017273.820795138832182 ], [ 410449.918853088805918, 4017295.592805578839034 ] ] } },
{ "type": "Feature", "properties": { "fid": 9, "id": 9, "length": 280.49184771647765, "line_name": "route04(sadi-minoodar)" }, "geometry": { "type": "LineString", "coordinates": [ [ 410449.918853088805918, 4017295.592805578839034 ], [ 410440.798624377988745, 4017315.913402175530791 ], [ 410415.423796698392835, 4017381.283592090941966 ], [ 410376.253481519990601, 4017483.060254246927798 ], [ 410352.780147449346259, 4017549.494814884383231 ], [ 410350.569304574979469, 4017557.700140201020986 ] ] } },
{ "type": "Feature", "properties": { "fid": 10, "id": 10, "length": 920.48739479646326, "line_name": "route04(sadi-minoodar)" }, "geometry": { "type": "LineString", "coordinates": [ [ 410350.569304574979469, 4017557.700140201020986 ], [ 410334.902675783494487, 4017595.780554288998246 ], [ 410315.387956232589204, 4017640.332556829787791 ], [ 410294.168013128160965, 4017676.565636737272143 ], [ 410267.335566911147907, 4017718.192149540409446 ], [ 410266.182166158861946, 4017724.123034555464983 ], [ 410265.555855053127743, 4017741.886422678828239 ], [ 410267.323287367355078, 4017756.207090470008552 ], [ 410271.620259801973589, 4017767.167002295143902 ], [ 410275.623226921190508, 4017775.795709192287177 ], [ 410295.569097220082767, 4017812.270715789869428 ], [ 410331.191778329783119, 4017863.923266702797264 ], [ 410385.445000081206672, 4017942.394291107542813 ], [ 410441.364688549481798, 4018025.516941123176366 ], [ 410477.442024085030425, 4018082.167318741325289 ], [ 410488.636802159831859, 4018107.728635772131383 ], [ 410493.86149753438076, 4018130.183572714682668 ], [ 410494.105193383875303, 4018180.033816549926996 ], [ 410491.592096515523735, 4018289.769130330532789 ], [ 410492.416632660489995, 4018369.791834626812488 ], [ 410492.909927398373839, 4018391.47229086002335 ] ] } },
{ "type": "Feature", "properties": { "fid": 11, "id": 11, "length": 308.53058191638416, "line_name": "route04(sadi-minoodar)" }, "geometry": { "type": "LineString", "coordinates": [ [ 410492.909927398373839, 4018391.47229086002335 ], [ 410492.335542289307341, 4018414.310029482934624 ], [ 410491.89992571604671, 4018529.192661878187209 ], [ 410493.65250805625692, 4018646.887205832172185 ], [ 410494.088864817284048, 4018689.23257458768785 ], [ 410494.510628504620399, 4018699.878219558857381 ] ] } },
{ "type": "Feature", "properties": { "fid": 12, "id": 12, "length": 426.08676953356274, "line_name": "route04(sadi-minoodar)" }, "geometry": { "type": "LineString", "coordinates": [ [ 410494.510628504620399, 4018699.878219558857381 ], [ 410498.172741307527758, 4018718.8687454611063 ], [ 410505.606766363489442, 4018733.131077048368752 ], [ 410505.602384637051728, 4018745.802736329846084 ], [ 410501.780429878795985, 4018754.678900954313576 ], [ 410495.877829331206158, 4018758.074359403457493 ], [ 410494.028311213827692, 4018761.928249350748956 ], [ 410491.557400444347877, 4018770.95722857164219 ], [ 410490.31117818626808, 4018780.973978361580521 ], [ 410490.989940938830841, 4018820.649149160366505 ], [ 410490.353662256617099, 4018889.849404769018292 ], [ 410490.566499990352895, 4018962.875749124679714 ], [ 410489.800508397165686, 4019032.577552806586027 ], [ 410490.512675637903158, 4019114.769019693601876 ], [ 410490.673833448381629, 4019118.613859476521611 ] ] } },
{ "type": "Feature", "properties": { "fid": 13, "id": 13, "length": 585.51901121315132, "line_name": "route04(sadi-minoodar)" }, "geometry": { "type": "LineString", "coordinates": [ [ 410490.673833448381629, 4019118.613859476521611 ], [ 410488.545351199049037, 4019172.645258273463696 ], [ 410488.438677022641059, 4019214.662794460076839 ], [ 410492.046355468919501, 4019224.296060162596405 ], [ 410497.809365204360802, 4019233.573649986181408 ], [ 410497.738014754897449, 4019239.743465546984226 ], [ 410497.255021962453611, 4019245.250596059020609 ], [ 410492.302381524466909, 4019249.136474540922791 ], [ 410489.894383730250411, 4019251.162076639942825 ], [ 410489.254135008726735, 4019254.50331393070519 ], [ 410489.461229289590847, 4019261.50391948595643 ], [ 410492.508578001521528, 4019269.142178049776703 ], [ 410494.07177090656478, 4019276.795734317041934 ], [ 410525.206426665012259, 4019391.186445002444088 ], [ 410549.319583846372552, 4019478.97248074831441 ], [ 410576.295472222496755, 4019582.735365681350231 ], [ 410603.252239332534373, 4019658.487561328802258 ], [ 410611.739650717470795, 4019680.137860842049122 ] ] } },
{ "type": "Feature", "properties": { "fid": 14, "id": 14, "length": 911.39949735143296, "line_name": "route04(sadi-minoodar)" }, "geometry": { "type": "LineString", "coordinates": [ [ 410611.739650717470795, 4019680.137860842049122 ], [ 410620.787178101309109, 4019710.327414916362613 ], [ 410633.288235998363234, 4019745.045719708781689 ], [ 410640.116365454508923, 4019752.978578740730882 ], [ 410648.269616446690634, 4019758.563559157308191 ], [ 410655.579056723567192, 4019760.822590691037476 ], [ 410667.888930916495156, 4019763.863840122707188 ], [ 410794.191787958028726, 4019764.732820179313421 ], [ 410880.22412838076707, 4019766.18360874382779 ], [ 410885.497793436748907, 4019767.296604447066784 ], [ 410888.777673781965859, 4019771.347871999256313 ], [ 410890.243043468915857, 4019776.084689803421497 ], [ 410889.811049045587424, 4019780.007320991717279 ], [ 410881.929652407183312, 4019781.17196730710566 ], [ 410867.016428562230431, 4019780.824850974604487 ], [ 410783.959206713014282, 4019780.010554789565504 ], [ 410685.587387360807043, 4019779.187839008867741 ], [ 410603.941539632272907, 4019777.860549354925752 ], [ 410520.007243304280564, 4019777.057805664371699 ], [ 410430.8146603271598, 4019776.643578174524009 ], [ 410349.722110294620506, 4019776.646825433243066 ], [ 410319.778603962156922, 4019777.883581474423409 ] ] } },
{ "type": "Feature", "properties": { "fid": 15, "id": 15, "length": 309.50093286999004, "line_name": "route04(sadi-minoodar)" }, "geometry": { "type": "LineString", "coordinates": [ [ 410319.778603962156922, 4019777.883581474423409 ], [ 410292.108208214864135, 4019776.741687810979784 ], [ 410271.203261755756103, 4019777.624625409953296 ], [ 410255.715598437876906, 4019780.45240532560274 ], [ 410250.002138071635272, 4019789.014802118763328 ], [ 410240.784352003247477, 4019797.946893403772265 ], [ 410235.712744139367715, 4019803.33475368982181 ], [ 410227.238509332120884, 4019818.928461360745132 ], [ 410225.866834761109203, 4019868.962305859662592 ], [ 410225.608510939986445, 4019935.324401401914656 ], [ 410226.239429897919763, 4019996.341877101920545 ], [ 410227.214919981837738, 4020015.651889823842794 ] ] } },
{ "type": "Feature", "properties": { "fid": 16, "id": 16, "length": 375.37374553126079, "line_name": "route04(sadi-minoodar)" }, "geometry": { "type": "LineString", "coordinates": [ [ 410227.214919981837738, 4020015.651889823842794 ], [ 410225.537594427238218, 4020085.050695540849119 ], [ 410226.572386404208373, 4020172.074245757889003 ], [ 410227.216738702030852, 4020195.243371685501188 ], [ 410233.55654092784971, 4020221.188054941594601 ], [ 410227.131787226302549, 4020252.266698299907148 ], [ 410213.755288707267027, 4020302.591462525073439 ], [ 410197.769564920919947, 4020335.436349670402706 ], [ 410177.404877335997298, 4020362.324213900603354 ], [ 410167.842035130655859, 4020373.698441900778562 ] ] } },
{ "type": "Feature", "properties": { "fid": 17, "id": 17, "length": 208.13219850964072, "line_name": "route04(sadi-minoodar)" }, "geometry": { "type": "LineString", "coordinates": [ [ 410167.842035130655859, 4020373.698441900778562 ], [ 410146.408658900880255, 4020391.823152523953468 ], [ 410126.440629816730507, 4020404.868251479230821 ], [ 410110.462847587477881, 4020412.369909357279539 ], [ 410074.852839281025808, 4020426.244044307619333 ], [ 410050.213583217700943, 4020431.167824642732739 ], [ 410024.595459627686068, 4020432.767171949613839 ], [ 409975.110633486765437, 4020432.467389918398112 ] ] } },
{ "type": "Feature", "properties": { "fid": 18, "id": 18, "length": 944.39943677268718, "line_name": "route04(sadi-minoodar)" }, "geometry": { "type": "LineString", "coordinates": [ [ 409975.110633486765437, 4020432.467389918398112 ], [ 409911.522599568066653, 4020431.772357437759638 ], [ 409885.129673885705415, 4020436.714808758348227 ], [ 409879.268278486386407, 4020443.945156835019588 ], [ 409872.863812310388312, 4020450.84768241038546 ], [ 409865.871269463910721, 4020453.087807205505669 ], [ 409857.244293466559611, 4020453.844316551927477 ], [ 409845.877671571448445, 4020450.627704519312829 ], [ 409837.862882169836666, 4020445.375502330251038 ], [ 409832.110296680009924, 4020437.09862310718745 ], [ 409829.700888800551184, 4020425.952566732186824 ], [ 409830.805939871352166, 4020415.436935920733958 ], [ 409838.3985766415135, 4020406.02105035725981 ], [ 409842.127448526560329, 4020401.313810773193836 ], [ 409845.793995351996273, 4020390.604847890790552 ], [ 409844.552000028139446, 4020374.94488550722599 ], [ 409837.423595292144455, 4020299.155606719199568 ], [ 409833.391660030116327, 4020274.687798801809549 ], [ 409814.682101286482066, 4020227.029900342226028 ], [ 409779.820932351227384, 4020157.197712533175945 ], [ 409734.876763549400494, 4020064.961588457226753 ], [ 409703.011882287741173, 4019997.932990691158921 ], [ 409653.509905535844155, 4019895.740711395163089 ], [ 409635.129172393237241, 4019853.915391732007265 ], [ 409634.146601214131806, 4019850.257502034306526 ], [ 409635.196417645318434, 4019847.412122658919543 ], [ 409639.079433494363911, 4019844.53725748276338 ], [ 409644.590097669919487, 4019842.479118548333645 ], [ 409650.112908021896146, 4019841.587984531652182 ], [ 409656.05607447901275, 4019842.193072940222919 ], [ 409658.915293416066561, 4019844.664310662541538 ], [ 409660.05184960673796, 4019850.154658488929272 ], [ 409658.483184991055168, 4019855.006223582662642 ], [ 409658.618488203734159, 4019868.009953362401575 ], [ 409661.439922522869892, 4019879.818606863263994 ], [ 409664.522503963205963, 4019890.790881506633013 ], [ 409677.160007778438739, 4019912.334634783212095 ], [ 409685.723700877162628, 4019918.414654711727053 ], [ 409698.849447253451217, 4019928.532180733513087 ], [ 409701.63856892939657, 4019930.754061908461154 ], [ 409709.282324213301763, 4019947.479729544837028 ] ] } },
{ "type": "Feature", "properties": { "fid": 19, "id": 19, "length": 670.50474794472723, "line_name": "route04(sadi-minoodar)" }, "geometry": { "type": "LineString", "coordinates": [ [ 409709.282324213301763, 4019947.479729544837028 ], [ 409717.163849640637636, 4019964.022480010986328 ], [ 409718.82343562238384, 4020000.352914464194328 ], [ 409740.135265601507854, 4020045.149112515151501 ], [ 409760.494713134714402, 4020089.204962060321122 ], [ 409789.841256450279616, 4020147.673198947217315 ], [ 409823.763215232174844, 4020218.015377952251583 ], [ 409843.735386907064822, 4020270.328692993614823 ], [ 409854.108427427476272, 4020346.751209647394717 ], [ 409857.351739267585799, 4020386.233145916834474 ], [ 409867.205159900011495, 4020399.636171732563525 ], [ 409878.32972006208729, 4020405.523046900052577 ], [ 409885.31373421929311, 4020415.454497911501676 ], [ 409912.488517954130657, 4020420.841352382209152 ], [ 409977.791269711917266, 4020420.997573270462453 ], [ 410027.168286153988447, 4020420.652401557657868 ], [ 410044.592900117393583, 4020419.325537499506027 ] ] } },
{ "type": "Feature", "properties": { "fid": 20, "id": 20, "length": 366.71502059884261, "line_name": "route04(sadi-minoodar)" }, "geometry": { "type": "LineString", "coordinates": [ [ 410044.592900117393583, 4020419.325537499506027 ], [ 410057.630940788018052, 4020417.835740738548338 ], [ 410073.779842283867765, 4020413.833592568058521 ], [ 410091.258817614871077, 4020407.983642497565597 ], [ 410108.051204184943344, 4020400.973711051978171 ], [ 410123.75229061814025, 4020392.807984479237348 ], [ 410163.095350685995072, 4020361.555257006082684 ], [ 410183.764306612021755, 4020337.998857173603028 ], [ 410202.52611064951634, 4020299.623059520497918 ], [ 410211.811380015220493, 4020271.182523545343429 ], [ 410214.039704416645691, 4020251.818527765572071 ], [ 410212.248387599596754, 4020235.163822502363473 ], [ 410205.536159040639177, 4020225.396039286162704 ], [ 410202.371192798542324, 4020219.426412296481431 ], [ 410202.340153264347464, 4020216.425551648717374 ], [ 410204.576689638779499, 4020210.900251845829189 ], [ 410207.639922763744835, 4020207.033725386019796 ], [ 410211.199686600826681, 4020198.993757045362145 ], [ 410212.670307564607356, 4020184.639569142833352 ], [ 410213.002922583487816, 4020148.309329772368073 ] ] } },
{ "type": "Feature", "properties": { "fid": 21, "id": 21, "length": 296.14988461762596, "line_name": "route04(sadi-minoodar)" }, "geometry": { "type": "LineString", "coordinates": [ [ 410213.002922583487816, 4020148.309329772368073 ], [ 410213.006887783063576, 4020099.769351765047759 ], [ 410213.664621191914193, 4020032.902908658608794 ], [ 410213.718510958831757, 4019972.878739478532225 ], [ 410214.009927633043844, 4019896.679093298036605 ], [ 410213.286796171334572, 4019852.258191952016205 ] ] } },
{ "type": "Feature", "properties": { "fid": 22, "id": 22, "length": 241.46441283375981, "line_name": "route04(sadi-minoodar)" }, "geometry": { "type": "LineString", "coordinates": [ [ 410213.286796171334572, 4019852.258191952016205 ], [ 410213.419038559310138, 4019826.490939591545612 ], [ 410209.043599563185126, 4019807.862179318442941 ], [ 410198.583178245171439, 4019787.962495476473123 ], [ 410192.949929231777787, 4019778.183558857999742 ], [ 410192.04732313513523, 4019769.189355426467955 ], [ 410192.900339670595713, 4019760.343725649639964 ], [ 410197.529268134036101, 4019751.292310695629567 ], [ 410202.853474434057716, 4019744.234494451899081 ], [ 410211.572994132933673, 4019739.30908917542547 ], [ 410221.397706335876137, 4019736.873248271644115 ], [ 410236.937142982555088, 4019739.046839291229844 ], [ 410248.338990946765989, 4019745.598261995241046 ], [ 410255.473497231199872, 4019757.029037605971098 ], [ 410275.632742203364614, 4019762.322859117295593 ], [ 410311.649963232222944, 4019761.450551500078291 ], [ 410317.974325662478805, 4019760.105205171741545 ] ] } },
{ "type": "Feature", "properties": { "fid": 23, "id": 23, "length": 451.01599833726669, "line_name": "route04(sadi-minoodar)" }, "geometry": { "type": "LineString", "coordinates": [ [ 410317.974325662478805, 4019760.105205171741545 ], [ 410340.530447357159574, 4019761.985941957682371 ], [ 410429.456821542349644, 4019762.735457259695977 ], [ 410531.480236817325931, 4019764.351311513222754 ], [ 410589.364007227588445, 4019764.255260316189378 ], [ 410598.405041264195461, 4019764.328897554427385 ], [ 410603.646135936258361, 4019762.274151084478945 ], [ 410608.601955311372876, 4019758.721757090184838 ], [ 410610.673067574680317, 4019750.197104486636817 ], [ 410608.811037708714139, 4019739.712160299532115 ], [ 410595.566630615910981, 4019698.332263311836869 ], [ 410578.768912326428108, 4019639.482122183311731 ], [ 410572.083418237161823, 4019619.20967477792874 ], [ 410566.348112649749964, 4019607.308034710586071 ] ] } },
{ "type": "Feature", "properties": { "fid": 24, "id": 24, "length": 472.51278270367521, "line_name": "route04(sadi-minoodar)" }, "geometry": { "type": "LineString", "coordinates": [ [ 410566.348112649749964, 4019607.308034710586071 ], [ 410559.824312939541414, 4019581.821248942986131 ], [ 410546.529654259502422, 4019535.60671403631568 ], [ 410532.660832211840898, 4019486.063475383911282 ], [ 410513.742317096446641, 4019417.898316783830523 ], [ 410500.395648706122302, 4019366.682427688967437 ], [ 410485.215796233387664, 4019307.81578613165766 ], [ 410472.007175640901551, 4019256.931980349589139 ], [ 410471.282717632246204, 4019252.104223387315869 ], [ 410464.201396362972446, 4019245.841416746377945 ], [ 410463.070444397162646, 4019240.851119471248239 ], [ 410462.714654664858244, 4019232.518191881012172 ], [ 410466.693608070665505, 4019225.807892417069525 ], [ 410470.388970762840472, 4019217.766663370653987 ], [ 410471.275868434109725, 4019199.083546769339591 ], [ 410470.617600179684814, 4019161.408923960290849 ], [ 410469.314447603886947, 4019152.841007190290838 ] ] } },
{ "type": "Feature", "properties": { "fid": 25, "id": 25, "length": 478.29501149823352, "line_name": "route04(sadi-minoodar)" }, "geometry": { "type": "LineString", "coordinates": [ [ 410469.314447603886947, 4019152.841007190290838 ], [ 410470.555748838116415, 4019129.230306966230273 ], [ 410471.117816713755019, 4019105.21512168738991 ], [ 410471.275144555605948, 4019055.027206345461309 ], [ 410471.755615127272904, 4019010.004651305731386 ], [ 410472.319472018745728, 4018959.979284776374698 ], [ 410472.170065681624692, 4018893.121360281016678 ], [ 410472.374741013161838, 4018834.429651388432831 ], [ 410473.0748903870699, 4018777.983720015734434 ], [ 410470.24395873764297, 4018765.17455217288807 ], [ 410467.594349750492256, 4018756.865274518262595 ], [ 410460.479982417251449, 4018747.434900355990976 ], [ 410458.602135766297579, 4018735.44956993451342 ], [ 410460.304682888789102, 4018730.430064883083105 ], [ 410463.204428771103267, 4018723.730901084840298 ], [ 410470.025784772122279, 4018717.824973993934691 ], [ 410471.806567082181573, 4018707.302516591269523 ], [ 410472.543985452852212, 4018700.29218124691397 ], [ 410471.35197921236977, 4018682.216212217696011 ] ] } },
{ "type": "Feature", "properties": { "fid": 26, "id": 26, "length": 308.76541629865926, "line_name": "route04(sadi-minoodar)" }, "geometry": { "type": "LineString", "coordinates": [ [ 410471.35197921236977, 4018682.216212217696011 ], [ 410472.862946119799744, 4018665.775417502969503 ], [ 410473.098622294492088, 4018610.084581518545747 ], [ 410473.804411791730672, 4018560.724711089394987 ], [ 410473.834741545317229, 4018498.200000248849392 ], [ 410473.803234827704728, 4018429.673591434024274 ], [ 410473.27003583451733, 4018373.621191691607237 ] ] } },
{ "type": "Feature", "properties": { "fid": 27, "id": 27, "length": 736.23131175582648, "line_name": "route04(sadi-minoodar)" }, "geometry": { "type": "LineString", "coordinates": [ [ 410473.27003583451733, 4018373.621191691607237 ], [ 410473.110472340951674, 4018342.813519613817334 ], [ 410471.673720872029662, 4018281.971265910193324 ], [ 410473.557185922050849, 4018215.926119235344231 ], [ 410476.193648013169877, 4018144.371077144984156 ], [ 410473.76659094390925, 4018118.38595456071198 ], [ 410461.319509107328486, 4018089.169466468971223 ], [ 410409.500252794532571, 4018011.006361098028719 ], [ 410332.177930376608856, 4017894.091515966691077 ], [ 410266.350897088705096, 4017792.731364645063877 ], [ 410239.354919593897648, 4017753.161350849550217 ], [ 410221.102122482436243, 4017723.838432664051652 ], [ 410213.320989609055687, 4017715.290474029257894 ] ] } },
{ "type": "Feature", "properties": { "fid": 28, "id": 28, "length": 488.96443871082204, "line_name": "route04(sadi-minoodar)" }, "geometry": { "type": "LineString", "coordinates": [ [ 410213.320989609055687, 4017715.290474029257894 ], [ 410202.582756079093087, 4017694.851768816821277 ], [ 410177.179721539432649, 4017652.76449896581471 ], [ 410128.583401576965116, 4017586.574333930853754 ], [ 410069.294230119383428, 4017517.493915943894535 ], [ 410048.183985164912883, 4017486.033401759341359 ], [ 410034.599472366156988, 4017464.498917423654348 ], [ 410003.011647715116851, 4017411.80533381132409 ], [ 409972.189985855424311, 4017354.935627518221736 ], [ 409949.716621006664354, 4017315.736435961443931 ], [ 409945.000498744950164, 4017308.344906443264335 ] ] } },
{ "type": "Feature", "properties": { "fid": 29, "id": 29, "length": 765.90376704156176, "line_name": "route04(sadi-minoodar)" }, "geometry": { "type": "LineString", "coordinates": [ [ 409945.000498744950164, 4017308.344906443264335 ], [ 409931.782162198156584, 4017278.2409364474006 ], [ 409930.211270131228957, 4017269.920632763765752 ], [ 409930.804827404033858, 4017262.078090315684676 ], [ 409932.798038960201666, 4017259.056260721758008 ], [ 409935.881253768282477, 4017257.023524870630354 ], [ 409940.187698064080905, 4017255.811771492473781 ], [ 409945.729464646370616, 4017256.587998955510557 ], [ 409950.769419141928665, 4017261.037527215667069 ], [ 409954.485738911898807, 4017268.00174914393574 ], [ 409960.080827837111428, 4017286.9511878490448 ], [ 409964.450947911012918, 4017304.912931609433144 ], [ 409972.495879651745781, 4017325.837775820400566 ], [ 410009.281152118521277, 4017398.151769621297717 ], [ 410049.074786279641557, 4017461.264523355755955 ], [ 410067.055703307734802, 4017477.251380573026836 ], [ 410082.982967361458577, 4017490.425085807684809 ], [ 410121.293824826949276, 4017527.710085850674659 ], [ 410157.498600164544769, 4017570.185704580508173 ], [ 410195.273615183541551, 4017620.981819652952254 ], [ 410228.250956556643359, 4017664.658196875359863 ], [ 410236.555116237141192, 4017671.575132220052183 ], [ 410248.888750631478615, 4017676.616403612773865 ], [ 410257.274450409517158, 4017678.363835192751139 ], [ 410265.632598481373861, 4017677.443853283766657 ], [ 410276.938939365674742, 4017674.492655575741082 ], [ 410284.973834370262921, 4017668.407350426539779 ], [ 410290.562465141003486, 4017660.679993595462292 ], [ 410314.12103349273093, 4017602.580929893534631 ], [ 410329.64412823918974, 4017563.57226292276755 ], [ 410334.661831589881331, 4017545.305687484331429 ] ] } },
{ "type": "Feature", "properties": { "fid": 30, "id": 30, "length": 290.61820548304053, "line_name": "route04(sadi-minoodar)" }, "geometry": { "type": "LineString", "coordinates": [ [ 410334.661831589881331, 4017545.305687484331429 ], [ 410347.652295261737891, 4017516.868338816333562 ], [ 410367.382352329907008, 4017466.978800473269075 ], [ 410394.847873005026486, 4017395.000991113018245 ], [ 410423.367717167828232, 4017320.511449907440692 ], [ 410430.599764338054229, 4017299.348561957478523 ], [ 410438.52178723027464, 4017274.112341066356748 ], [ 410438.52178723027464, 4017274.112341066356748 ] ] } },
{ "type": "Feature", "properties": { "fid": 31, "id": 31, "length": 434.15504174843835, "line_name": "route04(sadi-minoodar)" }, "geometry": { "type": "LineString", "coordinates": [ [ 410438.52178723027464, 4017274.112341066356748 ], [ 410466.980132439464796, 4017204.350395942106843 ], [ 410488.802252540248446, 4017147.770390029065311 ], [ 410514.44571622548392, 4017082.147610951215029 ], [ 410542.892811121186242, 4017013.494902590289712 ], [ 410572.392598852748051, 4016942.163775439374149 ], [ 410595.952595018781722, 4016883.81554092047736 ], [ 410599.280396473710425, 4016871.088893685024232 ] ] } },
{ "type": "Feature", "properties": { "fid": 32, "id": 32, "length": 414.96284902375714, "line_name": "route04(sadi-minoodar)" }, "geometry": { "type": "LineString", "coordinates": [ [ 410599.280396473710425, 4016871.088893685024232 ], [ 410620.451646338100545, 4016824.874168348032981 ], [ 410633.071901553834323, 4016792.065077799372375 ], [ 410639.877347284171265, 4016771.320437691174448 ], [ 410641.789915584260598, 4016747.291484241373837 ], [ 410632.973158188629895, 4016703.698567726183683 ], [ 410619.460032203234732, 4016662.821652754675597 ], [ 410597.479560850246344, 4016612.361439734697342 ], [ 410584.127876778133214, 4016600.32740751421079 ], [ 410575.905075499787927, 4016594.826507636811584 ], [ 410553.657105804129969, 4016590.553686611820012 ], [ 410536.13488627813058, 4016592.98489281302318 ], [ 410527.33590067748446, 4016597.077012354508042 ], [ 410495.718106363085099, 4016626.663867750670761 ], [ 410483.672477164538577, 4016641.52278970554471 ] ] } },
{ "type": "Feature", "properties": { "fid": 33, "id": 33, "length": 798.24809354362435, "line_name": "route04(sadi-minoodar)" }, "geometry": { "type": "LineString", "coordinates": [ [ 410483.672477164538577, 4016641.52278970554471 ], [ 410444.446779622812755, 4016681.046186836436391 ], [ 410335.479511243232992, 4016794.880020504817367 ], [ 410242.868279388349038, 4016897.708845791406929 ], [ 410182.528044284146745, 4016962.357112637255341 ], [ 410179.505254518648144, 4016963.722204848192632 ], [ 410175.243713361909613, 4016962.76586037222296 ], [ 410169.38534144719597, 4016957.491004173178226 ], [ 410165.835051456931978, 4016953.526145625393838 ], [ 410164.714020961429924, 4016949.536177470348775 ], [ 410167.30781123455381, 4016945.841273631900549 ], [ 410193.619118979200721, 4016918.892312245909125 ], [ 410236.478798430121969, 4016873.682143124286085 ], [ 410286.553677619493101, 4016821.311636669561267 ], [ 410307.903132655017544, 4016797.415431699715555 ], [ 410313.61357315746136, 4016788.353009153157473 ], [ 410317.932186876772903, 4016762.131621937733144 ], [ 410326.050291464838665, 4016711.694991515949368 ], [ 410329.432848040596582, 4016686.316929642576724 ], [ 410330.207986008783337, 4016676.409259732812643 ] ] } },
{ "type": "Feature", "properties": { "fid": 34, "id": 34, "length": 427.72337887326177, "line_name": "route04(sadi-minoodar)" }, "geometry": { "type": "LineString", "coordinates": [ [ 410330.207986008783337, 4016676.409259732812643 ], [ 410334.717770136019681, 4016649.081321250181645 ], [ 410339.87293872697046, 4016612.347251940518618 ], [ 410341.232776349235792, 4016560.979983502067626 ], [ 410340.890563114488032, 4016527.803986388724297 ], [ 410340.082849769969471, 4016495.299717667046934 ], [ 410341.93189519358566, 4016452.097245167475194 ], [ 410347.842875214642845, 4016397.014962513931096 ], [ 410352.558570257097017, 4016350.364945081062615 ], [ 410353.401908758969512, 4016340.519104903098196 ], [ 410351.114322221488692, 4016315.032818783074617 ], [ 410348.161338503588922, 4016303.558819170575589 ], [ 410347.00593230855884, 4016296.234561550430954 ], [ 410346.380084881850053, 4016287.90445509692654 ], [ 410343.527667255024426, 4016273.094795470591635 ], [ 410338.081898663076572, 4016251.749929841142148 ] ] } },
{ "type": "Feature", "properties": { "fid": 35, "id": 35, "length": 448.874275931282, "line_name": "route04(sadi-minoodar)" }, "geometry": { "type": "LineString", "coordinates": [ [ 410338.081898663076572, 4016251.749929841142148 ], [ 410336.123188821191434, 4016222.651608411688358 ], [ 410333.061822338786442, 4016200.674665802624077 ], [ 410324.474281566741411, 4016140.239821790251881 ], [ 410314.917751874192618, 4016077.48074831161648 ], [ 410305.214998999610543, 4016026.727840760257095 ], [ 410299.919960030703805, 4015997.604517546016723 ], [ 410289.944588799146004, 4015959.692740882281214 ], [ 410287.415269397140946, 4015950.04843337321654 ], [ 410285.921012381208129, 4015936.058434986509383 ], [ 410278.358815179322846, 4015909.6262197624892 ], [ 410270.104490717989393, 4015881.533842647448182 ], [ 410258.456786168506369, 4015851.642456870991737 ], [ 410247.099610928678885, 4015823.748860358726233 ], [ 410242.929439542465843, 4015815.351146888453513 ] ] } },
{ "type": "Feature", "properties": { "fid": 36, "id": 36, "length": 494.81172376194564, "line_name": "route04(sadi-minoodar)" }, "geometry": { "type": "LineString", "coordinates": [ [ 410242.929439542465843, 4015815.351146888453513 ], [ 410234.896357652265579, 4015792.362658913712949 ], [ 410213.534866810892709, 4015736.895028626546264 ], [ 410191.911768836900592, 4015682.263805517926812 ], [ 410170.194769906927831, 4015631.635150581132621 ], [ 410165.356801690300927, 4015620.680879861582071 ], [ 410159.487216254870873, 4015614.405743397772312 ], [ 410150.304628787736874, 4015587.99037628620863 ], [ 410121.712886841327418, 4015512.256475195754319 ], [ 410106.510427492263261, 4015465.061986116692424 ], [ 410100.613656921545044, 4015443.114439892116934 ], [ 410099.00646910420619, 4015431.293145586270839 ], [ 410090.011272670177277, 4015383.867777767125517 ], [ 410084.858807340147905, 4015355.576763116754591 ], [ 410082.537274973059539, 4015349.744338277261704 ] ] } },
{ "type": "Feature", "properties": { "fid": 37, "id": 37, "length": 387.14739750461752, "line_name": "route04(sadi-minoodar)" }, "geometry": { "type": "LineString", "coordinates": [ [ 410082.537274973059539, 4015349.744338277261704 ], [ 410081.396547451149672, 4015340.606763623654842 ], [ 410076.911805212264881, 4015318.144438597373664 ], [ 410072.143279701820575, 4015294.351201820652932 ], [ 410065.24908647040138, 4015260.826181767042726 ], [ 410051.019383080129046, 4015190.279370211064816 ], [ 410038.104389151965734, 4015129.389385565649718 ], [ 410024.450468508119229, 4015062.338015435263515 ], [ 410012.464532977552153, 4014999.937877868302166 ], [ 410007.494068619154859, 4014976.230132996104658 ], [ 410005.79736757860519, 4014970.453785904217511 ] ] } },
{ "type": "Feature", "properties": { "fid": 38, "id": 38, "length": 523.0527302712386, "line_name": "route04(sadi-minoodar)" }, "geometry": { "type": "LineString", "coordinates": [ [ 410005.79736757860519, 4014970.453785904217511 ], [ 410001.888730150065385, 4014943.358752159867436 ], [ 409997.40793106140336, 4014921.313256674446166 ], [ 409989.139344974071719, 4014878.965776389464736 ], [ 409975.015901556820609, 4014805.750297577586025 ], [ 409960.564930776949041, 4014740.04113056929782 ], [ 409946.52737503091339, 4014675.161362408194691 ], [ 409932.934321902226657, 4014614.111827749293298 ], [ 409918.077781864209101, 4014548.406931750942022 ], [ 409905.751146781258285, 4014492.346254169475287 ], [ 409900.209943502559327, 4014465.726691213902086 ], [ 409899.157814947946463, 4014458.651522246655077 ] ] } },
{ "type": "Feature", "properties": { "fid": 39, "id": 39, "length": 109.04133949546075, "line_name": "route04(sadi-minoodar)" }, "geometry": { "type": "LineString", "coordinates": [ [ 409899.157814947946463, 4014458.651522246655077 ], [ 409896.420230753719807, 4014438.755525927059352 ], [ 409891.105791391397361, 4014407.965345188044012 ], [ 409890.394529692654032, 4014404.471362668089569 ], [ 409889.68326747789979, 4014400.977380212862045 ], [ 409889.653906845953315, 4014398.143257479183376 ], [ 409889.771634653036017, 4014396.474727923516184 ], [ 409890.830899871245492, 4014394.46298244362697 ], [ 409892.305524308001623, 4014393.447320193052292 ], [ 409894.597050001262687, 4014393.090119764208794 ], [ 409896.77775444398867, 4014395.068301762454212 ], [ 409898.286918018769938, 4014397.386902519967407 ], [ 409899.444618919922505, 4014404.877804834861308 ], [ 409900.648944237153046, 4014416.869961148127913 ], [ 409904.083829795476049, 4014430.766840127296746 ] ] } },
{ "type": "Feature", "properties": { "fid": 1, "id": 1, "length": 362.06444214611798, "line_name": "route05(Terminal-minoodar)" }, "geometry": { "type": "LineString", "coordinates": [ [ 411505.678095123614185, 4013223.600634942296892 ], [ 411505.979742279509082, 4013244.472723640501499 ], [ 411508.713304523669649, 4013282.547253829427063 ], [ 411513.861756023776252, 4013348.339941173326224 ], [ 411516.174882665334735, 4013366.050684610847384 ], [ 411522.684597020386718, 4013390.917813381645828 ], [ 411534.446220482233912, 4013414.853613447397947 ], [ 411549.632721178350039, 4013439.983719203155488 ], [ 411590.339078697841614, 4013499.620687231887132 ], [ 411615.302571752981748, 4013535.362354633398354 ], [ 411628.739672489173245, 4013552.164507410023361 ] ] } },
{ "type": "Feature", "properties": { "fid": 2, "id": 2, "length": 355.52590803794419, "line_name": "route05(Terminal-minoodar)" }, "geometry": { "type": "LineString", "coordinates": [ [ 411628.739672489173245, 4013552.164507410023361 ], [ 411647.496252958313562, 4013582.970566110685468 ], [ 411672.978512160829268, 4013627.837634102907032 ], [ 411681.707267341553234, 4013647.239155200775713 ], [ 411699.653575042029843, 4013692.182798334863037 ], [ 411719.388161939452402, 4013759.232264775317162 ], [ 411735.766850171028636, 4013817.887654839549214 ], [ 411750.012361223460175, 4013862.517769682686776 ], [ 411757.237418000411708, 4013881.640925430227071 ] ] } },
{ "type": "Feature", "properties": { "fid": 3, "id": 3, "length": 540.4617671226938, "line_name": "route05(Terminal-minoodar)" }, "geometry": { "type": "LineString", "coordinates": [ [ 411757.237418000411708, 4013881.640925430227071 ], [ 411767.218808987061493, 4013918.706604512408376 ], [ 411775.629165061633103, 4013948.822238295804709 ], [ 411778.591992796282284, 4013960.556507514324039 ], [ 411790.096325629274361, 4013987.304629530292004 ], [ 411813.182681489910465, 4014020.432059418410063 ], [ 411890.589001524785999, 4014110.074897902552038 ], [ 411947.508430714835413, 4014170.60275470232591 ], [ 412014.176471475628205, 4014239.109344960656017 ], [ 412039.449077229131944, 4014263.611480154562742 ], [ 412048.380071698804386, 4014267.998635150492191 ], [ 412061.018165221787058, 4014273.401841120328754 ], [ 412063.4554914298933, 4014275.396448239684105 ], [ 412078.117579219746403, 4014291.138833831995726 ], [ 412083.995679890736938, 4014297.098639413248748 ] ] } },
{ "type": "Feature", "properties": { "fid": 4, "id": 4, "length": 977.12120945674178, "line_name": "route05(Terminal-minoodar)" }, "geometry": { "type": "LineString", "coordinates": [ [ 412083.995679890736938, 4014297.098639413248748 ], [ 412096.886486710805912, 4014312.282928075641394 ], [ 412101.416317929164506, 4014317.329166960902512 ], [ 412105.316898360440973, 4014330.458755367435515 ], [ 412107.248495278821792, 4014338.691812898032367 ], [ 412127.327801400097087, 4014362.895495794247836 ], [ 412142.80702983844094, 4014382.14146404247731 ], [ 412161.732663089060225, 4014411.80006304057315 ], [ 412187.288326754118316, 4014450.346685113850981 ], [ 412227.574546204530634, 4014504.45972473314032 ], [ 412251.702206276066136, 4014556.541111120954156 ], [ 412276.298584605799988, 4014612.831913389265537 ], [ 412299.087933277420234, 4014701.448954852763563 ], [ 412310.181912895815913, 4014751.20371730485931 ], [ 412314.7996267232229, 4014772.051978531293571 ], [ 412325.940884371404536, 4014791.254195921123028 ], [ 412341.34520256036194, 4014810.237870619166642 ], [ 412343.137862544041127, 4014818.823550920933485 ], [ 412342.246536545979325, 4014843.239087938331068 ], [ 412338.418191447504796, 4014858.378133624792099 ], [ 412337.871380174125079, 4014888.760149311739951 ], [ 412340.795423010888044, 4014910.854604206513613 ], [ 412352.554000403557438, 4014991.3304040459916 ], [ 412360.867581743339542, 4015054.457851147279143 ], [ 412368.414807204157114, 4015126.196783625520766 ], [ 412373.97413602983579, 4015184.084401689935476 ], [ 412376.097508463193662, 4015200.788965404964983 ] ] } },
{ "type": "Feature", "properties": { "fid": 5, "id": 5, "length": 581.49546541328425, "line_name": "route05(Terminal-minoodar)" }, "geometry": { "type": "LineString", "coordinates": [ [ 412376.097508463193662, 4015200.788965404964983 ], [ 412377.212294786178973, 4015251.477102947421372 ], [ 412378.112265827541705, 4015312.572246170137078 ], [ 412369.21310888818698, 4015360.597130652051419 ], [ 412353.41347593057435, 4015429.235246922820807 ], [ 412328.600689698127098, 4015478.122961360029876 ], [ 412277.229881494771689, 4015557.830789470579475 ], [ 412218.491323962458409, 4015639.895971355494112 ], [ 412179.512984759290703, 4015693.66804704722017 ], [ 412159.524065091623925, 4015720.24463276239112 ] ] } },
{ "type": "Feature", "properties": { "fid": 6, "id": 6, "length": 1181.423877217243, "line_name": "route05(Terminal-minoodar)" }, "geometry": { "type": "LineString", "coordinates": [ [ 412159.524065091623925, 4015720.24463276239112 ], [ 412099.17692865076242, 4015790.701606542337686 ], [ 412025.001149537740275, 4015864.144952722359449 ], [ 411958.438413474184927, 4015931.19073476921767 ], [ 411936.916181357577443, 4015953.708297689445317 ], [ 411914.921379255712964, 4015971.665436919312924 ], [ 411890.053548777708784, 4015986.66676875250414 ], [ 411861.189771476841997, 4016000.128400336485356 ], [ 411780.151047033257782, 4016027.288485616911203 ], [ 411692.871025849017315, 4016055.741850252728909 ], [ 411608.421898043481633, 4016082.938211920205504 ], [ 411520.864031927427277, 4016111.922925366088748 ], [ 411423.378315504523925, 4016143.116741285193712 ], [ 411400.142329807451461, 4016150.72820935305208 ], [ 411361.194984299014322, 4016164.99666946567595 ], [ 411291.037156391947065, 4016199.425151526927948 ], [ 411213.031230903754476, 4016244.820813238620758 ], [ 411184.064839787781239, 4016261.973144151736051 ], [ 411148.810968050383963, 4016281.766132370568812 ] ] } },
{ "type": "Feature", "properties": { "fid": 7, "id": 7, "length": 724.02235242323195, "line_name": "route05(Terminal-minoodar)" }, "geometry": { "type": "LineString", "coordinates": [ [ 411148.810968050383963, 4016281.766132370568812 ], [ 411120.875059710699134, 4016296.507443417329341 ], [ 411088.785564116900787, 4016314.043212136719376 ], [ 411060.091343670268543, 4016329.964072732254863 ], [ 411012.393883712997194, 4016350.293660155963153 ], [ 410930.308340757153928, 4016385.725201870314777 ], [ 410924.657033011375461, 4016389.119282681960613 ], [ 410885.781744344567414, 4016424.108576103579253 ], [ 410871.467428349656984, 4016442.165315459482372 ], [ 410857.48415269702673, 4016450.912520416080952 ], [ 410841.581101426272653, 4016452.655918830540031 ], [ 410834.186416173528414, 4016452.380594661924988 ], [ 410822.493419896287378, 4016448.813200955279171 ], [ 410798.654161595215555, 4016452.92074695462361 ], [ 410774.822132786212023, 4016457.730637075379491 ], [ 410766.168048782157712, 4016459.399767354596406 ], [ 410722.198137601721101, 4016482.677723146043718 ], [ 410672.42255818087142, 4016508.12262872653082 ], [ 410661.257023085316177, 4016514.382967783603817 ], [ 410645.879789471509866, 4016525.778673539869487 ], [ 410635.355038287700154, 4016539.055987088009715 ], [ 410629.429174135962967, 4016557.202497076708823 ], [ 410628.454567837063223, 4016573.015454965643585 ], [ 410629.275357593083754, 4016583.717895236331969 ], [ 410634.137743046274409, 4016614.220247066579759 ], [ 410640.988621201075148, 4016658.398038246203214 ], [ 410645.487880009226501, 4016672.088973116129637 ] ] } },
{ "type": "Feature", "properties": { "fid": 8, "id": 8, "length": 201.44839613168423, "line_name": "route05(Terminal-minoodar)" }, "geometry": { "type": "LineString", "coordinates": [ [ 410645.487880009226501, 4016672.088973116129637 ], [ 410654.859863788005896, 4016707.946901505347341 ], [ 410660.290633355034515, 4016738.44342638226226 ], [ 410660.550508579821326, 4016763.725458814762533 ], [ 410653.522009146516211, 4016785.219472266733646 ], [ 410638.140819562773686, 4016823.831430131569505 ], [ 410621.821603767341003, 4016864.573370303492993 ] ] } },
{ "type": "Feature", "properties": { "fid": 9, "id": 9, "length": 464.2807772262621, "line_name": "route05(Terminal-minoodar)" }, "geometry": { "type": "LineString", "coordinates": [ [ 410621.821603767341003, 4016864.573370303492993 ], [ 410601.69682600570377, 4016911.780876453965902 ], [ 410572.280934767564759, 4016981.616485212463886 ], [ 410539.807429877109826, 4017058.156047457829118 ], [ 410490.79850082914345, 4017185.259933554101735 ], [ 410458.139980948646553, 4017271.283551916480064 ], [ 410449.918853088805918, 4017295.592805578839034 ] ] } },
{ "type": "Feature", "properties": { "fid": 10, "id": 10, "length": 280.47183579399734, "line_name": "route05(Terminal-minoodar)" }, "geometry": { "type": "LineString", "coordinates": [ [ 410449.918853088805918, 4017295.592805578839034 ], [ 410436.403923787293024, 4017327.520281291566789 ], [ 410411.211068336910103, 4017393.098909255117178 ], [ 410378.406638169952203, 4017478.597639449872077 ], [ 410352.563881822163239, 4017549.977606044150889 ], [ 410350.569304574979469, 4017557.700140201020986 ] ] } },
{ "type": "Feature", "properties": { "fid": 11, "id": 11, "length": 920.98428160666026, "line_name": "route05(Terminal-minoodar)" }, "geometry": { "type": "LineString", "coordinates": [ [ 410350.569304574979469, 4017557.700140201020986 ], [ 410323.161649567598943, 4017624.159927080385387 ], [ 410301.544912965444382, 4017664.24168557766825 ], [ 410268.470136978954542, 4017716.469656982459128 ], [ 410265.975517251878045, 4017722.641025419812649 ], [ 410265.694230425986461, 4017736.691028063185513 ], [ 410265.502475938526914, 4017745.648033342789859 ], [ 410268.788573224912398, 4017761.065903353970498 ], [ 410274.900636942125857, 4017774.874292198568583 ], [ 410291.985599177074619, 4017805.250312032178044 ], [ 410348.013648797699716, 4017890.710466617252678 ], [ 410420.145369502308313, 4017994.266128374263644 ], [ 410474.123558425810188, 4018074.129346695262939 ], [ 410490.113806445151567, 4018108.731141999829561 ], [ 410494.655648107873276, 4018135.725005807355046 ], [ 410493.541643429023679, 4018220.721417118795216 ], [ 410491.317789649008773, 4018335.930540316738188 ], [ 410492.909927398373839, 4018391.47229086002335 ] ] } },
{ "type": "Feature", "properties": { "fid": 12, "id": 12, "length": 476.73530521611167, "line_name": "route05(Terminal-minoodar)" }, "geometry": { "type": "LineString", "coordinates": [ [ 410492.909927398373839, 4018391.47229086002335 ], [ 410491.912434539757669, 4018476.395428510848433 ], [ 410492.545303320745006, 4018592.979872904717922 ], [ 410492.345670101989526, 4018683.936945001129061 ], [ 410493.247947580995969, 4018702.54006483964622 ], [ 410497.251077314780559, 4018718.652987986337394 ], [ 410506.06023321551038, 4018732.258148670662194 ], [ 410506.330770652624778, 4018744.722169591579586 ], [ 410500.330877281085122, 4018755.494912092573941 ], [ 410493.280222511559259, 4018760.83523267460987 ], [ 410484.630304160062224, 4018762.680263896007091 ], [ 410473.81995693128556, 4018761.73814983246848 ], [ 410465.075931600062177, 4018754.45354886027053 ], [ 410457.636120563896839, 4018749.613755251746625 ], [ 410442.103908082761336, 4018745.559759784955531 ], [ 410399.095646047964692, 4018747.106167791876942 ] ] } },
{ "type": "Feature", "properties": { "fid": 13, "id": 13, "length": 457.64442139672394, "line_name": "route05(Terminal-minoodar)" }, "geometry": { "type": "LineString", "coordinates": [ [ 410399.095646047964692, 4018747.106167791876942 ], [ 410344.757139590918086, 4018745.68609661469236 ], [ 410267.582942815730348, 4018745.078330370597541 ], [ 409997.276234618213493, 4018744.538887537550181 ], [ 409941.611780601378996, 4018744.12838804256171 ] ] } },
{ "type": "Feature", "properties": { "fid": 14, "id": 14, "length": 418.25187819200875, "line_name": "route05(Terminal-minoodar)" }, "geometry": { "type": "LineString", "coordinates": [ [ 409941.611780601378996, 4018744.12838804256171 ], [ 409904.873641198326368, 4018741.809493962209672 ], [ 409900.848404440155718, 4018744.221702089067549 ], [ 409895.521512225444894, 4018744.452550044283271 ], [ 409891.585557025682647, 4018741.771749066654593 ], [ 409890.121762337803375, 4018737.660588409285992 ], [ 409890.656462381535675, 4018734.406640704721212 ], [ 409892.968314121826552, 4018731.222051140852273 ], [ 409895.429552207875531, 4018728.738269397988915 ], [ 409896.114723604056053, 4018664.641102689318359 ], [ 409896.781644239847083, 4018619.332174107432365 ], [ 409896.271608249226119, 4018597.5644067437388 ], [ 409892.713608603982721, 4018597.07454799907282 ], [ 409876.940348884207197, 4018597.238188900984824 ], [ 409832.739509936829563, 4018596.994549687951803 ], [ 409738.220142605423462, 4018595.869157950859517 ], [ 409676.076395005104132, 4018596.957362879067659 ] ] } },
{ "type": "Feature", "properties": { "fid": 15, "id": 15, "length": 405.07080713455542, "line_name": "route05(Terminal-minoodar)" }, "geometry": { "type": "LineString", "coordinates": [ [ 409676.076395005104132, 4018596.957362879067659 ], [ 409606.47376641491428, 4018595.483299495186657 ], [ 409548.765907588473056, 4018594.679319511633366 ], [ 409504.426553522178438, 4018594.789970787707716 ], [ 409502.167561559879687, 4018596.218221351504326 ], [ 409502.552852776192594, 4018660.479934631846845 ], [ 409502.731957358657382, 4018759.510513528715819 ], [ 409501.246289776288904, 4018780.59672803292051 ], [ 409485.656930391443893, 4018812.014099751133472 ], [ 409483.168694792140741, 4018818.712430972605944 ], [ 409483.52843476558337, 4018822.651704252697527 ] ] } },
{ "type": "Feature", "properties": { "fid": 16, "id": 16, "length": 392.55561774223503, "line_name": "route05(Terminal-minoodar)" }, "geometry": { "type": "LineString", "coordinates": [ [ 409483.52843476558337, 4018822.651704252697527 ], [ 409485.621570215094835, 4018835.894637884106487 ], [ 409492.900259471847676, 4018852.499788127373904 ], [ 409501.423037787142675, 4018865.755780800245702 ], [ 409502.421969964692835, 4018879.792531214654446 ], [ 409494.880461226508487, 4018892.513557299040258 ], [ 409486.44980189576745, 4018901.732066991738975 ], [ 409482.369883771811146, 4018919.333537541795522 ], [ 409480.32085103058489, 4018968.168778916355222 ], [ 409480.093464853765909, 4019014.526785117574036 ], [ 409480.286384018079843, 4019108.026209920179099 ], [ 409480.162158462742809, 4019177.912154574412853 ], [ 409481.174173893232364, 4019204.990776536520571 ] ] } },
{ "type": "Feature", "properties": { "fid": 17, "id": 17, "length": 202.99647386293717, "line_name": "route05(Terminal-minoodar)" }, "geometry": { "type": "LineString", "coordinates": [ [ 409481.174173893232364, 4019204.990776536520571 ], [ 409478.915163578290958, 4019310.495300863869488 ], [ 409478.848598926037084, 4019396.121266772504896 ], [ 409480.218609357485548, 4019407.822408214211464 ] ] } },
{ "type": "Feature", "properties": { "fid": 18, "id": 19, "length": 257.08368912344571, "line_name": "route05(Terminal-minoodar)" }, "geometry": { "type": "LineString", "coordinates": [ [ 409568.701411466405261, 4019672.705793268978596 ], [ 409574.386429572827183, 4019683.506530876737088 ], [ 409589.266682785179, 4019700.120392301119864 ], [ 409609.020420654676855, 4019713.961903234943748 ], [ 409684.340977180865593, 4019714.758437954820693 ], [ 409796.536644410341978, 4019715.61144145205617 ], [ 409807.333718848356511, 4019714.505429442040622 ] ] } },
{ "type": "Feature", "properties": { "fid": 19, "id": 20, "length": 476.15286644406655, "line_name": "route05(Terminal-minoodar)" }, "geometry": { "type": "LineString", "coordinates": [ [ 409807.333718848356511, 4019714.505429442040622 ], [ 409830.830648999719415, 4019720.259544974192977 ], [ 409854.067225910490379, 4019730.860924827866256 ], [ 409875.332825403078459, 4019746.662713258992881 ], [ 409881.280303180916235, 4019758.365479237399995 ], [ 409883.500827443436719, 4019766.946318279020488 ], [ 409881.335023243445903, 4019777.32857753476128 ], [ 409874.761039158678614, 4019787.405413549393415 ], [ 409859.673098599421792, 4019798.624176388606429 ], [ 409845.128001257020514, 4019807.379076775163412 ], [ 409825.154660948610399, 4019813.380943662952632 ], [ 409811.676973426830955, 4019815.452413170132786 ], [ 409776.448051590938121, 4019816.520771514624357 ], [ 409721.161908770620357, 4019815.515131724067032 ], [ 409695.862261562084313, 4019814.900275732390583 ], [ 409688.477672083885409, 4019815.328261541668326 ], [ 409667.238894970738329, 4019836.268777690362185 ], [ 409658.421133494004607, 4019849.178565861657262 ], [ 409658.461733080155682, 4019866.737109415698797 ], [ 409663.939751912199426, 4019887.926461539231241 ], [ 409675.969866125029512, 4019910.627959345001727 ], [ 409693.051694274065085, 4019923.795085702091455 ], [ 409702.11675752751762, 4019931.251158012077212 ], [ 409709.282324213301763, 4019947.479729544837028 ] ] } },
{ "type": "Feature", "properties": { "fid": 20, "id": 22, "length": 181.27329343000966, "line_name": "route05(Terminal-minoodar)" }, "geometry": { "type": "LineString", "coordinates": [ [ 409857.200315406080335, 4020362.833384464494884 ], [ 409858.271550837671384, 4020385.546978142578155 ], [ 409865.646660711383447, 4020397.93726735888049 ], [ 409879.819323182629887, 4020408.149915901944041 ], [ 409885.489524659584276, 4020420.557920401915908 ], [ 409885.728191499831155, 4020429.861695805564523 ], [ 409884.105350645841099, 4020437.780077900271863 ], [ 409878.364271215978079, 4020445.916803252417594 ], [ 409868.486735839862376, 4020452.516172579489648 ], [ 409856.85513846919639, 4020454.392845930531621 ], [ 409844.314593958202749, 4020450.835693899542093 ], [ 409835.143628139747307, 4020443.380586799699813 ], [ 409829.823162983055227, 4020437.2902099667117 ], [ 409801.136183507391252, 4020433.045271310023963 ] ] } },
{ "type": "Feature", "properties": { "fid": 21, "id": 23, "length": 316.84013666469406, "line_name": "route05(Terminal-minoodar)" }, "geometry": { "type": "LineString", "coordinates": [ [ 409801.136183507391252, 4020433.045271310023963 ], [ 409770.091150018793996, 4020431.9408123428002 ], [ 409718.502778513648082, 4020430.896870319731534 ], [ 409698.0353527974803, 4020430.231806709431112 ], [ 409674.11801575939171, 4020425.739711538422853 ], [ 409651.151298781624064, 4020417.023632086347789 ], [ 409632.524794543744065, 4020402.116786344442517 ], [ 409624.085884925501887, 4020396.761353186331689 ], [ 409604.354320607730187, 4020398.547104692552239 ], [ 409588.947094251750968, 4020406.257917896378785 ], [ 409547.901143541617785, 4020448.827073256019503 ], [ 409524.034506987198256, 4020473.981596194207668 ] ] } },
{ "type": "Feature", "properties": { "fid": 22, "id": 24, "length": 341.99610705908015, "line_name": "route05(Terminal-minoodar)" }, "geometry": { "type": "LineString", "coordinates": [ [ 409524.034506987198256, 4020473.981596194207668 ], [ 409504.110846275696531, 4020493.883305394556373 ], [ 409490.817441627907101, 4020506.708270905073732 ], [ 409487.404092735610902, 4020506.392680928576738 ], [ 409474.627093113260344, 4020493.795643552672118 ], [ 409456.022940628929064, 4020474.235803744755685 ], [ 409445.265978824871127, 4020464.602767181117088 ], [ 409429.978285592340399, 4020456.509527394548059 ], [ 409411.463231077534147, 4020452.312971374485642 ], [ 409366.768079895875417, 4020451.46257495181635 ], [ 409313.40106211649254, 4020450.176226497627795 ], [ 409273.697638565499801, 4020451.117858220823109 ], [ 409231.861313039611559, 4020451.906383261084557 ], [ 409215.340776650991756, 4020452.474217522423714 ] ] } },
{ "type": "Feature", "properties": { "fid": 23, "id": 25, "length": 141.69883774313877, "line_name": "route05(Terminal-minoodar)" }, "geometry": { "type": "LineString", "coordinates": [ [ 409215.340776650991756, 4020452.474217522423714 ], [ 409153.286696928262245, 4020451.850374160334468 ], [ 409136.688242578238714, 4020454.306767482310534 ], [ 409112.530080023279879, 4020467.55333805968985 ], [ 409104.551523301866837, 4020479.050236969254911 ], [ 409104.551523301866837, 4020479.050236969254911 ], [ 409104.551523301866837, 4020479.050236969254911 ], [ 409104.551523301866837, 4020479.050236969254911 ], [ 409102.068659064359963, 4020490.423749517649412 ], [ 409102.068659064359963, 4020490.423749517649412 ], [ 409102.068659064359963, 4020490.423749517649412 ], [ 409102.586760816047899, 4020500.042860428802669 ], [ 409102.586760816047899, 4020500.042860428802669 ] ] } },
{ "type": "Feature", "properties": { "fid": 24, "id": 26, "length": 377.62161837867671, "line_name": "route05(Terminal-minoodar)" }, "geometry": { "type": "LineString", "coordinates": [ [ 409102.586760816047899, 4020500.042860428802669 ], [ 409101.131415841693524, 4020519.647378231864423 ], [ 409100.36857528827386, 4020541.779728687368333 ], [ 409100.594208329566754, 4020576.895403044763952 ], [ 409100.854464161209762, 4020614.468979435041547 ], [ 409100.92750536854146, 4020635.012268316466361 ], [ 409098.674636496114545, 4020636.967352562118322 ], [ 409083.895854540751316, 4020636.770949615631253 ], [ 409026.48001251288224, 4020635.441008997615427 ], [ 409003.673614165978506, 4020628.480858607683331 ], [ 408983.206866148044355, 4020614.297033575829118 ], [ 408940.448623206815682, 4020574.535296145360917 ], [ 408909.861746080627199, 4020543.776726613286883 ], [ 408890.248075758048799, 4020522.911728751845658 ], [ 408868.630578303593211, 4020500.663086780812591 ], [ 408844.281358316831756, 4020475.370350514538586 ], [ 408838.390070531750098, 4020469.11096450034529 ], [ 408836.497859935159795, 4020466.311310828197747 ] ] } },
{ "type": "Feature", "properties": { "fid": 25, "id": 27, "length": 194.4544552011406, "line_name": "route05(Terminal-minoodar)" }, "geometry": { "type": "LineString", "coordinates": [ [ 408836.497859935159795, 4020466.311310828197747 ], [ 408833.677610627375543, 4020459.563987045083195 ], [ 408831.974770609696861, 4020446.237624689470977 ], [ 408830.893842842604499, 4020410.956959611270577 ], [ 408830.646967012551613, 4020360.391889189835638 ], [ 408830.485111941117793, 4020290.863058582413942 ], [ 408830.172502226545475, 4020272.608791014645249 ] ] } },
{ "type": "Feature", "properties": { "fid": 26, "id": 28, "length": 422.70443159088387, "line_name": "route05(Terminal-minoodar)" }, "geometry": { "type": "LineString", "coordinates": [ [ 408830.172502226545475, 4020272.608791014645249 ], [ 408830.397024387435522, 4020228.356745512224734 ], [ 408833.35096478817286, 4020225.516411037184298 ], [ 408842.576202828786336, 4020224.541628928855062 ], [ 408928.415074015210848, 4020226.450043173506856 ], [ 409012.960546127229463, 4020226.968204022850841 ], [ 409080.30651057389332, 4020226.789387772791088 ], [ 409094.867865001724567, 4020219.78920534113422 ], [ 409123.391125956783071, 4020202.810297962743789 ], [ 409128.078129389090464, 4020189.065846052486449 ], [ 409130.18527625198476, 4020186.761225359514356 ], [ 409129.57289724732982, 4020182.553668812848628 ], [ 409122.71003514516633, 4020164.89173001376912 ], [ 409108.697709460451733, 4020142.91509466432035 ], [ 409103.825098302739207, 4020133.121570915449411 ] ] } },
{ "type": "Feature", "properties": { "fid": 27, "id": 29, "length": 263.57716682802391, "line_name": "route05(Terminal-minoodar)" }, "geometry": { "type": "LineString", "coordinates": [ [ 409103.825098302739207, 4020133.121570915449411 ], [ 409099.655932230816688, 4020120.710854521021247 ], [ 409096.1175709546078, 4020108.457167528569698 ], [ 409090.640365766827017, 4020087.444687292911112 ], [ 409088.190749498375226, 4020070.61447309050709 ], [ 409086.817028201301582, 4020047.978790179360658 ], [ 409087.418920798867475, 4020037.61315449513495 ], [ 409088.822292347904295, 4020008.803026282694191 ], [ 409088.853271095082164, 4019971.052593308500946 ], [ 409087.598768351890612, 4019919.093490072991699 ], [ 409087.768155459896661, 4019880.990449199918658 ], [ 409087.663466903963126, 4019871.794053523335606 ] ] } },
{ "type": "Feature", "properties": { "fid": 28, "id": 30, "length": 258.13275632135174, "line_name": "route05(Terminal-minoodar)" }, "geometry": { "type": "LineString", "coordinates": [ [ 409087.663466903963126, 4019871.794053523335606 ], [ 409088.56152763532009, 4019834.628529747016728 ], [ 409089.097271907434333, 4019817.942643948830664 ], [ 409086.095840495836455, 4019802.698449360206723 ], [ 409082.003752898424864, 4019791.855222404003143 ], [ 409070.809707148466259, 4019781.261950465384871 ], [ 409067.260154235525988, 4019767.954902411904186 ], [ 409066.515342245926149, 4019751.106844929046929 ], [ 409073.748874721000902, 4019736.282218174543232 ], [ 409087.285277316579595, 4019726.307894776109606 ], [ 409093.351005173695739, 4019708.510622869245708 ], [ 409094.626570528256707, 4019694.626304742414504 ], [ 409093.974812339234632, 4019659.516765759326518 ], [ 409092.765026156208478, 4019629.7020666571334 ] ] } },
{ "type": "Feature", "properties": { "fid": 29, "id": 31, "length": 461.92870548986019, "line_name": "route05(Terminal-minoodar)" }, "geometry": { "type": "LineString", "coordinates": [ [ 409092.765026156208478, 4019629.7020666571334 ], [ 409093.986766673799139, 4019592.795557167846709 ], [ 409095.396925095585175, 4019537.472533230204135 ], [ 409095.609968207369093, 4019517.10281755309552 ], [ 409091.833735721069388, 4019495.721374609973282 ], [ 409079.500094547052868, 4019457.749260344076902 ], [ 409030.30244541191496, 4019319.028165675699711 ], [ 409010.805699368589558, 4019261.992771445773542 ], [ 409006.901803161075804, 4019242.017355888150632 ], [ 409005.511270382616203, 4019217.801645108498633 ], [ 409003.329412217717618, 4019182.425091654527932 ] ] } },
{ "type": "Feature", "properties": { "fid": 30, "id": 32, "length": 349.02696243768577, "line_name": "route05(Terminal-minoodar)" }, "geometry": { "type": "LineString", "coordinates": [ [ 409003.329412217717618, 4019182.425091654527932 ], [ 409004.710131757310592, 4019114.216820309404284 ], [ 409004.764329112134874, 4019038.013793404679745 ], [ 409007.674133356078528, 4018990.225088585633785 ], [ 409014.543150506448001, 4018967.678671449422836 ], [ 409025.652821036521345, 4018942.980861230287701 ], [ 409044.730621111288201, 4018919.253108859527856 ], [ 409066.406589296937454, 4018899.360995207447559 ], [ 409105.655993484368082, 4018875.174610492307693 ] ] } },
{ "type": "Feature", "properties": { "fid": 31, "id": 33, "length": 457.51931647916297, "line_name": "route05(Terminal-minoodar)" }, "geometry": { "type": "LineString", "coordinates": [ [ 409105.655993484368082, 4018875.174610492307693 ], [ 409141.664299852331169, 4018866.617540720850229 ], [ 409229.483675617258996, 4018866.401627851184458 ], [ 409412.536707472172566, 4018868.353271680418402 ], [ 409432.115914264228195, 4018865.339782868511975 ], [ 409448.525210371008143, 4018858.145433528348804 ], [ 409459.225277659716085, 4018848.552490542177111 ], [ 409463.367220703570638, 4018836.920944123994559 ], [ 409467.261269303853624, 4018821.95593835785985 ], [ 409467.472153676557355, 4018774.020031919702888 ], [ 409466.27424331306247, 4018752.409001021645963 ] ] } },
{ "type": "Feature", "properties": { "fid": 32, "id": 34, "length": 310.98263146031121, "line_name": "route05(Terminal-minoodar)" }, "geometry": { "type": "LineString", "coordinates": [ [ 409466.27424331306247, 4018752.409001021645963 ], [ 409467.895233806862962, 4018705.538902184460312 ], [ 409468.551296143210493, 4018632.139075115788728 ], [ 409468.951228891499341, 4018534.160547030158341 ], [ 409469.020685631316155, 4018459.011041149497032 ], [ 409467.427704418485519, 4018441.623982971068472 ] ] } },
{ "type": "Feature", "properties": { "fid": 33, "id": 35, "length": 594.15968854614505, "line_name": "route05(Terminal-minoodar)" }, "geometry": { "type": "LineString", "coordinates": [ [ 409467.427704418485519, 4018441.623982971068472 ], [ 409466.355254347086884, 4018414.616763917729259 ], [ 409458.688051968172658, 4018408.46354146162048 ], [ 409451.616360050975345, 4018398.090168002527207 ], [ 409449.932496195775457, 4018386.519357895944268 ], [ 409450.106890828523319, 4018375.982665242627263 ], [ 409456.256754830479622, 4018366.086012672632933 ], [ 409463.565381624619476, 4018358.284262818749994 ], [ 409476.303056249453221, 4018353.235242677852511 ], [ 409491.955893291975372, 4018355.179116801358759 ], [ 409503.965361359179951, 4018362.077247123233974 ], [ 409513.679285889375024, 4018366.892330361064523 ], [ 409541.847742771671619, 4018369.759420392569155 ], [ 409684.41624335560482, 4018358.794605614617467 ], [ 409862.772109432902653, 4018345.353755754884332 ], [ 409927.802469928865321, 4018339.762960956897587 ], [ 409958.043281285383273, 4018336.724635220132768 ] ] } },
{ "type": "Feature", "properties": { "fid": 34, "id": 36, "length": 430.37768946358273, "line_name": "route05(Terminal-minoodar)" }, "geometry": { "type": "LineString", "coordinates": [ [ 409958.043281285383273, 4018336.724635220132768 ], [ 410043.11053525027819, 4018331.19372876547277 ], [ 410130.031623622751795, 4018326.080116879660636 ], [ 410322.310694868268911, 4018312.153547714464366 ], [ 410387.142494351544883, 4018305.749510815367103 ] ] } },
{ "type": "Feature", "properties": { "fid": 35, "id": 37, "length": 730.28799920630331, "line_name": "route05(Terminal-minoodar)" }, "geometry": { "type": "LineString", "coordinates": [ [ 410387.142494351544883, 4018305.749510815367103 ], [ 410440.162672480626497, 4018302.158700132276863 ], [ 410448.213479132042266, 4018297.335025878623128 ], [ 410455.954760099062696, 4018290.056421197019517 ], [ 410464.946000897558406, 4018279.955650957301259 ], [ 410469.104052633862011, 4018269.72912070248276 ], [ 410471.859205828339327, 4018261.272856885101646 ], [ 410473.598097318259533, 4018223.153946468606591 ], [ 410476.252280447282828, 4018149.733911035116762 ], [ 410475.492100483039394, 4018131.130204345099628 ], [ 410471.918814584962092, 4018115.364776782691479 ], [ 410463.15020233951509, 4018091.927348979748785 ], [ 410435.712641012854874, 4018049.719672864302993 ], [ 410395.005663123214617, 4017988.686224419157952 ], [ 410331.501162023865618, 4017894.527903692796826 ], [ 410261.331424351083115, 4017788.148217535112053 ], [ 410231.848026967782062, 4017740.694859937299043 ], [ 410213.320989609055687, 4017715.290474029257894 ] ] } },
{ "type": "Feature", "properties": { "fid": 36, "id": 38, "length": 489.04897928596637, "line_name": "route05(Terminal-minoodar)" }, "geometry": { "type": "LineString", "coordinates": [ [ 410213.320989609055687, 4017715.290474029257894 ], [ 410191.389784728060476, 4017676.49928874662146 ], [ 410167.141422476386651, 4017640.580349320080131 ], [ 410116.410276828682981, 4017572.628548980690539 ], [ 410065.492247430724092, 4017514.160317385569215 ], [ 410029.36424890649505, 4017456.592703753151 ], [ 409989.449880605796352, 4017390.285418560262769 ], [ 409959.559416934789624, 4017331.248823218978941 ], [ 409945.000498744950164, 4017308.344906443264335 ] ] } },
{ "type": "Feature", "properties": { "fid": 37, "id": 39, "length": 766.03924789061477, "line_name": "route05(Terminal-minoodar)" }, "geometry": { "type": "LineString", "coordinates": [ [ 409945.000498744950164, 4017308.344906443264335 ], [ 409934.135034499748144, 4017284.895632409024984 ], [ 409930.878370321006514, 4017272.375369313172996 ], [ 409930.226199704862665, 4017264.305418705102056 ], [ 409932.312458842119668, 4017259.894278940279037 ], [ 409935.339765044394881, 4017257.141402717679739 ], [ 409939.094032480672467, 4017255.96121937641874 ], [ 409944.210236368584447, 4017255.908197810873389 ], [ 409948.576635526551399, 4017258.935610451735556 ], [ 409953.111526698980015, 4017264.507198575418442 ], [ 409956.922073754074518, 4017275.617084616329521 ], [ 409961.347462418896612, 4017291.197908073663712 ], [ 409963.877125423401594, 4017302.145488100126386 ], [ 409971.855261354765389, 4017324.537152308505028 ], [ 410006.601958156970795, 4017392.741476789582521 ], [ 410044.78174228646094, 4017456.25750328740105 ], [ 410051.111063011339866, 4017463.56636947253719 ], [ 410065.737451642751694, 4017476.056781099643558 ], [ 410088.970503915857989, 4017496.183703759219497 ], [ 410118.262972993485164, 4017525.027035772800446 ], [ 410145.159317809040658, 4017555.826626853551716 ], [ 410171.372142250766046, 4017589.267072313465178 ], [ 410203.800760311773047, 4017632.827027311548591 ], [ 410225.117906433471944, 4017660.172901444602758 ], [ 410235.181691185629461, 4017671.306083383969963 ], [ 410244.178139712428674, 4017675.427078771404922 ], [ 410255.144169159757439, 4017677.596353234257549 ], [ 410264.95518332766369, 4017678.021764261648059 ], [ 410276.154661208041944, 4017675.272398266475648 ], [ 410286.585589913651347, 4017666.912404577247798 ], [ 410295.051293518394232, 4017647.159977816510946 ], [ 410318.083490324846935, 4017592.843420395627618 ], [ 410333.568755170563236, 4017550.895447426941246 ], [ 410334.661831589881331, 4017545.305687484331429 ] ] } },
{ "type": "Feature", "properties": { "fid": 38, "id": 40, "length": 290.59087889732206, "line_name": "route05(Terminal-minoodar)" }, "geometry": { "type": "LineString", "coordinates": [ [ 410334.661831589881331, 4017545.305687484331429 ], [ 410348.951021381421015, 4017513.658730116672814 ], [ 410373.383982338360511, 4017448.802040583919734 ], [ 410402.582358524145093, 4017372.698165819980204 ], [ 410427.254478155635297, 4017308.413462543860078 ], [ 410438.52178723027464, 4017274.112341066356748 ] ] } },
{ "type": "Feature", "properties": { "fid": 39, "id": 41, "length": 434.12560902774396, "line_name": "route05(Terminal-minoodar)" }, "geometry": { "type": "LineString", "coordinates": [ [ 410438.52178723027464, 4017274.112341066356748 ], [ 410453.74186454503797, 4017239.803167713340372 ], [ 410471.61108364444226, 4017191.955222475808114 ], [ 410499.678775132691953, 4017118.734717395156622 ], [ 410528.69730348570738, 4017047.514455633703619 ], [ 410561.1227747380035, 4016968.506704699713737 ], [ 410589.695238828309812, 4016899.01407049736008 ], [ 410599.280396473710425, 4016871.088893685024232 ] ] } },
{ "type": "Feature", "properties": { "fid": 40, "id": 42, "length": 415.8181284956442, "line_name": "route05(Terminal-minoodar)" }, "geometry": { "type": "LineString", "coordinates": [ [ 410599.280396473710425, 4016871.088893685024232 ], [ 410623.263293123512994, 4016817.984929475933313 ], [ 410635.692099086532835, 4016783.401386186014861 ], [ 410641.036986046296079, 4016760.66307097254321 ], [ 410640.865783556189854, 4016744.01122505357489 ], [ 410630.849434435658623, 4016696.737574330531061 ], [ 410609.272978598950431, 4016632.929213635623455 ], [ 410596.0091760820942, 4016608.946621267590672 ], [ 410588.047672771499492, 4016603.285894230473787 ], [ 410573.763425522600301, 4016593.096125300507993 ], [ 410551.647593712201342, 4016589.878117918036878 ], [ 410534.945491386461072, 4016593.208458435256034 ], [ 410523.857065703661647, 4016599.926615324337035 ], [ 410496.178487816825509, 4016626.484095954801887 ], [ 410483.672477164538577, 4016641.52278970554471 ] ] } },
{ "type": "Feature", "properties": { "fid": 41, "id": 43, "length": 208.32546175944898, "line_name": "route05(Terminal-minoodar)" }, "geometry": { "type": "LineString", "coordinates": [ [ 410483.672477164538577, 4016641.52278970554471 ], [ 410456.853955371421762, 4016667.661770622711629 ], [ 410445.757867015199736, 4016679.261343395337462 ], [ 410440.096050522814039, 4016682.478126089088619 ], [ 410435.845460861222818, 4016681.660531970206648 ], [ 410430.111162254877854, 4016677.843351081479341 ], [ 410427.925006681587547, 4016674.348521757870913 ], [ 410427.759976182307582, 4016669.612555864267051 ], [ 410444.185203188564628, 4016650.707983973901719 ], [ 410470.167381520441268, 4016623.091061350423843 ], [ 410476.827844809624366, 4016615.269914329983294 ], [ 410499.170511981705204, 4016595.371332104783505 ], [ 410516.966844461741857, 4016577.788150868844241 ] ] } },
{ "type": "Feature", "properties": { "fid": 42, "id": 44, "length": 769.20854022346043, "line_name": "route05(Terminal-minoodar)" }, "geometry": { "type": "LineString", "coordinates": [ [ 410516.966844461741857, 4016577.788150868844241 ], [ 410533.382720838126261, 4016565.588169260881841 ], [ 410559.228288257261738, 4016547.232917090877891 ], [ 410648.103311826416757, 4016498.367965560406446 ], [ 410705.665128984197509, 4016467.34056170610711 ], [ 410792.857472664269153, 4016424.237046424299479 ], [ 410851.85019421792822, 4016396.641527890693396 ], [ 410961.28970277501503, 4016346.707611706107855 ], [ 411063.127720256452449, 4016303.456884519197047 ], [ 411098.298906331125181, 4016287.592065068427473 ], [ 411123.504938222467899, 4016274.700576228089631 ], [ 411193.542119026766159, 4016235.796445028856397 ], [ 411201.124126726819668, 4016229.795989969279617 ] ] } },
{ "type": "Feature", "properties": { "fid": 43, "id": 45, "length": 979.90800900174054, "line_name": "route05(Terminal-minoodar)" }, "geometry": { "type": "LineString", "coordinates": [ [ 411201.124126726819668, 4016229.795989969279617 ], [ 411281.366089364571963, 4016185.800402329768986 ], [ 411332.011776518076658, 4016160.016215454321355 ], [ 411421.881082516512834, 4016128.089978283271194 ], [ 411670.719127924763598, 4016046.884460485074669 ], [ 411860.254647404537536, 4015985.812051792629063 ], [ 411889.6291149922763, 4015971.157809663563967 ], [ 411917.100516116130166, 4015952.216007870156318 ], [ 411928.841601695574354, 4015940.899005064740777 ], [ 411965.07608104677638, 4015892.007124916184694 ], [ 412004.010224631521851, 4015834.187074037268758 ], [ 412039.678330437047407, 4015783.540938471909612 ] ] } },
{ "type": "Feature", "properties": { "fid": 44, "id": 46, "length": 633.1272746877338, "line_name": "route05(Terminal-minoodar)" }, "geometry": { "type": "LineString", "coordinates": [ [ 412039.678330437047407, 4015783.540938471909612 ], [ 412054.008650492294692, 4015766.995368493255228 ], [ 412088.288707959931344, 4015722.969132560305297 ], [ 412114.128669795405585, 4015680.499892569612712 ], [ 412148.392576553800609, 4015620.430737468414009 ], [ 412188.912871553504374, 4015558.28864560322836 ], [ 412213.635051426012069, 4015520.137965185567737 ], [ 412245.747371169913094, 4015454.061259714420885 ], [ 412248.607026418554597, 4015437.953174456954002 ], [ 412261.087872362986673, 4015407.678682360332459 ], [ 412280.609877435665112, 4015360.966826952062547 ], [ 412290.737416286021471, 4015327.844838438089937 ], [ 412310.241196677612606, 4015233.182726435828954 ], [ 412311.117682951386087, 4015220.96605431754142 ] ] } },
{ "type": "Feature", "properties": { "fid": 45, "id": 47, "length": 980.81705812323275, "line_name": "route05(Terminal-minoodar)" }, "geometry": { "type": "LineString", "coordinates": [ [ 412311.117682951386087, 4015220.96605431754142 ], [ 412315.98119846341433, 4015202.976315295789391 ], [ 412321.120266773854382, 4015159.2809147243388 ], [ 412326.448441007640213, 4015111.276683097705245 ], [ 412327.370972103555687, 4015075.950541327707469 ], [ 412320.148429503315128, 4015005.246117825154215 ], [ 412310.154986790614203, 4014936.435980605427176 ], [ 412301.724145251268055, 4014884.26356577500701 ], [ 412301.955598262080457, 4014872.632518775295466 ], [ 412300.808152981102467, 4014862.594584692735225 ], [ 412295.371579096070491, 4014853.748419006820768 ], [ 412287.369127945741639, 4014844.066748276818544 ], [ 412283.5106009778101, 4014830.323486117180437 ], [ 412283.807595912832767, 4014813.6670255321078 ], [ 412288.277510430780239, 4014795.819964565802366 ], [ 412290.71020286512794, 4014783.448896936606616 ], [ 412285.771199061535299, 4014754.785839636810124 ], [ 412273.126573683402967, 4014699.784669349435717 ], [ 412257.80291673343163, 4014632.751140529289842 ], [ 412247.949850694509223, 4014600.979265855625272 ], [ 412220.089360549114645, 4014535.795068680308759 ], [ 412196.796313640079461, 4014485.495536237023771 ], [ 412158.319197867182083, 4014428.1711769211106 ], [ 412110.731208719545975, 4014366.632102156989276 ], [ 412089.084457391290925, 4014341.296400496270508 ], [ 412060.318231833865866, 4014313.288462060038 ] ] } },
{ "type": "Feature", "properties": { "fid": 46, "id": 48, "length": 238.64217145668604, "line_name": "route05(Terminal-minoodar)" }, "geometry": { "type": "LineString", "coordinates": [ [ 412060.318231833865866, 4014313.288462060038 ], [ 412046.728445011423901, 4014297.147849356755614 ], [ 412018.744677194510587, 4014265.990254180505872 ], [ 411959.321186188957654, 4014206.868714598938823 ], [ 411910.431612445740029, 4014154.819103331305087 ], [ 411895.310370783263352, 4014141.191022443119437 ] ] } },
{ "type": "Feature", "properties": { "fid": 47, "id": 49, "length": 642.12791656807087, "line_name": "route05(Terminal-minoodar)" }, "geometry": { "type": "LineString", "coordinates": [ [ 411895.310370783263352, 4014141.191022443119437 ], [ 411833.366112447285559, 4014075.778041710145772 ], [ 411807.980501630925573, 4014048.75812803208828 ], [ 411793.591777882305905, 4014028.517866071779281 ], [ 411775.398654478543904, 4013999.989472439978272 ], [ 411760.698656144435517, 4013971.999940203968436 ], [ 411739.778924512909725, 4013926.845801282208413 ], [ 411735.613857885764446, 4013905.927654150407761 ], [ 411723.072498157504015, 4013861.549937710165977 ], [ 411697.998162064759526, 4013773.655858376063406 ], [ 411676.536213326093275, 4013698.071713010314852 ], [ 411651.511284303909633, 4013638.028752642683685 ], [ 411630.189387563441414, 4013599.195777875836939 ], [ 411612.512052237754688, 4013577.542511933483183 ] ] } },
{ "type": "Feature", "properties": { "fid": 48, "id": 50, "length": 386.68360903095288, "line_name": "route05(Terminal-minoodar)" }, "geometry": { "type": "LineString", "coordinates": [ [ 411612.512052237754688, 4013577.542511933483183 ], [ 411585.238652459695004, 4013534.833124991971999 ], [ 411543.201641275489237, 4013471.230672737583518 ], [ 411518.164568920037709, 4013433.009984829463065 ], [ 411502.035665197647177, 4013401.876976040191948 ], [ 411495.288845412840601, 4013378.688165671657771 ], [ 411484.263981297553983, 4013300.701276829466224 ], [ 411476.049410163832363, 4013225.160770066548139 ] ] } },
{ "type": "Feature", "properties": { "fid": 49, "id": 51, "length": 184.08000373449642, "line_name": "route05(Terminal-minoodar)" }, "geometry": { "type": "LineString", "coordinates": [ [ 411476.049410163832363, 4013225.160770066548139 ], [ 411473.434109027613886, 4013173.326274822931737 ], [ 411473.773547046585009, 4013160.976285403128713 ], [ 411475.52853157336358, 4013150.621796674095094 ], [ 411478.937424146686681, 4013142.834642169997096 ], [ 411481.184749339474365, 4013140.873661973513663 ], [ 411484.190675870515406, 4013139.192094464320689 ], [ 411490.058076947578229, 4013138.773501328192651 ], [ 411493.506681877071969, 4013140.604761195369065 ], [ 411497.647996205836535, 4013147.669076115358621 ], [ 411502.209764988161623, 4013196.075653051026165 ], [ 411505.678095123614185, 4013223.600634942296892 ] ] } },
{ "type": "Feature", "properties": { "fid": 50, "id": 21, "length": 445.8116877932838, "line_name": "route05(Terminal-minoodar)" }, "geometry": { "type": "LineString", "coordinates": [ [ 409709.282324213301763, 4019947.479729544837028 ], [ 409716.767209461308084, 4019963.40729856165126 ], [ 409718.256197368144058, 4019997.280619168654084 ], [ 409742.249465459724888, 4020049.97143818391487 ], [ 409774.485889859090094, 4020116.536026714369655 ], [ 409833.186802419892047, 4020241.297182120382786 ], [ 409843.567647436633706, 4020269.459306194912642 ], [ 409850.189014817820862, 4020305.035246886312962 ], [ 409855.209376533282921, 4020350.636429044883698 ], [ 409857.200315406080335, 4020362.833384464494884 ] ] } },
{ "type": "Feature", "properties": { "fid": 51, "id": 18, "length": 284.28458271663339, "line_name": "route05(Terminal-minoodar)" }, "geometry": { "type": "LineString", "coordinates": [ [ 409480.218609357485548, 4019407.822408214211464 ], [ 409478.84992592013441, 4019417.472385554108769 ], [ 409478.925449116155505, 4019447.806290111038834 ], [ 409484.435903969104402, 4019485.676215772051364 ], [ 409497.112853081780486, 4019529.441499462351203 ], [ 409530.542683904524893, 4019601.084903923328966 ], [ 409554.057901734195184, 4019648.600322636310011 ], [ 409563.533571753301658, 4019664.743670528754592 ], [ 409568.701411466405261, 4019672.705793268978596 ] ] } },
{ "type": "Feature", "properties": { "fid": 1, "id": 1, "length": 628.18781859351907, "line_name": "route06(minoodar-bazar)" }, "geometry": { "type": "LineString", "coordinates": [ [ 409709.282324213301763, 4019947.479729544837028 ], [ 409716.738138969638385, 4019963.232294653076679 ], [ 409718.062183213944081, 4019998.968495830893517 ], [ 409752.173695999430493, 4020073.644649249967188 ], [ 409787.552808490814641, 4020144.335537201724946 ], [ 409823.457942262059078, 4020219.876030209008604 ], [ 409843.514957602717914, 4020271.159441734664142 ], [ 409853.324077953759115, 4020344.470070682000369 ], [ 409857.446501680533402, 4020386.062006561551243 ], [ 409864.953525671560783, 4020398.194954566657543 ], [ 409875.012123545224313, 4020403.828171831090003 ], [ 409881.511845214059576, 4020410.675298755988479 ], [ 409884.916623791970778, 4020417.554557706229389 ], [ 409886.198604406497907, 4020426.3684037104249 ], [ 409886.046046949690208, 4020434.608664426021278 ], [ 409880.417855502630118, 4020442.90576822636649 ], [ 409870.977486882940866, 4020450.948216725606471 ], [ 409859.704253596020862, 4020454.449011244345456 ], [ 409849.447350994276349, 4020452.642972758039832 ], [ 409840.580673637101427, 4020447.144525758456439 ], [ 409833.226304750074632, 4020438.246636292431504 ], [ 409821.060222067346331, 4020436.019103338010609 ], [ 409801.136183507391252, 4020433.045271310023963 ] ] } },
{ "type": "Feature", "properties": { "fid": 2, "id": 2, "length": 316.26933764992583, "line_name": "route06(minoodar-bazar)" }, "geometry": { "type": "LineString", "coordinates": [ [ 409801.136183507391252, 4020433.045271310023963 ], [ 409769.708458386943676, 4020431.992009801324457 ], [ 409718.268199927988462, 4020430.908525203820318 ], [ 409697.66430467000464, 4020430.092995422426611 ], [ 409674.760458991862833, 4020425.62346169911325 ], [ 409653.474099481245503, 4020416.429334536660463 ], [ 409632.834532514389139, 4020400.755273765418679 ], [ 409625.176399610529188, 4020397.009893216658384 ], [ 409601.393662423011847, 4020399.611429037991911 ], [ 409592.867483505338896, 4020403.966681410558522 ], [ 409580.256256986700464, 4020416.161817967891693 ], [ 409554.229781702684704, 4020443.355795535258949 ], [ 409538.441500579239801, 4020459.114965118002146 ], [ 409524.034506987198256, 4020473.981596194207668 ] ] } },
{ "type": "Feature", "properties": { "fid": 3, "id": 3, "length": 341.46171680941427, "line_name": "route06(minoodar-bazar)" }, "geometry": { "type": "LineString", "coordinates": [ [ 409524.034506987198256, 4020473.981596194207668 ], [ 409501.203574151149951, 4020495.694476812146604 ], [ 409492.957019349676557, 4020504.019142115022987 ], [ 409490.002622345928103, 4020506.109618119895458 ], [ 409487.147321654774714, 4020506.286509051918983 ], [ 409481.25632849620888, 4020500.757396669127047 ], [ 409459.587637864053249, 4020477.73850063001737 ], [ 409444.805135009577498, 4020464.357703782618046 ], [ 409430.077838569646701, 4020456.272655859123915 ], [ 409411.703393456118647, 4020452.345036194194108 ], [ 409374.90912838303484, 4020451.552121475338936 ], [ 409316.795190940145403, 4020449.805092555005103 ], [ 409251.337916708318517, 4020451.6660843254067 ], [ 409215.340776650991756, 4020452.474217522423714 ] ] } },
{ "type": "Feature", "properties": { "fid": 4, "id": 4, "length": 140.73540724086376, "line_name": "route06(minoodar-bazar)" }, "geometry": { "type": "LineString", "coordinates": [ [ 409215.340776650991756, 4020452.474217522423714 ], [ 409174.672842599800788, 4020451.879391932860017 ], [ 409155.14792525593657, 4020451.789458230137825 ], [ 409138.863142766349483, 4020454.166687288321555 ], [ 409113.999662918911781, 4020467.226372675038874 ], [ 409106.724205722624902, 4020477.306683093775064 ], [ 409102.325633378524799, 4020489.269430777058005 ], [ 409102.586760816047899, 4020500.042860428802669 ] ] } },
{ "type": "Feature", "properties": { "fid": 5, "id": 5, "length": 467.95868328108884, "line_name": "route06(minoodar-bazar)" }, "geometry": { "type": "LineString", "coordinates": [ [ 409102.586760816047899, 4020500.042860428802669 ], [ 409101.533813725807704, 4020538.709923332557082 ], [ 409101.10878014046466, 4020577.701083117164671 ], [ 409100.866368563962169, 4020611.394024899695069 ], [ 409101.097853591432795, 4020622.131336769089103 ], [ 409101.785445571353193, 4020630.951316813472658 ], [ 409101.231871587224305, 4020634.929344897624105 ], [ 409099.22525394638069, 4020636.568674458190799 ], [ 409095.541390399448574, 4020637.195731504354626 ], [ 409068.035502741870005, 4020636.601111335679889 ], [ 409026.115810308780055, 4020635.127791476901621 ], [ 409003.19205544621218, 4020628.747685544658452 ], [ 408985.205968551512342, 4020616.431076562497765 ], [ 408960.319206341227982, 4020593.152894277591258 ], [ 408930.870435092016123, 4020566.244646287057549 ], [ 408907.161378960125148, 4020541.777296132408082 ], [ 408870.675442440726329, 4020502.290793786756694 ], [ 408838.663007908209693, 4020469.377847408410162 ], [ 408836.497859935159795, 4020466.311310828197747 ] ] } },
{ "type": "Feature", "properties": { "fid": 6, "id": 6, "length": 194.75381248867274, "line_name": "route06(minoodar-bazar)" }, "geometry": { "type": "LineString", "coordinates": [ [ 408836.497859935159795, 4020466.311310828197747 ], [ 408833.507832033385057, 4020460.273780139628798 ], [ 408830.806433820805978, 4020446.767131930217147 ], [ 408830.911758938571438, 4020417.121393192559481 ], [ 408831.134905740036629, 4020342.014415947254747 ], [ 408831.036370658432133, 4020287.286908249370754 ], [ 408830.172502226545475, 4020272.608791014645249 ] ] } },
{ "type": "Feature", "properties": { "fid": 7, "id": 7, "length": 422.18291981865622, "line_name": "route06(minoodar-bazar)" }, "geometry": { "type": "LineString", "coordinates": [ [ 408830.172502226545475, 4020272.608791014645249 ], [ 408830.360420340963174, 4020234.257345702964813 ], [ 408830.310985986026935, 4020229.550033821258694 ], [ 408831.352983366698027, 4020226.743816595524549 ], [ 408833.1215725329821, 4020225.106927098706365 ], [ 408839.306956120766699, 4020224.600615805014968 ], [ 408881.581170668243431, 4020225.628013088833541 ], [ 408948.023321600339841, 4020226.696347294840962 ], [ 409020.890448369027581, 4020227.403616174589843 ], [ 409064.109206536144484, 4020227.6864043911919 ], [ 409079.33229499933077, 4020226.20288455625996 ], [ 409087.402280459413305, 4020223.764458644203842 ], [ 409122.666406664007809, 4020203.386984040029347 ], [ 409129.976478670199867, 4020185.214760619681329 ], [ 409124.694570598658174, 4020169.675374460406601 ], [ 409110.638044986058958, 4020146.136273129843175 ], [ 409103.825098302739207, 4020133.121570915449411 ] ] } },
{ "type": "Feature", "properties": { "fid": 8, "id": 8, "length": 263.65530528383556, "line_name": "route06(minoodar-bazar)" }, "geometry": { "type": "LineString", "coordinates": [ [ 409103.825098302739207, 4020133.121570915449411 ], [ 409097.574254198931158, 4020115.083701204974204 ], [ 409091.126925526710693, 4020090.582243675831705 ], [ 409087.584296899789479, 4020070.611080097965896 ], [ 409086.787301613017917, 4020051.346764646470547 ], [ 409087.705068712995853, 4020025.296994832344353 ], [ 409088.575094317318872, 4019994.687020632438362 ], [ 409087.931905104720499, 4019956.001318921335042 ], [ 409087.891633409017231, 4019918.044903902802616 ], [ 409087.663466903963126, 4019871.794053523335606 ] ] } },
{ "type": "Feature", "properties": { "fid": 9, "id": 9, "length": 257.05847436929639, "line_name": "route06(minoodar-bazar)" }, "geometry": { "type": "LineString", "coordinates": [ [ 409087.663466903963126, 4019871.794053523335606 ], [ 409090.313020341680385, 4019830.924802292603999 ], [ 409090.397087826451752, 4019816.21197257982567 ], [ 409086.67173131799791, 4019801.539029348641634 ], [ 409080.825122758164071, 4019788.94797240709886 ], [ 409073.8496676798095, 4019782.253520072903484 ], [ 409069.242775586084463, 4019774.357311982661486 ], [ 409066.305586892121937, 4019766.737858493346721 ], [ 409066.219314019253943, 4019758.500070387031883 ], [ 409068.721226013731211, 4019747.292787467129529 ], [ 409072.923671376018319, 4019739.304326222743839 ], [ 409080.001700907712802, 4019733.051190000958741 ], [ 409084.930759457172826, 4019726.232082644477487 ], [ 409093.799571857322007, 4019709.073367450851947 ], [ 409094.23663288296666, 4019682.587288146838546 ], [ 409092.765026156208478, 4019629.7020666571334 ] ] } },
{ "type": "Feature", "properties": { "fid": 10, "id": 10, "length": 461.8139436143756, "line_name": "route06(minoodar-bazar)" }, "geometry": { "type": "LineString", "coordinates": [ [ 409092.765026156208478, 4019629.7020666571334 ], [ 409094.30963810486719, 4019598.581317089498043 ], [ 409095.237707198888529, 4019550.757784488145262 ], [ 409095.405904046841897, 4019521.332138272468001 ], [ 409092.226412213814911, 4019501.945659937337041 ], [ 409082.816776954336092, 4019467.47110976325348 ], [ 409069.339361180900596, 4019431.126611093059182 ], [ 409052.776200684369542, 4019384.368970315437764 ], [ 409032.770039195660502, 4019327.201946387533098 ], [ 409010.668848200351931, 4019263.289423410780728 ], [ 409006.997473152237944, 4019242.436935191508383 ], [ 409004.8552689368953, 4019219.802993033546954 ], [ 409003.329412217717618, 4019182.425091654527932 ] ] } },
{ "type": "Feature", "properties": { "fid": 11, "id": 11, "length": 348.70546462453859, "line_name": "route06(minoodar-bazar)" }, "geometry": { "type": "LineString", "coordinates": [ [ 409003.329412217717618, 4019182.425091654527932 ], [ 409005.182613773620687, 4019091.952816633507609 ], [ 409007.146010703174397, 4019006.603016020730138 ], [ 409007.9196770209237, 4018989.529065883718431 ], [ 409016.23895771097159, 4018965.314338097814471 ], [ 409027.421803069242742, 4018941.658103107009083 ], [ 409038.462117277551442, 4018927.124775537289679 ], [ 409042.921562558913138, 4018920.899061087984592 ], [ 409059.548358932894189, 4018905.424543578643352 ], [ 409081.641059410292655, 4018888.863005987368524 ], [ 409105.655993484368082, 4018875.174610492307693 ] ] } },
{ "type": "Feature", "properties": { "fid": 12, "id": 12, "length": 459.45460357511348, "line_name": "route06(minoodar-bazar)" }, "geometry": { "type": "LineString", "coordinates": [ [ 409105.655993484368082, 4018875.174610492307693 ], [ 409141.659254052559845, 4018866.755529622547328 ], [ 409167.006160126475152, 4018865.313457403797656 ], [ 409212.736484480032232, 4018866.012277899309993 ], [ 409360.285352476174012, 4018868.002082100138068 ], [ 409418.40370678063482, 4018869.161189296282828 ], [ 409428.865403511212207, 4018867.580897384788841 ], [ 409440.725115211680532, 4018863.04365949658677 ], [ 409451.388130774779711, 4018857.930437734816223 ], [ 409459.410426266666036, 4018850.785089824814349 ], [ 409463.793538904748857, 4018837.20444380491972 ], [ 409469.226182778773364, 4018810.077906247694045 ], [ 409466.27424331306247, 4018752.409001021645963 ] ] } },
{ "type": "Feature", "properties": { "fid": 13, "id": 13, "length": 310.94184770415274, "line_name": "route06(minoodar-bazar)" }, "geometry": { "type": "LineString", "coordinates": [ [ 409466.27424331306247, 4018752.409001021645963 ], [ 409467.759669548599049, 4018529.426838958170265 ], [ 409469.069809786276892, 4018472.331011037807912 ], [ 409467.427704418485519, 4018441.623982971068472 ] ] } },
{ "type": "Feature", "properties": { "fid": 14, "id": 14, "length": 594.03093077355106, "line_name": "route06(minoodar-bazar)" }, "geometry": { "type": "LineString", "coordinates": [ [ 409467.427704418485519, 4018441.623982971068472 ], [ 409467.327259937068447, 4018419.386335086077452 ], [ 409466.551554711943027, 4018413.509660127107054 ], [ 409459.108289819676429, 4018407.702478219289333 ], [ 409453.075378404697403, 4018400.115173496771604 ], [ 409450.128914051689208, 4018391.612985406536609 ], [ 409449.316393875749782, 4018382.205839894711971 ], [ 409451.135547932179179, 4018373.948214150499552 ], [ 409456.285434773599263, 4018365.361633798107505 ], [ 409464.787528444896452, 4018358.505546894390136 ], [ 409473.326426941901445, 4018355.179940456990153 ], [ 409483.318628401204478, 4018354.193102546501905 ], [ 409491.192197399504948, 4018355.582253420259804 ], [ 409501.737281795300078, 4018361.945623952895403 ], [ 409509.647617197653744, 4018366.865263086743653 ], [ 409528.728513342153747, 4018369.608897701371461 ], [ 409572.162390997982584, 4018366.802748952526599 ], [ 409651.527640710934065, 4018361.122013830579817 ], [ 409736.963718141254503, 4018355.231805076356977 ], [ 409916.866728152963333, 4018341.594837933778763 ], [ 409958.043281285383273, 4018336.724635220132768 ] ] } },
{ "type": "Feature", "properties": { "fid": 15, "id": 15, "length": 430.41331547779686, "line_name": "route06(minoodar-bazar)" }, "geometry": { "type": "LineString", "coordinates": [ [ 409958.043281285383273, 4018336.724635220132768 ], [ 410013.009752766578458, 4018334.71361755952239 ], [ 410089.171382220229134, 4018330.09991371864453 ], [ 410190.779415536962915, 4018321.987157279159874 ], [ 410320.474703736254014, 4018312.408642979338765 ], [ 410387.142494351544883, 4018305.749510815367103 ] ] } },
{ "type": "Feature", "properties": { "fid": 16, "id": 16, "length": 731.31066360134855, "line_name": "route06(minoodar-bazar)" }, "geometry": { "type": "LineString", "coordinates": [ [ 410387.142494351544883, 4018305.749510815367103 ], [ 410441.715867251390591, 4018302.845666951034218 ], [ 410454.001552978297696, 4018293.303434921894222 ], [ 410462.245120954466984, 4018284.391356378793716 ], [ 410466.354782343260013, 4018278.758497577160597 ], [ 410469.009894342743792, 4018270.639618050772697 ], [ 410471.322976083785761, 4018263.995448999572545 ], [ 410472.120106715708971, 4018248.907593094743788 ], [ 410475.167208231869154, 4018192.162033442407846 ], [ 410476.584151104325429, 4018144.775298993568867 ], [ 410473.487029257288668, 4018121.562505144160241 ], [ 410463.426365872845054, 4018092.830978433135897 ], [ 410436.788670553127304, 4018050.146975135896355 ], [ 410392.047643630066887, 4017984.110802598297596 ], [ 410343.920376824040432, 4017913.10776380635798 ], [ 410291.897008459782228, 4017833.906570450868458 ], [ 410252.426412759115919, 4017771.053264310583472 ], [ 410227.023062611347996, 4017732.770669283811003 ], [ 410213.320989609055687, 4017715.290474029257894 ] ] } },
{ "type": "Feature", "properties": { "fid": 17, "id": 17, "length": 489.07083112743476, "line_name": "route06(minoodar-bazar)" }, "geometry": { "type": "LineString", "coordinates": [ [ 410213.320989609055687, 4017715.290474029257894 ], [ 410199.180257280240767, 4017688.922855137381703 ], [ 410138.959866499644704, 4017600.391664917580783 ], [ 410096.974035334656946, 4017547.863328739069402 ], [ 410079.62626799067948, 4017528.623196974862367 ], [ 410065.18343984085368, 4017513.913704089354724 ], [ 410027.158532805449795, 4017452.958938505966216 ], [ 409985.556433178135194, 4017380.124786435160786 ], [ 409945.000498744950164, 4017308.344906443264335 ] ] } },
{ "type": "Feature", "properties": { "fid": 28, "id": 18, "length": 471.78239035192911, "line_name": "route06(minoodar-bazar)" }, "geometry": { "type": "LineString", "coordinates": [ [ 409945.000498744950164, 4017308.344906443264335 ], [ 409925.611678886984009, 4017275.233190991450101 ], [ 409901.351891191094182, 4017245.122807517647743 ], [ 409886.018788535089698, 4017225.040542603004724 ], [ 409880.169968030240852, 4017207.973981524351984 ], [ 409879.434886853559874, 4017197.860978424549103 ], [ 409882.46449193963781, 4017186.15191538631916 ], [ 409895.471415872394573, 4017164.218773250002414 ], [ 409906.692891674116254, 4017152.424787363503128 ], [ 409900.590503976680338, 4017050.114050672389567 ], [ 409894.800596728280652, 4016993.148262250702828 ], [ 409892.593677136814222, 4016932.25278452038765 ], [ 409891.028689934464637, 4016902.880283118691295 ], [ 409887.465554990572855, 4016865.8713662577793 ] ] } },
{ "type": "Feature", "properties": { "fid": 29, "id": 19, "length": 306.95806995200485, "line_name": "route06(minoodar-bazar)" }, "geometry": { "type": "LineString", "coordinates": [ [ 409887.465554990572855, 4016865.8713662577793 ], [ 409880.743662068678532, 4016746.701193487737328 ], [ 409875.533229593769647, 4016684.863744666334242 ], [ 409870.609578921576031, 4016620.298547302372754 ], [ 409869.155492471414618, 4016601.629408990032971 ], [ 409862.573807538021356, 4016560.177180520258844 ] ] } },
{ "type": "Feature", "properties": { "fid": 30, "id": 20, "length": 352.49026379916933, "line_name": "route06(minoodar-bazar)" }, "geometry": { "type": "LineString", "coordinates": [ [ 409862.573807538021356, 4016560.177180520258844 ], [ 409854.688409121823497, 4016498.04311591386795 ], [ 409845.322923299041577, 4016430.604601430241019 ], [ 409836.145141027984209, 4016366.083560851402581 ], [ 409825.765467503806576, 4016292.038267849013209 ], [ 409817.579181661247276, 4016231.983392084017396 ], [ 409812.951695156050846, 4016211.380291469395161 ] ] } },
{ "type": "Feature", "properties": { "fid": 31, "id": 21, "length": 479.2099849569683, "line_name": "route06(minoodar-bazar)" }, "geometry": { "type": "LineString", "coordinates": [ [ 409812.951695156050846, 4016211.380291469395161 ], [ 409805.464129123021848, 4016157.761505060363561 ], [ 409799.798428354319185, 4016112.861417119391263 ], [ 409797.546279623056762, 4016093.227443268056959 ], [ 409794.877998077368829, 4016079.047348230611533 ], [ 409782.819041378505062, 4016055.817226347047836 ], [ 409778.77312001097016, 4016045.543975594919175 ], [ 409762.702464303409215, 4016030.529854730237275 ], [ 409757.272847158194054, 4016023.579637547023594 ], [ 409756.107332566636615, 4016017.558294471353292 ], [ 409757.135480444645509, 4016010.34641721798107 ], [ 409759.900788378086872, 4016003.505762460641563 ], [ 409767.417028207681142, 4015998.951322269625962 ], [ 409782.635360789310653, 4015992.565313259139657 ], [ 409799.245474671770353, 4015983.634738584514707 ], [ 409807.612201097887009, 4015969.924036301672459 ], [ 409809.803947658627294, 4015953.357994885183871 ], [ 409814.133058444247581, 4015899.790636361110955 ], [ 409818.805722381512169, 4015833.763590760994703 ], [ 409822.755902103497647, 4015774.0961082004942 ] ] } },
{ "type": "Feature", "properties": { "fid": 32, "id": 22, "length": 329.39257137965149, "line_name": "route06(minoodar-bazar)" }, "geometry": { "type": "LineString", "coordinates": [ [ 409822.755902103497647, 4015774.0961082004942 ], [ 409829.217789994785562, 4015713.376090894918889 ], [ 409828.349385746871121, 4015690.419110212940723 ], [ 409813.862220270268153, 4015630.624252921435982 ], [ 409792.381484743847977, 4015565.063164223916829 ], [ 409771.51454947469756, 4015497.938740309327841 ], [ 409755.911554147372954, 4015456.318072217982262 ] ] } },
{ "type": "Feature", "properties": { "fid": 33, "id": 23, "length": 619.87368897578608, "line_name": "route06(minoodar-bazar)" }, "geometry": { "type": "LineString", "coordinates": [ [ 409755.911554147372954, 4015456.318072217982262 ], [ 409742.528600374644157, 4015407.73802579799667 ], [ 409721.957900760578923, 4015338.858996929135174 ], [ 409701.110153165995143, 4015273.680803660769016 ], [ 409675.738958369009197, 4015197.845158962067217 ], [ 409652.508789131767116, 4015130.940179561730474 ], [ 409631.712659776443616, 4015070.821907763835043 ], [ 409630.581170154036954, 4015052.927986712194979 ], [ 409631.437307503540069, 4015013.993702377192676 ], [ 409634.479286129178945, 4014973.090438175015152 ], [ 409634.058984418050386, 4014962.974205861333758 ], [ 409631.141744488151744, 4014955.219442748930305 ], [ 409625.396232390252408, 4014948.272579004988074 ], [ 409609.02053204231197, 4014949.610531388316303 ], [ 409576.741869613702875, 4014952.281613740604371 ], [ 409536.688457242154982, 4014957.889425854664296 ] ] } },
{ "type": "Feature", "properties": { "fid": 34, "id": 24, "length": 736.20766051897522, "line_name": "route06(minoodar-bazar)" }, "geometry": { "type": "LineString", "coordinates": [ [ 409536.688457242154982, 4014957.889425854664296 ], [ 409499.371577921148855, 4014960.57955933874473 ], [ 409467.404076383507345, 4014962.858557449653745 ], [ 409443.788068977824878, 4014965.050706374458969 ], [ 409427.887170102272648, 4014966.578684492968023 ], [ 409425.250320909603033, 4014966.849430749192834 ], [ 409422.886694648652337, 4014966.87404828844592 ], [ 409420.352824959205464, 4014965.684020538348705 ], [ 409418.926034395699389, 4014964.871716507244855 ], [ 409417.765878594655078, 4014963.180813699495047 ], [ 409417.03449334600009, 4014961.047534094192088 ], [ 409416.615724454110023, 4014958.66771450964734 ], [ 409416.743908063974231, 4014955.844287013635039 ], [ 409417.034227881580591, 4014953.457081611733884 ], [ 409418.031610085337888, 4014950.867884532082826 ], [ 409420.065394730365369, 4014949.435655144043267 ], [ 409422.504266416479368, 4014949.069655939470977 ], [ 409444.233461236872245, 4014947.286351237911731 ], [ 409515.906905661337078, 4014940.506890824530274 ], [ 409577.627949697896838, 4014935.193886123131961 ], [ 409741.922757792810444, 4014920.447202744428068 ], [ 409761.999538996082265, 4014918.876472256146371 ], [ 409811.454132095677778, 4014916.027943701017648 ], [ 409870.583532690186985, 4014911.522411705460399 ], [ 409945.569521092926152, 4014908.799340997356921 ], [ 409958.783737759804353, 4014906.521624298300594 ], [ 409966.325223803229164, 4014904.302653533872217 ], [ 409973.894524137140252, 4014900.964298137463629 ], [ 409976.635990086826496, 4014899.378906332887709 ], [ 409982.181598505645525, 4014894.650463346391916 ], [ 409986.29845177649986, 4014888.915022002067417 ], [ 409987.701331342628691, 4014884.472217688336968 ], [ 409988.212485785479657, 4014879.991368519607931 ], [ 409988.926903308369219, 4014874.948970841243863 ], [ 409987.962224036455154, 4014869.278438504785299 ], [ 409985.988014802103862, 4014863.704423498827964 ] ] } },
{ "type": "Feature", "properties": { "fid": 35, "id": 25, "length": 414.4927752689826, "line_name": "route06(minoodar-bazar)" }, "geometry": { "type": "LineString", "coordinates": [ [ 409985.988014802103862, 4014863.704423498827964 ], [ 409984.896315265796147, 4014855.861978231463581 ], [ 409977.500110358523671, 4014821.339023906271905 ], [ 409972.457693407661282, 4014796.416000455617905 ], [ 409965.829216099926271, 4014765.052415327634662 ], [ 409956.886797558399849, 4014723.300266754813492 ], [ 409946.025336363993119, 4014671.252786423545331 ], [ 409937.351357650186401, 4014632.611904744524509 ], [ 409917.943718678725418, 4014546.690615387167782 ], [ 409910.359312606102321, 4014514.363840659148991 ], [ 409907.629177068651188, 4014501.838703489862382 ], [ 409905.186811844119802, 4014494.273564547300339 ], [ 409903.601073501806241, 4014485.726419971790165 ], [ 409899.157814947946463, 4014458.651522246655077 ] ] } },
{ "type": "Feature", "properties": { "fid": 36, "id": 26, "length": 579.85846851745941, "line_name": "route06(minoodar-bazar)" }, "geometry": { "type": "LineString", "coordinates": [ [ 409899.157814947946463, 4014458.651522246655077 ], [ 409892.106193158251699, 4014410.622319051530212 ], [ 409891.249723361921497, 4014404.01388799957931 ], [ 409890.417444913997315, 4014399.74072535848245 ], [ 409889.465885559213348, 4014399.166703459341079 ], [ 409871.371817091770936, 4014402.078943858854473 ], [ 409803.725220783962868, 4014413.873865812085569 ], [ 409741.285148813913111, 4014426.199170512147248 ], [ 409694.575411550642457, 4014435.636824209243059 ], [ 409628.828377559082583, 4014448.191906665451825 ], [ 409504.860399136203341, 4014469.527363209985197 ], [ 409424.032413495879155, 4014486.717346775345504 ], [ 409379.734214216819964, 4014496.466457832138985 ] ] } },
{ "type": "Feature", "properties": { "fid": 37, "id": 27, "length": 338.32210354048703, "line_name": "route06(minoodar-bazar)" }, "geometry": { "type": "LineString", "coordinates": [ [ 409379.734214216819964, 4014496.466457832138985 ], [ 409349.952421950292774, 4014501.112982742022723 ], [ 409333.911356711236294, 4014504.394210411701351 ], [ 409324.634218100109138, 4014506.437189477495849 ], [ 409320.723035534669179, 4014509.202742277178913 ], [ 409313.702797514852136, 4014516.08787911105901 ], [ 409308.77173454745207, 4014526.843778157606721 ], [ 409307.275041313958354, 4014534.449837245978415 ], [ 409307.178333735675551, 4014540.289655755739659 ], [ 409321.110532708931714, 4014591.720550016034395 ], [ 409338.449796915403567, 4014667.63895463431254 ], [ 409352.560125845251605, 4014736.195219728164375 ], [ 409363.29649894987233, 4014775.771814787294716 ] ] } },
{ "type": "Feature", "properties": { "fid": 38, "id": 28, "length": 509.47666681296369, "line_name": "route06(minoodar-bazar)" }, "geometry": { "type": "LineString", "coordinates": [ [ 409363.29649894987233, 4014775.771814787294716 ], [ 409374.6010431846953, 4014839.896360914688557 ], [ 409389.013847722904757, 4014907.281772260554135 ], [ 409391.911044896754902, 4014913.090398698113859 ], [ 409396.693067595653702, 4014918.295508280862123 ], [ 409407.986375194042921, 4014928.298467157408595 ], [ 409415.445139765739441, 4014933.281076666899025 ], [ 409431.92826485139085, 4014942.256874477025121 ], [ 409444.098561952007003, 4014945.682082865387201 ], [ 409453.396078978199512, 4014947.53154512681067 ], [ 409486.777256722911261, 4014944.799872919451445 ], [ 409517.634712724073324, 4014941.851302918046713 ], [ 409540.149791457632091, 4014939.865435387939215 ], [ 409646.06673040764872, 4014929.908838435541838 ], [ 409647.847038580337539, 4014930.620192954316735 ], [ 409648.74150448635919, 4014933.287019944284111 ], [ 409650.175384387199301, 4014938.575706113595515 ], [ 409650.689618304371834, 4014950.150664190296084 ], [ 409649.239217278664, 4014962.232600588817149 ], [ 409646.432447339757346, 4014995.445649759378284 ], [ 409644.489257976878434, 4015020.767338962294161 ], [ 409644.25460321479477, 4015031.389766705688089 ] ] } },
{ "type": "Feature", "properties": { "fid": 39, "id": 29, "length": 462.51423201461029, "line_name": "route06(minoodar-bazar)" }, "geometry": { "type": "LineString", "coordinates": [ [ 409644.25460321479477, 4015031.389766705688089 ], [ 409643.512719764723442, 4015044.327343774493784 ], [ 409644.308311228465755, 4015060.229829427786171 ], [ 409649.017009314382449, 4015081.151959146838635 ], [ 409655.230207593587693, 4015102.78831200953573 ], [ 409663.937295841111336, 4015129.361749032046646 ], [ 409675.570572427066509, 4015164.565698948688805 ], [ 409688.167374641518109, 4015201.511299271136522 ], [ 409699.548955831734929, 4015235.258191301021725 ], [ 409713.990952965570614, 4015275.396010493393987 ], [ 409728.1469803302316, 4015318.358911878429353 ], [ 409742.887692812655587, 4015364.52711094589904 ], [ 409754.545617410272826, 4015402.163741741329432 ], [ 409767.181157432380132, 4015442.904273814056069 ], [ 409777.591323393746279, 4015472.568431402556598 ] ] } },
{ "type": "Feature", "properties": { "fid": 40, "id": 30, "length": 324.39099958697193, "line_name": "route06(minoodar-bazar)" }, "geometry": { "type": "LineString", "coordinates": [ [ 409777.591323393746279, 4015472.568431402556598 ], [ 409788.21186370466603, 4015510.610868300776929 ], [ 409797.834251434658654, 4015541.943296597804874 ], [ 409812.012693538912572, 4015587.144304860848933 ], [ 409823.539741415297613, 4015627.40984531166032 ], [ 409833.310369132494088, 4015657.864951975177974 ], [ 409835.104099266463891, 4015663.685160106979311 ], [ 409838.989446218125522, 4015681.258611715398729 ], [ 409840.470993343158625, 4015694.964451630134135 ], [ 409840.892993660294451, 4015712.865759709849954 ], [ 409841.098832385847345, 4015732.715579902753234 ], [ 409839.55031448189402, 4015750.540009634569287 ], [ 409836.775546214426868, 4015787.694265802856535 ] ] } },
{ "type": "Feature", "properties": { "fid": 41, "id": 31, "length": 426.42081075019178, "line_name": "route06(minoodar-bazar)" }, "geometry": { "type": "LineString", "coordinates": [ [ 409836.775546214426868, 4015787.694265802856535 ], [ 409833.641662088688463, 4015819.912835994269699 ], [ 409828.904285174037796, 4015879.712473827414215 ], [ 409823.960987332859077, 4015934.843207626137882 ], [ 409821.14896867738571, 4015967.569726613350213 ], [ 409820.328784629469737, 4015979.645114310085773 ], [ 409820.003478094411548, 4015993.856267051305622 ], [ 409821.201249207137153, 4016002.991316318977624 ], [ 409818.302467444969807, 4016027.34977470478043 ], [ 409811.097140455269255, 4016061.873522671405226 ], [ 409808.555994683760218, 4016075.134530905634165 ], [ 409808.818536860810127, 4016085.252418159972876 ], [ 409812.852134551270865, 4016124.719881078228354 ], [ 409819.295434094732627, 4016168.638773637823761 ], [ 409828.369040281628259, 4016210.38546853326261 ] ] } },
{ "type": "Feature", "properties": { "fid": 42, "id": 32, "length": 400.12851952827424, "line_name": "route06(minoodar-bazar)" }, "geometry": { "type": "LineString", "coordinates": [ [ 409828.369040281628259, 4016210.38546853326261 ], [ 409837.392956309136935, 4016287.95212906319648 ], [ 409846.930291040858719, 4016356.751234550960362 ], [ 409857.061363988788798, 4016422.040906329173595 ], [ 409862.346957878384273, 4016460.716909094247967 ], [ 409868.268753987620585, 4016499.970200656913221 ], [ 409875.606245949747972, 4016554.195114996749908 ], [ 409883.249218221229967, 4016606.57909586513415 ] ] } },
{ "type": "Feature", "properties": { "fid": 43, "id": 33, "length": 470.06041743052259, "line_name": "route06(minoodar-bazar)" }, "geometry": { "type": "LineString", "coordinates": [ [ 409883.249218221229967, 4016606.57909586513415 ], [ 409889.353543741803151, 4016694.768083780072629 ], [ 409892.465210996277165, 4016766.942543388344347 ], [ 409896.649549360445235, 4016821.005550761241466 ], [ 409898.723458302207291, 4016853.876064870040864 ], [ 409902.370560225332156, 4016901.71657523419708 ], [ 409906.235511145961937, 4016970.574583439156413 ], [ 409909.65000172064174, 4017041.578169464599341 ], [ 409913.756759382551536, 4017075.415848495904356 ] ] } },
{ "type": "Feature", "properties": { "fid": 44, "id": 34, "length": 676.69445876450686, "line_name": "route06(minoodar-bazar)" }, "geometry": { "type": "LineString", "coordinates": [ [ 409913.756759382551536, 4017075.415848495904356 ], [ 409915.036499674082734, 4017128.034197445493191 ], [ 409918.790941576939076, 4017140.646059104707092 ], [ 409924.047001250786707, 4017153.728926169220358 ], [ 409929.311217959388159, 4017159.999753294046968 ], [ 409937.437387874524575, 4017161.180610935203731 ], [ 409944.495093025499955, 4017165.681213667616248 ], [ 409954.022813224233687, 4017172.881011086516082 ], [ 409961.458075193047989, 4017183.41116332821548 ], [ 409964.880221481143963, 4017194.372153560165316 ], [ 409964.617441215901636, 4017207.025655159261078 ], [ 409961.693722143652849, 4017221.36105940118432 ], [ 409957.083520221814979, 4017240.190369629766792 ], [ 409956.80550704774214, 4017258.974793409463018 ], [ 409957.291972479899414, 4017275.51308134989813 ], [ 409962.433590572560206, 4017300.372113717719913 ], [ 409973.127113828086294, 4017328.871549939736724 ], [ 409996.762033951003104, 4017374.753414672333747 ], [ 410012.987074539822061, 4017404.947252179030329 ], [ 410023.422031202295329, 4017423.718053889460862 ], [ 410066.201683344319463, 4017492.757166802883148 ], [ 410097.64767393830698, 4017532.330371791031212 ], [ 410141.638690525433049, 4017581.505309079308063 ], [ 410181.39410259766737, 4017632.475887316279113 ], [ 410199.695444667187985, 4017653.579834096133709 ] ] } },
{ "type": "Feature", "properties": { "fid": 45, "id": 35, "length": 856.98014161280435, "line_name": "route06(minoodar-bazar) " }, "geometry": { "type": "LineString", "coordinates": [ [ 410199.695444667187985, 4017653.579834096133709 ], [ 410211.782649615081027, 4017676.53684358112514 ], [ 410248.97590119211236, 4017738.822577035985887 ], [ 410282.445118316158187, 4017791.415546935517341 ], [ 410323.910588236409239, 4017855.603740960825235 ], [ 410366.601497400028165, 4017916.470813990570605 ], [ 410410.923210689914413, 4017982.770832676906139 ], [ 410456.986997594707645, 4018050.026245335582644 ], [ 410480.204221015505027, 4018086.376910435035825 ], [ 410487.798061808105558, 4018104.788257423788309 ], [ 410493.057179694878869, 4018125.948447053320706 ], [ 410493.523230315127876, 4018186.472738393116742 ], [ 410492.490333377558272, 4018254.408318260684609 ], [ 410491.929120580432937, 4018306.96348448144272 ], [ 410491.602956545189954, 4018321.174642286729068 ], [ 410490.851480714743957, 4018324.685677864588797 ], [ 410489.4619294651784, 4018327.424778839107603 ], [ 410487.579785057110712, 4018328.222682234365493 ], [ 410470.733833014208358, 4018329.174793506041169 ], [ 410418.788403795100749, 4018333.018976038787514 ], [ 410392.819885313976556, 4018335.638281795196235 ] ] } },
{ "type": "Feature", "properties": { "fid": 46, "id": 36, "length": 450.49511381024291, "line_name": "route06(minoodar-bazar)" }, "geometry": { "type": "LineString", "coordinates": [ [ 410392.819885313976556, 4018335.638281795196235 ], [ 410364.168291198904626, 4018337.183009953703731 ], [ 410281.741039569140412, 4018341.050654360558838 ], [ 410159.283992320531979, 4018350.879869931843132 ], [ 410056.023650156275835, 4018358.565757604315877 ], [ 409998.721037927200086, 4018362.273304309695959 ], [ 409943.586854604014661, 4018366.915308935567737 ] ] } },
{ "type": "Feature", "properties": { "fid": 47, "id": 37, "length": 522.52709499799562, "line_name": "route06(minoodar-bazar)" }, "geometry": { "type": "LineString", "coordinates": [ [ 409943.586854604014661, 4018366.915308935567737 ], [ 409855.632283121114597, 4018372.515228424221277 ], [ 409764.171691851690412, 4018378.719764241017401 ], [ 409678.850164323113859, 4018384.472177232149988 ], [ 409600.144269658252597, 4018390.156582263298333 ], [ 409540.63881723349914, 4018394.084713968448341 ], [ 409526.64854345069034, 4018396.955205236561596 ], [ 409508.138047321117483, 4018404.446565273217857 ], [ 409500.621025791566353, 4018408.709378286730498 ], [ 409496.007856709591579, 4018411.968802966177464 ], [ 409490.93127791309962, 4018416.108884823508561 ], [ 409485.602868492947891, 4018433.875557817984372 ], [ 409482.617895820527337, 4018449.768848782405257 ], [ 409484.82505646313075, 4018478.378766009584069 ] ] } },
{ "type": "Feature", "properties": { "fid": 48, "id": 38, "length": 344.56815456715117, "line_name": "route06(minoodar-bazar)" }, "geometry": { "type": "LineString", "coordinates": [ [ 409484.82505646313075, 4018478.378766009584069 ], [ 409482.747632821497973, 4018530.24620681302622 ], [ 409481.89516299427487, 4018614.723686671350151 ], [ 409481.285429537063465, 4018707.373030473012477 ], [ 409481.186800444847904, 4018803.714996645227075 ], [ 409483.52843476558337, 4018822.651704252697527 ] ] } },
{ "type": "Feature", "properties": { "fid": 49, "id": 39, "length": 393.29819747015705, "line_name": "route06(minoodar-bazar)" }, "geometry": { "type": "LineString", "coordinates": [ [ 409483.52843476558337, 4018822.651704252697527 ], [ 409485.325900799245574, 4018838.121047964319587 ], [ 409490.33225832041353, 4018849.941195102408528 ], [ 409497.664668911194894, 4018858.23379981983453 ], [ 409501.192628077347763, 4018864.230512541718781 ], [ 409502.093702579906676, 4018875.120301709510386 ], [ 409500.775524905300699, 4018884.670817625708878 ], [ 409493.007803957152646, 4018895.06705309310928 ], [ 409487.858850365155376, 4018899.791787046007812 ], [ 409483.116177580668591, 4018913.270559173077345 ], [ 409480.104729031969327, 4018941.717663480434567 ], [ 409479.523480611213017, 4018991.743174756877124 ], [ 409479.635844210279174, 4019062.975939870811999 ], [ 409479.097231223713607, 4019117.088210115209222 ], [ 409479.887595743581187, 4019177.803994571324438 ], [ 409481.174173893232364, 4019204.990776536520571 ] ] } },
{ "type": "Feature", "properties": { "fid": 50, "id": 40, "length": 202.99909733941786, "line_name": "route06(minoodar-bazar)" }, "geometry": { "type": "LineString", "coordinates": [ [ 409481.174173893232364, 4019204.990776536520571 ], [ 409479.146313167759217, 4019257.803951906040311 ], [ 409478.432011075434275, 4019310.166415340267122 ], [ 409478.285560176766012, 4019371.670496209058911 ], [ 409478.587085361359641, 4019385.485965778585523 ], [ 409480.218609357485548, 4019407.822408214211464 ] ] } },
{ "type": "Feature", "properties": { "fid": 51, "id": 41, "length": 284.62465463113881, "line_name": "route06(minoodar-bazar)" }, "geometry": { "type": "LineString", "coordinates": [ [ 409480.218609357485548, 4019407.822408214211464 ], [ 409478.853569188562687, 4019426.160514249932021 ], [ 409478.935452609322965, 4019449.125807762611657 ], [ 409481.884676308894996, 4019475.1752665406093 ], [ 409486.037030236271676, 4019495.762591228354722 ], [ 409493.868489338201471, 4019521.761165490373969 ], [ 409504.865969562437385, 4019549.283778009470552 ], [ 409519.372807496809401, 4019581.051659696735442 ], [ 409540.773289869481232, 4019624.425448319874704 ], [ 409555.566481645451859, 4019653.465606036596 ], [ 409568.701411466405261, 4019672.705793268978596 ] ] } },
{ "type": "Feature", "properties": { "fid": 52, "id": 42, "length": 258.19622303121668, "line_name": "route06(minoodar-bazar)" }, "geometry": { "type": "LineString", "coordinates": [ [ 409568.701411466405261, 4019672.705793268978596 ], [ 409573.531661792541854, 4019684.613665372133255 ], [ 409590.09901593637187, 4019702.541584707330912 ], [ 409606.75693494384177, 4019714.045855266973376 ], [ 409649.291101726994384, 4019714.770931218750775 ], [ 409724.120595454238355, 4019716.133525223005563 ], [ 409756.090836698655039, 4019715.801192505750805 ], [ 409807.333718848356511, 4019714.505429442040622 ] ] } },
{ "type": "Feature", "properties": { "fid": 53, "id": 43, "length": 228.33839454602472, "line_name": "route06(minoodar-bazar)" }, "geometry": { "type": "LineString", "coordinates": [ [ 409807.333718848356511, 4019714.505429442040622 ], [ 409835.558181886153761, 4019723.928532180842012 ], [ 409860.897790936578531, 4019737.289414114318788 ], [ 409876.616401424689684, 4019749.387826045043766 ], [ 409882.421303460781928, 4019762.367665187455714 ], [ 409883.099730185233057, 4019767.031700626481324 ], [ 409882.070028083922807, 4019774.049002854619175 ], [ 409880.083282849111129, 4019779.908469375222921 ], [ 409873.071078703913372, 4019787.182496710214764 ], [ 409859.012359998829197, 4019798.422246076632291 ], [ 409847.903500592336059, 4019805.544197795446962 ], [ 409834.878542565507814, 4019810.15589467715472 ], [ 409825.148699295532424, 4019813.565619640983641 ], [ 409805.008547842327971, 4019815.526465024333447 ], [ 409772.873223353526555, 4019816.76865569408983 ] ] } },
{ "type": "Feature", "properties": { "fid": 54, "id": 44, "length": 597.5462730204963, "line_name": "route06(minoodar-bazar)" }, "geometry": { "type": "LineString", "coordinates": [ [ 409772.873223353526555, 4019816.76865569408983 ], [ 409717.421600990230218, 4019815.115563219413161 ], [ 409659.284834008023608, 4019813.485239156987518 ], [ 409602.124982938461471, 4019813.037146514747292 ], [ 409574.269231949176174, 4019812.880200115498155 ], [ 409509.144134202681016, 4019811.770667766686529 ], [ 409440.892017428705003, 4019811.439246082678437 ], [ 409413.031579875096213, 4019810.835859852842987 ], [ 409388.522152191202622, 4019807.813561844173819 ], [ 409360.574599229556043, 4019798.867148009128869 ], [ 409333.41495551308617, 4019784.548527437727898 ], [ 409322.379476576519664, 4019778.554691250436008 ], [ 409300.60096607892774, 4019771.481067227199674 ], [ 409288.400233207794372, 4019769.373494575731456 ], [ 409264.635841354320291, 4019768.429784698877484 ], [ 409217.839792130864225, 4019767.428910063579679 ], [ 409183.579511545132846, 4019768.831044612452388 ] ] } },
{ "type": "Feature", "properties": { "fid": 55, "id": 45, "length": 192.73692777496117, "line_name": "route06(minoodar-bazar)" }, "geometry": { "type": "LineString", "coordinates": [ [ 409183.579511545132846, 4019768.831044612452388 ], [ 409164.426496873376891, 4019767.83852882264182 ], [ 409140.613224275526591, 4019773.749759759288281 ], [ 409130.649722623697016, 4019778.026081887073815 ], [ 409116.440906573901884, 4019791.435972132254392 ], [ 409110.131902850116603, 4019799.250115273054689 ], [ 409106.130853551905602, 4019808.679124545305967 ], [ 409103.131786663958337, 4019821.673694523517042 ], [ 409101.935000839934219, 4019834.053389845881611 ], [ 409101.860917167679872, 4019884.565847347956151 ], [ 409102.809035448532086, 4019906.558198518585414 ] ] } },
{ "type": "Feature", "properties": { "fid": 56, "id": 46, "length": 427.33575969866774, "line_name": "route06(minoodar-bazar)" }, "geometry": { "type": "LineString", "coordinates": [ [ 409102.809035448532086, 4019906.558198518585414 ], [ 409101.188234056346118, 4019947.004738233517855 ], [ 409100.726887833327055, 4019972.041910202708095 ], [ 409100.206918834301177, 4020014.512936412356794 ], [ 409100.001859979354776, 4020052.510606771335006 ], [ 409099.915159186697565, 4020067.26271834410727 ], [ 409101.901444052695297, 4020084.228157182689756 ], [ 409106.83740209590178, 4020106.526789485942572 ], [ 409112.304407291696407, 4020121.96577007137239 ], [ 409127.918484230118338, 4020150.708724193274975 ], [ 409134.536477568559349, 4020160.920598162803799 ], [ 409145.219284882594366, 4020167.811891755089164 ], [ 409151.669911280681845, 4020173.555467803496867 ], [ 409157.627366340253502, 4020178.261194446124136 ], [ 409159.98197025625268, 4020184.345641125459224 ], [ 409159.909734060289338, 4020188.965460746083409 ], [ 409157.914736264152452, 4020194.201407727319747 ], [ 409153.254898826824501, 4020198.273224064614624 ], [ 409148.692241316311993, 4020200.108995087444782 ], [ 409140.974697352328803, 4020200.040759272873402 ], [ 409131.955918513471261, 4020202.370183129329234 ], [ 409127.753394514438696, 4020204.05319385509938 ], [ 409118.643693832389545, 4020209.214623068459332 ], [ 409100.789130364719313, 4020219.831695423461497 ], [ 409091.441458144283388, 4020225.293650133535266 ], [ 409082.19719643087592, 4020229.115509148221463 ], [ 409068.105501436046325, 4020230.604116206523031 ], [ 409047.451716188748833, 4020231.795502834953368 ] ] } },
{ "type": "Feature", "properties": { "fid": 57, "id": 47, "length": 256.83573018563271, "line_name": "route06(minoodar-bazar)" }, "geometry": { "type": "LineString", "coordinates": [ [ 409047.451716188748833, 4020231.795502834953368 ], [ 409017.704397550784051, 4020230.536166295874864 ], [ 408984.304072144499514, 4020230.439260364510119 ], [ 408954.39847461390309, 4020230.156829659361392 ], [ 408913.636047629348468, 4020229.392396266572177 ], [ 408881.554067324614152, 4020228.537042266689241 ], [ 408841.76080493448535, 4020228.209780467674136 ], [ 408836.694073914550245, 4020227.96497958432883 ], [ 408835.131461975281127, 4020228.428395200055093 ], [ 408834.051097980584018, 4020228.88674692157656 ], [ 408833.578237399691716, 4020229.785725930240005 ], [ 408833.611092627572361, 4020232.914427837356925 ], [ 408833.856817328021862, 4020244.832026329822838 ], [ 408834.082203014928382, 4020254.812809491995722 ], [ 408835.013014851429034, 4020271.883568601217121 ] ] } },
{ "type": "Feature", "properties": { "fid": 58, "id": 48, "length": 254.02481713252376, "line_name": "route06(minoodar-bazar)" }, "geometry": { "type": "LineString", "coordinates": [ [ 408835.013014851429034, 4020271.883568601217121 ], [ 408834.299492972437292, 4020298.468185388483107 ], [ 408834.532523689442314, 4020332.140247546602041 ], [ 408834.309915808727965, 4020368.350134860258549 ], [ 408834.453604029491544, 4020416.476359552703798 ], [ 408834.426756243279669, 4020448.363129551988095 ], [ 408836.955278683803044, 4020459.511746982112527 ], [ 408841.992057808907703, 4020468.398991069290787 ], [ 408871.361052113701589, 4020498.04009138699621 ], [ 408881.774878174124751, 4020507.522885890677571 ] ] } },
{ "type": "Feature", "properties": { "fid": 59, "id": 49, "length": 160.23057957460975, "line_name": "route06(minoodar-bazar)" }, "geometry": { "type": "LineString", "coordinates": [ [ 408881.774878174124751, 4020507.522885890677571 ], [ 408895.747887633275241, 4020524.00851644622162 ], [ 408922.941789730743039, 4020553.225604136940092 ], [ 408943.90427355223801, 4020574.611016877926886 ], [ 408973.117637169954833, 4020600.976028140634298 ], [ 408986.391100983251818, 4020613.502037571743131 ], [ 408996.170554379175883, 4020618.773891073651612 ] ] } },
{ "type": "Feature", "properties": { "fid": 60, "id": 50, "length": 246.33362278055245, "line_name": "route06(minoodar-bazar)" }, "geometry": { "type": "LineString", "coordinates": [ [ 408996.170554379175883, 4020618.773891073651612 ], [ 409005.335362107958645, 4020626.415625334717333 ], [ 409026.982094795443118, 4020632.595829382073134 ], [ 409088.003858963784296, 4020633.893543363548815 ], [ 409094.878685845702421, 4020634.119548211339861 ], [ 409097.52780286030611, 4020633.793801276944578 ], [ 409098.482891691615805, 4020632.889786276966333 ], [ 409098.813356693659443, 4020629.906281793955714 ], [ 409098.14787341671763, 4020589.384656085632741 ], [ 409097.499129496165551, 4020561.975048825610429 ], [ 409097.991995061514899, 4020528.444398935418576 ], [ 409097.942496872274205, 4020512.203681180253625 ], [ 409097.039657159941271, 4020493.028590080328286 ] ] } },
{ "type": "Feature", "properties": { "fid": 61, "id": 51, "length": 140.53940699374914, "line_name": "route06(minoodar-bazar)" }, "geometry": { "type": "LineString", "coordinates": [ [ 409097.039657159941271, 4020493.028590080328286 ], [ 409097.879952541086823, 4020488.959998943842947 ], [ 409100.053337003104389, 4020483.49866149155423 ], [ 409102.821716180653311, 4020477.286083686631173 ], [ 409103.585065574443433, 4020475.341062643565238 ], [ 409111.074175044428557, 4020465.130501526407897 ], [ 409118.498115264286753, 4020460.210205825045705 ], [ 409137.211699145613238, 4020451.074181725271046 ], [ 409153.55221687851008, 4020448.481876080855727 ], [ 409186.85814613441471, 4020448.282391179352999 ], [ 409201.564761745103169, 4020447.979551312979311 ], [ 409216.167101211613044, 4020447.273723835125566 ] ] } },
{ "type": "Feature", "properties": { "fid": 62, "id": 52, "length": 253.15865108159568, "line_name": "route06(minoodar-bazar)" }, "geometry": { "type": "LineString", "coordinates": [ [ 409216.167101211613044, 4020447.273723835125566 ], [ 409231.472691577393562, 4020448.560790375806391 ], [ 409293.917471415887121, 4020447.46107648871839 ], [ 409364.634530171984807, 4020447.616456938441843 ], [ 409385.199130476103164, 4020448.295782121829689 ], [ 409411.314869473513681, 4020449.438732500188053 ], [ 409431.733594085962977, 4020453.472234466578811 ], [ 409447.317075573664624, 4020462.100780748296529 ], [ 409462.085738564142957, 4020474.383852817583829 ] ] } },
{ "type": "Feature", "properties": { "fid": 63, "id": 53, "length": 248.00609868602436, "line_name": "route06(minoodar-bazar)" }, "geometry": { "type": "LineString", "coordinates": [ [ 409462.085738564142957, 4020474.383852817583829 ], [ 409488.614389360765927, 4020502.720132005400956 ], [ 409503.372753620147705, 4020518.956478422973305 ], [ 409532.614044000045396, 4020548.15407044859603 ], [ 409556.373418592964299, 4020571.970300752669573 ], [ 409571.53461265086662, 4020580.603461434599012 ], [ 409587.292111547314562, 4020582.823353820480406 ], [ 409601.94519630249124, 4020583.192251768894494 ], [ 409625.701869246317074, 4020583.615392163395882 ], [ 409651.746791006356943, 4020583.791277745738626 ], [ 409666.116974067175761, 4020583.100975826382637 ] ] } },
{ "type": "Feature", "properties": { "fid": 64, "id": 54, "length": 282.52795646403661, "line_name": "route06(minoodar-bazar)" }, "geometry": { "type": "LineString", "coordinates": [ [ 409666.116974067175761, 4020583.100975826382637 ], [ 409682.864395281358156, 4020584.808471844065934 ], [ 409781.248008630413096, 4020584.679395248182118 ], [ 409832.365616621100344, 4020584.297267032321543 ], [ 409838.994689893210307, 4020584.079408862628043 ], [ 409840.43982336303452, 4020583.915397092234343 ], [ 409842.003966215765104, 4020583.601147694513202 ], [ 409842.956041054567322, 4020582.399244804400951 ], [ 409843.098121796036139, 4020572.861653942614794 ], [ 409840.516625722404569, 4020544.876128292642534 ], [ 409837.944258476723917, 4020506.162380638066679 ], [ 409833.304446879483294, 4020478.094861942809075 ] ] } },
{ "type": "Feature", "properties": { "fid": 65, "id": 55, "length": 828.98623311613483, "line_name": "route06(minoodar-bazar)" }, "geometry": { "type": "LineString", "coordinates": [ [ 409833.304446879483294, 4020478.094861942809075 ], [ 409832.812294452101924, 4020464.793189404997975 ], [ 409836.651452390709892, 4020451.343153319321573 ], [ 409837.577235657488927, 4020447.608493431005627 ], [ 409837.42650236870395, 4020444.704524438362569 ], [ 409835.992106910212897, 4020440.100367748178542 ], [ 409833.35599065606948, 4020435.881197648588568 ], [ 409831.869823599583469, 4020432.097089081536978 ], [ 409830.566041196638253, 4020428.460088078398257 ], [ 409830.523484225734137, 4020424.362981408834457 ], [ 409832.031172081129625, 4020418.610752949956805 ], [ 409833.97474615322426, 4020414.195013361983001 ], [ 409837.342594941961579, 4020407.603955747094005 ], [ 409841.627022224594839, 4020402.195394361857325 ], [ 409846.076758744078688, 4020389.484032492153347 ], [ 409842.300217626034282, 4020339.309663201216608 ], [ 409838.836073001439217, 4020307.60826917225495 ], [ 409832.602098982897587, 4020276.233648717869073 ], [ 409818.055379590019584, 4020233.919252534396946 ], [ 409800.805251686833799, 4020198.338044469244778 ], [ 409777.791002170764841, 4020153.42965935729444 ], [ 409754.01132771873381, 4020104.506240835878998 ], [ 409726.785889229387976, 4020048.913632546085864 ], [ 409703.738347086706199, 4020000.876740663312376 ], [ 409682.537787768989801, 4019956.545735957566649 ], [ 409657.021090642781928, 4019903.021581414155662 ], [ 409634.334503259917255, 4019854.981105877552181 ], [ 409633.941790366254281, 4019852.005158350337297 ], [ 409634.756297892716248, 4019849.165648172143847 ], [ 409635.943361096899025, 4019847.365272870287299 ], [ 409641.45068255480146, 4019843.58291378384456 ], [ 409646.978163664927706, 4019841.737371051218361 ], [ 409653.856689576234203, 4019842.261801233515143 ], [ 409658.33472406771034, 4019843.854225486516953 ], [ 409659.807881615764927, 4019846.371926835738122 ], [ 409658.093937763362192, 4019855.478865473531187 ], [ 409658.805285225214902, 4019865.901584908366203 ], [ 409663.967087355733383, 4019886.85712200216949 ], [ 409675.064508058421779, 4019910.432941742707044 ], [ 409680.405839521670714, 4019913.878916969057173 ], [ 409691.472657578182407, 4019922.927406231872737 ], [ 409701.873241479333956, 4019931.684834541287273 ], [ 409709.282324213301763, 4019947.479729544837028 ] ] } },
{ "type": "Feature", "properties": { "fid": 1, "id": 1, "length": 665.69467819189572, "line_name": "route07(naderi-kosar-beynolmelal)" }, "geometry": { "type": "LineString", "coordinates": [ [ 410478.139459258003626, 4014441.383743897546083 ], [ 410477.049080061609857, 4014457.548126047011465 ], [ 410487.722850335179828, 4014626.565103315748274 ], [ 410494.169491632434074, 4014729.728111756965518 ], [ 410502.2877061200561, 4014840.733272572979331 ], [ 410510.67796987737529, 4014912.779029727913439 ], [ 410522.087977777293418, 4014998.812068339437246 ], [ 410534.382342955446802, 4015087.556569171603769 ], [ 410538.9713489615242, 4015103.262229735497385 ] ] } },
{ "type": "Feature", "properties": { "fid": 2, "id": 2, "length": 192.71282172735238, "line_name": "route07(naderi-kosar-beynolmelal)" }, "geometry": { "type": "LineString", "coordinates": [ [ 410538.9713489615242, 4015103.262229735497385 ], [ 410540.19399190263357, 4015129.060597711708397 ], [ 410552.582423712185118, 4015215.083622533362359 ], [ 410557.93244916794356, 4015259.312955680768937 ], [ 410563.948540767421946, 4015294.16267650667578 ] ] } },
{ "type": "Feature", "properties": { "fid": 3, "id": 3, "length": 365.31451948368158, "line_name": "route07(naderi-kosar-beynolmelal)" }, "geometry": { "type": "LineString", "coordinates": [ [ 410563.948540767421946, 4015294.16267650667578 ], [ 410564.762097944389097, 4015316.525217169430107 ], [ 410572.742954518296756, 4015342.892843626905233 ], [ 410584.76793549786089, 4015369.823454859666526 ], [ 410594.049211810808629, 4015379.854479174129665 ], [ 410618.125748746155296, 4015400.615580133162439 ], [ 410629.488308440078981, 4015398.836235032882541 ], [ 410644.825464921421371, 4015402.759424294345081 ], [ 410653.211283683776855, 4015409.021182144992054 ], [ 410660.804221522877924, 4015421.48788180295378 ], [ 410661.340553842368536, 4015437.956758105196059 ], [ 410655.823740711552091, 4015448.89560655457899 ], [ 410649.774015639733989, 4015455.607982299756259 ], [ 410644.789828350709286, 4015458.833165426272899 ], [ 410637.169958785409108, 4015479.466675320640206 ], [ 410634.437984487623908, 4015487.505236455239356 ], [ 410631.91380632983055, 4015503.85442867083475 ], [ 410630.377839529595803, 4015521.100312286987901 ], [ 410628.035783058963716, 4015567.071312071755528 ], [ 410630.538142047997098, 4015600.835795843042433 ] ] } },
{ "type": "Feature", "properties": { "fid": 4, "id": 4, "length": 427.83162995629584, "line_name": "route07(naderi-kosar-beynolmelal)" }, "geometry": { "type": "LineString", "coordinates": [ [ 410630.538142047997098, 4015600.835795843042433 ], [ 410628.332366824382916, 4015643.545721607282758 ], [ 410625.453896800812799, 4015720.65734267514199 ], [ 410629.361470935982652, 4015767.470963855274022 ], [ 410635.331616328330711, 4015800.660674158483744 ], [ 410646.122089877491817, 4015850.426385692786425 ], [ 410654.972735395596828, 4015878.14541978854686 ], [ 410666.282844049332198, 4015907.048320013098419 ], [ 410695.482008951483294, 4015962.06603520642966 ], [ 410722.108246480231173, 4016008.73320915736258 ] ] } },
{ "type": "Feature", "properties": { "fid": 5, "id": 5, "length": 544.48295563788054, "line_name": "route07(naderi-kosar-beynolmelal)" }, "geometry": { "type": "LineString", "coordinates": [ [ 410722.108246480231173, 4016008.73320915736258 ], [ 410739.208937444258481, 4016049.581179542001337 ], [ 410770.513734264241066, 4016119.087072961498052 ], [ 410783.32550924847601, 4016151.299810180906206 ], [ 410793.724297206557821, 4016186.862434342969209 ], [ 410799.095635308651254, 4016209.478507326450199 ], [ 410807.000782701943535, 4016240.532496818341315 ], [ 410824.279109080962371, 4016302.62543668365106 ], [ 410830.610494343622122, 4016323.417984486557543 ], [ 410836.374949613586068, 4016336.659287544433028 ], [ 410847.77051252964884, 4016350.145121495705098 ], [ 410857.680814764811657, 4016361.983646820299327 ], [ 410869.26367295475211, 4016369.875359509605914 ], [ 410883.494834381330293, 4016385.448140893131495 ], [ 410888.602548801631201, 4016406.253273107111454 ], [ 410885.838183770305477, 4016423.058294830378145 ], [ 410880.622240701515693, 4016439.435029177460819 ], [ 410876.986045700847171, 4016466.677743359468877 ], [ 410877.845635799982119, 4016478.911374943796545 ], [ 410881.974547890247777, 4016499.726540958508849 ], [ 410886.570237624051515, 4016510.106080922763795 ] ] } },
{ "type": "Feature", "properties": { "fid": 6, "id": 6, "length": 401.6174885942288, "line_name": "route07(naderi-kosar-beynolmelal)" }, "geometry": { "type": "LineString", "coordinates": [ [ 410886.570237624051515, 4016510.106080922763795 ], [ 410897.432162871351466, 4016551.4095379691571 ], [ 410918.42146718245931, 4016617.545431535691023 ], [ 410936.890814589103684, 4016676.603553034830838 ], [ 410958.119592436240055, 4016742.283659737091511 ], [ 410980.893564537283964, 4016815.505055177491158 ], [ 411002.855754368647467, 4016881.177753569558263 ], [ 411007.532878885511309, 4016892.843313566409051 ] ] } },
{ "type": "Feature", "properties": { "fid": 7, "id": 7, "length": 350.98013980312732, "line_name": "route07(naderi-kosar-beynolmelal)" }, "geometry": { "type": "LineString", "coordinates": [ [ 411007.532878885511309, 4016892.843313566409051 ], [ 411015.558680332498625, 4016926.843506083358079 ], [ 411025.116350198106375, 4016964.077561610378325 ], [ 411032.403529980452731, 4017018.564983564428985 ], [ 411040.948046536592301, 4017076.364652720279992 ], [ 411050.848865220323205, 4017147.148607106879354 ], [ 411057.88167895632796, 4017212.671980800572783 ], [ 411061.425616876222193, 4017239.161021919455379 ] ] } },
{ "type": "Feature", "properties": { "fid": 8, "id": 8, "length": 299.90151041280467, "line_name": "route07(naderi-kosar-beynolmelal)" }, "geometry": { "type": "LineString", "coordinates": [ [ 411061.425616876222193, 4017239.161021919455379 ], [ 411063.904496669478249, 4017299.063212648034096 ], [ 411067.075327513448428, 4017345.884595297276974 ], [ 411069.354375271999743, 4017377.298683976288885 ], [ 411074.00383604504168, 4017437.103102783672512 ], [ 411078.938123223546427, 4017500.834290291648358 ], [ 411083.142979929049034, 4017538.123196262866259 ] ] } },
{ "type": "Feature", "properties": { "fid": 9, "id": 9, "length": 283.26488172171889, "line_name": "route07(naderi-kosar-beynolmelal)" }, "geometry": { "type": "LineString", "coordinates": [ [ 411083.142979929049034, 4017538.123196262866259 ], [ 411084.795013016904704, 4017582.995300568174571 ], [ 411088.778700186870992, 4017625.576426426880062 ], [ 411090.754377257952001, 4017639.310082966927439 ], [ 411101.342269254033454, 4017681.672499031759799 ], [ 411113.973907220934052, 4017732.477942045778036 ], [ 411132.221254897187464, 4017806.048325423151255 ], [ 411136.075576127041131, 4017815.07739174971357 ] ] } },
{ "type": "Feature", "properties": { "fid": 10, "id": 10, "length": 351.72250405881209, "line_name": "route07(naderi-kosar-beynolmelal)" }, "geometry": { "type": "LineString", "coordinates": [ [ 411136.075576127041131, 4017815.07739174971357 ], [ 411148.90588875656249, 4017882.355274453293532 ], [ 411159.387918885215186, 4017926.381399307399988 ], [ 411178.230711887532379, 4017998.434374334290624 ], [ 411189.48658945679199, 4018046.382302495185286 ], [ 411206.786887990892865, 4018111.196314011700451 ], [ 411219.575073679094203, 4018156.483642625622451 ] ] } },
{ "type": "Feature", "properties": { "fid": 11, "id": 11, "length": 445.30050470231646, "line_name": "route07(naderi-kosar-beynolmelal)" }, "geometry": { "type": "LineString", "coordinates": [ [ 411219.575073679094203, 4018156.483642625622451 ], [ 411232.574085693107918, 4018216.429562805686146 ], [ 411248.319456304598134, 4018272.795618074946105 ], [ 411274.466120186552871, 4018341.449064334388822 ], [ 411291.558478784747422, 4018386.012396600563079 ], [ 411298.228140613297001, 4018404.232414494734257 ], [ 411322.988437289197464, 4018468.970474666450173 ], [ 411348.629282318463083, 4018536.117878980468959 ], [ 411365.522524988162331, 4018576.224704636726528 ] ] } },
{ "type": "Feature", "properties": { "fid": 12, "id": 12, "length": 444.3347712753486, "line_name": "route07(naderi-kosar-beynolmelal)" }, "geometry": { "type": "LineString", "coordinates": [ [ 411365.522524988162331, 4018576.224704636726528 ], [ 411388.910186113032978, 4018647.400463578291237 ], [ 411409.776679549599066, 4018714.294462084770203 ], [ 411427.11425896093715, 4018783.038192937150598 ], [ 411449.322891627205536, 4018873.647821359336376 ], [ 411465.261472147656605, 4018949.207261725794524 ], [ 411478.587002557178494, 4019005.447242259047925 ] ] } },
{ "type": "Feature", "properties": { "fid": 13, "id": 13, "length": 287.78674439369399, "line_name": "route07(naderi-kosar-beynolmelal)" }, "geometry": { "type": "LineString", "coordinates": [ [ 411478.587002557178494, 4019005.447242259047925 ], [ 411486.030257430626079, 4019054.643537348136306 ], [ 411498.861239059595391, 4019125.39818365033716 ], [ 411510.603580043069087, 4019197.373076051473618 ], [ 411519.321073058759794, 4019260.612591153010726 ], [ 411523.988407584023662, 4019289.508659642655402 ] ] } },
{ "type": "Feature", "properties": { "fid": 14, "id": 14, "length": 265.90459598938702, "line_name": "route07(naderi-kosar-beynolmelal)" }, "geometry": { "type": "LineString", "coordinates": [ [ 411523.988407584023662, 4019289.508659642655402 ], [ 411527.06087406858569, 4019335.953409011475742 ], [ 411530.963981918990612, 4019442.921931543387473 ], [ 411533.040665888809599, 4019514.693066773470491 ], [ 411534.278072430170141, 4019555.110859657637775 ] ] } },
{ "type": "Feature", "properties": { "fid": 15, "id": 15, "length": 432.75086066794768, "line_name": "route07(naderi-kosar-beynolmelal)" }, "geometry": { "type": "LineString", "coordinates": [ [ 411534.278072430170141, 4019555.110859657637775 ], [ 411518.016933201113716, 4019692.602752730250359 ], [ 411515.386265621345956, 4019730.270877388305962 ], [ 411504.566390248772223, 4019781.219349645543844 ], [ 411501.659689798660111, 4019784.045097969006747 ], [ 411472.496573481243104, 4019784.871386577375233 ], [ 411383.205358922772575, 4019784.573107088916004 ], [ 411341.185328572173603, 4019784.019646918401122 ], [ 411301.404979076411109, 4019784.199219384230673 ] ] } },
{ "type": "Feature", "properties": { "fid": 16, "id": 16, "length": 357.18344185228273, "line_name": "route07(naderi-kosar-beynolmelal)" }, "geometry": { "type": "LineString", "coordinates": [ [ 411301.404979076411109, 4019784.199219384230673 ], [ 411093.475446087948512, 4019781.413700985256582 ], [ 411011.280567035428248, 4019781.348867631051689 ], [ 410944.351116553531028, 4019781.959508200641721 ] ] } },
{ "type": "Feature", "properties": { "fid": 17, "id": 17, "length": 624.80938844997274, "line_name": "route07(naderi-kosar-beynolmelal)" }, "geometry": { "type": "LineString", "coordinates": [ [ 410944.351116553531028, 4019781.959508200641721 ], [ 410883.832329007214867, 4019781.522442554589361 ], [ 410810.562966436846182, 4019781.141192091163248 ], [ 410750.683884397265501, 4019780.471769479569048 ], [ 410677.588596192072146, 4019779.182997883297503 ], [ 410602.737809819052927, 4019779.651050474494696 ], [ 410543.525860675319564, 4019778.447188530117273 ], [ 410534.046040784276556, 4019778.393719770945609 ], [ 410482.328063125896733, 4019777.415345476474613 ], [ 410375.055187245481648, 4019777.010547298938036 ], [ 410319.778603962156922, 4019777.883581474423409 ] ] } },
{ "type": "Feature", "properties": { "fid": 18, "id": 18, "length": 307.68739454940982, "line_name": "route07(naderi-kosar-beynolmelal)" }, "geometry": { "type": "LineString", "coordinates": [ [ 410319.778603962156922, 4019777.883581474423409 ], [ 410271.335216943640262, 4019777.174926289357245 ], [ 410256.569688244722784, 4019780.501517409924418 ], [ 410252.704505974135827, 4019785.226882132235914 ], [ 410242.303863354201894, 4019796.670071978121996 ], [ 410236.710873604053631, 4019799.901881787925959 ], [ 410220.341432804823853, 4019801.884836113546044 ], [ 410200.179524530190974, 4019791.966792687773705 ], [ 410193.450271943467669, 4019779.944997917395085 ], [ 410191.725939153751824, 4019766.964585023000836 ], [ 410194.178579511470161, 4019755.754678489174694 ], [ 410206.275793196924496, 4019742.78246206138283 ], [ 410216.859702436486259, 4019737.231888969894499 ], [ 410226.512093057855964, 4019736.225231976248324 ], [ 410240.874408666160889, 4019741.215591209474951 ], [ 410251.120659985870589, 4019750.329362048767507 ], [ 410255.214375871815719, 4019755.879317087586969 ], [ 410272.999493397714105, 4019760.683208707720041 ], [ 410304.808547561930027, 4019761.412553420756012 ], [ 410317.974325662478805, 4019760.105205171741545 ] ] } },
{ "type": "Feature", "properties": { "fid": 19, "id": 19, "length": 450.86566749635801, "line_name": "route07(naderi-kosar-beynolmelal)" }, "geometry": { "type": "LineString", "coordinates": [ [ 410317.974325662478805, 4019760.105205171741545 ], [ 410364.150794879999012, 4019763.36915901536122 ], [ 410437.911977538489737, 4019763.968289386015385 ], [ 410499.92294958216371, 4019763.782302340492606 ], [ 410576.010904962546192, 4019764.660905989352614 ], [ 410601.819390218879562, 4019764.697427888866514 ], [ 410607.389193634095136, 4019759.198963661212474 ], [ 410610.086970722186379, 4019747.98666675761342 ], [ 410603.962924763094634, 4019723.413537515792996 ], [ 410598.994330671557691, 4019710.088609237689525 ], [ 410572.296949349576607, 4019623.759050313383341 ], [ 410566.348112649749964, 4019607.308034710586071 ] ] } },
{ "type": "Feature", "properties": { "fid": 20, "id": 20, "length": 471.85427740427548, "line_name": "route07(naderi-kosar-beynolmelal)" }, "geometry": { "type": "LineString", "coordinates": [ [ 410566.348112649749964, 4019607.308034710586071 ], [ 410555.728990611503832, 4019564.946458450052887 ], [ 410538.889704795903526, 4019509.499605743680149 ], [ 410524.106039912090637, 4019451.764470377936959 ], [ 410508.991097007528879, 4019397.509043377358466 ], [ 410491.926114605215844, 4019332.089220907073468 ], [ 410474.617837026482448, 4019266.823081305250525 ], [ 410470.803720046300441, 4019252.806181254796684 ], [ 410463.86256551137194, 4019243.960355595685542 ], [ 410462.682330649055075, 4019236.264274129178375 ], [ 410464.437484298425261, 4019228.537928501144052 ], [ 410468.903672562213615, 4019222.748481600545347 ], [ 410471.807133436435834, 4019207.755476639606059 ], [ 410470.121329712332226, 4019162.88364077033475 ], [ 410469.314447603886947, 4019152.841007190290838 ] ] } },
{ "type": "Feature", "properties": { "fid": 21, "id": 21, "length": 597.04086638764272, "line_name": "route07(naderi-kosar-beynolmelal)" }, "geometry": { "type": "LineString", "coordinates": [ [ 410469.314447603886947, 4019152.841007190290838 ], [ 410471.496370824985206, 4019118.282537857070565 ], [ 410471.621849723975174, 4019071.124903968535364 ], [ 410471.786287158960477, 4019027.745424465276301 ], [ 410472.354298953490797, 4018976.048972847405821 ], [ 410472.147953249514103, 4018920.430813726503402 ], [ 410473.125805375690106, 4018861.021901259664446 ], [ 410472.730194332078099, 4018798.90659490134567 ], [ 410473.595804205688182, 4018776.075223993975669 ], [ 410468.284129503474105, 4018759.202066550031304 ], [ 410463.31209576362744, 4018751.5450754086487 ], [ 410459.558527190354653, 4018743.422099680639803 ], [ 410460.07506710733287, 4018734.197110336273909 ], [ 410462.92338334559463, 4018725.703794009052217 ], [ 410469.100696031993721, 4018719.745578368194401 ], [ 410477.741454520146362, 4018715.424539293162525 ], [ 410490.830733246053569, 4018715.440783542580903 ], [ 410500.201431430352386, 4018722.59903815947473 ], [ 410504.423986388836056, 4018728.752351831644773 ], [ 410506.825826484884601, 4018736.284705015365034 ], [ 410505.600263227126561, 4018747.935267925262451 ], [ 410499.686263335228432, 4018755.704448736738414 ], [ 410493.380412904080003, 4018761.059399581048638 ], [ 410490.998697870294563, 4018779.220987371634692 ], [ 410490.249851350556128, 4018813.386805005371571 ], [ 410492.191755172272678, 4018838.607513820752501 ] ] } },
{ "type": "Feature", "properties": { "fid": 22, "id": 22, "length": 280.18851372625835, "line_name": "route07(naderi-kosar-beynolmelal)" }, "geometry": { "type": "LineString", "coordinates": [ [ 410492.191755172272678, 4018838.607513820752501 ], [ 410490.145186646608636, 4018874.449271217454225 ], [ 410489.561463082965929, 4018924.634451500605792 ], [ 410489.856478216592222, 4018988.866792917251587 ], [ 410488.801420818956103, 4019052.65962885459885 ], [ 410490.673833448381629, 4019118.613859476521611 ] ] } },
{ "type": "Feature", "properties": { "fid": 23, "id": 23, "length": 145.68704264799999, "line_name": "route07(naderi-kosar-beynolmelal)" }, "geometry": { "type": "LineString", "coordinates": [ [ 410490.673833448381629, 4019118.613859476521611 ], [ 410488.350768364034593, 4019175.089384646620601 ], [ 410488.494012584618758, 4019212.722298859152943 ], [ 410491.053883425774984, 4019223.729290082119405 ], [ 410497.20043372764485, 4019226.688782934099436 ], [ 410508.490141099726316, 4019230.199847131967545 ], [ 410522.188625264388975, 4019230.058695956598967 ], [ 410529.977190113044344, 4019229.147169390693307 ] ] } },
{ "type": "Feature", "properties": { "fid": 24, "id": 24, "length": 570.62613710649703, "line_name": "route07(naderi-kosar-beynolmelal)" }, "geometry": { "type": "LineString", "coordinates": [ [ 410529.977190113044344, 4019229.147169390693307 ], [ 410612.359093823994044, 4019232.001805102918297 ], [ 410681.472348016570322, 4019232.197550957091153 ], [ 410768.814103256212547, 4019232.659956090152264 ], [ 410838.781914866238367, 4019232.697030607610941 ], [ 410893.594402511662338, 4019233.948151682503521 ], [ 410905.617771317716688, 4019237.452199213206768 ], [ 410923.577001798897982, 4019247.243336581159383 ], [ 410935.594276108662598, 4019262.083131141029298 ], [ 410950.83488579292316, 4019281.121861896943301 ], [ 410962.915494913817383, 4019290.217650165315717 ], [ 410978.97023526346311, 4019293.22703868476674 ], [ 410986.376806859043427, 4019299.801360909361392 ], [ 410988.078325832262635, 4019310.666137254331261 ], [ 410986.36455410788767, 4019322.472772255074233 ], [ 410976.905210291151889, 4019330.429117315448821 ], [ 410966.897780805476941, 4019332.647699540480971 ], [ 410954.205816074449103, 4019335.498387884814292 ], [ 410942.038730889209546, 4019341.819976659025997 ], [ 410929.831861061742529, 4019353.205246177501976 ] ] } },
{ "type": "Feature", "properties": { "fid": 25, "id": 25, "length": 164.14855466034743, "line_name": "route07(naderi-kosar-beynolmelal)" }, "geometry": { "type": "LineString", "coordinates": [ [ 410929.831861061742529, 4019353.205246177501976 ], [ 410907.830564215197228, 4019369.67869817931205 ], [ 410900.035746448324062, 4019384.87286847922951 ], [ 410898.652008787787054, 4019404.988948156591505 ], [ 410899.61882841354236, 4019451.53075680276379 ], [ 410900.069056357839145, 4019504.350261917803437 ] ] } },
{ "type": "Feature", "properties": { "fid": 26, "id": 26, "length": 365.23117333257215, "line_name": "route07(naderi-kosar-beynolmelal)" }, "geometry": { "type": "LineString", "coordinates": [ [ 410900.069056357839145, 4019504.350261917803437 ], [ 410897.891529039479792, 4019569.288095477502793 ], [ 410897.933605197118595, 4019585.308717009611428 ], [ 410897.76561074424535, 4019628.53705832362175 ], [ 410898.308596459974069, 4019693.371418018359691 ], [ 410898.028058419586159, 4019761.388218008447438 ], [ 410899.915290485427249, 4019766.507681526243687 ], [ 410911.043061253149062, 4019766.242356993257999 ], [ 411002.48841178137809, 4019764.851147020701319 ] ] } },
{ "type": "Feature", "properties": { "fid": 27, "id": 27, "length": 257.6314159831378, "line_name": "route07(naderi-kosar-beynolmelal)" }, "geometry": { "type": "LineString", "coordinates": [ [ 411002.48841178137809, 4019764.851147020701319 ], [ 411078.981391525478102, 4019766.485712941735983 ], [ 411158.244280611397699, 4019766.883474265690893 ], [ 411208.650490911619272, 4019768.181570439133793 ], [ 411259.972068071365356, 4019766.296624055597931 ] ] } },
{ "type": "Feature", "properties": { "fid": 28, "id": 28, "length": 687.55598261907892, "line_name": "route07(naderi-kosar-beynolmelal)" }, "geometry": { "type": "LineString", "coordinates": [ [ 411259.972068071365356, 4019766.296624055597931 ], [ 411342.098440327274147, 4019768.631641675252467 ], [ 411411.202612948196474, 4019768.379735515918583 ], [ 411470.032027773675509, 4019768.08199314866215 ], [ 411495.961180766404141, 4019767.968799134716392 ], [ 411507.475868738023564, 4019769.665138001553714 ], [ 411509.48657626635395, 4019774.934606832452118 ], [ 411506.057859888416715, 4019798.547664793208241 ], [ 411499.379784928401932, 4019851.364206322934479 ], [ 411495.767558008374181, 4019892.965015267487615 ], [ 411491.637502575176768, 4019919.759212447796017 ], [ 411486.282377335708588, 4019958.354963183868676 ], [ 411484.508005286334082, 4019964.267583118285984 ], [ 411479.756900643056724, 4019966.129723739810288 ], [ 411474.251982635760214, 4019966.034709492232651 ], [ 411469.222384495544247, 4019964.57457566075027 ], [ 411466.244100033014547, 4019960.372974300291389 ], [ 411469.090417755360249, 4019939.637522589880973 ], [ 411475.666922740638256, 4019900.878165626898408 ], [ 411480.523607086273842, 4019861.380642395466566 ], [ 411482.776993784413207, 4019842.464946595020592 ], [ 411480.38706070749322, 4019835.990215383470058 ], [ 411470.887389376701321, 4019815.985213636420667 ], [ 411465.627536508138292, 4019803.947502876631916 ], [ 411461.183143911941443, 4019799.91199393523857 ], [ 411455.442767781380098, 4019800.726240267045796 ], [ 411450.618598267436028, 4019807.425676175858825 ], [ 411448.952643341035582, 4019811.976920028217137 ], [ 411450.133483768557198, 4019819.824250163510442 ], [ 411449.725435097760055, 4019839.779128141701221 ], [ 411448.612396275973879, 4019847.574282155372202 ] ] } },
{ "type": "Feature", "properties": { "fid": 29, "id": 29, "length": 454.73297885146667, "line_name": "route07(naderi-kosar-beynolmelal)" }, "geometry": { "type": "LineString", "coordinates": [ [ 411448.612396275973879, 4019847.574282155372202 ], [ 411448.857479757163674, 4019862.610391471069306 ], [ 411454.194927188917063, 4019870.264189305715263 ], [ 411462.156666431110352, 4019871.392131910193712 ], [ 411468.71764433698263, 4019867.093260067515075 ], [ 411479.387480688863434, 4019857.915964411571622 ], [ 411482.626378957007546, 4019851.686130605172366 ], [ 411483.001854786707554, 4019834.527710899710655 ], [ 411490.807804541022051, 4019778.374539663549513 ], [ 411499.569320195412729, 4019701.958650592714548 ], [ 411500.790944202337414, 4019683.809191331267357 ], [ 411506.210895662603434, 4019639.5449975496158 ], [ 411511.885526589583606, 4019596.260637517087162 ], [ 411514.664988627715502, 4019556.9354715696536 ], [ 411516.595410238660406, 4019530.314862822648138 ], [ 411517.785864574892912, 4019503.097229192964733 ], [ 411517.805644955136813, 4019481.030342605430633 ], [ 411514.204581345489714, 4019460.738481306470931 ] ] } },
{ "type": "Feature", "properties": { "fid": 30, "id": 30, "length": 476.76835732221531, "line_name": "route07(naderi-kosar-beynolmelal)" }, "geometry": { "type": "LineString", "coordinates": [ [ 411514.204581345489714, 4019460.738481306470931 ], [ 411512.505138455715496, 4019417.000285619404167 ], [ 411508.5600720710936, 4019365.954605694394559 ], [ 411505.46277286572149, 4019326.084772775880992 ], [ 411500.756081027211621, 4019272.326312945690006 ], [ 411497.478800094220787, 4019238.806269180960953 ], [ 411490.176745867123827, 4019194.445049576461315 ], [ 411479.138819200277794, 4019119.591309485491365 ], [ 411464.648309385520406, 4019042.052233474794775 ], [ 411452.882439327193424, 4018988.819200464058667 ] ] } },
{ "type": "Feature", "properties": { "fid": 31, "id": 31, "length": 447.71345313800668, "line_name": "route07(naderi-kosar-beynolmelal)" }, "geometry": { "type": "LineString", "coordinates": [ [ 411452.882439327193424, 4018988.819200464058667 ], [ 411434.80829602695303, 4018898.771961790043861 ], [ 411421.480555781279691, 4018839.358094161842018 ], [ 411402.49027108727023, 4018752.494240832980722 ], [ 411384.904729680158198, 4018683.450801576022059 ], [ 411373.272383411531337, 4018646.388661494944245 ], [ 411350.607728098693769, 4018583.140493450220674 ], [ 411338.62903342791833, 4018557.115265019703656 ] ] } },
{ "type": "Feature", "properties": { "fid": 32, "id": 32, "length": 444.03454968111868, "line_name": "route07(naderi-kosar-beynolmelal)" }, "geometry": { "type": "LineString", "coordinates": [ [ 411338.62903342791833, 4018557.115265019703656 ], [ 411300.124665120209102, 4018455.185533422511071 ], [ 411273.476885784068145, 4018385.327999799977988 ], [ 411251.643626520293765, 4018331.744641387369484 ], [ 411233.773800594964996, 4018282.957363514229655 ], [ 411227.967889908701181, 4018265.484272971283644 ], [ 411219.582702521583997, 4018235.039373122155666 ], [ 411209.132182245375589, 4018194.035682957153767 ], [ 411199.192489018838387, 4018155.142764881718904 ], [ 411193.178547059826087, 4018138.27638888405636 ] ] } },
{ "type": "Feature", "properties": { "fid": 33, "id": 33, "length": 464.55178099831448, "line_name": "route07(naderi-kosar-beynolmelal)" }, "geometry": { "type": "LineString", "coordinates": [ [ 411193.178547059826087, 4018138.27638888405636 ], [ 411171.93374927242985, 4018049.6223707892932 ], [ 411152.267406760947779, 4017968.811620017979294 ], [ 411134.607417510938831, 4017892.816919253673404 ], [ 411113.172181131318212, 4017806.583254990633577 ], [ 411091.234864313097205, 4017719.145648494828492 ], [ 411082.497644458373543, 4017687.268635252956301 ] ] } },
{ "type": "Feature", "properties": { "fid": 34, "id": 34, "length": 279.60418500774387, "line_name": "route07(naderi-kosar-beynolmelal)" }, "geometry": { "type": "LineString", "coordinates": [ [ 411082.497644458373543, 4017687.268635252956301 ], [ 411073.577010397682898, 4017643.453331805765629 ], [ 411069.083685920457356, 4017610.852762553840876 ], [ 411065.048987306130584, 4017551.344322726596147 ], [ 411061.25259476643987, 4017503.169057718012482 ], [ 411054.78211823332822, 4017432.803377562668175 ], [ 411052.801416194124613, 4017409.623442447278649 ] ] } },
{ "type": "Feature", "properties": { "fid": 35, "id": 35, "length": 547.30997793186646, "line_name": "route07(naderi-kosar-beynolmelal)" }, "geometry": { "type": "LineString", "coordinates": [ [ 411052.801416194124613, 4017409.623442447278649 ], [ 411045.652113076415844, 4017269.966389168519527 ], [ 411044.586919894034509, 4017249.57320456020534 ], [ 411036.544505301106256, 4017169.097174594644457 ], [ 411033.799058765929658, 4017151.895163518376648 ], [ 411025.768656133674085, 4017096.508493704721332 ], [ 411014.843912237149198, 4017033.292117782402784 ], [ 411005.12540018040454, 4016968.400850240606815 ], [ 410991.773692003625911, 4016907.174196413252503 ], [ 410977.288504103024025, 4016869.688362953718752 ] ] } },
{ "type": "Feature", "properties": { "fid": 36, "id": 36, "length": 370.40509596839951, "line_name": "route07(naderi-kosar-beynolmelal)" }, "geometry": { "type": "LineString", "coordinates": [ [ 410977.288504103024025, 4016869.688362953718752 ], [ 410949.063078156556003, 4016774.909617530182004 ], [ 410914.40431932953652, 4016664.327056799549609 ], [ 410881.284152895561419, 4016560.681352572049946 ], [ 410865.325123096234165, 4016516.787300255149603 ] ] } },
{ "type": "Feature", "properties": { "fid": 37, "id": 37, "length": 520.53273528306681, "line_name": "route07(naderi-kosar-beynolmelal)" }, "geometry": { "type": "LineString", "coordinates": [ [ 410865.325123096234165, 4016516.787300255149603 ], [ 410856.77730365190655, 4016485.664278599433601 ], [ 410844.867736535146832, 4016469.765446674078703 ], [ 410827.800952375982888, 4016452.10583963105455 ], [ 410816.952243744744919, 4016444.206650859676301 ], [ 410807.62897795625031, 4016435.913969051558524 ], [ 410801.487499048816971, 4016427.664216283708811 ], [ 410796.548459333425853, 4016411.391637552529573 ], [ 410797.542492105567362, 4016394.982603205367923 ], [ 410804.550189077970572, 4016380.325555707328022 ], [ 410808.625278548337519, 4016354.13629507413134 ], [ 410811.123116889910307, 4016335.218003334477544 ], [ 410810.974260223563761, 4016320.709966111928225 ], [ 410803.724354306352325, 4016293.881204443052411 ], [ 410788.642135793808848, 4016243.101360097993165 ], [ 410781.592007890460081, 4016223.827630321029574 ], [ 410773.606479889596812, 4016208.795463046059012 ], [ 410762.235030098701827, 4016173.847409931942821 ], [ 410730.360241030401085, 4016096.488050573505461 ], [ 410709.58414987771539, 4016051.359033823478967 ], [ 410703.78887883288553, 4016044.088206289336085 ] ] } },
{ "type": "Feature", "properties": { "fid": 38, "id": 38, "length": 541.66985173263436, "line_name": "route07(naderi-kosar-beynolmelal)" }, "geometry": { "type": "LineString", "coordinates": [ [ 410703.78887883288553, 4016044.088206289336085 ], [ 410684.068375335016754, 4015997.512562271673232 ], [ 410661.628564533195458, 4015957.23726677056402 ], [ 410641.319479719968513, 4015909.987625631969422 ], [ 410626.490136150852777, 4015872.052455321885645 ], [ 410613.992804598587099, 4015822.908877555746585 ], [ 410609.633816368354019, 4015803.607610701117665 ], [ 410606.470404692925513, 4015781.573510129936039 ], [ 410601.931126851413865, 4015744.741713734809309 ], [ 410599.64397738839034, 4015712.723283199127764 ], [ 410600.42082578811096, 4015693.066931676585227 ], [ 410601.21011068567168, 4015674.619583059102297 ], [ 410605.365599335171282, 4015626.513940940145403 ], [ 410605.872897781489883, 4015604.442104784306139 ], [ 410611.048495873226784, 4015584.135969220194966 ], [ 410613.370633865008131, 4015548.140485816635191 ], [ 410613.815526191261597, 4015522.970899758860469 ] ] } },
{ "type": "Feature", "properties": { "fid": 39, "id": 39, "length": 236.24775498360853, "line_name": "route07(naderi-kosar-beynolmelal)" }, "geometry": { "type": "LineString", "coordinates": [ [ 410613.815526191261597, 4015522.970899758860469 ], [ 410615.907628922373988, 4015497.330958856735379 ], [ 410612.719295154791325, 4015472.878860658500344 ], [ 410607.793411019840278, 4015457.966522441245615 ], [ 410607.488095549168065, 4015452.075154629535973 ], [ 410598.76899256411707, 4015437.201819122303277 ], [ 410590.114725349121727, 4015416.735600832849741 ], [ 410579.462221889581997, 4015392.360268659889698 ], [ 410569.189182243717369, 4015369.190175528638065 ], [ 410559.888772696547676, 4015345.405524586793035 ], [ 410556.520805323962122, 4015327.303224226459861 ], [ 410549.838190524082165, 4015299.259702865500003 ] ] } },
{ "type": "Feature", "properties": { "fid": 40, "id": 40, "length": 199.32938034637095, "line_name": "route07(naderi-kosar-beynolmelal)" }, "geometry": { "type": "LineString", "coordinates": [ [ 410549.838190524082165, 4015299.259702865500003 ], [ 410541.790051697054878, 4015227.701575125567615 ], [ 410535.36306013452122, 4015173.961437330115587 ], [ 410531.595008209173102, 4015146.71922359848395 ], [ 410528.925118156359531, 4015119.163430970627815 ], [ 410525.653456451196689, 4015101.513576471246779 ] ] } },
{ "type": "Feature", "properties": { "fid": 41, "id": 41, "length": 711.35231558305463, "line_name": "route07(naderi-kosar-beynolmelal)" }, "geometry": { "type": "LineString", "coordinates": [ [ 410525.653456451196689, 4015101.513576471246779 ], [ 410523.78502232581377, 4015071.569067809730768 ], [ 410525.111922766198404, 4015057.801570890471339 ], [ 410523.011002235813066, 4015043.918201860040426 ], [ 410519.002563406829722, 4015011.16181803541258 ], [ 410512.682624187320471, 4014967.849342653527856 ], [ 410504.474226167425513, 4014919.417508207727224 ], [ 410498.071735971374437, 4014868.09541582595557 ], [ 410492.412734487326816, 4014817.672524768859148 ], [ 410487.832228707498871, 4014741.242271052207798 ], [ 410485.015392360044643, 4014705.375254127662629 ], [ 410481.193655640061479, 4014643.22003539884463 ], [ 410475.733841416426003, 4014582.441952730994672 ], [ 410472.21794919797685, 4014538.118242108728737 ], [ 410468.3605738535407, 4014496.291877157520503 ], [ 410463.282006759895012, 4014442.84022659342736 ], [ 410459.200420659093652, 4014394.101474748924375 ] ] } },
{ "type": "Feature", "properties": { "fid": 42, "id": 42, "length": 1394.3294858600486, "line_name": "route07(naderi-kosar-beynolmelal)" }, "geometry": { "type": "LineString", "coordinates": [ [ 410459.200420659093652, 4014394.101474748924375 ], [ 410458.912738178041764, 4014351.293743000365794 ], [ 410457.811856307729613, 4014327.57593665830791 ], [ 410453.336775624426082, 4014297.09152115881443 ], [ 410444.775506241829135, 4014273.903944730758667 ], [ 410422.56218107463792, 4014220.477611103560776 ], [ 410409.04023864294868, 4014190.993230971973389 ], [ 410404.972542993433308, 4014164.434309929143637 ], [ 410398.36576171417255, 4014105.255089891143143 ], [ 410400.946430483891163, 4014070.617223736364394 ], [ 410405.11594287015032, 4014023.871719451621175 ], [ 410411.486259797704406, 4013965.012281070929021 ], [ 410422.955437565222383, 4013866.425859526265413 ], [ 410429.449001823260915, 4013855.174572715070099 ], [ 410441.207159767567646, 4013855.960366532206535 ], [ 410480.255758547515143, 4013868.25430522672832 ], [ 410520.791493429162074, 4013882.346810702700168 ], [ 410561.027111056086142, 4013914.881771638523787 ], [ 410619.028318105905782, 4013961.139321271330118 ], [ 410641.342713907011785, 4013988.719997111707926 ], [ 410643.36601702903863, 4013995.04712934512645 ], [ 410640.943215437000617, 4014140.469519318081439 ], [ 410639.424009114911314, 4014230.867374189198017 ], [ 410637.949803449911997, 4014254.158217060379684 ], [ 410645.931545560131781, 4014292.466011784505099 ], [ 410638.254649363807403, 4014307.658966426271945 ], [ 410557.427444765344262, 4014326.626621172297746 ], [ 410486.368932313111145, 4014343.378529299516231 ], [ 410473.694640810252167, 4014348.647762703243643 ], [ 410471.213901247188915, 4014369.228473191149533 ], [ 410478.139459258003626, 4014441.383743897546083 ] ] } },
{ "type": "Feature", "properties": { "fid": 1, "id": 1, "length": 362.33254880857362, "line_name": "route08(Beynolmelal-Terminal)" }, "geometry": { "type": "LineString", "coordinates": [ [ 411505.678095123614185, 4013223.600634942296892 ], [ 411505.860070095572155, 4013246.212366816122085 ], [ 411508.242302817350719, 4013276.449304309673607 ], [ 411510.215500049933325, 4013311.093482959549874 ], [ 411513.565537735586986, 4013347.244725580792874 ], [ 411517.197882096865214, 4013372.905763474758714 ], [ 411524.177628392470069, 4013396.21114065637812 ], [ 411546.891652194201015, 4013436.648652043193579 ], [ 411586.120779815886635, 4013494.530703242402524 ], [ 411606.652481085970066, 4013524.423145769163966 ], [ 411628.739672489173245, 4013552.164507410023361 ] ] } },
{ "type": "Feature", "properties": { "fid": 2, "id": 2, "length": 355.50101608971721, "line_name": "route08(Beynolmelal-Terminal)" }, "geometry": { "type": "LineString", "coordinates": [ [ 411628.739672489173245, 4013552.164507410023361 ], [ 411649.637691258685663, 4013588.351564148906618 ], [ 411669.689364124787971, 4013622.091709177009761 ], [ 411682.953532752813771, 4013651.417659776285291 ], [ 411693.063752676360309, 4013676.612729631830007 ], [ 411705.887152752489783, 4013713.628562193829566 ], [ 411716.658801137236878, 4013752.906800410710275 ], [ 411729.835510469274595, 4013799.205576953012496 ], [ 411746.221087806625292, 4013855.078540022019297 ], [ 411757.237418000411708, 4013881.640925430227071 ] ] } },
{ "type": "Feature", "properties": { "fid": 3, "id": 3, "length": 540.50454733165782, "line_name": "route08(Beynolmelal-Terminal)" }, "geometry": { "type": "LineString", "coordinates": [ [ 411757.237418000411708, 4013881.640925430227071 ], [ 411766.846104803145863, 4013919.874806407373399 ], [ 411777.072694554459304, 4013956.596852616872638 ], [ 411787.438364385976456, 4013981.469211203511804 ], [ 411803.262080957530998, 4014007.567139845807105 ], [ 411837.667318023333792, 4014050.448632462415844 ], [ 411887.512957412633114, 4014107.263699288014323 ], [ 411931.031340197194368, 4014153.895927559584379 ], [ 411981.349000357149635, 4014206.223592288326472 ], [ 412037.017801729089115, 4014262.099939125590026 ], [ 412044.056501354789361, 4014265.791394597385079 ], [ 412061.185316260380205, 4014273.623808705247939 ], [ 412076.714526367024519, 4014289.958356642629951 ], [ 412083.995679890736938, 4014297.098639413248748 ] ] } },
{ "type": "Feature", "properties": { "fid": 4, "id": 4, "length": 977.17238780566254, "line_name": "route08(Beynolmelal-Terminal)" }, "geometry": { "type": "LineString", "coordinates": [ [ 412083.995679890736938, 4014297.098639413248748 ], [ 412091.500264541653451, 4014306.500584637280554 ], [ 412101.433016265393235, 4014317.527986044995487 ], [ 412105.255179600440897, 4014330.098177512641996 ], [ 412106.49878772161901, 4014337.690927837044001 ], [ 412141.879214144835714, 4014381.124101894441992 ], [ 412176.109350109938532, 4014432.654678596183658 ], [ 412210.194907319208141, 4014482.745834441389889 ], [ 412224.760879239998758, 4014500.051026762928814 ], [ 412242.084315026644617, 4014533.659834163729101 ], [ 412262.2688896212494, 4014581.009435575921088 ], [ 412275.808350339939352, 4014612.254799198359251 ], [ 412291.743175071256701, 4014675.338296804577112 ], [ 412306.494931692315731, 4014736.832632654346526 ], [ 412312.883147131768055, 4014766.068704513832927 ], [ 412314.767432794149499, 4014772.934519503731281 ], [ 412321.098007903550752, 4014783.598194906488061 ], [ 412332.787125581409782, 4014798.530879958998412 ], [ 412341.086368960794061, 4014811.576403627637774 ], [ 412343.563383345026523, 4014825.801398646086454 ], [ 412344.042645026056562, 4014834.76283600134775 ], [ 412340.937363441975322, 4014848.243536803871393 ], [ 412338.452822922263294, 4014858.996079437434673 ], [ 412337.405544539913535, 4014870.854919160250574 ], [ 412337.259241901570931, 4014882.064229714684188 ], [ 412340.212284171371721, 4014904.930471620056778 ], [ 412348.39951603958616, 4014958.325341593008488 ], [ 412350.584679356950801, 4014975.755520999897271 ], [ 412355.010924819041975, 4015009.734702744986862 ], [ 412364.04163806012366, 4015076.090159555431455 ], [ 412367.549623227270786, 4015115.442355313804001 ], [ 412372.672246777045075, 4015173.511386652477086 ], [ 412376.097508463193662, 4015200.788965404964983 ] ] } },
{ "type": "Feature", "properties": { "fid": 5, "id": 5, "length": 581.48664570957703, "line_name": "route08(Beynolmelal-Terminal)" }, "geometry": { "type": "LineString", "coordinates": [ [ 412376.097508463193662, 4015200.788965404964983 ], [ 412377.005190768046305, 4015243.276558078825474 ], [ 412378.645072613842785, 4015277.363892748020589 ], [ 412377.321293037151918, 4015313.2423250307329 ], [ 412375.588242949568667, 4015334.234464777633548 ], [ 412363.138775150699075, 4015385.275558089371771 ], [ 412354.011544614215381, 4015425.075344346929342 ], [ 412353.086564092256594, 4015429.767946023494005 ], [ 412344.311948671529535, 4015446.668165949173272 ], [ 412329.245284473407082, 4015475.960466308053583 ], [ 412303.605914622661658, 4015517.367834215983748 ], [ 412270.015819112770259, 4015567.341449613217264 ], [ 412231.420975829532836, 4015622.329206502065063 ], [ 412189.727051573223434, 4015678.469237617682666 ], [ 412183.979823726927862, 4015687.013231629971415 ], [ 412159.524065091623925, 4015720.24463276239112 ] ] } },
{ "type": "Feature", "properties": { "fid": 6, "id": 6, "length": 1181.2305034840958, "line_name": "route08(Beynolmelal-Terminal)" }, "geometry": { "type": "LineString", "coordinates": [ [ 412159.524065091623925, 4015720.24463276239112 ], [ 412132.270032804575749, 4015752.541243135929108 ], [ 412110.997563431446906, 4015776.9332115505822 ], [ 412093.169886223739013, 4015795.846587040927261 ], [ 412040.805294111778494, 4015847.772263726685196 ], [ 411988.70380656060297, 4015900.015839115716517 ], [ 411946.866880823508836, 4015941.74847256578505 ], [ 411939.947034505777992, 4015949.664070339407772 ], [ 411918.101979662082158, 4015968.618524573743343 ], [ 411899.1668048252468, 4015980.49860013416037 ], [ 411859.444653870130423, 4016000.595067704096437 ], [ 411795.484556629846338, 4016020.937607736326754 ], [ 411746.004286700335797, 4016037.451030777301639 ], [ 411683.078373248979915, 4016057.463690165430307 ], [ 411591.735156462003943, 4016087.372519613709301 ], [ 411532.695105967461132, 4016107.026546622160822 ], [ 411473.389562775962986, 4016126.043235554825515 ], [ 411406.983240395376924, 4016147.854615786578506 ], [ 411368.244352118694223, 4016162.499532210174948 ], [ 411327.58751710416982, 4016179.725993667263538 ], [ 411307.4674624070758, 4016189.698130642063916 ], [ 411259.127243354276288, 4016216.129747521132231 ], [ 411216.742948546423577, 4016241.860359326470643 ], [ 411180.527939225372393, 4016262.404535819776356 ], [ 411171.125141695549246, 4016268.264679233077914 ], [ 411148.810968050383963, 4016281.766132370568812 ] ] } },
{ "type": "Feature", "properties": { "fid": 7, "id": 7, "length": 391.29298476134613, "line_name": "route08(Beynolmelal-Terminal)" }, "geometry": { "type": "LineString", "coordinates": [ [ 411148.810968050383963, 4016281.766132370568812 ], [ 411130.267234934610315, 4016291.098099080845714 ], [ 411103.955765915394295, 4016304.016055822838098 ], [ 411072.187478611827828, 4016322.033476029522717 ], [ 411059.747960920096375, 4016328.805432750377804 ], [ 411021.15970674372511, 4016345.371754669118673 ], [ 410972.378253988921642, 4016366.525808759965003 ], [ 410924.760245319339447, 4016387.347995605319738 ], [ 410891.499687168397941, 4016417.790154648944736 ], [ 410882.149771553464234, 4016428.773699602112174 ], [ 410879.639646407566033, 4016436.805090063251555 ], [ 410876.352792956167832, 4016463.897905504330993 ], [ 410875.717093193437904, 4016471.429739863146096 ], [ 410879.853228502499405, 4016495.564412123057991 ], [ 410886.570237624051515, 4016510.106080922763795 ] ] } },
{ "type": "Feature", "properties": { "fid": 8, "id": 8, "length": 401.63035221017765, "line_name": "route08(Beynolmelal-Terminal)" }, "geometry": { "type": "LineString", "coordinates": [ [ 410886.570237624051515, 4016510.106080922763795 ], [ 410891.902896444313228, 4016532.987401816062629 ], [ 410905.966325573273934, 4016577.194573437795043 ], [ 410928.350722422241233, 4016649.176175269763917 ], [ 410946.164150039257947, 4016705.193351520225406 ], [ 410964.530221691005863, 4016764.567276977933943 ], [ 410986.219778799451888, 4016832.072970528155565 ], [ 410998.91905109322397, 4016869.729617509990931 ], [ 411007.532878885511309, 4016892.843313566409051 ] ] } },
{ "type": "Feature", "properties": { "fid": 9, "id": 9, "length": 351.0162532457332, "line_name": "route08(Beynolmelal-Terminal)" }, "geometry": { "type": "LineString", "coordinates": [ [ 411007.532878885511309, 4016892.843313566409051 ], [ 411015.068103037076071, 4016927.845443060621619 ], [ 411022.976892029342707, 4016953.382574079092592 ], [ 411025.360419015749358, 4016970.970618948806077 ], [ 411039.328459919372108, 4017069.297223111614585 ], [ 411051.621421421412379, 4017155.952737514395267 ], [ 411058.463180123653729, 4017216.565612345468253 ], [ 411061.425616876222193, 4017239.161021919455379 ] ] } },
{ "type": "Feature", "properties": { "fid": 10, "id": 10, "length": 299.91540303143535, "line_name": "route08(Beynolmelal-Terminal)" }, "geometry": { "type": "LineString", "coordinates": [ [ 411061.425616876222193, 4017239.161021919455379 ], [ 411062.942463953630067, 4017286.969580022152513 ], [ 411066.334293056337629, 4017339.77222968544811 ], [ 411070.65128418058157, 4017394.326661226339638 ], [ 411077.374332315579522, 4017481.359465600457042 ], [ 411079.58774756587809, 4017507.675445815082639 ], [ 411083.142979929049034, 4017538.123196262866259 ] ] } },
{ "type": "Feature", "properties": { "fid": 11, "id": 11, "length": 283.24314482904759, "line_name": "route08(Beynolmelal-Terminal)" }, "geometry": { "type": "LineString", "coordinates": [ [ 411083.142979929049034, 4017538.123196262866259 ], [ 411083.95449694263516, 4017573.437313251662999 ], [ 411088.346849643625319, 4017622.707257035654038 ], [ 411091.692954012134578, 4017645.729331067763269 ], [ 411112.767464953707531, 4017729.413075886201113 ], [ 411123.025748151703738, 4017769.336461118422449 ], [ 411128.430411746958271, 4017790.896472984459251 ], [ 411136.075576127041131, 4017815.07739174971357 ] ] } },
{ "type": "Feature", "properties": { "fid": 12, "id": 12, "length": 351.80223368156788, "line_name": "route08(Beynolmelal-Terminal)" }, "geometry": { "type": "LineString", "coordinates": [ [ 411136.075576127041131, 4017815.07739174971357 ], [ 411140.609234754752833, 4017841.207599021494389 ], [ 411156.450260359502863, 4017920.141576203051955 ], [ 411174.758352778910194, 4017986.881746539380401 ], [ 411188.914830943976995, 4018040.535099982284009 ], [ 411202.585534766199999, 4018097.395707848016173 ], [ 411210.802732531097718, 4018127.893370175734162 ], [ 411219.575073679094203, 4018156.483642625622451 ] ] } },
{ "type": "Feature", "properties": { "fid": 13, "id": 13, "length": 445.3704484421275, "line_name": "route08(Beynolmelal-Terminal)" }, "geometry": { "type": "LineString", "coordinates": [ [ 411219.575073679094203, 4018156.483642625622451 ], [ 411227.046511350723449, 4018195.615426047705114 ], [ 411239.060350926360115, 4018242.565993790514767 ], [ 411250.446157246246003, 4018278.795398689806461 ], [ 411267.383866475196555, 4018325.695701444521546 ], [ 411300.253618384303991, 4018409.899867019616067 ], [ 411322.357198865269311, 4018467.795345465186983 ], [ 411339.930642253544647, 4018513.568497642409056 ], [ 411355.767114309244789, 4018554.235781113617122 ], [ 411365.522524988162331, 4018576.224704636726528 ] ] } },
{ "type": "Feature", "properties": { "fid": 14, "id": 14, "length": 444.38889907057091, "line_name": "route08(Beynolmelal-Terminal)" }, "geometry": { "type": "LineString", "coordinates": [ [ 411365.522524988162331, 4018576.224704636726528 ], [ 411372.300337428110652, 4018599.699383704457432 ], [ 411385.787801679223776, 4018638.789552975911647 ], [ 411401.584092215867713, 4018688.263560788240284 ], [ 411410.948327450896613, 4018716.988456285558641 ], [ 411424.59218934335513, 4018771.447972568683326 ], [ 411439.174742566887289, 4018829.020149758085608 ], [ 411456.048176160256844, 4018907.944135229103267 ], [ 411467.726707158784848, 4018960.342280675657094 ], [ 411473.016632660292089, 4018983.504803874529898 ], [ 411478.587002557178494, 4019005.447242259047925 ] ] } },
{ "type": "Feature", "properties": { "fid": 15, "id": 15, "length": 287.78073289232191, "line_name": "route08(Beynolmelal-Terminal)" }, "geometry": { "type": "LineString", "coordinates": [ [ 411478.587002557178494, 4019005.447242259047925 ], [ 411485.661676270829048, 4019054.466279034502804 ], [ 411500.93313059664797, 4019141.572467287536711 ], [ 411511.773599835811183, 4019213.513055107556283 ], [ 411518.653273861506023, 4019252.830867846962065 ], [ 411523.988407584023662, 4019289.508659642655402 ] ] } },
{ "type": "Feature", "properties": { "fid": 16, "id": 16, "length": 441.90461582660481, "line_name": "route08(Beynolmelal-Terminal)" }, "geometry": { "type": "LineString", "coordinates": [ [ 411523.988407584023662, 4019289.508659642655402 ], [ 411526.4165200360585, 4019328.005101676099002 ], [ 411529.031090374279302, 4019381.136139307636768 ], [ 411530.002075704513118, 4019438.286763299256563 ], [ 411532.101623783702962, 4019491.743283496238291 ], [ 411532.437838425219525, 4019550.18129194015637 ], [ 411527.105951110599563, 4019611.879326405934989 ], [ 411519.881311024248134, 4019678.560179552063346 ], [ 411518.644090469984803, 4019690.661361069884151 ], [ 411515.386265621345956, 4019730.270877388305962 ] ] } },
{ "type": "Feature", "properties": { "fid": 17, "id": 17, "length": 300.02610900648301, "line_name": "route08(Beynolmelal-Terminal)" }, "geometry": { "type": "LineString", "coordinates": [ [ 411515.386265621345956, 4019730.270877388305962 ], [ 411508.919776107999496, 4019766.334069278091192 ], [ 411506.126888933358714, 4019797.424571163952351 ], [ 411499.569004090386443, 4019853.210947748273611 ], [ 411496.154510948807001, 4019886.8696128888987 ], [ 411491.250640463491436, 4019926.948010182008147 ], [ 411485.712711023283191, 4019955.664808948989958 ], [ 411483.98541904281592, 4019964.168442154768854 ], [ 411483.025983807165176, 4019965.379076132085174 ], [ 411482.091592990618665, 4019965.868943443987519 ], [ 411479.957984935026616, 4019966.290980635676533 ], [ 411477.659982489829417, 4019966.474524008110166 ], [ 411473.251783553045243, 4019966.19924301141873 ], [ 411469.091270721517503, 4019964.800643007736653 ], [ 411467.362397801363841, 4019963.617419691756368 ], [ 411466.703185499995016, 4019962.503346070181578 ], [ 411465.843923713197, 4019960.830914613325149 ], [ 411465.502889600640628, 4019959.153198753949255 ], [ 411467.664024775556754, 4019948.723773672245443 ], [ 411469.502904803608544, 4019938.45774902170524 ], [ 411471.336261705379002, 4019918.712346203159541 ] ] } },
{ "type": "Feature", "properties": { "fid": 18, "id": 18, "length": 178.86484211635056, "line_name": "route08(Beynolmelal-Terminal)" }, "geometry": { "type": "LineString", "coordinates": [ [ 411471.336261705379002, 4019918.712346203159541 ], [ 411477.11758889851626, 4019897.391014857683331 ], [ 411481.398106803419068, 4019859.720669500064105 ], [ 411483.037284659163561, 4019842.571800275705755 ], [ 411476.6862518278067, 4019829.667346388101578 ], [ 411469.520301081705838, 4019813.088592583313584 ], [ 411465.416629957326222, 4019804.564356680959463 ], [ 411461.131933015421964, 4019800.525150011759251 ], [ 411455.794139645062387, 4019801.220036530401558 ], [ 411451.131756507442333, 4019807.792214212939143 ], [ 411449.457139763748273, 4019811.932218739762902 ], [ 411450.572393029986415, 4019819.64632768323645 ], [ 411450.162714562378824, 4019839.824824115727097 ], [ 411448.612396275973879, 4019847.574282155372202 ] ] } },
{ "type": "Feature", "properties": { "fid": 19, "id": 19, "length": 452.95768823716702, "line_name": "route08(Beynolmelal-Terminal)" }, "geometry": { "type": "LineString", "coordinates": [ [ 411448.612396275973879, 4019847.574282155372202 ], [ 411449.211130512878299, 4019857.687200130429119 ], [ 411449.355650172044989, 4019862.329021933488548 ], [ 411454.484349913836922, 4019869.722001682966948 ], [ 411462.074532314843964, 4019870.725366153288633 ], [ 411468.221355338697322, 4019866.779931658878922 ], [ 411479.203110733709764, 4019857.301314983516932 ], [ 411480.949448020313866, 4019853.841067777015269 ], [ 411482.517726548074279, 4019836.092495355289429 ], [ 411487.289241523540113, 4019811.626525432802737 ], [ 411491.569542982673738, 4019780.280682089738548 ], [ 411495.791132544749416, 4019743.171352391596884 ], [ 411502.388433464453556, 4019672.173793022986501 ], [ 411509.797981385956518, 4019610.934898596722633 ], [ 411515.261890853289515, 4019562.204701064620167 ], [ 411518.919887550699059, 4019488.835431657265872 ], [ 411514.204581345489714, 4019460.738481306470931 ] ] } },
{ "type": "Feature", "properties": { "fid": 20, "id": 20, "length": 476.96529307953597, "line_name": "route08(Beynolmelal-Terminal)" }, "geometry": { "type": "LineString", "coordinates": [ [ 411514.204581345489714, 4019460.738481306470931 ], [ 411513.9884649766027, 4019424.520050134509802 ], [ 411508.96494476206135, 4019363.888224452733994 ], [ 411504.641411853372119, 4019308.372903406620026 ], [ 411500.348836465913337, 4019255.899428089614958 ], [ 411484.763575182645582, 4019150.703609328716993 ], [ 411481.862311508681159, 4019133.040643983520567 ], [ 411474.731416354188696, 4019094.525988035369664 ], [ 411465.673866731813177, 4019044.983151660766453 ], [ 411461.682926562149078, 4019022.127615524455905 ], [ 411452.882439327193424, 4018988.819200464058667 ] ] } },
{ "type": "Feature", "properties": { "fid": 21, "id": 21, "length": 447.86090913850705, "line_name": "route08(Beynolmelal-Terminal)" }, "geometry": { "type": "LineString", "coordinates": [ [ 411452.882439327193424, 4018988.819200464058667 ], [ 411448.210628715867642, 4018959.020163926761597 ], [ 411436.251609722850844, 4018904.543427079450339 ], [ 411423.464398247713689, 4018845.111637372057885 ], [ 411410.69009068608284, 4018786.960642451886088 ], [ 411400.624715975602157, 4018740.310197892598808 ], [ 411384.858445116085932, 4018681.068967404775321 ], [ 411381.635914828977548, 4018670.054021046496928 ], [ 411350.946154170786031, 4018583.42561581870541 ], [ 411338.62903342791833, 4018557.115265019703656 ] ] } },
{ "type": "Feature", "properties": { "fid": 22, "id": 22, "length": 444.09219673402163, "line_name": "route08(Beynolmelal-Terminal)" }, "geometry": { "type": "LineString", "coordinates": [ [ 411338.62903342791833, 4018557.115265019703656 ], [ 411333.256391632545274, 4018538.934536607004702 ], [ 411318.615417794848327, 4018501.137126904446632 ], [ 411282.877613606979139, 4018408.876460757572204 ], [ 411251.595377318328246, 4018327.858404734637588 ], [ 411229.922283129300922, 4018274.121643347665668 ], [ 411217.934609391842969, 4018229.732632220722735 ], [ 411208.762982401240151, 4018194.601429372560233 ], [ 411202.422189246979542, 4018170.168895318172872 ], [ 411193.178547059826087, 4018138.27638888405636 ] ] } },
{ "type": "Feature", "properties": { "fid": 23, "id": 23, "length": 464.60578833788077, "line_name": "route08(Beynolmelal-Terminal)" }, "geometry": { "type": "LineString", "coordinates": [ [ 411193.178547059826087, 4018138.27638888405636 ], [ 411187.6944447439746, 4018111.317673736717552 ], [ 411177.22032712190412, 4018069.234887985046953 ], [ 411164.2399129337864, 4018016.530204782262444 ], [ 411151.415136294672266, 4017966.385762402787805 ], [ 411142.321830548578873, 4017926.290313791017979 ], [ 411129.042544904863462, 4017869.74601928750053 ], [ 411117.698544909828342, 4017825.030332306865603 ], [ 411094.423056316678412, 4017728.880254255142063 ], [ 411090.914456598344259, 4017715.306525172665715 ], [ 411082.497644458373543, 4017687.268635252956301 ] ] } },
{ "type": "Feature", "properties": { "fid": 24, "id": 24, "length": 279.58999460611358, "line_name": "route08(Beynolmelal-Terminal)" }, "geometry": { "type": "LineString", "coordinates": [ [ 411082.497644458373543, 4017687.268635252956301 ], [ 411078.93204100173898, 4017665.233624948188663 ], [ 411074.093965366831981, 4017642.066710466518998 ], [ 411068.764750951901078, 4017602.573269658721983 ], [ 411064.531511128821876, 4017543.534795134793967 ], [ 411060.385218325769529, 4017480.332491526845843 ], [ 411058.285768046276644, 4017452.49427294312045 ], [ 411052.801416194124613, 4017409.623442447278649 ] ] } },
{ "type": "Feature", "properties": { "fid": 25, "id": 25, "length": 547.58053165858973, "line_name": "route08(Beynolmelal-Terminal)" }, "geometry": { "type": "LineString", "coordinates": [ [ 411052.801416194124613, 4017409.623442447278649 ], [ 411052.863257098186295, 4017378.577454514801502 ], [ 411049.628807501809206, 4017328.495118988212198 ], [ 411046.410720198531635, 4017280.01375219412148 ], [ 411041.394880766049027, 4017207.854037069249898 ], [ 411039.521757760900073, 4017176.811250178609043 ], [ 411028.475294236908667, 4017110.637473994400352 ], [ 411016.053992311935872, 4017036.792358087841421 ], [ 411007.795971834450029, 4016989.803642387967557 ], [ 411002.06261155824177, 4016948.873381705954671 ], [ 410993.940535708912648, 4016915.172681033145636 ], [ 410988.174143680953421, 4016896.338384810369462 ], [ 410977.288504103024025, 4016869.688362953718752 ] ] } },
{ "type": "Feature", "properties": { "fid": 26, "id": 26, "length": 370.72839665289587, "line_name": "route08(Beynolmelal-Terminal)" }, "geometry": { "type": "LineString", "coordinates": [ [ 410977.288504103024025, 4016869.688362953718752 ], [ 410973.959025867341552, 4016849.89105531712994 ], [ 410962.719705988361966, 4016815.581861580256373 ], [ 410947.334612722799648, 4016768.82633298356086 ], [ 410931.770539045915939, 4016717.269269913434982 ], [ 410908.884307359636296, 4016646.893932898528874 ], [ 410894.156543181627057, 4016601.092434660997242 ], [ 410877.121880844293628, 4016545.227486035320908 ], [ 410873.243409163609613, 4016533.578995800111443 ], [ 410865.325123096234165, 4016516.787300255149603 ] ] } },
{ "type": "Feature", "properties": { "fid": 27, "id": 27, "length": 595.74506013185612, "line_name": "route08(Beynolmelal-Terminal)" }, "geometry": { "type": "LineString", "coordinates": [ [ 410865.325123096234165, 4016516.787300255149603 ], [ 410862.264188067987561, 4016499.42737128213048 ], [ 410854.04947339987848, 4016482.059285567142069 ], [ 410831.498871831630822, 4016457.1528280233033 ], [ 410823.120102515735198, 4016449.073014539666474 ], [ 410815.287680862122215, 4016443.709526513703167 ], [ 410804.675947294512298, 4016432.770604432094842 ], [ 410798.054166156041902, 4016419.068825039081275 ], [ 410797.616048290161416, 4016414.269926756154746 ], [ 410797.112212738313247, 4016403.067177277524024 ], [ 410797.309002035355661, 4016396.980858501978219 ], [ 410800.824734125752002, 4016385.89697406347841 ], [ 410806.445458342204802, 4016377.833641412202269 ], [ 410812.737243584531825, 4016372.005011262372136 ], [ 410823.555560019565746, 4016365.169268488418311 ], [ 410830.142718241084367, 4016362.860109900590032 ], [ 410839.323739138548262, 4016360.684463501907885 ], [ 410847.494148966856301, 4016361.081001547630876 ], [ 410854.900027549825609, 4016362.76629254873842 ], [ 410868.304114770668093, 4016367.912571155931801 ], [ 410883.046912431833334, 4016364.559151689521968 ], [ 410910.322591617179569, 4016357.234585601370782 ], [ 410937.045423723000567, 4016346.553396791219711 ], [ 410994.35666989418678, 4016322.910108285956085 ], [ 411049.73387286788784, 4016300.247675651684403 ], [ 411102.566596054297406, 4016282.254901257809252 ], [ 411123.488436603511218, 4016274.675772096961737 ], [ 411158.833611764479429, 4016257.822838884778321 ], [ 411180.354545383132063, 4016245.434340356383473 ], [ 411189.749196078628302, 4016238.773726816289127 ], [ 411201.124126726819668, 4016229.795989969279617 ] ] } },
{ "type": "Feature", "properties": { "fid": 28, "id": 28, "length": 980.07921458472094, "line_name": "route08(Beynolmelal-Terminal)" }, "geometry": { "type": "LineString", "coordinates": [ [ 411201.124126726819668, 4016229.795989969279617 ], [ 411215.654161531361751, 4016224.098950600251555 ], [ 411246.71431119099725, 4016206.489588301628828 ], [ 411274.040309800941031, 4016191.320145604666322 ], [ 411299.687961304094642, 4016176.808368132915348 ], [ 411335.939525379159022, 4016159.786817683372647 ], [ 411352.458247116068378, 4016152.573390802368522 ], [ 411382.937762388726696, 4016141.535076586995274 ], [ 411401.149697019718587, 4016135.105048076249659 ], [ 411431.639117789571173, 4016125.027483844198287 ], [ 411488.101216914830729, 4016106.840021809563041 ], [ 411540.174562657892238, 4016090.458830186631531 ], [ 411583.845922863925807, 4016076.404982123523951 ], [ 411645.083238678053021, 4016056.088530194014311 ], [ 411707.485743062570691, 4016035.600571846123785 ], [ 411771.831141755217686, 4016014.933239751961082 ], [ 411833.846992944017984, 4015994.610243045259267 ], [ 411851.683683364652097, 4015989.465883343014866 ], [ 411874.128152987686917, 4015978.510802689474076 ], [ 411887.157735521672294, 4015972.294460493605584 ], [ 411904.676865046960302, 4015961.38938266178593 ], [ 411926.265920594276395, 4015942.757712896447629 ], [ 411929.736380815622397, 4015939.84053174732253 ], [ 411969.628907285514288, 4015885.318510963115841 ], [ 411990.703027631097939, 4015854.203462116420269 ], [ 412017.299054182134569, 4015817.90899252705276 ], [ 412033.098802751163021, 4015797.17468129331246 ], [ 412039.678330437047407, 4015783.540938471909612 ] ] } },
{ "type": "Feature", "properties": { "fid": 29, "id": 29, "length": 633.46040644340974, "line_name": "route08(Beynolmelal-Terminal)" }, "geometry": { "type": "LineString", "coordinates": [ [ 412039.678330437047407, 4015783.540938471909612 ], [ 412049.471387326775584, 4015775.393876717425883 ], [ 412071.860076619894244, 4015746.026983031071723 ], [ 412095.817374027566984, 4015711.520700335502625 ], [ 412113.51658186444547, 4015679.879711881745607 ], [ 412125.628284523147158, 4015659.743260309100151 ], [ 412148.680415410664864, 4015619.001912371255457 ], [ 412207.033226546598598, 4015530.831143773160875 ], [ 412225.842462943692226, 4015493.495225683785975 ], [ 412245.909327582630794, 4015452.303971393965185 ], [ 412249.657484666910022, 4015438.336389450822026 ], [ 412255.068154252017848, 4015422.110463218763471 ], [ 412263.948019478295464, 4015402.807406010571867 ], [ 412281.928362331003882, 4015360.356408238876611 ], [ 412291.570399152755272, 4015326.635608977172524 ], [ 412301.65513355564326, 4015285.38509262772277 ], [ 412309.656250788189936, 4015243.194932668004185 ], [ 412311.117682951386087, 4015220.96605431754142 ] ] } },
{ "type": "Feature", "properties": { "fid": 30, "id": 30, "length": 981.70389859627994, "line_name": "route08(Beynolmelal-Terminal)" }, "geometry": { "type": "LineString", "coordinates": [ [ 412311.117682951386087, 4015220.96605431754142 ], [ 412316.788802587776445, 4015204.856231822632253 ], [ 412319.627059917082079, 4015177.768680426292121 ], [ 412324.318258315266576, 4015128.72710375348106 ], [ 412326.63755281153135, 4015114.453751768451184 ], [ 412327.342597297683824, 4015068.654611879494041 ], [ 412317.329061400028877, 4014975.570394554175436 ], [ 412308.036793911072891, 4014915.46198726631701 ], [ 412303.597981660161167, 4014886.686593142803758 ], [ 412301.689972551772371, 4014864.610383004881442 ], [ 412300.471616374969017, 4014859.499086346942931 ], [ 412293.531651240540668, 4014852.684258128050715 ], [ 412289.450060429866426, 4014846.481054969597608 ], [ 412285.890225732990075, 4014840.592815245036036 ], [ 412283.190991774317808, 4014830.052650044672191 ], [ 412283.103796888375655, 4014821.407483828719705 ], [ 412283.688990355934948, 4014815.157215382903814 ], [ 412284.766884285607375, 4014806.340186583343893 ], [ 412288.538026656315196, 4014794.613980546128005 ], [ 412289.031195025425404, 4014779.238260216545314 ], [ 412289.229108990053646, 4014773.152010461315513 ], [ 412276.705298305430915, 4014714.036905593704432 ], [ 412262.62247199570993, 4014654.617322239559144 ], [ 412254.359350620477926, 4014619.476058998610824 ], [ 412231.467368204554077, 4014560.785848350729793 ], [ 412213.690393827389926, 4014520.777161838021129 ], [ 412197.272675729356706, 4014486.99915281124413 ], [ 412192.777695152384695, 4014478.398485860787332 ], [ 412149.771445452235639, 4014417.990214151795954 ], [ 412119.26968968444271, 4014376.188894188962877 ], [ 412094.068147906684317, 4014345.702056947629899 ], [ 412074.792518959147856, 4014324.281767253763974 ], [ 412060.318231833865866, 4014313.288462060038 ] ] } },
{ "type": "Feature", "properties": { "fid": 31, "id": 31, "length": 238.88999595484771, "line_name": "route08(Beynolmelal-Terminal)" }, "geometry": { "type": "LineString", "coordinates": [ [ 412060.318231833865866, 4014313.288462060038 ], [ 412051.206262479361612, 4014299.702862462028861 ], [ 412014.91508857277222, 4014262.443562423344702 ], [ 411980.333256143610924, 4014227.568789821118116 ], [ 411942.873074724106118, 4014190.161493826191872 ], [ 411912.978908155986574, 4014157.320980675984174 ], [ 411905.376904011180159, 4014149.232252625282854 ], [ 411895.310370783263352, 4014141.191022443119437 ] ] } },
{ "type": "Feature", "properties": { "fid": 32, "id": 32, "length": 642.30933163848158, "line_name": "route08(Beynolmelal-Terminal)" }, "geometry": { "type": "LineString", "coordinates": [ [ 411895.310370783263352, 4014141.191022443119437 ], [ 411886.636795683938544, 4014129.568168932106346 ], [ 411858.404130867915228, 4014100.793860838282853 ], [ 411806.236010606633499, 4014045.123284291476011 ], [ 411788.871231498196721, 4014020.481985532678664 ], [ 411773.32789226679597, 4013996.462694713845849 ], [ 411760.497295913519338, 4013971.455241590738297 ], [ 411742.342707726580556, 4013932.892295479308814 ], [ 411740.081864032079466, 4013927.311311571393162 ], [ 411733.410795402363874, 4013895.997038378380239 ], [ 411719.028409305261448, 4013845.867800548207015 ], [ 411704.347574835002888, 4013791.898926321882755 ], [ 411689.705572188948281, 4013741.772370000369847 ], [ 411676.142872196214739, 4013695.797792177181691 ], [ 411669.611211308743805, 4013678.251783786807209 ], [ 411650.102241839456838, 4013634.098848715424538 ], [ 411633.995355363062117, 4013605.762488636188209 ], [ 411623.71339842089219, 4013589.215275259688497 ], [ 411612.512052237754688, 4013577.542511933483183 ] ] } },
{ "type": "Feature", "properties": { "fid": 33, "id": 33, "length": 387.09652188781121, "line_name": "route08(Beynolmelal-Terminal)" }, "geometry": { "type": "LineString", "coordinates": [ [ 411612.512052237754688, 4013577.542511933483183 ], [ 411604.893406574323308, 4013561.867197059094906 ], [ 411579.235362643492408, 4013525.142038193531334 ], [ 411551.980578010436147, 4013484.4303820123896 ], [ 411529.469601644319482, 4013451.195834826678038 ], [ 411512.334534159395844, 4013423.830813314765692 ], [ 411500.268927634519059, 4013397.695155811496079 ], [ 411492.708614590519574, 4013368.31144475704059 ], [ 411487.906223871570546, 4013329.613188330549747 ], [ 411483.010965930239763, 4013281.789496261626482 ], [ 411480.387247188773472, 4013253.316251491196454 ], [ 411479.493670238065533, 4013241.957390326540917 ], [ 411476.049410163832363, 4013225.160770066548139 ] ] } },
{ "type": "Feature", "properties": { "fid": 34, "id": 34, "length": 184.27637729432706, "line_name": "route08(Beynolmelal-Terminal)" }, "geometry": { "type": "LineString", "coordinates": [ [ 411476.049410163832363, 4013225.160770066548139 ], [ 411476.709330311336089, 4013210.44365398446098 ], [ 411474.172889847191982, 4013177.806613626889884 ], [ 411473.335666358121671, 4013159.242141725495458 ], [ 411475.343424468941521, 4013152.657125147990882 ], [ 411478.485540629015304, 4013142.858330083545297 ], [ 411482.34761444356991, 4013140.097139257006347 ], [ 411486.227603975043166, 4013139.09699958562851 ], [ 411490.379939001053572, 4013139.374987205956131 ], [ 411494.287611332663801, 4013141.09647289570421 ], [ 411497.590952327067498, 4013147.147129607386887 ], [ 411499.386208113981411, 4013170.665329163894057 ], [ 411502.71515516290674, 4013204.735321525018662 ], [ 411505.678095123614185, 4013223.600634942296892 ] ] } },
{ "type": "Feature", "properties": { "fid": 1, "id": 1, "length": 362.48849746299231, "line_name": "route09(Terminal-NavvabOffices)" }, "geometry": { "type": "LineString", "coordinates": [ [ 411505.678095123614185, 4013223.600634942296892 ], [ 411505.359867255203426, 4013236.773348933085799 ], [ 411510.125437366135884, 4013303.731748981401324 ], [ 411512.545093738532159, 4013337.650884812697768 ], [ 411515.528353252506349, 4013363.238466832321137 ], [ 411522.296011398837436, 4013391.189247495960444 ], [ 411533.293395356973633, 4013414.293666531331837 ], [ 411550.037823362334166, 4013441.502586608286947 ], [ 411581.104758363682777, 4013487.29908150061965 ], [ 411599.002767536556348, 4013513.215471508912742 ], [ 411618.221593077178113, 4013541.520159051753581 ], [ 411628.739672489173245, 4013552.164507410023361 ] ] } },
{ "type": "Feature", "properties": { "fid": 2, "id": 2, "length": 355.6051595649742, "line_name": "route09(Terminal-NavvabOffices)" }, "geometry": { "type": "LineString", "coordinates": [ [ 411628.739672489173245, 4013552.164507410023361 ], [ 411633.21337628562469, 4013562.182441982906312 ], [ 411651.524423071474303, 4013590.496418793220073 ], [ 411663.274755537859164, 4013611.191666317172348 ], [ 411681.290911837655585, 4013648.795191262848675 ], [ 411691.78359142964473, 4013673.345929353497922 ], [ 411703.122357326908968, 4013704.612795878201723 ], [ 411715.10798769898247, 4013748.521959401667118 ], [ 411727.736876654904336, 4013791.94427615404129 ], [ 411739.031808463158086, 4013831.697567670606077 ], [ 411751.217937763081864, 4013869.84071297198534 ], [ 411757.237418000411708, 4013881.640925430227071 ] ] } },
{ "type": "Feature", "properties": { "fid": 3, "id": 3, "length": 541.10551137666801, "line_name": "route09(Terminal-NavvabOffices)" }, "geometry": { "type": "LineString", "coordinates": [ [ 411757.237418000411708, 4013881.640925430227071 ], [ 411759.238756509847008, 4013893.616042251233011 ], [ 411772.487873058416881, 4013934.310225978028029 ], [ 411777.959369523450732, 4013956.029970385599881 ], [ 411779.38478648418095, 4013962.339939532335848 ], [ 411788.227858892001677, 4013984.105555584188551 ], [ 411800.088345572818071, 4014002.958570506423712 ], [ 411815.87790625798516, 4014025.694514874368906 ], [ 411844.729232993791811, 4014057.904831342864782 ], [ 411922.77082824066747, 4014146.296689322218299 ], [ 411981.349000357149635, 4014206.223592288326472 ], [ 412025.177786298911087, 4014249.893559432122856 ], [ 412029.019225393305533, 4014251.535884546115994 ], [ 412034.729076728690416, 4014258.443010836374015 ], [ 412040.814893323171418, 4014264.065443358384073 ], [ 412054.235169189923909, 4014270.574393930379301 ], [ 412062.111669411067851, 4014273.777057333383709 ], [ 412078.438953242031857, 4014292.104939289391041 ], [ 412083.995679890736938, 4014297.098639413248748 ] ] } },
{ "type": "Feature", "properties": { "fid": 4, "id": 4, "length": 832.26381393452311, "line_name": "route09(Terminal-NavvabOffices)" }, "geometry": { "type": "LineString", "coordinates": [ [ 412083.995679890736938, 4014297.098639413248748 ], [ 412089.384546826360747, 4014303.922649793792516 ], [ 412101.433016265393235, 4014317.527986044995487 ], [ 412105.255179600440897, 4014330.098177512641996 ], [ 412106.49878772161901, 4014337.690927837044001 ], [ 412125.75260900054127, 4014361.67579796211794 ], [ 412141.879214144835714, 4014381.124101894441992 ], [ 412162.17061882338021, 4014411.583100916817784 ], [ 412190.745241541648284, 4014455.16524996003136 ], [ 412216.772437832842115, 4014490.447377772536129 ], [ 412229.270636832399759, 4014508.413894061464816 ], [ 412256.957719397498295, 4014566.895611796528101 ], [ 412275.808350339939352, 4014612.254799198359251 ], [ 412291.743175071256701, 4014675.338296804577112 ], [ 412309.920108489808626, 4014753.372183037456125 ], [ 412314.767432794149499, 4014772.934519503731281 ], [ 412326.910328971105628, 4014792.58842559158802 ], [ 412332.787125581409782, 4014798.530879958998412 ], [ 412339.788718626485206, 4014809.750697715673596 ], [ 412343.020138165797107, 4014821.646465756930411 ], [ 412344.042645026056562, 4014834.76283600134775 ], [ 412340.937363441975322, 4014848.243536803871393 ], [ 412338.048891982238274, 4014855.800413995981216 ], [ 412332.266248624306172, 4014860.902229633647949 ], [ 412327.03629457578063, 4014862.95635072235018 ], [ 412317.273232426960021, 4014865.456457318272442 ], [ 412311.374943152302876, 4014865.515926923602819 ], [ 412302.067457391531207, 4014861.767091005109251 ], [ 412296.383225166995544, 4014857.341277349740267 ], [ 412291.813783608726226, 4014854.185120136477053 ], [ 412285.683899195399135, 4014850.564367475453764 ], [ 412279.37005629716441, 4014847.986202262341976 ], [ 412270.788438792456873, 4014845.51097329845652 ], [ 412261.647694213897921, 4014845.443072993308306 ], [ 412252.326229679980315, 4014846.737957485951483 ], [ 412241.663814723491669, 4014850.047783031128347 ], [ 412231.874719545885455, 4014856.390936173032969 ], [ 412208.597019469190855, 4014875.038765798788518 ], [ 412191.898339929524809, 4014890.417991887778044 ], [ 412177.022653520049062, 4014906.579402682837099 ], [ 412169.676765041833278, 4014915.739945948123932 ] ] } },
{ "type": "Feature", "properties": { "fid": 5, "id": 5, "length": 178.92963044619586, "line_name": "route09(Terminal-NavvabOffices)" }, "geometry": { "type": "LineString", "coordinates": [ [ 412169.676765041833278, 4014915.739945948123932 ], [ 412160.283530315733515, 4014924.360782658681273 ], [ 412140.020041481417138, 4014946.180604135151953 ], [ 412116.038604375673458, 4014972.120906044263393 ], [ 412091.219566129148006, 4014998.550082464236766 ], [ 412060.827322678582277, 4015031.520231700967997 ], [ 412053.964147939230315, 4015038.714626090601087 ], [ 412047.673783519479912, 4015046.463625480886549 ] ] } },
{ "type": "Feature", "properties": { "fid": 6, "id": 6, "length": 411.96389404534807, "line_name": "route09(Terminal-NavvabOffices)" }, "geometry": { "type": "LineString", "coordinates": [ [ 412047.673783519479912, 4015046.463625480886549 ], [ 412040.373940001183655, 4015053.742503879126161 ], [ 412028.639118238119408, 4015066.349952968768775 ], [ 412014.399230159702711, 4015081.224334558472037 ], [ 411995.611013314453885, 4015101.428470607381314 ], [ 411973.296980699524283, 4015125.511032689828426 ], [ 411951.557485799421556, 4015148.707221984863281 ], [ 411934.501710595563054, 4015167.132724834606051 ], [ 411914.365746840485372, 4015188.631596760824323 ], [ 411892.754574742401019, 4015211.666532231029123 ], [ 411871.851600843016058, 4015234.214011336211115 ], [ 411856.716229065728839, 4015250.218532053288072 ], [ 411855.38760072120931, 4015253.434245459735394 ], [ 411848.9865826057503, 4015261.424690772313625 ], [ 411834.419200710894074, 4015275.902428710833192 ], [ 411819.339043677784503, 4015290.945785840973258 ], [ 411806.924260552739725, 4015300.358206011820585 ], [ 411792.354430846171454, 4015308.191381997894496 ], [ 411770.75736247934401, 4015319.778466458432376 ], [ 411761.923462076694705, 4015324.351250351406634 ], [ 411753.675368967058603, 4015330.759390579536557 ] ] } },
{ "type": "Feature", "properties": { "fid": 7, "id": 7, "length": 299.40205355647885, "line_name": "route09(Terminal-NavvabOffices)" }, "geometry": { "type": "LineString", "coordinates": [ [ 411753.675368967058603, 4015330.759390579536557 ], [ 411748.069904058240354, 4015332.497459464240819 ], [ 411739.343716397881508, 4015334.907656882423908 ], [ 411724.190687332418747, 4015342.746870506089181 ], [ 411692.336519454023801, 4015359.161607372574508 ], [ 411662.670648761675693, 4015374.033165266271681 ], [ 411630.691963328514248, 4015390.929737664759159 ], [ 411606.575759818777442, 4015403.343407812528312 ], [ 411580.913080891768914, 4015416.653491146396846 ], [ 411550.48612788511673, 4015433.134308384731412 ], [ 411523.420558999117929, 4015448.700412885751575 ], [ 411497.764654810773209, 4015462.651131213642657 ], [ 411488.541852473979816, 4015468.789257757831365 ] ] } },
{ "type": "Feature", "properties": { "fid": 8, "id": 8, "length": 328.48161515318839, "line_name": "route09(Terminal-NavvabOffices)" }, "geometry": { "type": "LineString", "coordinates": [ [ 411488.541852473979816, 4015468.789257757831365 ], [ 411479.71100315003423, 4015472.041378434747458 ], [ 411449.536339948535897, 4015487.799486385192722 ], [ 411417.871929744549561, 4015503.652935862541199 ], [ 411383.898889102507383, 4015521.931721974164248 ], [ 411340.181084414361976, 4015544.392877412959933 ], [ 411302.208024341322016, 4015564.474020918365568 ], [ 411254.226174332550727, 4015588.260023603681475 ], [ 411211.536191874707583, 4015609.750680185388774 ], [ 411201.998941859288607, 4015615.211854342836887 ], [ 411197.231287527247332, 4015619.62361925188452 ] ] } },
{ "type": "Feature", "properties": { "fid": 9, "id": 9, "length": 351.24966732680508, "line_name": "route09(Terminal-NavvabOffices)" }, "geometry": { "type": "LineString", "coordinates": [ [ 411197.231287527247332, 4015619.62361925188452 ], [ 411187.822301893786062, 4015623.362287659663707 ], [ 411173.311820531380363, 4015630.555479084607214 ], [ 411137.590701600012835, 4015648.933175659738481 ], [ 411104.816642459307332, 4015663.91852316306904 ], [ 411066.042339408013504, 4015681.607232333160937 ], [ 411031.266772172122728, 4015697.333846007008106 ], [ 411005.327722991583869, 4015708.807214546017349 ], [ 410973.38680299295811, 4015722.823866722173989 ], [ 410945.304250222863629, 4015733.839029391296208 ], [ 410915.150306820461992, 4015745.115678305737674 ], [ 410893.665381636936218, 4015754.782509565353394 ], [ 410884.902100015780888, 4015759.835828491486609 ], [ 410878.33067437709542, 4015765.306998936459422 ] ] } },
{ "type": "Feature", "properties": { "fid": 10, "id": 10, "length": 200.44294661367471, "line_name": "route09(Terminal-NavvabOffices)" }, "geometry": { "type": "LineString", "coordinates": [ [ 410878.33067437709542, 4015765.306998936459422 ], [ 410869.11886720743496, 4015769.284169740509242 ], [ 410847.40354074514471, 4015781.755457680206746 ], [ 410815.9545702051837, 4015799.450258778873831 ], [ 410789.989069671719335, 4015814.607158794533461 ], [ 410761.116273607301991, 4015830.6746019362472 ], [ 410730.316564870241564, 4015848.44311658013612 ], [ 410713.828976099262945, 4015858.699548125267029 ], [ 410708.352258366649039, 4015861.877999662887305 ], [ 410704.837254410202149, 4015865.156390702351928 ] ] } },
{ "type": "Feature", "properties": { "fid": 11, "id": 11, "length": 357.20455118021107, "line_name": "route09(Terminal-NavvabOffices)" }, "geometry": { "type": "LineString", "coordinates": [ [ 410704.837254410202149, 4015865.156390702351928 ], [ 410697.082189320994075, 4015868.958674665074795 ], [ 410677.621686134079937, 4015880.046280765905976 ], [ 410666.980014341010246, 4015885.199183183256537 ], [ 410637.822739046998322, 4015892.463753476273268 ], [ 410628.510822562093381, 4015894.560887052677572 ], [ 410607.275715309078805, 4015896.940733128692955 ], [ 410580.479402295313776, 4015900.578677114099264 ], [ 410560.670114859181922, 4015902.943972845096141 ], [ 410526.749804328661412, 4015907.135715207085013 ], [ 410489.276575489086099, 4015912.484962863381952 ], [ 410451.866547880228609, 4015917.673609175719321 ], [ 410405.333375074842479, 4015924.397451384924352 ], [ 410367.408269922132604, 4015929.91199875343591 ], [ 410356.62948136968771, 4015932.745059839449823 ] ] } },
{ "type": "Feature", "properties": { "fid": 12, "id": 12, "length": 436.12955778835897, "line_name": "route09(Terminal-NavvabOffices)" }, "geometry": { "type": "LineString", "coordinates": [ [ 410356.62948136968771, 4015932.745059839449823 ], [ 410323.017203648923896, 4015936.93442705925554 ], [ 410276.833040804893244, 4015946.057062466163188 ], [ 410260.652374097378924, 4015948.305542247835547 ], [ 410220.01871435646899, 4015955.129604008980095 ], [ 410197.112873146950733, 4015958.888676714617759 ], [ 410185.83453747065505, 4015958.84507195558399 ], [ 410179.219106483506039, 4015958.43307806039229 ], [ 410152.426433252403513, 4015962.392541166394949 ], [ 410119.026628453284502, 4015966.74062071274966 ], [ 410088.996064367471263, 4015970.973927056416869 ], [ 410046.796453363145702, 4015976.774263503495604 ], [ 410018.05880532215815, 4015980.67421225970611 ], [ 409993.661682498990558, 4015984.369204138871282 ], [ 409964.796119688893668, 4015988.430768182501197 ], [ 409939.166849919594824, 4015992.058618327137083 ], [ 409933.277587217395194, 4015992.920197269879282 ], [ 409925.471060777490493, 4015994.84238263219595 ] ] } },
{ "type": "Feature", "properties": { "fid": 13, "id": 13, "length": 508.97147521079779, "line_name": "route09(Terminal-NavvabOffices)" }, "geometry": { "type": "LineString", "coordinates": [ [ 409925.471060777490493, 4015994.84238263219595 ], [ 409916.193079967983067, 4015995.498914207797498 ], [ 409878.00432187190745, 4016000.538005877751857 ], [ 409856.517863035434857, 4016003.642815610859543 ], [ 409845.420654547691811, 4016008.561296113301069 ], [ 409839.107639642432332, 4016012.309377997647971 ], [ 409824.881307081494015, 4016027.987947542220354 ], [ 409816.60905265819747, 4016042.804206463508308 ], [ 409812.044194291520398, 4016052.618490868248045 ], [ 409807.660512470174581, 4016054.905559680424631 ], [ 409800.689502626657486, 4016057.699816208332777 ], [ 409793.818210803088732, 4016057.610998983494937 ], [ 409789.914788939699065, 4016056.210480818524957 ], [ 409785.220380456652492, 4016053.537263866513968 ], [ 409777.880485224362928, 4016045.767868971452117 ], [ 409766.356308114947751, 4016034.519410202279687 ], [ 409751.184565942152403, 4016021.5475814640522 ], [ 409731.044133414863609, 4016004.46441460493952 ], [ 409714.433201440027915, 4015990.226682223379612 ], [ 409680.30219109589234, 4015961.600640275515616 ], [ 409640.682090510672424, 4015928.708707772661 ], [ 409606.545601779129356, 4015899.602659596130252 ], [ 409573.851339983637445, 4015872.082875888328999 ], [ 409545.474271860090084, 4015848.361020417883992 ], [ 409533.964526643976569, 4015838.553729359991848 ], [ 409524.137847149453592, 4015833.212121042888612 ] ] } },
{ "type": "Feature", "properties": { "fid": 14, "id": 14, "length": 428.90088544288164, "line_name": "route09(Terminal-NavvabOffices)" }, "geometry": { "type": "LineString", "coordinates": [ [ 409524.137847149453592, 4015833.212121042888612 ], [ 409517.231666568666697, 4015825.118195474613458 ], [ 409499.440134711156134, 4015809.61223451513797 ], [ 409495.721814885851927, 4015807.329292078502476 ], [ 409489.092053787084296, 4015805.557001519016922 ], [ 409477.350652184570208, 4015804.63850486651063 ], [ 409470.954489356372505, 4015806.626467992551625 ], [ 409465.606121509103104, 4015809.644264033529907 ], [ 409461.832363178371452, 4015814.486973575782031 ], [ 409460.051036298740655, 4015817.707798409741372 ], [ 409459.843482017167844, 4015822.673485237173736 ], [ 409463.955882468726486, 4015856.574769271537662 ], [ 409469.484470246476121, 4015901.989497983362526 ], [ 409478.995694609824568, 4015981.306877070106566 ], [ 409484.688771617016755, 4016030.082295733503997 ], [ 409486.251633788691834, 4016055.684225576464087 ], [ 409487.103472656337544, 4016087.698110278695822 ], [ 409485.949411374225747, 4016113.808671766426414 ], [ 409484.650743027043063, 4016138.479716261848807 ], [ 409483.263734216743615, 4016154.665650945156813 ], [ 409483.289412976184394, 4016164.912666306365281 ] ] } },
{ "type": "Feature", "properties": { "fid": 15, "id": 15, "length": 431.73508042641868, "line_name": "route09(Terminal-NavvabOffices)" }, "geometry": { "type": "LineString", "coordinates": [ [ 409483.289412976184394, 4016164.912666306365281 ], [ 409481.393283239391167, 4016174.219010066706687 ], [ 409477.724921306362376, 4016195.392230285797268 ], [ 409470.777096380770672, 4016237.734628980513662 ], [ 409465.105463062296622, 4016278.142380462959409 ], [ 409457.362225512741134, 4016331.220711224712431 ], [ 409450.119193967082538, 4016382.532592842821032 ], [ 409448.20552492182469, 4016397.923459208104759 ], [ 409448.75899073947221, 4016401.280084904283285 ], [ 409450.322657208598685, 4016402.064365311991423 ], [ 409460.048457646509632, 4016402.443398093339056 ], [ 409503.880183786794078, 4016404.228553619701415 ], [ 409538.890037353558, 4016405.305164178833365 ], [ 409589.331857779470738, 4016407.021961501333863 ], [ 409600.22746657388052, 4016407.709211092442274 ], [ 409602.312889307271689, 4016408.808319811709225 ], [ 409604.40996581845684, 4016411.028104345314205 ], [ 409605.200947678007651, 4016412.300788979046047 ], [ 409605.628071278741118, 4016415.978964358568192 ], [ 409605.050196986179799, 4016435.198628890328109 ], [ 409604.953210663108621, 4016446.127404061611742 ] ] } },
{ "type": "Feature", "properties": { "fid": 16, "id": 16, "length": 267.94581929731072, "line_name": "route09(Terminal-NavvabOffices)" }, "geometry": { "type": "LineString", "coordinates": [ [ 409604.953210663108621, 4016446.127404061611742 ], [ 409603.150619752239436, 4016501.825725900009274 ], [ 409601.550004469929263, 4016559.80357503797859 ], [ 409600.675452803669032, 4016612.81034975964576 ], [ 409599.803709959087428, 4016641.159566895570606 ], [ 409598.960568318550941, 4016647.332719397265464 ], [ 409598.866066187736578, 4016656.940533391200006 ], [ 409598.329735338746104, 4016673.918180353473872 ], [ 409597.500337302451953, 4016700.105423204600811 ], [ 409597.266242514131591, 4016708.754006796516478 ], [ 409597.43251778773265, 4016713.835892613977194 ] ] } },
{ "type": "Feature", "properties": { "fid": 17, "id": 17, "length": 128.02330464642762, "line_name": "route09(Terminal-NavvabOffices)" }, "geometry": { "type": "LineString", "coordinates": [ [ 409597.43251778773265, 4016713.835892613977194 ], [ 409596.956661972333677, 4016722.607076427899301 ], [ 409596.111458842118736, 4016747.273404208011925 ], [ 409595.36755887552863, 4016769.216743427328765 ], [ 409594.662799266865477, 4016794.922352821100503 ], [ 409593.771134313254151, 4016821.350420136936009 ], [ 409593.341125812323298, 4016836.085371742025018 ], [ 409593.497240298253018, 4016841.747777066193521 ] ] } },
{ "type": "Feature", "properties": { "fid": 18, "id": 18, "length": 242.72849978486909, "line_name": "route09(Terminal-NavvabOffices)" }, "geometry": { "type": "LineString", "coordinates": [ [ 409593.497240298253018, 4016841.747777066193521 ], [ 409592.960100856318604, 4016849.298732123337686 ], [ 409592.426306597073562, 4016866.516529669053853 ], [ 409592.33833734691143, 4016870.520292471162975 ], [ 409592.411466035060585, 4016871.32010130956769 ], [ 409593.130947281431872, 4016871.953072698786855 ], [ 409593.849595748819411, 4016872.505995852872729 ], [ 409597.878131040604785, 4016873.50483169965446 ], [ 409601.338436316524167, 4016875.950604854151607 ], [ 409604.935836298333015, 4016879.115465996321291 ], [ 409607.709127480338793, 4016884.050152698531747 ], [ 409608.652150654233992, 4016887.482793673872948 ], [ 409608.726247054233681, 4016894.607091822195798 ], [ 409608.415971825073939, 4016914.624557465780526 ], [ 409608.2758214714122, 4016926.074159888084978 ], [ 409608.113054560148157, 4016929.118017158471048 ], [ 409606.988258504774421, 4016933.132563821040094 ], [ 409604.832470797991846, 4016937.718232810031623 ], [ 409600.723488446092233, 4016941.443592011928558 ], [ 409597.178569572395645, 4016943.32177572324872 ], [ 409592.718940376362298, 4016944.488963522017002 ], [ 409589.218839931068942, 4016944.445317195728421 ], [ 409584.087049034773372, 4016943.297849947120994 ], [ 409579.392209062119946, 4016940.544700271915644 ], [ 409576.442837076028809, 4016937.37310751574114 ], [ 409574.587589790171478, 4016933.469619018957019 ], [ 409573.637061416811775, 4016929.316546629648656 ], [ 409573.430001050175633, 4016921.873403137084097 ], [ 409573.342386325180996, 4016907.223890098743141 ], [ 409573.904292755294591, 4016886.483290288597345 ], [ 409574.846335354843177, 4016883.591438249219209 ], [ 409576.311789508035872, 4016881.174482407048345 ], [ 409578.544038814376108, 4016877.708808644209057 ], [ 409580.666673523897771, 4016876.165642922278494 ], [ 409585.501823296479415, 4016873.713632147759199 ], [ 409588.861523323925212, 4016872.717997939325869 ], [ 409590.020461137988605, 4016871.985429290216416 ], [ 409590.273006652132608, 4016871.342346522025764 ], [ 409590.548718782665674, 4016866.69617502624169 ], [ 409590.810126762837172, 4016854.444741794839501 ], [ 409590.789993586891796, 4016846.279142069630325 ], [ 409590.85031278320821, 4016841.174883933272213 ] ] } },
{ "type": "Feature", "properties": { "fid": 19, "id": 19, "length": 127.5130974246299, "line_name": "route09(Terminal-NavvabOffices)" }, "geometry": { "type": "LineString", "coordinates": [ [ 409590.85031278320821, 4016841.174883933272213 ], [ 409591.274954029708169, 4016836.827377062756568 ], [ 409591.572023883054499, 4016821.773580299224705 ], [ 409592.813361098698806, 4016791.579198826104403 ], [ 409593.42181676463224, 4016769.076868660748005 ], [ 409594.141565357276704, 4016744.812129128724337 ], [ 409594.828990148380399, 4016723.669947389978915 ], [ 409594.914466887305025, 4016719.426040719728917 ], [ 409594.69375955191208, 4016713.784322503488511 ] ] } },
{ "type": "Feature", "properties": { "fid": 20, "id": 20, "length": 267.24072709916811, "line_name": "route09(Terminal-NavvabOffices)" }, "geometry": { "type": "LineString", "coordinates": [ [ 409594.69375955191208, 4016713.784322503488511 ], [ 409595.065438002464361, 4016709.0170689066872 ], [ 409595.529601460089907, 4016697.564099513459951 ], [ 409596.299186411197297, 4016671.857820107601583 ], [ 409596.751560644595884, 4016653.039736889302731 ], [ 409597.072941894410178, 4016646.551783178467304 ], [ 409596.943196906184312, 4016640.308692489285022 ], [ 409597.447755075874738, 4016614.044773812405765 ], [ 409598.066108720144257, 4016586.258591326419264 ], [ 409598.677675312093925, 4016551.587586197536439 ], [ 409599.243728930130601, 4016525.002804316580296 ], [ 409599.999908896861598, 4016491.77132311835885 ], [ 409600.812709645484574, 4016463.98312432365492 ], [ 409600.922209536540322, 4016455.816181581933051 ], [ 409600.357885414094198, 4016446.735592316836119 ] ] } },
{ "type": "Feature", "properties": { "fid": 21, "id": 21, "length": 859.72188619716928, "line_name": "route09(Terminal-NavvabOffices)" }, "geometry": { "type": "LineString", "coordinates": [ [ 409600.357885414094198, 4016446.735592316836119 ], [ 409601.080439205397852, 4016433.638774839695543 ], [ 409601.522034736932255, 4016413.780071928165853 ], [ 409602.206588007393293, 4016411.051018362399191 ], [ 409604.262873866478913, 4016409.348439229186624 ], [ 409606.261847172921989, 4016408.366968654096127 ], [ 409608.132875241688453, 4016407.546942832879722 ], [ 409609.100792033073958, 4016407.136593126691878 ], [ 409615.257291526300833, 4016407.072575009893626 ], [ 409633.283971370197833, 4016407.925889892503619 ], [ 409660.958307935856283, 4016407.878401200287044 ], [ 409693.375899257720448, 4016408.982574081048369 ], [ 409714.182535736297723, 4016409.16672051884234 ], [ 409737.851405562541913, 4016410.361933929380029 ], [ 409758.957960898289457, 4016408.221424303948879 ], [ 409786.785993250261527, 4016404.249955063685775 ], [ 409834.70202423655428, 4016399.910069173201919 ], [ 409838.646013070479967, 4016398.988534583244473 ], [ 409839.934646274603438, 4016398.254657024051994 ], [ 409840.563602915150113, 4016396.406826309394091 ], [ 409840.250413866364397, 4016391.206380938179791 ], [ 409839.678833317011595, 4016386.088672525249422 ], [ 409835.202526416396722, 4016348.188167339656502 ], [ 409827.507591397734359, 4016293.669234332628548 ], [ 409819.950490585411899, 4016239.949448130559176 ], [ 409811.911395630042534, 4016189.75717039545998 ], [ 409807.692440709855873, 4016157.938331740908325 ], [ 409801.936404436361045, 4016115.40783207770437 ], [ 409800.783207632310223, 4016104.211844795849174 ], [ 409799.507037826464511, 4016093.657588137313724 ], [ 409796.667176009621471, 4016082.3189886668697 ], [ 409787.522697529348079, 4016063.040131526999176 ], [ 409783.408252237015404, 4016053.796239541843534 ], [ 409779.169167108717375, 4016045.033983698114753 ], [ 409767.12154153874144, 4016033.310615479946136 ], [ 409759.538999350974336, 4016027.144889932125807 ], [ 409757.69445980200544, 4016024.281991858966649 ], [ 409757.01314133690903, 4016021.086792063433677 ], [ 409756.954975670552813, 4016015.483419554773718 ], [ 409758.332561522372998, 4016010.825825089588761 ], [ 409760.865064423356671, 4016005.035447597503662 ], [ 409765.747285840916447, 4016000.821817996446043 ], [ 409780.194556694594212, 4015993.947105091996491 ], [ 409795.675461409962736, 4015986.741464813239872 ], [ 409800.969814779993612, 4015984.765169736463577 ], [ 409804.597423036175314, 4015984.567419391591102 ], [ 409811.614997459109873, 4015986.255864985752851 ], [ 409818.803703773126472, 4015991.945380161050707 ], [ 409823.012880427646451, 4015997.825920202769339 ], [ 409826.141944317962043, 4015999.55471280310303 ], [ 409848.45922993356362, 4016001.564846135675907 ], [ 409853.255040219519287, 4016001.51511540170759 ], [ 409883.804703579749912, 4015997.355664256494492 ], [ 409906.32811847620178, 4015994.24017644720152 ], [ 409912.672695240355097, 4015993.533974471967667 ], [ 409922.576367051107809, 4015990.709423772059381 ] ] } },
{ "type": "Feature", "properties": { "fid": 22, "id": 22, "length": 476.74171410676149, "line_name": "route09(Terminal-NavvabOffices)" }, "geometry": { "type": "LineString", "coordinates": [ [ 409922.576367051107809, 4015990.709423772059381 ], [ 409929.235421638935804, 4015990.640429624821991 ], [ 409970.528415488603059, 4015984.928963795304298 ], [ 410012.084005786979105, 4015979.535204443149269 ], [ 410062.438681220286526, 4015972.609591637738049 ], [ 410128.969067549274769, 4015962.955226866062731 ], [ 410178.936715380637906, 4015956.194408550858498 ], [ 410193.814564460597467, 4015953.318780271336436 ], [ 410206.360967467306182, 4015950.627371260896325 ], [ 410245.047075239825062, 4015943.50312587339431 ], [ 410293.321620848146267, 4015935.959884227719158 ], [ 410345.489718809025362, 4015928.857099808752537 ], [ 410380.038160915952176, 4015922.736811267677695 ], [ 410384.312238431477454, 4015922.372526540886611 ], [ 410393.602096158196218, 4015919.714959850069135 ] ] } },
{ "type": "Feature", "properties": { "fid": 23, "id": 23, "length": 321.59946278752034, "line_name": "route09(Terminal-NavvabOffices)" }, "geometry": { "type": "LineString", "coordinates": [ [ 410393.602096158196218, 4015919.714959850069135 ], [ 410403.593900542997289, 4015919.131641154643148 ], [ 410419.777950161718763, 4015917.203621670603752 ], [ 410463.780328292865306, 4015910.185695705469698 ], [ 410518.017631672671996, 4015902.582305453252047 ], [ 410564.223652661370579, 4015895.542211521416903 ], [ 410588.949382259277627, 4015892.245738368015736 ], [ 410626.077307102154009, 4015884.8190040551126 ], [ 410663.950097683002241, 4015874.182514504995197 ], [ 410674.660702887689695, 4015869.429183246102184 ], [ 410699.433936233981512, 4015858.126886688172817 ], [ 410705.52137255697744, 4015852.88070135563612 ] ] } },
{ "type": "Feature", "properties": { "fid": 24, "id": 24, "length": 358.603617122429, "line_name": "route09(Terminal-NavvabOffices)" }, "geometry": { "type": "LineString", "coordinates": [ [ 410705.52137255697744, 4015852.88070135563612 ], [ 410713.865699139074422, 4015849.652783694677055 ], [ 410734.492883740167599, 4015838.55328364064917 ], [ 410789.273621710948646, 4015808.049867094960064 ], [ 410837.342432946432382, 4015780.337559584062546 ], [ 410882.845404036692344, 4015755.213634516112506 ], [ 410893.923799554700963, 4015748.375344003085047 ], [ 410920.248171232291497, 4015736.577461062930524 ], [ 410958.576473878754769, 4015719.693216690327972 ], [ 411005.940674862242304, 4015699.03405632590875 ], [ 411015.101140801794827, 4015694.777362837921828 ], [ 411023.742951223277487, 4015688.924858607817441 ] ] } },
{ "type": "Feature", "properties": { "fid": 25, "id": 25, "length": 373.41200615315336, "line_name": "route09(Terminal-NavvabOffices)" }, "geometry": { "type": "LineString", "coordinates": [ [ 411023.742951223277487, 4015688.924858607817441 ], [ 411032.386770336597692, 4015686.43471235409379 ], [ 411062.45905446348479, 4015673.478131987620145 ], [ 411090.982519691693597, 4015661.177947496529669 ], [ 411122.211747372639365, 4015647.249072041362524 ], [ 411162.969276702904608, 4015626.978554196190089 ], [ 411199.597074442135636, 4015608.511650172527879 ], [ 411236.999489378300495, 4015589.716772076673806 ], [ 411270.916958952730056, 4015572.398636821191758 ], [ 411312.444743888103403, 4015551.320418486371636 ], [ 411349.709854839136824, 4015531.726878293789923 ], [ 411353.319714218727313, 4015529.76872264733538 ], [ 411358.718389163143001, 4015525.250544223468751 ] ] } },
{ "type": "Feature", "properties": { "fid": 26, "id": 26, "length": 281.13686419756317, "line_name": "route09(Terminal-NavvabOffices)" }, "geometry": { "type": "LineString", "coordinates": [ [ 411358.718389163143001, 4015525.250544223468751 ], [ 411366.853437208337709, 4015522.105460678227246 ], [ 411390.714629769965541, 4015510.174040753394365 ], [ 411416.769700724806171, 4015497.259661757852882 ], [ 411465.270161462074611, 4015473.389249650295824 ], [ 411500.598093398555648, 4015454.456552809569985 ], [ 411540.975015364354476, 4015434.832187898922712 ], [ 411583.913680411002133, 4015412.139830245636404 ], [ 411600.868194688868243, 4015403.001149856951088 ], [ 411609.030485601979308, 4015397.734532243106514 ] ] } },
{ "type": "Feature", "properties": { "fid": 27, "id": 27, "length": 323.16759539966199, "line_name": "route09(Terminal-NavvabOffices)" }, "geometry": { "type": "LineString", "coordinates": [ [ 411609.030485601979308, 4015397.734532243106514 ], [ 411616.08256966015324, 4015394.840865966398269 ], [ 411628.912737416045275, 4015388.065795905888081 ], [ 411657.09106652304763, 4015373.529457324184477 ], [ 411700.107332579500508, 4015352.037747477646917 ], [ 411741.386043891776353, 4015331.764735889155418 ], [ 411772.43421770434361, 4015312.556396646425128 ], [ 411804.652413116302341, 4015293.656530333682895 ], [ 411828.689650562009774, 4015273.398725923616439 ], [ 411857.573312754975632, 4015245.246363446116447 ], [ 411873.617709579702932, 4015229.39274444244802 ], [ 411876.844745504145976, 4015223.215732560027391 ] ] } },
{ "type": "Feature", "properties": { "fid": 28, "id": 28, "length": 265.32175084948875, "line_name": "route09(Terminal-NavvabOffices)" }, "geometry": { "type": "LineString", "coordinates": [ [ 411876.844745504145976, 4015223.215732560027391 ], [ 411881.751712046912871, 4015219.703578914515674 ], [ 411906.118208818370476, 4015193.518512169830501 ], [ 411929.146455724840052, 4015169.588643613271415 ], [ 411957.870365890790708, 4015138.396123998332769 ], [ 411987.493786669510882, 4015106.394041853956878 ], [ 412012.244953253655694, 4015079.72506564296782 ], [ 412042.768091285484843, 4015046.913522291462868 ], [ 412052.00593235110864, 4015037.373476679436862 ], [ 412057.776774179656059, 4015029.529664441011846 ] ] } },
{ "type": "Feature", "properties": { "fid": 29, "id": 29, "length": 857.23845073680184, "line_name": "route09(Terminal-NavvabOffices)" }, "geometry": { "type": "LineString", "coordinates": [ [ 412057.776774179656059, 4015029.529664441011846 ], [ 412062.008220182498917, 4015026.504786405712366 ], [ 412084.838042590534315, 4015002.097031421028078 ], [ 412122.154534225526731, 4014961.53173357155174 ], [ 412169.482423219364136, 4014910.938547508325428 ], [ 412208.467154371552169, 4014868.595568436197937 ], [ 412216.78662737988634, 4014857.944197774399072 ], [ 412224.370334066858049, 4014851.463173575699329 ], [ 412235.783266640326474, 4014839.019369507208467 ], [ 412240.785647727432661, 4014833.685194223653525 ], [ 412251.900593663798645, 4014817.40173260262236 ], [ 412260.752049666887615, 4014795.216979044489563 ], [ 412267.887624714756384, 4014770.007418338209391 ], [ 412270.468270839599427, 4014743.082579380366951 ], [ 412270.558862625621259, 4014700.652002087794244 ], [ 412270.612598404637538, 4014693.126199277117848 ], [ 412263.391471703595016, 4014658.454752742312849 ], [ 412254.85454758774722, 4014621.875243732240051 ], [ 412247.512947691953741, 4014600.974651039578021 ], [ 412231.467368204554077, 4014560.785848350729793 ], [ 412213.690393827389926, 4014520.777161838021129 ], [ 412197.272675729356706, 4014486.99915281124413 ], [ 412192.777695152384695, 4014478.398485860787332 ], [ 412171.4118261137628, 4014447.234769145492464 ], [ 412151.425350793171674, 4014419.57713095843792 ], [ 412126.708638968295418, 4014385.722956849262118 ], [ 412096.125559651583899, 4014348.725893319584429 ], [ 412079.862426893319935, 4014330.317276324145496 ], [ 412069.771655848948285, 4014319.691776202525944 ], [ 412060.318231833865866, 4014313.288462060038 ] ] } },
{ "type": "Feature", "properties": { "fid": 30, "id": 30, "length": 238.89871779275182, "line_name": "route09(Terminal-NavvabOffices)" }, "geometry": { "type": "LineString", "coordinates": [ [ 412060.318231833865866, 4014313.288462060038 ], [ 412054.99293470493285, 4014305.010579097084701 ], [ 412038.184324801201001, 4014287.167943216394633 ], [ 412014.91508857277222, 4014262.443562423344702 ], [ 411994.552105606533587, 4014241.977364720311016 ], [ 411964.495440641359892, 4014212.260510244872421 ], [ 411942.873074724106118, 4014190.161493826191872 ], [ 411937.580392597941682, 4014185.514049768447876 ], [ 411916.136950265849009, 4014161.354109774809331 ], [ 411905.376904011180159, 4014149.232252625282854 ], [ 411902.077050309162587, 4014146.125739662442356 ], [ 411895.310370783263352, 4014141.191022443119437 ] ] } },
{ "type": "Feature", "properties": { "fid": 31, "id": 31, "length": 642.72734411228464, "line_name": "route09(Terminal-NavvabOffices)" }, "geometry": { "type": "LineString", "coordinates": [ [ 411895.310370783263352, 4014141.191022443119437 ], [ 411889.194841529126279, 4014131.966218312736601 ], [ 411877.012683974171523, 4014119.72096734168008 ], [ 411858.404130867915228, 4014100.793860838282853 ], [ 411830.347522742347792, 4014072.880723988637328 ], [ 411808.307934209471568, 4014047.526239361613989 ], [ 411806.236010606633499, 4014045.123284291476011 ], [ 411795.884815123106819, 4014030.720347144175321 ], [ 411783.357108958531171, 4014013.195028201676905 ], [ 411765.743743546947371, 4013983.232569124083966 ], [ 411751.035125487484038, 4013952.039836482144892 ], [ 411742.342707726580556, 4013932.892295479308814 ], [ 411740.081864032079466, 4013927.311311571393162 ], [ 411735.52637227269588, 4013909.087011569645256 ], [ 411733.410795402363874, 4013895.997038378380239 ], [ 411723.722065533162095, 4013862.25393423018977 ], [ 411713.428704764344729, 4013825.372511921916157 ], [ 411704.347574835002888, 4013791.898926321882755 ], [ 411689.705572188948281, 4013741.772370000369847 ], [ 411676.142872196214739, 4013695.797792177181691 ], [ 411669.611211308743805, 4013678.251783786807209 ], [ 411650.102241839456838, 4013634.098848715424538 ], [ 411633.995355363062117, 4013605.762488636188209 ], [ 411629.323533471557312, 4013596.865947409532964 ], [ 411623.71339842089219, 4013589.215275259688497 ], [ 411621.13195850251941, 4013585.060837080236524 ], [ 411612.512052237754688, 4013577.542511933483183 ] ] } },
{ "type": "Feature", "properties": { "fid": 32, "id": 32, "length": 387.20456195218833, "line_name": "route09(Terminal-NavvabOffices)" }, "geometry": { "type": "LineString", "coordinates": [ [ 411612.512052237754688, 4013577.542511933483183 ], [ 411609.2973795265425, 4013568.849635330960155 ], [ 411604.893406574323308, 4013561.867197059094906 ], [ 411575.146196801040787, 4013519.361787230242044 ], [ 411558.647189917392097, 4013493.951587680261582 ], [ 411535.644770451355726, 4013460.201656818389893 ], [ 411529.469601644319482, 4013451.195834826678038 ], [ 411515.288435975613538, 4013428.466301643289626 ], [ 411512.334534159395844, 4013423.830813314765692 ], [ 411502.777194222435355, 4013403.135732908267528 ], [ 411500.268927634519059, 4013397.695155811496079 ], [ 411492.708614590519574, 4013368.31144475704059 ], [ 411488.640956582501531, 4013332.790206708014011 ], [ 411484.007617625291459, 4013288.406257761176676 ], [ 411480.2714126642677, 4013246.174698285292834 ], [ 411476.049410163832363, 4013225.160770066548139 ] ] } },
{ "type": "Feature", "properties": { "fid": 33, "id": 33, "length": 184.1562489815135, "line_name": "route09(Terminal-NavvabOffices)" }, "geometry": { "type": "LineString", "coordinates": [ [ 411476.049410163832363, 4013225.160770066548139 ], [ 411476.654888629447669, 4013215.71015553874895 ], [ 411475.775077039026655, 4013196.145415937528014 ], [ 411473.827546748914756, 4013167.224988541100174 ], [ 411475.343424468941521, 4013152.657125147990882 ], [ 411477.104787314485293, 4013145.216280067805201 ], [ 411478.485540629015304, 4013142.858330083545297 ], [ 411482.34761444356991, 4013140.097139257006347 ], [ 411486.227603975043166, 4013139.09699958562851 ], [ 411490.379939001053572, 4013139.374987205956131 ], [ 411494.287611332663801, 4013141.09647289570421 ], [ 411497.590952327067498, 4013147.147129607386887 ], [ 411498.286555412341841, 4013162.412999295629561 ], [ 411499.546742555627134, 4013181.133282319642603 ], [ 411502.71515516290674, 4013204.735321525018662 ], [ 411505.678095123614185, 4013223.600634942296892 ] ] } },
{ "type": "Feature", "properties": { "fid": 1, "id": 1, "length": null, "line_name": "route13(Bazar-Saadat blv)" }, "geometry": { "type": "LineString", "coordinates": [ [ 410023.428138530987781, 4014368.375962712336332 ], [ 410043.535136903286912, 4014365.364426267333329 ], [ 410048.444142576656304, 4014364.926351700443774 ], [ 410073.907278952072375, 4014360.531786090228707 ], [ 410138.597210192470811, 4014348.244014174677432 ], [ 410211.213121902605053, 4014334.06747486256063 ], [ 410269.22930790646933, 4014323.398807128891349 ], [ 410317.540054753189906, 4014314.379819021560252 ], [ 410368.665298384032212, 4014304.557486045639962 ], [ 410379.799120998883154, 4014300.950184561312199 ] ] } },
{ "type": "Feature", "properties": { "fid": 2, "id": 2, "length": null, "line_name": "route13(Bazar-Saadat blv)" }, "geometry": { "type": "LineString", "coordinates": [ [ 410379.799120998883154, 4014300.950184561312199 ], [ 410388.800231441855431, 4014300.476961922366172 ], [ 410424.904785151244141, 4014293.908175894524902 ], [ 410435.336809255939443, 4014291.735117730218917 ], [ 410446.217537337739486, 4014292.526806407142431 ], [ 410447.99061003717361, 4014292.121245174668729 ], [ 410449.136485309689306, 4014291.722141290549189 ], [ 410450.894939924764913, 4014289.896605470683426 ], [ 410451.094703253998887, 4014288.990832606330514 ], [ 410449.04478651820682, 4014282.815024225506932 ], [ 410434.908817128918599, 4014250.168571839574724 ], [ 410409.952915559872054, 4014192.200411476194859 ], [ 410402.093045988818631, 4014139.607614126056433 ], [ 410398.809729211614467, 4014105.042009796947241 ], [ 410400.906400445965119, 4014064.998696187976748 ], [ 410408.717881100135855, 4013991.071727095171809 ], [ 410415.780953777371906, 4013925.67323435517028 ], [ 410421.532146438548807, 4013875.005923039745539 ], [ 410421.899789045855869, 4013870.096251484937966 ], [ 410424.227072347479407, 4013862.584357248619199 ], [ 410428.765610706759617, 4013856.598923850804567 ], [ 410431.883149155008141, 4013854.759395025670528 ], [ 410437.219912412809208, 4013855.220860960893333 ], [ 410459.347885127412155, 4013861.835502779111266 ], [ 410517.360598776431289, 4013880.991247270721942 ], [ 410565.535171287716366, 4013919.484734182711691 ], [ 410603.383781575947069, 4013950.209348300471902 ], [ 410624.568126833532006, 4013966.774966172408313 ], [ 410641.651812276337296, 4013991.257987687829882 ], [ 410642.153471833618823, 4014060.451613210141659 ], [ 410641.999646761221811, 4014106.542682364117354 ], [ 410640.230076125240885, 4014148.002672493923455 ], [ 410639.269183116441127, 4014196.942288235761225 ], [ 410637.718011108925566, 4014239.303757686167955 ], [ 410637.666523594059981, 4014244.468376376200467 ], [ 410637.40199100621976, 4014249.247877028770745 ], [ 410637.732831179804634, 4014250.922807428520173 ], [ 410638.279368678689934, 4014253.241033177357167 ], [ 410639.229451741441153, 4014254.134988610167056 ], [ 410641.952622894488741, 4014254.623422783333808 ], [ 410647.897762746899389, 4014253.271329625044018 ], [ 410661.531889675708953, 4014248.644238624721766 ] ] } },
{ "type": "Feature", "properties": { "fid": 3, "id": 3, "length": null, "line_name": "route13(Bazar-Saadat blv)" }, "geometry": { "type": "LineString", "coordinates": [ [ 410661.531889675708953, 4014248.644238624721766 ], [ 410670.320730908366386, 4014248.006041998043656 ], [ 410723.509552453062497, 4014235.453480057418346 ], [ 410797.766666602517944, 4014218.037495189346373 ], [ 410812.157909718633164, 4014214.533273140899837 ], [ 410819.189078362251166, 4014211.664308159612119 ] ] } },
{ "type": "Feature", "properties": { "fid": 4, "id": 4, "length": null, "line_name": "route13(Bazar-Saadat blv)" }, "geometry": { "type": "LineString", "coordinates": [ [ 410819.189078362251166, 4014211.664308159612119 ], [ 410831.351102860760875, 4014210.334339301567525 ], [ 410870.044529545877595, 4014201.287943608593196 ], [ 410940.75860769598512, 4014184.942317305598408 ], [ 410999.679052534746006, 4014170.525359157472849 ], [ 411078.208606667234562, 4014151.647967578377575 ], [ 411134.22229100234108, 4014139.198178344871849 ], [ 411201.596151652280241, 4014123.276131488382816 ], [ 411256.038198977301363, 4014110.455874740611762 ], [ 411288.99619797145715, 4014102.760900899302214 ], [ 411302.765862154541537, 4014099.780248596798629 ], [ 411305.993286719312891, 4014098.456322329118848 ], [ 411315.952322919212747, 4014090.866875608917326 ], [ 411359.443509296048433, 4014080.611860391218215 ], [ 411374.05345747951651, 4014078.010066216345876 ], [ 411378.64380448666634, 4014077.059587845113128 ], [ 411389.223051051492803, 4014072.525690652895719 ] ] } },
{ "type": "Feature", "properties": { "fid": 5, "id": 5, "length": null, "line_name": "route13(Bazar-Saadat blv)" }, "geometry": { "type": "LineString", "coordinates": [ [ 411389.223051051492803, 4014072.525690652895719 ], [ 411402.110341920866631, 4014071.527378344442695 ], [ 411463.858635404496454, 4014057.472115294542164 ], [ 411518.416476293699816, 4014045.685160512570292 ], [ 411544.70564095210284, 4014040.124631606973708 ], [ 411556.63714765367331, 4014041.423437282443047 ], [ 411569.366880805289838, 4014038.97019265871495 ], [ 411599.516046821605414, 4014032.595982681494206 ], [ 411606.61267475708155, 4014031.361954228486866 ], [ 411607.971640075498726, 4014031.348145763855428 ], [ 411609.13202694489155, 4014032.369169480632991 ], [ 411610.306841428566258, 4014034.810166347306222 ], [ 411604.594906580052339, 4014059.139341255649924 ], [ 411609.806614246859681, 4014109.048777933232486 ], [ 411614.316305517626461, 4014151.606549913994968 ], [ 411619.723484028421808, 4014189.894847416784614 ], [ 411623.196171559393406, 4014212.710585482418537 ], [ 411626.204423783754464, 4014220.684335083235055 ], [ 411624.369027264881879, 4014242.026634687557817 ] ] } },
{ "type": "Feature", "properties": { "fid": 6, "id": 6, "length": null, "line_name": "route13(Bazar-Saadat blv)" }, "geometry": { "type": "LineString", "coordinates": [ [ 411624.369027264881879, 4014242.026634687557817 ], [ 411620.90586574387271, 4014254.821047132834792 ], [ 411617.302691903081723, 4014270.608079390600324 ], [ 411600.943857591890264, 4014317.121871047653258 ], [ 411584.718166196485981, 4014356.146440763026476 ], [ 411566.555089221161325, 4014399.967513621784747 ], [ 411548.513799019274302, 4014445.465718766208738 ], [ 411533.196551120432559, 4014481.253620263654739 ], [ 411514.690221940109041, 4014522.108972068876028 ], [ 411506.675875782093499, 4014556.402518772054464 ], [ 411502.833019899728242, 4014579.421762447338551 ], [ 411502.106734801782295, 4014593.286429575644433 ] ] } },
{ "type": "Feature", "properties": { "fid": 7, "id": 7, "length": null, "line_name": "route13(Bazar-Saadat blv)" }, "geometry": { "type": "LineString", "coordinates": [ [ 411502.106734801782295, 4014593.286429575644433 ], [ 411499.634436138148885, 4014604.112778801936656 ], [ 411498.521396791446023, 4014607.738958816044033 ], [ 411497.335354876995552, 4014614.464328560512513 ], [ 411492.969161032582633, 4014647.687959783244878 ], [ 411486.444532784633338, 4014705.075629870407283 ], [ 411481.150099056190811, 4014749.798797315452248 ], [ 411477.810928154794965, 4014781.20456601632759 ], [ 411476.750480813090689, 4014789.994294998701662 ], [ 411476.889033232757356, 4014813.876753292512149 ], [ 411478.696789861016441, 4014827.155858503188938 ], [ 411483.978866189718246, 4014842.852540177758783 ], [ 411490.257573997077998, 4014853.762307974975556 ], [ 411514.554654018895235, 4014878.689952971413732 ], [ 411540.018443838867825, 4014905.284121087286621 ], [ 411569.543771947734058, 4014950.944153201300651 ], [ 411578.232926712196786, 4014962.474980617407709 ], [ 411584.971966638520826, 4014970.3250543018803 ] ] } },
{ "type": "Feature", "properties": { "fid": 8, "id": 8, "length": null, "line_name": "route13(Bazar-Saadat blv)" }, "geometry": { "type": "LineString", "coordinates": [ [ 411584.971966638520826, 4014970.3250543018803 ], [ 411591.078564687166363, 4014981.838780980091542 ], [ 411609.012156854383647, 4015008.122390150092542 ], [ 411644.221715719788335, 4015057.727049416862428 ], [ 411669.610603526525665, 4015097.619841111358255 ], [ 411695.796118312340695, 4015133.631554262246937 ], [ 411716.553813566104509, 4015160.144899746868759 ], [ 411733.927375206374563, 4015182.819582824595273 ], [ 411753.08819574280642, 4015206.508976793847978 ], [ 411764.843349195376504, 4015221.494619504548609 ], [ 411772.411646999942604, 4015228.69090638589114 ] ] } },
{ "type": "Feature", "properties": { "fid": 9, "id": 9, "length": null, "line_name": "route13(Bazar-Saadat blv)" }, "geometry": { "type": "LineString", "coordinates": [ [ 411772.411646999942604, 4015228.69090638589114 ], [ 411778.81567338120658, 4015238.652516209986061 ], [ 411799.263237131177448, 4015265.556501030921936 ], [ 411868.645663981209509, 4015366.068937155418098 ], [ 411891.934364910353906, 4015400.044938750099391 ], [ 411907.557645770080853, 4015425.448826133273542 ], [ 411915.653056400187779, 4015434.834623639471829 ] ] } },
{ "type": "Feature", "properties": { "fid": 10, "id": 10, "length": null, "line_name": "route13(Bazar-Saadat blv)" }, "geometry": { "type": "LineString", "coordinates": [ [ 411915.653056400187779, 4015434.834623639471829 ], [ 411922.636014907388017, 4015448.663526796735823 ], [ 411926.687485271017067, 4015456.497706037946045 ], [ 411952.314370393636636, 4015499.487311766948551 ], [ 411978.146122980338987, 4015542.087608799338341 ], [ 411997.170948645449243, 4015573.137697731610388 ], [ 412008.947409869346302, 4015590.318169311154634 ], [ 412028.126201426435728, 4015615.944483319763094 ], [ 412031.61704482260393, 4015620.040425270795822 ], [ 412048.945803686568979, 4015638.455793479457498 ], [ 412060.793952379666734, 4015652.408058532979339 ], [ 412070.267516416031867, 4015660.70558288693428 ] ] } },
{ "type": "Feature", "properties": { "fid": 11, "id": 11, "length": null, "line_name": "route13(Bazar-Saadat blv)" }, "geometry": { "type": "LineString", "coordinates": [ [ 412070.267516416031867, 4015660.70558288693428 ], [ 412079.334310058446135, 4015671.779494415037334 ], [ 412081.457263008924201, 4015674.985574566759169 ], [ 412090.020944732590578, 4015684.58162575494498 ], [ 412094.132300753088202, 4015688.025808066129684 ], [ 412097.90400422149105, 4015688.89138812199235 ], [ 412102.08463458577171, 4015688.849122365936637 ], [ 412104.688393526535947, 4015687.919086341746151 ], [ 412108.226270271698013, 4015686.334098630119115 ], [ 412111.647888380277436, 4015683.588370542041957 ], [ 412124.485347730806097, 4015660.994883549865335 ], [ 412149.162260811892338, 4015620.465725519228727 ], [ 412187.232370712212287, 4015560.565197437535971 ], [ 412209.154367191775236, 4015526.648248610086739 ], [ 412235.792140206322074, 4015473.189388976432383 ], [ 412247.050744753854815, 4015449.450128619093448 ], [ 412248.069875361514278, 4015446.857807611115277 ], [ 412248.293540459009819, 4015437.947526930365711 ], [ 412251.032172344624996, 4015429.657374745234847 ], [ 412275.215614015818574, 4015376.352529767900705 ], [ 412281.338326912547927, 4015361.573160972911865 ], [ 412299.323093990446068, 4015299.939319404773414 ], [ 412311.21206127962796, 4015235.010352065786719 ], [ 412319.923125832225196, 4015186.63847277732566 ], [ 412322.745506101404317, 4015145.168368968646973 ], [ 412326.676919868099503, 4015110.01307102618739 ], [ 412327.516034152940847, 4015068.821173732634634 ], [ 412319.606720748124644, 4014989.374283934477717 ], [ 412309.115009409317281, 4014923.380017993506044 ], [ 412303.252751599065959, 4014881.093787142075598 ], [ 412302.936960535706021, 4014870.51063601160422 ], [ 412301.824015431920998, 4014863.808572969399393 ], [ 412299.046467980428133, 4014857.897906093392521 ], [ 412293.559057782753371, 4014852.789178129751235 ], [ 412288.688380848441739, 4014846.641420228406787 ], [ 412286.545786435599439, 4014841.498963282443583 ], [ 412285.029043422604445, 4014836.221092952415347 ], [ 412282.964930780231953, 4014828.495812245644629 ], [ 412283.104977814189624, 4014821.652012224774808 ], [ 412283.035972830257379, 4014814.810320768039674 ], [ 412283.622769106470514, 4014810.802251290995628 ], [ 412286.436237309593707, 4014799.542032308410853 ], [ 412289.730309307633433, 4014794.473846491426229 ], [ 412295.531720098340884, 4014789.251274997368455 ], [ 412304.795531778188888, 4014785.28481069020927 ], [ 412312.007865385967307, 4014785.212089220993221 ], [ 412321.763974306755699, 4014788.599472485482693 ], [ 412330.097043988469522, 4014796.003361633047462 ], [ 412333.684774683206342, 4014799.323838573880494 ], [ 412340.379232324077748, 4014810.100896832998842 ], [ 412343.55621547519695, 4014824.52825738536194 ], [ 412343.741408861009404, 4014832.530691625084728 ], [ 412342.588583195873071, 4014842.612238061148673 ], [ 412339.35305249778321, 4014853.48938725842163 ], [ 412338.240572290145792, 4014867.572678858414292 ], [ 412338.820020828978159, 4014883.575441203545779 ], [ 412339.318795307830442, 4014891.574715341906995 ], [ 412344.051051243790425, 4014925.480748535133898 ], [ 412349.041764752240852, 4014964.290042769629508 ], [ 412356.627734350506216, 4015022.051128838211298 ], [ 412363.081227275310084, 4015071.173824697267264 ], [ 412369.595341065200046, 4015136.691828778479248 ], [ 412373.24742646375671, 4015187.908394147641957 ], [ 412375.658235242124647, 4015240.428488697391003 ], [ 412377.920739152934402, 4015278.23248767433688 ], [ 412377.951884067850187, 4015312.444125492591411 ], [ 412375.040021025692113, 4015334.67896224046126 ], [ 412368.617436818021815, 4015361.209537958726287 ], [ 412358.703260463022161, 4015404.30033398559317 ], [ 412351.962024141452275, 4015430.317732585594058 ], [ 412341.626859121664893, 4015452.36921519273892 ], [ 412333.739016222360078, 4015468.328254696447402 ], [ 412311.930018001934513, 4015503.147441125009209 ], [ 412292.706791427277494, 4015535.229467884171754 ], [ 412269.316047889878973, 4015568.644610193558037 ], [ 412247.060840370249934, 4015600.628241567872465 ], [ 412216.945964719867334, 4015640.953803737647831 ], [ 412194.263951950473711, 4015672.038180833682418 ], [ 412165.68731347238645, 4015709.379061159677804 ], [ 412116.781124442699365, 4015772.616795021109283 ], [ 412110.749164558830671, 4015785.975266905035824 ], [ 412108.749627183075063, 4015789.803986999671906 ], [ 412096.197942588129081, 4015804.454850456677377 ], [ 412055.078493899374735, 4015852.057457227725536 ], [ 412044.843940031365491, 4015863.263760459143668 ], [ 412043.614589684759267, 4015865.729134919121861 ], [ 412040.127703861508053, 4015882.676769647747278 ], [ 412039.537164172448684, 4015896.625756896100938 ], [ 412041.965722671360709, 4015919.710438831243664 ], [ 412045.785552495333832, 4015956.336753872223198 ], [ 412048.858099772885907, 4015991.421408001799136 ], [ 412051.213484394073021, 4016007.277123461011797 ], [ 412053.867992542567663, 4016032.037850892636925 ], [ 412055.720390934031457, 4016049.835186295211315 ], [ 412057.74515605031047, 4016058.464871092699468 ] ] } },
{ "type": "Feature", "properties": { "fid": 12, "id": 12, "length": null, "line_name": "route13(Bazar-Saadat blv)" }, "geometry": { "type": "LineString", "coordinates": [ [ 412057.74515605031047, 4016058.464871092699468 ], [ 412057.677294378634542, 4016067.631465187296271 ], [ 412062.599580680194777, 4016109.927127692848444 ], [ 412067.453878123080358, 4016155.838338316418231 ], [ 412070.272884531470481, 4016186.536102443002164 ], [ 412073.653593154856935, 4016221.101247459184378 ], [ 412077.437953866727185, 4016254.242189894430339 ], [ 412080.557376252661925, 4016283.645901253446937 ], [ 412081.488754561345559, 4016293.060929348692298 ], [ 412083.656272807857022, 4016302.033449005801231 ] ] } },
{ "type": "Feature", "properties": { "fid": 13, "id": 13, "length": null, "line_name": "route13(Bazar-Saadat blv)" }, "geometry": { "type": "LineString", "coordinates": [ [ 412083.656272807857022, 4016302.033449005801231 ], [ 412083.995528507744893, 4016313.562799005769193 ], [ 412088.87836276734015, 4016362.313985757995397 ], [ 412092.797158367407974, 4016398.422926103230566 ], [ 412093.569178762030788, 4016402.417282055597752 ], [ 412095.251737291633617, 4016403.433082844596356 ], [ 412100.895124413538724, 4016403.376014089211822 ], [ 412105.091074836731423, 4016404.882809416390955 ], [ 412110.782754196028691, 4016409.602034222334623 ], [ 412113.996277704893146, 4016417.315665089059621 ], [ 412113.544222937489394, 4016424.291745947208256 ], [ 412111.600358615396544, 4016428.442665564827621 ], [ 412106.118928142765071, 4016434.178580256178975 ], [ 412100.376275846734643, 4016434.753058203496039 ], [ 412095.985685139836278, 4016434.668356405105442 ], [ 412092.017038008605596, 4016434.96669573104009 ], [ 412073.375569015101064, 4016451.938510778360069 ], [ 412057.409545756818261, 4016464.752032977063209 ], [ 412045.593777946196496, 4016474.554241688922048 ], [ 412008.955251535167918, 4016499.841761145275086 ], [ 411977.604897011129651, 4016520.944620586931705 ], [ 411974.69442261866061, 4016522.523320175241679 ], [ 411967.228840866242535, 4016528.408523633144796 ], [ 411964.014005973993335, 4016530.894024395383894 ], [ 411961.435359212686308, 4016534.276797560974956 ], [ 411959.384472534118686, 4016538.17063444852829 ], [ 411958.50145423336653, 4016543.860072307754308 ], [ 411957.464344027626794, 4016554.973360820673406 ], [ 411957.135237416368909, 4016563.755639672279358 ], [ 411958.017044253996573, 4016568.265282480977476 ], [ 411959.638231654244009, 4016573.542049 ], [ 411971.906031138729304, 4016598.076305040158331 ], [ 411992.897371912840754, 4016637.756296143867075 ], [ 412013.356859752151649, 4016676.538003894034773 ], [ 412031.279344260052312, 4016712.505187071859837 ], [ 412050.764005661243573, 4016747.940188424661756 ], [ 412073.333937871502712, 4016788.766307295300066 ], [ 412076.957542480202392, 4016795.701164477970451 ], [ 412084.032646972918883, 4016805.95809736661613 ] ] } },
{ "type": "Feature", "properties": { "fid": 14, "id": 14, "length": null, "line_name": "route13(Bazar-Saadat blv)" }, "geometry": { "type": "LineString", "coordinates": [ [ 412084.032646972918883, 4016805.95809736661613 ], [ 412088.133994854753837, 4016815.728040197398514 ], [ 412109.002838041284122, 4016853.73120587784797 ], [ 412127.006897713406943, 4016887.503013126552105 ], [ 412136.469343808363192, 4016903.416009212844074 ], [ 412141.997361849236768, 4016912.655477215535939 ], [ 412162.782250021176878, 4016942.39707687497139 ], [ 412173.814689942053519, 4016958.552447960246354 ], [ 412185.319874013832305, 4016980.125344594474882 ], [ 412206.177486598142423, 4017017.096026069950312 ], [ 412216.849129152018577, 4017038.935586703941226 ], [ 412237.719510434078984, 4017077.197231503669173 ], [ 412257.547334142494947, 4017115.727653760928661 ], [ 412276.565315859974362, 4017146.520166310481727 ], [ 412293.950556948955636, 4017170.874090664088726 ], [ 412297.86518181511201, 4017175.611361296847463 ], [ 412304.027829020866193, 4017183.025088328402489 ] ] } },
{ "type": "Feature", "properties": { "fid": 15, "id": 15, "length": null, "line_name": "route13(Bazar-Saadat blv)" }, "geometry": { "type": "LineString", "coordinates": [ [ 412304.027829020866193, 4017183.025088328402489 ], [ 412311.641379607492127, 4017194.450351736042649 ], [ 412317.159917786542792, 4017202.786305465269834 ], [ 412341.654328091768548, 4017237.784066762775183 ], [ 412379.151318858494051, 4017287.497519283089787 ], [ 412406.697755371453241, 4017324.659416319336742 ], [ 412437.433460068248678, 4017367.211546143051237 ], [ 412461.460842221800704, 4017397.437555561307818 ], [ 412467.868390856776386, 4017403.763893797062337 ] ] } },
{ "type": "Feature", "properties": { "fid": 16, "id": 16, "length": null, "line_name": "route13(Bazar-Saadat blv)" }, "geometry": { "type": "LineString", "coordinates": [ [ 412467.868390856776386, 4017403.763893797062337 ], [ 412474.817065358511172, 4017416.151919523719698 ], [ 412492.074635147466324, 4017438.312769354786724 ], [ 412499.323510624351911, 4017447.276917425449938 ], [ 412501.983318764192518, 4017451.962360034231097 ], [ 412502.269902208587155, 4017454.476964871864766 ], [ 412501.660483822226524, 4017456.22597953537479 ], [ 412493.363980151596479, 4017462.570976895280182 ], [ 412491.067054644343443, 4017462.787761617917567 ], [ 412488.282353744376451, 4017461.266581180971116 ], [ 412475.626894702203572, 4017444.675324059091508 ], [ 412461.647647387348115, 4017426.354541981127113 ], [ 412452.892768593912479, 4017417.943854572251439 ] ] } },
{ "type": "Feature", "properties": { "fid": 17, "id": 17, "length": null, "line_name": "route13(Bazar-Saadat blv)" }, "geometry": { "type": "LineString", "coordinates": [ [ 412452.892768593912479, 4017417.943854572251439 ], [ 412448.526412950421218, 4017410.219871869776398 ], [ 412443.854493388731498, 4017402.90812564920634 ], [ 412400.949692659487482, 4017345.373695208225399 ], [ 412357.836641720496118, 4017287.970667747780681 ], [ 412309.131271912367083, 4017225.331086075399071 ], [ 412301.178034677461255, 4017213.9212567191571 ], [ 412268.720951440627687, 4017166.610183223616332 ], [ 412255.998722445569001, 4017148.664330754894763 ], [ 412253.88138723524753, 4017145.974564692005515 ], [ 412246.574667420412879, 4017136.129329802468419 ] ] } },
{ "type": "Feature", "properties": { "fid": 18, "id": 18, "length": null, "line_name": "route13(Bazar-Saadat blv)" }, "geometry": { "type": "LineString", "coordinates": [ [ 412246.574667420412879, 4017136.129329802468419 ], [ 412242.718753342400305, 4017127.23837064485997 ], [ 412240.897957560198847, 4017122.867285382468253 ], [ 412222.38273515959736, 4017090.133236791938543 ], [ 412208.821876845089719, 4017061.609545423649251 ], [ 412203.082581692025997, 4017041.785797504708171 ], [ 412195.489656140329316, 4017024.691925572231412 ], [ 412182.908247141633183, 4017000.031440257560462 ], [ 412155.728278574708384, 4016957.960628677159548 ], [ 412135.173284001590218, 4016930.282355460338295 ], [ 412124.752080351579934, 4016912.571625079959631 ], [ 412099.852324195147958, 4016868.67049305466935 ], [ 412097.723124231328256, 4016864.818963593337685 ], [ 412092.930459079099819, 4016855.959390771109611 ], [ 412081.02047531446442, 4016838.802026820834726 ] ] } },
{ "type": "Feature", "properties": { "fid": 19, "id": 19, "length": null, "line_name": "route13(Bazar-Saadat blv)" }, "geometry": { "type": "LineString", "coordinates": [ [ 412081.02047531446442, 4016838.802026820834726 ], [ 412075.695591278374195, 4016825.923830502200872 ], [ 412068.124442668864504, 4016811.024578904267401 ], [ 412046.837311818613671, 4016773.025738643016666 ], [ 412027.329167470452376, 4016735.267145017627627 ], [ 412003.767383032827638, 4016689.416196905076504 ], [ 411986.615483801579103, 4016657.314328244421631 ], [ 411969.763901058933698, 4016623.918428301811218 ], [ 411949.803087847365532, 4016582.807926822919399 ], [ 411924.648070029972587, 4016534.520379011984915 ], [ 411908.872485023341142, 4016504.212138385511935 ], [ 411892.666991463047452, 4016472.74636299861595 ], [ 411881.357683411275502, 4016450.009925157763064 ], [ 411873.56902858230751, 4016434.338424647692591 ], [ 411864.400812895153649, 4016416.615284171421081 ], [ 411855.95824771921616, 4016404.802309744991362 ] ] } },
{ "type": "Feature", "properties": { "fid": 20, "id": 20, "length": null, "line_name": "route13(Bazar-Saadat blv)" }, "geometry": { "type": "LineString", "coordinates": [ [ 411855.95824771921616, 4016404.802309744991362 ], [ 411852.246140514267609, 4016392.983738361857831 ], [ 411823.338005882746074, 4016335.4391710604541 ], [ 411799.230629215133376, 4016287.528643067460507 ], [ 411770.111486619338393, 4016229.85728059289977 ], [ 411743.040568635624368, 4016178.362117882352322 ], [ 411731.210581434657797, 4016155.889353778678924 ], [ 411720.4793869330897, 4016138.698634724132717 ], [ 411706.759297442971729, 4016125.669553565792739 ], [ 411692.56906552228611, 4016117.809355349745601 ], [ 411685.322419339150656, 4016114.397212733514607 ], [ 411675.021346533088945, 4016108.692269994877279 ], [ 411670.075235940050334, 4016105.385868360754102 ], [ 411656.928734383545816, 4016097.386019473895431 ], [ 411648.274871431756765, 4016089.211426984518766 ], [ 411642.339594169345219, 4016081.138313211034983 ], [ 411638.814625146274921, 4016073.686214903369546 ], [ 411636.660106606781483, 4016067.382107536774129 ], [ 411634.479342184611596, 4016058.496223954483867 ], [ 411633.194563974568155, 4016045.211759460158646 ], [ 411634.955056523671374, 4016033.316464903298765 ], [ 411640.971676316694357, 4016018.537663970142603 ], [ 411643.427482152474113, 4016013.348617513198406 ], [ 411651.78668987180572, 4016002.80638803774491 ], [ 411662.676510081626475, 4015994.433189454954118 ], [ 411667.972529385006055, 4015991.022721246816218 ], [ 411679.940288990386762, 4015985.866146417800337 ], [ 411695.912311481661163, 4015983.896468235179782 ], [ 411712.331230730516836, 4015984.762527928687632 ], [ 411726.070838542713318, 4015989.39978507719934 ], [ 411732.7989410108421, 4015993.204534732736647 ], [ 411759.383032958488911, 4015996.678624368272722 ], [ 411771.62798385793576, 4015998.232672866433859 ], [ 411793.136522980697919, 4015995.948782321531326 ], [ 411836.677283849101514, 4015981.17678721062839 ], [ 411875.60524471430108, 4015965.031649137847126 ], [ 411897.215638756635599, 4015952.16061936179176 ], [ 411915.868347880488727, 4015936.221163159236312 ], [ 411921.050830622029025, 4015931.908289413433522 ], [ 411940.142509414523374, 4015907.701912065967917 ], [ 411952.595114239200484, 4015888.468691443558782 ], [ 411967.264782435202505, 4015871.40777497086674 ], [ 411988.862445909006055, 4015846.917935950681567 ], [ 412000.651593741320539, 4015834.404810420237482 ], [ 412006.668985860189423, 4015829.954438620246947 ], [ 412020.907740538998041, 4015811.606961781624705 ], [ 412061.2557795070461, 4015760.074390083551407 ], [ 412071.3702992729377, 4015747.320102905388921 ], [ 412074.048526406753808, 4015743.419959655031562 ], [ 412079.180292777833529, 4015734.072725009638816 ], [ 412082.198267496773042, 4015722.423033901955932 ], [ 412083.389795821392909, 4015716.214093273505569 ], [ 412081.124568774190266, 4015698.937342932447791 ], [ 412069.957825015822891, 4015685.171813514083624 ], [ 412068.257502878317609, 4015682.413318466860801 ], [ 412061.568633086339105, 4015676.95143818994984 ] ] } },
{ "type": "Feature", "properties": { "fid": 21, "id": 21, "length": null, "line_name": "route13(Bazar-Saadat blv)" }, "geometry": { "type": "LineString", "coordinates": [ [ 412061.568633086339105, 4015676.95143818994984 ], [ 412056.410711151082069, 4015668.590132312383503 ], [ 412035.555935504380614, 4015642.593409884255379 ], [ 412031.005572008201852, 4015637.088065201416612 ], [ 412007.799022791848984, 4015605.951123782433569 ], [ 411997.952227197412867, 4015593.527894197031856 ], [ 411970.756761672440916, 4015550.424940993078053 ], [ 411951.091614446486346, 4015518.090371617581695 ], [ 411927.803404651815072, 4015478.950138921383768 ], [ 411925.249199760495685, 4015474.457443153019994 ], [ 411914.519281423650682, 4015461.35503935534507 ] ] } },
{ "type": "Feature", "properties": { "fid": 22, "id": 22, "length": null, "line_name": "route13(Bazar-Saadat blv)" }, "geometry": { "type": "LineString", "coordinates": [ [ 411914.519281423650682, 4015461.35503935534507 ], [ 411909.957919044303708, 4015450.857589716091752 ], [ 411904.201433982816525, 4015439.813143777661026 ], [ 411893.034679277334362, 4015420.948302899952978 ], [ 411870.813471785048023, 4015389.15621260041371 ], [ 411846.718512808321975, 4015352.993705595377833 ], [ 411820.952341800439171, 4015316.977310683112592 ], [ 411811.354373238340486, 4015298.225761980749667 ], [ 411797.893025031895377, 4015279.900715524796396 ], [ 411783.911635348864365, 4015261.839168393518776 ], [ 411774.80523223959608, 4015252.539723838679492 ] ] } },
{ "type": "Feature", "properties": { "fid": 23, "id": 23, "length": null, "line_name": "route13(Bazar-Saadat blv)" }, "geometry": { "type": "LineString", "coordinates": [ [ 411774.80523223959608, 4015252.539723838679492 ], [ 411769.823047675425187, 4015243.520526321604848 ], [ 411743.244965290301479, 4015209.965524190105498 ], [ 411716.141449456685223, 4015176.157729492988437 ], [ 411702.265560917032417, 4015158.224337626248598 ], [ 411681.281728038215078, 4015130.034996004775167 ], [ 411656.984112813894171, 4015094.649655447341502 ], [ 411637.143183213251177, 4015065.803294073790312 ], [ 411616.672358313575387, 4015036.705173252150416 ], [ 411611.579121970746201, 4015029.269023976754397 ], [ 411608.505945125245489, 4015025.168996484950185 ], [ 411599.664101691625547, 4015015.372146404348314 ] ] } },
{ "type": "Feature", "properties": { "fid": 24, "id": 24, "length": null, "line_name": "route13(Bazar-Saadat blv)" }, "geometry": { "type": "LineString", "coordinates": [ [ 411599.664101691625547, 4015015.372146404348314 ], [ 411594.928738278336823, 4015005.812608952168375 ], [ 411585.057070258189924, 4014991.066238681785762 ], [ 411571.673057666397654, 4014970.158697435166687 ], [ 411550.445177482150029, 4014938.615483984351158 ], [ 411530.39187515625963, 4014909.513308410067111 ], [ 411493.747198597586248, 4014873.092093570623547 ], [ 411458.925159052363597, 4014841.171040440909564 ], [ 411421.397008780157194, 4014810.439600278623402 ], [ 411395.876713274570648, 4014788.623115196358413 ], [ 411367.741798985516652, 4014766.704245178028941 ], [ 411361.737712247122545, 4014762.246863785199821 ], [ 411352.139128102920949, 4014756.890469469595701 ] ] } },
{ "type": "Feature", "properties": { "fid": 25, "id": 25, "length": null, "line_name": "route13(Bazar-Saadat blv)" }, "geometry": { "type": "LineString", "coordinates": [ [ 411352.139128102920949, 4014756.890469469595701 ], [ 411343.610360552731436, 4014747.843100470956415 ], [ 411299.231808918528259, 4014711.759715078398585 ], [ 411273.837832261342555, 4014692.1370206521824 ], [ 411248.969869376101997, 4014683.095399346202612 ], [ 411235.462037315301131, 4014680.909411698579788 ], [ 411214.691259688115679, 4014684.090769563335925 ], [ 411188.824986898689531, 4014689.9062495729886 ], [ 411169.219873534282669, 4014694.625039481092244 ], [ 411155.964455974346492, 4014699.720443531405181 ] ] } },
{ "type": "Feature", "properties": { "fid": 26, "id": 26, "length": null, "line_name": "route13(Bazar-Saadat blv)" }, "geometry": { "type": "LineString", "coordinates": [ [ 411155.964455974346492, 4014699.720443531405181 ], [ 411142.422140076290816, 4014701.353887772653252 ], [ 411105.40843173750909, 4014710.89837593678385 ], [ 411043.783052577928174, 4014726.24611299764365 ], [ 410971.428556458558887, 4014745.318976713810116 ], [ 410923.680627466063015, 4014758.072590748779476 ], [ 410897.196840553195216, 4014764.798990750219673 ], [ 410885.574861018103547, 4014769.447739543393254 ] ] } },
{ "type": "Feature", "properties": { "fid": 27, "id": 27, "length": null, "line_name": "route13(Bazar-Saadat blv)" }, "geometry": { "type": "LineString", "coordinates": [ [ 410885.574861018103547, 4014769.447739543393254 ], [ 410871.243665258050896, 4014772.294648338109255 ], [ 410845.584264098783024, 4014777.850839315447956 ], [ 410816.814236419217195, 4014785.891947259195149 ], [ 410771.457605696981773, 4014797.330866474658251 ], [ 410702.742785797221586, 4014814.43212505010888 ], [ 410663.120806965278462, 4014824.392612817697227 ], [ 410620.154070218210109, 4014834.387657904997468 ], [ 410592.534207086544484, 4014842.417699319776148 ], [ 410587.739269816200249, 4014843.758018338587135 ], [ 410573.95291816117242, 4014847.999102574307472 ] ] } },
{ "type": "Feature", "properties": { "fid": 28, "id": 28, "length": null, "line_name": "route13(Bazar-Saadat blv)" }, "geometry": { "type": "LineString", "coordinates": [ [ 410573.95291816117242, 4014847.999102574307472 ], [ 410560.410473608935717, 4014849.590430367272347 ], [ 410541.938548552803695, 4014852.620670266915113 ], [ 410520.553185036056675, 4014856.971948997117579 ], [ 410484.240543439867906, 4014863.413449756335467 ], [ 410475.202588051266503, 4014868.928783796727657 ], [ 410459.547613161033951, 4014871.413793814368546 ], [ 410394.814667315338738, 4014879.181147187948227 ], [ 410336.441926283761859, 4014885.334179670549929 ], [ 410252.051666674902663, 4014892.659778277389705 ], [ 410198.997902906558011, 4014897.596926758531481 ], [ 410143.424903879349586, 4014901.527608791831881 ], [ 410110.416139347827993, 4014903.934367218986154 ], [ 410063.928922990220599, 4014906.997037339955568 ], [ 410029.143257079587784, 4014909.422481211367995 ], [ 410006.573741395259276, 4014910.430616949684918 ], [ 410002.959593135747127, 4014909.693400954827666 ], [ 410000.340441422420554, 4014909.139543445315212 ], [ 409995.455952862044796, 4014906.866245120763779 ], [ 409994.441583456005901, 4014904.811100641731173 ], [ 409992.581814313190989, 4014896.825983561109751 ], [ 409990.415302056237124, 4014884.45455132657662 ], [ 409989.717336097266525, 4014877.619334470946342 ], [ 409985.988014802103862, 4014863.704423498827964 ] ] } },
{ "type": "Feature", "properties": { "fid": 29, "id": 29, "length": null, "line_name": "route13(Bazar-Saadat blv)" }, "geometry": { "type": "LineString", "coordinates": [ [ 409985.988014802103862, 4014863.704423498827964 ], [ 409984.695439446950331, 4014854.497385384980589 ], [ 409984.443631292146165, 4014850.368706862442195 ], [ 409974.795001093065366, 4014806.960985653568059 ], [ 409968.419744625804015, 4014776.816961077973247 ], [ 409961.588918410358019, 4014743.062783699948341 ], [ 409954.672227155941073, 4014711.116937757469714 ], [ 409947.42319229018176, 4014677.367101623211056 ], [ 409940.084280918817967, 4014645.038331185933203 ], [ 409931.964154278743081, 4014607.940859690308571 ], [ 409923.421835051092785, 4014570.460460375528783 ], [ 409917.503151462296955, 4014544.055721284355968 ], [ 409911.580423911043908, 4014517.26372027490288 ], [ 409908.101743494626135, 4014504.38949006376788 ], [ 409907.430436168913729, 4014500.136057165451348 ], [ 409904.348472323443275, 4014485.19207744859159 ], [ 409902.463139587896876, 4014474.754294895101339 ], [ 409899.157814947946463, 4014458.651522246655077 ] ] } },
{ "type": "Feature", "properties": { "fid": 30, "id": 30, "length": null, "line_name": "route13(Bazar-Saadat blv)" }, "geometry": { "type": "LineString", "coordinates": [ [ 409899.157814947946463, 4014458.651522246655077 ], [ 409898.338752288429532, 4014450.009317017160356 ], [ 409897.067221795616206, 4014438.274151445366442 ], [ 409894.371254086727276, 4014420.227714526001364 ], [ 409893.244365285965614, 4014412.364129471126944 ], [ 409892.747339502617251, 4014404.752224803902209 ], [ 409892.711233064881526, 4014401.266828612424433 ], [ 409893.304991889744997, 4014398.033112674951553 ], [ 409894.417398561083246, 4014394.406716255936772 ], [ 409896.27757590636611, 4014392.321805081795901 ], [ 409899.929504799016286, 4014391.638462882954627 ], [ 409903.585445551085286, 4014391.342388463206589 ], [ 409913.189006884931587, 4014389.951893586665392 ], [ 409936.771774985245429, 4014385.705499993637204 ], [ 409975.168710259604268, 4014378.465578421484679 ], [ 410002.298946248542052, 4014373.537136793136597 ], [ 410013.559027306153439, 4014370.580383996944875 ], [ 410023.428138530987781, 4014368.375962712336332 ] ] } },
{ "type": "Feature", "properties": { "fid": 1, "id": 1, "length": 1289.155444615508, "line_name": "route14(Beheshti-Isfahan)" }, "geometry": { "type": "LineString", "coordinates": [ [ 412083.995679890736938, 4014297.098639413248748 ], [ 412087.356246665702201, 4014301.904424310661852 ], [ 412091.480466486886144, 4014306.558814649004489 ], [ 412101.076843775168527, 4014317.354786037001759 ], [ 412105.114199772942811, 4014328.933135081082582 ], [ 412105.611919382528868, 4014335.512288808822632 ], [ 412106.773651612340473, 4014337.969618529081345 ], [ 412108.845286711817607, 4014341.240777215454727 ], [ 412122.14437313284725, 4014357.663691552821547 ], [ 412138.455809673352633, 4014377.348287999629974 ], [ 412154.617132799176034, 4014401.585261679254472 ], [ 412192.191970839630812, 4014457.752367586828768 ], [ 412207.463264225516468, 4014479.28728505037725 ], [ 412223.977118983922992, 4014499.647773715667427 ], [ 412229.705760508833919, 4014507.917017770931125 ], [ 412251.992527538910508, 4014556.49255633726716 ], [ 412275.431290689622983, 4014610.478796880226582 ], [ 412292.73673160438193, 4014678.276267126668245 ], [ 412307.288625667104498, 4014737.387174884323031 ], [ 412310.776461931876838, 4014756.717251636087894 ], [ 412313.570747325487901, 4014769.47013946948573 ], [ 412323.151888786931522, 4014786.608611831441522 ], [ 412327.76125656242948, 4014792.759022905491292 ], [ 412333.789531699498184, 4014799.669743254315108 ], [ 412341.283549304469489, 4014811.987962080165744 ], [ 412343.582036547886673, 4014822.22837446257472 ], [ 412343.685472873214167, 4014832.49091116944328 ], [ 412342.544357245846186, 4014843.734254250302911 ], [ 412339.349379493622109, 4014853.44908004347235 ], [ 412334.082977782469243, 4014859.892695828340948 ], [ 412328.626611802726984, 4014863.046138282865286 ], [ 412317.359317843220197, 4014865.28990678396076 ], [ 412307.78741468366934, 4014864.611807696521282 ], [ 412299.109377003856935, 4014859.277045622933656 ], [ 412293.086971388256643, 4014852.947247304953635 ], [ 412288.320820035238285, 4014846.798435471951962 ], [ 412286.073048563092016, 4014841.592488565016538 ], [ 412283.619661342352629, 4014831.547304058913141 ], [ 412283.520060099835973, 4014821.672032312490046 ], [ 412283.906450834940188, 4014813.341078842524439 ], [ 412288.428517504129559, 4014795.285791737958789 ], [ 412289.444027250399813, 4014787.1421466935426 ], [ 412289.362009333446622, 4014779.009570532012731 ], [ 412288.989845026168041, 4014773.203750107437372 ], [ 412277.124809189059306, 4014716.195943902712315 ], [ 412263.223287383327261, 4014659.402350099757314 ], [ 412254.671585123462137, 4014619.983523737639189 ], [ 412233.8982101167785, 4014565.970439128577709 ], [ 412211.291910361382179, 4014516.817211800720543 ], [ 412195.74465696682455, 4014483.472275962587446 ], [ 412193.19292694091564, 4014479.237682254519314 ], [ 412168.514222030120436, 4014442.305584034882486 ], [ 412144.031224519072566, 4014409.244623935781419 ], [ 412120.034086303785443, 4014377.728039865382016 ], [ 412096.689406807243358, 4014348.72240674123168 ], [ 412077.497662220150232, 4014327.227300374768674 ], [ 412070.680959350545891, 4014319.937412370927632 ], [ 412060.318231833865866, 4014313.288462060038 ] ] } },
{ "type": "Feature", "properties": { "fid": 2, "id": 2, "length": 238.92961925971989, "line_name": "route14(Beheshti-Isfahan)" }, "geometry": { "type": "LineString", "coordinates": [ [ 412060.318231833865866, 4014313.288462060038 ], [ 412054.282009083661251, 4014303.255435233935714 ], [ 412032.571485650143586, 4014280.81762757897377 ], [ 412002.152649644820485, 4014250.140907015651464 ], [ 411952.88034661335405, 4014200.483502935152501 ], [ 411940.046210367814638, 4014187.445047130808234 ], [ 411918.633023934322409, 4014163.455280796159059 ], [ 411908.166491191310342, 4014151.942116677295417 ], [ 411895.310370783263352, 4014141.191022443119437 ] ] } },
{ "type": "Feature", "properties": { "fid": 3, "id": 3, "length": 430.4882034272473, "line_name": "route14(Beheshti-Isfahan)" }, "geometry": { "type": "LineString", "coordinates": [ [ 411895.310370783263352, 4014141.191022443119437 ], [ 411886.687478911597282, 4014129.211833199486136 ], [ 411876.6226763134473, 4014118.662898654583842 ], [ 411852.459219290234614, 4014094.120191561989486 ], [ 411832.897861864184961, 4014074.953175222501159 ], [ 411820.057474586647004, 4014061.333994073793292 ], [ 411812.279901816276833, 4014052.117513790261 ], [ 411806.885773106303532, 4014045.97531694592908 ], [ 411804.596910207998008, 4014044.49771475000307 ], [ 411798.88922847120557, 4014042.231752618215978 ], [ 411787.855556291877292, 4014036.679292950313538 ], [ 411766.685862495563924, 4014025.178004742600024 ], [ 411749.257970664883032, 4014019.254731341265142 ], [ 411734.647706308111083, 4014016.69182348344475 ], [ 411727.025033114361577, 4014015.026295622810721 ], [ 411723.255843714403454, 4014014.483585364650935 ], [ 411713.866275022388436, 4014016.418571984861046 ], [ 411678.343539712601341, 4014023.847475387621671 ], [ 411662.543714774248656, 4014027.687302630860358 ], [ 411626.705489253625274, 4014034.925970581825823 ], [ 411577.421581649687141, 4014046.174499873071909 ], [ 411539.247196009499021, 4014054.986500502098352 ], [ 411529.547053876915015, 4014057.215325857978314 ], [ 411518.42007338127587, 4014060.814244042616338 ] ] } },
{ "type": "Feature", "properties": { "fid": 4, "id": 4, "length": 358.15950122281089, "line_name": "route14(Beheshti-Isfahan)" }, "geometry": { "type": "LineString", "coordinates": [ [ 411518.42007338127587, 4014060.814244042616338 ], [ 411502.478201858117245, 4014063.203415292780846 ], [ 411489.567553613160271, 4014065.852252929471433 ], [ 411446.690229461644776, 4014074.80934352055192 ], [ 411404.438226986851078, 4014083.566626614890993 ], [ 411360.779025897500105, 4014092.725761745590717 ], [ 411349.040531909209676, 4014094.975561121478677 ], [ 411328.779000150098, 4014099.539257810916752 ], [ 411321.111466193222441, 4014101.166641343850642 ], [ 411316.807292670127936, 4014101.985131289809942 ], [ 411310.449881170585286, 4014101.372160019353032 ], [ 411309.343379643920343, 4014100.512003288604319 ], [ 411306.967650657810736, 4014098.212390678934753 ], [ 411305.45236062357435, 4014095.710352791938931 ], [ 411304.725031693640631, 4014093.587586841080338 ], [ 411305.213625937700272, 4014087.676192108076066 ], [ 411306.302780366211664, 4014079.144360359292477 ], [ 411309.744829100323841, 4014055.289962883107364 ], [ 411311.77425257046707, 4014039.00243153097108 ], [ 411312.662761778978165, 4014033.861572282854468 ], [ 411312.656279065762646, 4014025.534565242007375 ], [ 411312.707471145666204, 4014015.173615298699588 ], [ 411312.944091679586563, 4014007.618741541635245 ], [ 411313.78128109453246, 4013997.443431763444096 ], [ 411315.135705355438404, 4013984.164403763134032 ], [ 411317.19378258427605, 4013970.684550348669291 ], [ 411318.23541689227568, 4013958.449596249498427 ] ] } },
{ "type": "Feature", "properties": { "fid": 5, "id": 5, "length": 279.24162788929812, "line_name": "route14(Beheshti-Isfahan)" }, "geometry": { "type": "LineString", "coordinates": [ [ 411318.23541689227568, 4013958.449596249498427 ], [ 411319.966807946912013, 4013950.419560566078871 ], [ 411321.075737459468655, 4013943.824060134124011 ], [ 411321.293181201443076, 4013942.078968110028654 ], [ 411327.692496910807677, 4013923.713546546176076 ], [ 411333.780202426190954, 4013905.544959737919271 ], [ 411337.069635067135096, 4013897.474842782597989 ], [ 411338.823571567481849, 4013892.615647344384342 ], [ 411339.807291826116852, 4013889.119871427305043 ], [ 411339.255964464275166, 4013881.185725250747055 ], [ 411339.915219814283773, 4013876.628165777307004 ], [ 411344.025668628397398, 4013864.482976511586457 ], [ 411353.885655780904926, 4013831.75200795289129 ], [ 411359.709193834278267, 4013818.427456265315413 ], [ 411371.228120173676871, 4013794.587637412361801 ], [ 411378.780548294249456, 4013766.237400511279702 ], [ 411384.526766524126288, 4013737.615090942941606 ], [ 411386.262028822733555, 4013730.916397273540497 ], [ 411387.620062186382711, 4013725.673941681161523 ], [ 411390.20299028273439, 4013717.51422004122287 ], [ 411393.904806070611812, 4013703.727175359614193 ], [ 411396.244220292079262, 4013691.86632810626179 ] ] } },
{ "type": "Feature", "properties": { "fid": 6, "id": 6, "length": 300.49093085611838, "line_name": "route14(Beheshti-Isfahan)" }, "geometry": { "type": "LineString", "coordinates": [ [ 411396.244220292079262, 4013691.86632810626179 ], [ 411400.411981576937251, 4013680.51940751215443 ], [ 411404.073409812059253, 4013662.762899906374514 ], [ 411410.259138980822172, 4013638.783805144950747 ], [ 411415.738268279237673, 4013614.715084631927311 ], [ 411420.715902384486981, 4013595.2991389548406 ], [ 411424.893730383482762, 4013574.342118461150676 ], [ 411427.834278074849863, 4013562.789850133936852 ], [ 411429.64801978727337, 4013556.090369979385287 ], [ 411435.545470217592083, 4013526.885614868719131 ], [ 411437.859352836851031, 4013507.690451723989099 ], [ 411442.849066006776411, 4013474.040934954769909 ], [ 411445.049525497073773, 4013459.107287926133722 ], [ 411447.270831141679082, 4013430.811400501988828 ], [ 411448.360306357149966, 4013414.58190778689459 ], [ 411448.828855381929316, 4013406.685796222649515 ], [ 411448.603158269717824, 4013397.029670324642211 ] ] } },
{ "type": "Feature", "properties": { "fid": 7, "id": 7, "length": 145.71534812590971, "line_name": "route14(Beheshti-Isfahan)" }, "geometry": { "type": "LineString", "coordinates": [ [ 411448.603158269717824, 4013397.029670324642211 ], [ 411449.552979581581894, 4013385.376642341725528 ], [ 411450.545418141817208, 4013359.610749527346343 ], [ 411450.374551739776507, 4013335.115438243374228 ], [ 411449.872318791400176, 4013308.880627036094666 ], [ 411450.01648705615662, 4013292.225040012504905 ], [ 411450.13701103173662, 4013273.245863469317555 ], [ 411450.180524580762722, 4013262.110399217810482 ], [ 411449.180245966068469, 4013251.469688647426665 ] ] } },
{ "type": "Feature", "properties": { "fid": 8, "id": 8, "length": 181.47452194776028, "line_name": "route14(Beheshti-Isfahan)" }, "geometry": { "type": "LineString", "coordinates": [ [ 411449.180245966068469, 4013251.469688647426665 ], [ 411449.570739893242717, 4013240.717998794745654 ], [ 411448.70840324042365, 4013225.331397685222328 ], [ 411448.093689656176139, 4013203.454917234834284 ], [ 411447.431108519085683, 4013184.580538712907583 ], [ 411446.571311211795546, 4013161.738291075453162 ], [ 411446.260791645327117, 4013146.63655491406098 ], [ 411446.115384397329763, 4013140.053849247749895 ], [ 411445.852567469293717, 4013137.345388668123633 ], [ 411440.662317275709938, 4013128.199714824091643 ], [ 411434.65585811517667, 4013123.613185111898929 ], [ 411420.327081295545213, 4013118.046283103059977 ], [ 411403.256887137016747, 4013112.797793977428228 ], [ 411387.557051455893088, 4013110.246518592350185 ] ] } },
{ "type": "Feature", "properties": { "fid": 9, "id": 9, "length": 347.66435038312983, "line_name": "route14(Beheshti-Isfahan)" }, "geometry": { "type": "LineString", "coordinates": [ [ 411387.557051455893088, 4013110.246518592350185 ], [ 411377.788891141593922, 4013106.860249200370163 ], [ 411347.451530657708645, 4013100.197774259839207 ], [ 411328.113273508904967, 4013095.553494773805141 ], [ 411325.050337825436145, 4013095.100575063377619 ], [ 411309.153762501606252, 4013097.295932779554278 ], [ 411278.916006698389538, 4013100.412135692313313 ], [ 411238.110659262398258, 4013105.379104478750378 ], [ 411195.578352096141316, 4013110.170237126760185 ], [ 411162.443446717807092, 4013113.703719130251557 ], [ 411115.9152600550442, 4013118.826517669949681 ], [ 411076.751735641155392, 4013123.293346148915589 ], [ 411062.888976546179038, 4013124.984241868369281 ], [ 411053.019199252361432, 4013126.053385666571558 ], [ 411043.792939265840687, 4013127.74533366272226 ] ] } },
{ "type": "Feature", "properties": { "fid": 10, "id": 10, "length": 423.10094417467815, "line_name": "route14(Beheshti-Isfahan)" }, "geometry": { "type": "LineString", "coordinates": [ [ 411043.792939265840687, 4013127.74533366272226 ], [ 411033.434491451829672, 4013127.996471132151783 ], [ 411003.046034379221965, 4013131.696137528866529 ], [ 410972.026357747672591, 4013135.01506313495338 ], [ 410946.962889720278326, 4013137.982663451693952 ], [ 410922.210103402554523, 4013140.656676786020398 ], [ 410894.566075286595151, 4013144.328630958218127 ], [ 410866.366256489243824, 4013147.328581556212157 ], [ 410839.81207074818667, 4013150.214935905765742 ], [ 410808.715088016644586, 4013153.632065834477544 ], [ 410783.652708348177839, 4013156.696954924613237 ], [ 410766.030344144674018, 4013158.814179623499513 ], [ 410738.846952951396815, 4013161.513643398415297 ], [ 410722.866246397490613, 4013163.129983824677765 ], [ 410699.684758764691651, 4013166.078992614056915 ], [ 410679.943377342890017, 4013168.024486238136888 ], [ 410667.020671701582614, 4013169.609540981706232 ], [ 410652.310451265715528, 4013172.762193116825074 ], [ 410646.046618975291494, 4013173.697950285859406 ], [ 410640.568873686192092, 4013174.819292502943426 ], [ 410631.958718146954197, 4013176.360114296432585 ], [ 410624.230320291651879, 4013178.811740007251501 ] ] } },
{ "type": "Feature", "properties": { "fid": 11, "id": 11, "length": 426.95631838921793, "line_name": "route14(Beheshti-Isfahan)" }, "geometry": { "type": "LineString", "coordinates": [ [ 410624.230320291651879, 4013178.811740007251501 ], [ 410612.701752538094297, 4013179.656357964035124 ], [ 410602.827104558586143, 4013180.241933041717857 ], [ 410576.984740042011254, 4013183.702741072513163 ], [ 410553.644535784784239, 4013186.460119858849794 ], [ 410548.002027417707723, 4013186.808602139353752 ], [ 410543.145606393751223, 4013187.342659822665155 ], [ 410538.993877200002316, 4013187.772648751270026 ], [ 410535.62226303841453, 4013187.807312781456858 ], [ 410533.420820794824976, 4013187.248987462837249 ], [ 410532.150339577463455, 4013185.712825162801892 ], [ 410532.135407999739982, 4013184.260580299887806 ], [ 410533.037273393303622, 4013172.825773792807013 ], [ 410534.889787553576753, 4013154.700161432847381 ], [ 410536.07222892640857, 4013132.41789760068059 ], [ 410537.798574188200291, 4013109.645910350140184 ], [ 410537.998968023050111, 4013106.254921042360365 ], [ 410541.50233302032575, 4013096.148943889886141 ], [ 410541.952889766660519, 4013094.207781172823161 ], [ 410542.822716168360785, 4013072.025561404880136 ], [ 410545.046648491406813, 4013059.512076135259122 ], [ 410546.112338713137433, 4013048.753375722561032 ], [ 410546.965477593068499, 4013032.574574835598469 ], [ 410549.934519054368138, 4013008.627902482636273 ], [ 410554.424834726029076, 4012972.465454345103353 ], [ 410557.283669375581667, 4012945.421472186688334 ], [ 410560.73300537711475, 4012914.788842840120196 ], [ 410563.289181264815852, 4012888.813068300951272 ], [ 410564.095997678232379, 4012883.382492351345718 ], [ 410563.436859026260208, 4012880.290818251669407 ], [ 410563.414969250792637, 4012878.160860144533217 ], [ 410564.079886773484759, 4012874.184140151832253 ], [ 410564.868795939953998, 4012867.010871464852244 ], [ 410564.43135863984935, 4012854.590227187145501 ] ] } },
{ "type": "Feature", "properties": { "fid": 12, "id": 12, "length": 635.3702034013827, "line_name": "route14(Beheshti-Isfahan)" }, "geometry": { "type": "LineString", "coordinates": [ [ 410564.43135863984935, 4012854.590227187145501 ], [ 410567.533264564233832, 4012843.938782852143049 ], [ 410569.475304487277754, 4012826.877362641040236 ], [ 410573.512438120902516, 4012800.014939371496439 ], [ 410576.949971422203816, 4012768.220530189108104 ], [ 410580.929295778274536, 4012728.093481073155999 ], [ 410586.084046684438363, 4012695.506825595162809 ], [ 410587.485225313866977, 4012679.22558379592374 ], [ 410588.886167929333169, 4012651.470409505534917 ], [ 410590.085855282261036, 4012634.658694066572934 ], [ 410592.883446041494608, 4012609.261423079296947 ], [ 410598.444675139791798, 4012570.425302897579968 ], [ 410600.352696522371843, 4012557.673026487231255 ], [ 410601.861335189023521, 4012551.847943716216832 ], [ 410604.465515247255098, 4012530.519378469791263 ], [ 410610.068845500005409, 4012480.499388439580798 ], [ 410610.898472664353903, 4012469.646308040712029 ], [ 410615.628504023887217, 4012426.219493832904845 ], [ 410620.507471338147298, 4012382.016545807011425 ], [ 410624.497184686071705, 4012342.85770895332098 ], [ 410629.308664077194408, 4012292.07127240113914 ], [ 410633.11778195615625, 4012250.590468276292086 ], [ 410634.431895917048678, 4012241.087990668602288 ], [ 410633.774156936211511, 4012223.811234075576067 ] ] } },
{ "type": "Feature", "properties": { "fid": 13, "id": 13, "length": 353.05404265942775, "line_name": "route14(Beheshti-Isfahan)" }, "geometry": { "type": "LineString", "coordinates": [ [ 410633.774156936211511, 4012223.811234075576067 ], [ 410636.403360852738842, 4012211.58411708008498 ], [ 410637.447545542381704, 4012206.344772621057928 ], [ 410639.067294315143954, 4012188.415264276321977 ], [ 410646.946985575545114, 4012115.617772705852985 ], [ 410650.242229596362449, 4012085.180471416562796 ], [ 410655.558366410085, 4012037.68099403521046 ], [ 410660.954060582793318, 4011997.926815710961819 ], [ 410665.426646834472194, 4011959.924991718027741 ], [ 410668.821386556082871, 4011939.169320103246719 ], [ 410672.144615066878032, 4011911.442889463156462 ], [ 410673.321863910474349, 4011903.878356290049851 ], [ 410676.174711871542968, 4011891.455314300488681 ], [ 410677.210025837412104, 4011885.344633189495653 ], [ 410678.926403082441539, 4011873.94993004668504 ] ] } },
{ "type": "Feature", "properties": { "fid": 14, "id": 14, "length": 195.96987466734376, "line_name": "route14(Beheshti-Isfahan)" }, "geometry": { "type": "LineString", "coordinates": [ [ 410678.926403082441539, 4011873.94993004668504 ], [ 410682.103007755242288, 4011861.547775838058442 ], [ 410685.069071551959496, 4011852.512497595511377 ], [ 410689.852205766539555, 4011837.116455958690494 ], [ 410694.662154082325287, 4011820.509813963901252 ], [ 410699.221976262284443, 4011806.277985647786409 ], [ 410704.360034987796098, 4011787.247327784076333 ], [ 410712.32377342460677, 4011756.955843526404351 ], [ 410718.652118946076371, 4011731.61928129568696 ], [ 410720.839006194844842, 4011723.076141610741615 ], [ 410727.189246015797835, 4011699.869541838299483 ], [ 410729.692197348223999, 4011684.860010673757643 ] ] } },
{ "type": "Feature", "properties": { "fid": 15, "id": 15, "length": 557.76466110796389, "line_name": "route14(Beheshti-Isfahan)" }, "geometry": { "type": "LineString", "coordinates": [ [ 410729.692197348223999, 4011684.860010673757643 ], [ 410731.666299398930278, 4011677.553591823671013 ], [ 410732.186473045265302, 4011674.740296355448663 ], [ 410731.612690700800158, 4011664.676247915718704 ], [ 410729.912190415663645, 4011651.815791028551757 ], [ 410722.460953293659259, 4011636.496821447275579 ], [ 410707.697418768831994, 4011619.413152534049004 ], [ 410703.564768773736432, 4011614.130094265099615 ], [ 410701.030381693970412, 4011611.735432399436831 ], [ 410687.085803806025069, 4011605.681591615546495 ], [ 410656.042739305412397, 4011591.960293889045715 ], [ 410579.701858284824993, 4011558.854840228799731 ], [ 410526.364839383109938, 4011535.680367563851178 ], [ 410484.846983158495277, 4011517.806961574126035 ], [ 410477.840307676058728, 4011515.26469274610281 ], [ 410470.76416336587863, 4011513.59458076255396 ], [ 410462.748910578666255, 4011512.127784878481179 ], [ 410456.157249290961772, 4011511.808270856272429 ], [ 410445.324675740092061, 4011510.951424885541201 ], [ 410436.701936368597671, 4011511.427428213879466 ], [ 410427.616617587744258, 4011512.682809882797301 ], [ 410422.470467762905173, 4011515.640545667149127 ], [ 410417.018591977830511, 4011519.376041087321937 ], [ 410411.737517362111248, 4011524.465351446066052 ], [ 410405.852963339188136, 4011531.884707853663713 ], [ 410403.389208002074156, 4011536.364074083045125 ], [ 410396.962964284000918, 4011552.11607841681689 ], [ 410381.216140182572417, 4011591.976965040434152 ], [ 410359.148378687328659, 4011642.553869234398007 ], [ 410352.708343021047767, 4011656.950486018322408 ], [ 410349.484342349052895, 4011671.77165685640648 ] ] } },
{ "type": "Feature", "properties": { "fid": 16, "id": 16, "length": 370.81975540389612, "line_name": "route14(Beheshti-Isfahan)" }, "geometry": { "type": "LineString", "coordinates": [ [ 410349.484342349052895, 4011671.77165685640648 ], [ 410341.249926258518826, 4011686.697359560523182 ], [ 410335.326362135005184, 4011705.542687559034675 ], [ 410332.430049916845746, 4011713.705935982987285 ], [ 410330.38841743778903, 4011721.085771192330867 ], [ 410327.405435742752161, 4011743.677049449644983 ], [ 410325.414676108164713, 4011755.994509527925402 ], [ 410325.440605052572209, 4011758.511729182675481 ], [ 410325.811139312165324, 4011764.027018025983125 ], [ 410328.619831283052918, 4011793.046011805534363 ], [ 410329.799515595543198, 4011800.973626926075667 ], [ 410335.281582553347107, 4011853.493908082600683 ], [ 410337.226237630995456, 4011874.775692235212773 ], [ 410330.820331343275029, 4011892.464083625469357 ], [ 410329.915176732756663, 4011895.959158743266016 ], [ 410333.494800339452922, 4011938.913224133662879 ], [ 410337.50702642131364, 4011978.183432176243514 ], [ 410336.506865960778669, 4011987.682725309859961 ], [ 410338.070728491467889, 4012017.682815600186586 ], [ 410338.62900406238623, 4012026.197792799212039 ], [ 410339.810603667225223, 4012035.933004920836538 ] ] } },
{ "type": "Feature", "properties": { "fid": 17, "id": 17, "length": 191.9395556106586, "line_name": "route14(Beheshti-Isfahan)" }, "geometry": { "type": "LineString", "coordinates": [ [ 410339.810603667225223, 4012035.933004920836538 ], [ 410338.665803120762575, 4012048.806389997247607 ], [ 410338.00190718570957, 4012052.879939235281199 ], [ 410337.300478719349485, 4012060.923759791068733 ], [ 410336.63069249514956, 4012087.267455060500652 ], [ 410335.884756766958162, 4012098.60383437667042 ], [ 410331.932973212562501, 4012118.493965975940228 ], [ 410326.265339552832302, 4012146.92250612936914 ], [ 410325.145905652374495, 4012152.453147342428565 ], [ 410322.652834630105644, 4012161.677346331998706 ], [ 410317.141718280036002, 4012182.454991615843028 ], [ 410311.454839208570775, 4012201.394749640487134 ], [ 410308.34941495640669, 4012212.077661128249019 ], [ 410305.866207511164248, 4012224.003536372911185 ] ] } },
{ "type": "Feature", "properties": { "fid": 18, "id": 18, "length": 192.56058283434021, "line_name": "route14(Beheshti-Isfahan)" }, "geometry": { "type": "LineString", "coordinates": [ [ 410305.866207511164248, 4012224.003536372911185 ], [ 410301.837887630274054, 4012234.705331503413618 ], [ 410294.330908290459774, 4012259.667103461921215 ], [ 410286.67512201576028, 4012285.405029892455786 ], [ 410279.092811594950035, 4012310.658075475133955 ], [ 410272.751252937247045, 4012334.542768148705363 ], [ 410266.099057325918693, 4012358.721149414777756 ], [ 410260.344981932314113, 4012378.72673719516024 ], [ 410256.123333556868602, 4012395.230774409137666 ], [ 410254.533481540041976, 4012400.766279459465295 ], [ 410252.835523774439935, 4012408.974560279864818 ] ] } },
{ "type": "Feature", "properties": { "fid": 19, "id": 19, "length": 1119.4189231919395, "line_name": "route14(Beheshti-Isfahan)" }, "geometry": { "type": "LineString", "coordinates": [ [ 410252.835523774439935, 4012408.974560279864818 ], [ 410250.065375455829781, 4012416.18356350902468 ], [ 410248.271503400639631, 4012420.946561570744962 ], [ 410242.091945919964928, 4012445.313747686333954 ], [ 410234.63327071844833, 4012474.922765865921974 ], [ 410229.874795805080794, 4012492.594276322517544 ], [ 410229.664984040660784, 4012502.666402081493288 ], [ 410230.554991119599435, 4012512.920837430283427 ], [ 410232.776535872020759, 4012530.617184565402567 ], [ 410233.882811949704774, 4012539.029685280751437 ], [ 410235.52101942000445, 4012545.790648489259183 ], [ 410238.341446652892046, 4012553.120378659572452 ], [ 410243.06173587217927, 4012577.375164802186191 ], [ 410249.159983583434951, 4012605.972939076833427 ], [ 410256.057316450111102, 4012636.014876351691782 ], [ 410257.557630140916444, 4012644.616970370989293 ], [ 410258.86317671276629, 4012649.541663372889161 ], [ 410262.020172015530989, 4012659.094941439572722 ], [ 410263.236318963347003, 4012662.955464609898627 ], [ 410263.896576520637609, 4012666.143933594226837 ], [ 410263.303202286013402, 4012669.442155133467168 ], [ 410259.649673450330738, 4012672.578277211636305 ], [ 410252.546916654566303, 4012675.846795658115298 ], [ 410222.415823196759447, 4012689.422805431298912 ], [ 410176.368292253406253, 4012710.909309267997742 ], [ 410120.891905038559344, 4012738.206205814611167 ], [ 410065.728512258443516, 4012765.403406142257154 ], [ 410013.227504519280046, 4012792.186131106223911 ], [ 410011.549127092119306, 4012792.929685737472028 ], [ 410010.259812972915825, 4012793.378737627528608 ], [ 410008.307490138395224, 4012794.173538933973759 ], [ 410006.628112337843049, 4012794.820278212893754 ], [ 410004.010278631816618, 4012795.718789104837924 ], [ 410002.446518900571391, 4012796.170680245850235 ], [ 410000.921465338615235, 4012796.573758057784289 ], [ 409999.981507569667883, 4012796.680305299349129 ], [ 409997.982970965385903, 4012796.797800166998059 ], [ 409994.923352339828853, 4012796.684202582575381 ], [ 409993.860768269747496, 4012796.307885319460183 ], [ 409992.047250249772333, 4012795.358374587725848 ], [ 409990.819328033539932, 4012794.160740929190069 ], [ 409988.919385124696419, 4012792.437511260155588 ], [ 409988.008620037755463, 4012791.575491063762456 ], [ 409986.933517858851701, 4012789.988970614038408 ], [ 409986.018746788962744, 4012788.7396853370592 ], [ 409985.176380443386734, 4012786.908691181335598 ], [ 409984.638654607580975, 4012784.203106011729687 ], [ 409984.710210469609592, 4012779.748338700737804 ], [ 409985.046547843841836, 4012778.147219710983336 ], [ 409985.887565764365718, 4012776.056747382041067 ], [ 409987.352887665037997, 4012773.669337975792587 ], [ 409989.374114130623639, 4012771.953966013155878 ], [ 409992.728871354949661, 4012770.273216019850224 ], [ 409996.12533976091072, 4012768.83410266879946 ], [ 410004.672071911219973, 4012764.921064022462815 ], [ 410030.733079213125166, 4012752.160969714168459 ], [ 410106.890786906820722, 4012715.160835216287524 ], [ 410196.182768030441366, 4012674.152787099126726 ], [ 410207.102837337064557, 4012668.424172110855579 ], [ 410209.200048088096082, 4012666.466003034729511 ], [ 410215.48569328855956, 4012660.010601299349219 ], [ 410228.225824649794959, 4012648.259989825077355 ], [ 410236.633213802182581, 4012634.617552768439054 ], [ 410238.232991133001633, 4012630.050204211845994 ], [ 410239.502136574476026, 4012623.840214274823666 ], [ 410240.457624715287238, 4012617.633459473028779 ], [ 410240.728348827979062, 4012613.467124940361828 ], [ 410238.700609580555465, 4012599.351358791813254 ], [ 410233.217662753304467, 4012569.585325982887298 ], [ 410230.856270732765552, 4012553.536471969913691 ], [ 410230.587072672264185, 4012550.247145396191627 ], [ 410230.851803981291596, 4012545.499913351610303 ], [ 410231.892702304874547, 4012539.97006342606619 ], [ 410231.703917107835878, 4012536.873560624662787 ], [ 410229.542286440788303, 4012524.986189139075577 ], [ 410227.57495502976235, 4012509.126925273332745 ], [ 410227.291774549754336, 4012504.482171369716525 ], [ 410227.481611453054938, 4012492.47372036613524 ], [ 410228.758761920384131, 4012487.038260410539806 ], [ 410235.08809098234633, 4012461.99173079803586 ], [ 410242.331499380408786, 4012434.321464728564024 ], [ 410247.999088472803123, 4012413.542140557896346 ], [ 410249.679088006610982, 4012402.594700677786022 ] ] } },
{ "type": "Feature", "properties": { "fid": 20, "id": 20, "length": 220.819911803791, "line_name": "route14(Beheshti-Isfahan)" }, "geometry": { "type": "LineString", "coordinates": [ [ 410249.679088006610982, 4012402.594700677786022 ], [ 410253.057340817293152, 4012394.511982026509941 ], [ 410255.051256700884551, 4012390.134228880982846 ], [ 410259.570602736843284, 4012372.07789751002565 ], [ 410268.644288494659122, 4012339.353812362533063 ], [ 410275.821478785597719, 4012312.846186329144984 ], [ 410283.102081452903803, 4012288.758165336679667 ], [ 410288.622020394017454, 4012268.851838312577456 ], [ 410295.232855802867562, 4012248.256488076411188 ], [ 410301.898198203183711, 4012225.336746958084404 ], [ 410307.66345746582374, 4012206.396173275075853 ], [ 410309.247397847357206, 4012200.279783629346639 ], [ 410310.661772344261408, 4012190.672843961045146 ] ] } },
{ "type": "Feature", "properties": { "fid": 21, "id": 21, "length": 179.21724209800396, "line_name": "route14(Beheshti-Isfahan)" }, "geometry": { "type": "LineString", "coordinates": [ [ 410310.661772344261408, 4012190.672843961045146 ], [ 410314.997728882008232, 4012179.886973116081208 ], [ 410318.700600744108669, 4012166.293115403968841 ], [ 410321.809048478782643, 4012155.900657488033175 ], [ 410325.159367776010185, 4012138.534203418996185 ], [ 410328.216969158034772, 4012123.204122740775347 ], [ 410333.379571881960146, 4012099.041152074467391 ], [ 410334.294942808046471, 4012081.31248082825914 ], [ 410335.766509569017217, 4012049.054113008081913 ], [ 410336.345639528415632, 4012036.751188308000565 ], [ 410334.402079180115834, 4012014.62215728405863 ] ] } },
{ "type": "Feature", "properties": { "fid": 22, "id": 22, "length": 222.0453530063678, "line_name": "route14(Beheshti-Isfahan)" }, "geometry": { "type": "LineString", "coordinates": [ [ 410334.402079180115834, 4012014.62215728405863 ], [ 410334.723931645276025, 4012001.135759278666228 ], [ 410333.548895368876401, 4011986.042937149759382 ], [ 410328.038150047650561, 4011976.417057599872351 ], [ 410326.36564848764101, 4011958.715047028847039 ], [ 410322.81691168632824, 4011918.762283854652196 ], [ 410320.722365793830249, 4011898.15982989128679 ], [ 410319.426732610329054, 4011894.203293276019394 ], [ 410311.536343474290334, 4011881.987624402157962 ], [ 410309.613332186825573, 4011878.037552822846919 ], [ 410305.112232924962882, 4011852.231269786134362 ], [ 410300.124617208202835, 4011824.880779355764389 ], [ 410298.87346918170806, 4011817.631688630208373 ], [ 410293.733679389231838, 4011799.126293302513659 ] ] } },
{ "type": "Feature", "properties": { "fid": 23, "id": 23, "length": 996.23632649315971, "line_name": "route14(Beheshti-Isfahan)" }, "geometry": { "type": "LineString", "coordinates": [ [ 410293.733679389231838, 4011799.126293302513659 ], [ 410292.670185088412836, 4011778.868210359942168 ], [ 410291.453551639046054, 4011767.358402442187071 ], [ 410288.288533222221304, 4011741.828841003123671 ], [ 410283.318377057788894, 4011708.571769908070564 ], [ 410276.787302815413568, 4011668.456113275606185 ], [ 410271.013689086947124, 4011648.569375838153064 ], [ 410261.222891253535636, 4011634.630459857173264 ], [ 410256.444617406465113, 4011627.611385211814195 ], [ 410252.888602390419692, 4011625.033728472422808 ], [ 410242.797459401073866, 4011620.005958719179034 ], [ 410227.076315403915942, 4011609.03301369631663 ], [ 410218.601091038843151, 4011600.986989705357701 ], [ 410207.310113776649814, 4011586.095337504986674 ], [ 410201.21007818938233, 4011572.602553252596408 ], [ 410195.920763115922455, 4011554.06643639318645 ], [ 410194.807372633658815, 4011544.97623695153743 ], [ 410195.467786264081951, 4011532.962948425672948 ], [ 410196.560270840011071, 4011524.818260373082012 ], [ 410200.325726345181465, 4011509.67450064746663 ], [ 410205.478339850145858, 4011499.745063033420593 ], [ 410209.946108316653408, 4011491.856046366039664 ], [ 410220.936696404358372, 4011477.606052134186029 ], [ 410230.726421547820792, 4011468.597080191597342 ], [ 410243.426884108397644, 4011460.429550152271986 ], [ 410262.724077643011697, 4011453.065483279526234 ], [ 410270.866340901528019, 4011451.625997038558125 ], [ 410283.156170497124549, 4011449.272341723088175 ], [ 410303.494265852030367, 4011451.580278576817364 ], [ 410321.349664488981944, 4011456.528146165888757 ], [ 410324.181948749697767, 4011457.370411200448871 ], [ 410346.277601787645835, 4011470.408071095589548 ], [ 410355.820872573473025, 4011475.538430253509432 ], [ 410363.875052869378123, 4011480.78095640335232 ], [ 410373.493736662145238, 4011485.620078897569329 ], [ 410385.759924245532602, 4011488.592260408215225 ], [ 410408.275859698769636, 4011489.135148542001843 ], [ 410428.206755386199802, 4011489.995168105699122 ], [ 410449.984238515491597, 4011494.999772350303829 ], [ 410488.554775922151748, 4011508.449307054281235 ], [ 410520.145396746462211, 4011521.970742408186197 ], [ 410558.827939750044607, 4011538.711525359656662 ], [ 410574.345184506906662, 4011545.136317627038807 ], [ 410611.208846586989239, 4011560.443615981377661 ], [ 410646.818583003419917, 4011575.860762272495776 ], [ 410689.042620955733582, 4011593.824506065808237 ], [ 410715.824921436957084, 4011605.072131195105612 ], [ 410744.349347069743089, 4011617.948022679425776 ], [ 410756.63505667145364, 4011622.857042812742293 ], [ 410757.736958045745268, 4011623.233052684925497 ], [ 410758.689951190724969, 4011624.385199079290032 ], [ 410759.642944087157957, 4011625.537345574703068 ], [ 410760.289188819180708, 4011627.370420168619603 ], [ 410760.615784436929971, 4011628.625813760794699 ], [ 410760.631662604864687, 4011630.174871038645506 ], [ 410760.176999098388478, 4011631.728751486632973 ], [ 410757.661466573015787, 4011638.822853271849453 ], [ 410753.95567289320752, 4011652.222864017821848 ], [ 410751.625781083246693, 4011662.12302660336718 ], [ 410750.724401279119775, 4011666.005317432340235 ], [ 410749.541599395219237, 4011676.647606648504734 ] ] } },
{ "type": "Feature", "properties": { "fid": 24, "id": 24, "length": 257.42236930186368, "line_name": "route14(Beheshti-Isfahan)" }, "geometry": { "type": "LineString", "coordinates": [ [ 410749.541599395219237, 4011676.647606648504734 ], [ 410745.529573413892649, 4011687.166699161753058 ], [ 410738.429788507462945, 4011713.769887988921255 ], [ 410731.328064547618851, 4011740.179452294483781 ], [ 410721.734755238634534, 4011776.006725663784891 ], [ 410714.115959912189282, 4011805.520053612068295 ], [ 410705.44201684766449, 4011839.207744873128831 ], [ 410694.960520783031825, 4011880.175964499358088 ], [ 410687.952403821167536, 4011908.037013269495219 ], [ 410686.914839320525061, 4011925.837767608463764 ] ] } },
{ "type": "Feature", "properties": { "fid": 25, "id": 25, "length": 307.12404729119424, "line_name": "route14(Beheshti-Isfahan)" }, "geometry": { "type": "LineString", "coordinates": [ [ 410686.914839320525061, 4011925.837767608463764 ], [ 410683.242381134303287, 4011938.198322885669768 ], [ 410682.026388395577669, 4011941.98702586768195 ], [ 410678.499612647574395, 4011965.164704545401037 ], [ 410676.422114982444327, 4011984.357635083142668 ], [ 410671.684499002818484, 4012027.106664152815938 ], [ 410667.578197712893598, 4012062.587245095521212 ], [ 410661.951319805346429, 4012110.380383745301515 ], [ 410657.661442932789214, 4012143.248548545408994 ], [ 410653.802453368843999, 4012179.888523681554943 ], [ 410649.688371046155225, 4012214.594594543334097 ], [ 410649.191120923380367, 4012219.634670355822891 ], [ 410650.351412250427529, 4012230.124373089056462 ] ] } },
{ "type": "Feature", "properties": { "fid": 26, "id": 26, "length": 565.84818098901951, "line_name": "route14(Beheshti-Isfahan)" }, "geometry": { "type": "LineString", "coordinates": [ [ 410650.351412250427529, 4012230.124373089056462 ], [ 410647.165450837579556, 4012243.862058860715479 ], [ 410646.419036274193786, 4012247.549123569391668 ], [ 410641.37902419664897, 4012291.36638957913965 ], [ 410637.383238411159255, 4012329.944316627923399 ], [ 410621.332405103079509, 4012447.075425444636494 ], [ 410611.229138772469014, 4012532.386439305264503 ], [ 410601.368159874284174, 4012610.723488714080304 ], [ 410597.519637387245893, 4012648.331685327459127 ], [ 410594.012343632988632, 4012673.348941145930439 ], [ 410588.651313584414311, 4012716.394967523869127 ], [ 410582.585789218079299, 4012767.194358275271952 ], [ 410581.941148688725661, 4012791.415203963406384 ] ] } },
{ "type": "Feature", "properties": { "fid": 27, "id": 27, "length": 540.19194325486058, "line_name": "route14(Beheshti-Isfahan)" }, "geometry": { "type": "LineString", "coordinates": [ [ 410581.941148688725661, 4012791.415203963406384 ], [ 410576.992814712109976, 4012818.182556676212698 ], [ 410575.654999322840013, 4012825.361463570501655 ], [ 410570.085994198569097, 4012878.673262992408127 ], [ 410568.716357919678558, 4012882.754050996620208 ], [ 410566.705494910245761, 4012885.485857934691012 ], [ 410565.663440217263997, 4012890.918851129710674 ], [ 410560.826930239389185, 4012939.188158341217786 ], [ 410554.216084142273758, 4012997.932975275907665 ], [ 410549.417118616751395, 4013034.582730686292052 ], [ 410547.631218769645784, 4013059.195028020069003 ], [ 410545.590975812170655, 4013074.320940745063126 ], [ 410544.402524650620762, 4013096.02230286737904 ], [ 410544.607118600280955, 4013100.667873660102487 ], [ 410548.29958772927057, 4013108.956998444162309 ], [ 410546.626743500994053, 4013129.307769136969 ], [ 410544.963861829193775, 4013150.626704103313386 ], [ 410545.305369567591697, 4013153.334336760919541 ], [ 410545.484085612057243, 4013155.462683647871017 ], [ 410546.2960524414666, 4013158.165480002760887 ], [ 410548.848959913128056, 4013162.399604673497379 ], [ 410554.712990660977084, 4013168.342572046909481 ], [ 410561.507979358953889, 4013173.307708986569196 ], [ 410567.022533627750818, 4013175.768520647194237 ], [ 410570.329672638850752, 4013177.09010318480432 ], [ 410585.993709932547063, 4013175.186255437787622 ], [ 410629.071335157903377, 4013170.096044681966305 ], [ 410653.668146332318429, 4013167.51962066302076 ], [ 410665.425639594905078, 4013167.01160015584901 ], [ 410672.089478421548847, 4013166.846362920477986 ], [ 410687.600706288358197, 4013165.331573923584074 ], [ 410707.256597221828997, 4013161.740924664773047 ] ] } },
{ "type": "Feature", "properties": { "fid": 28, "id": 28, "length": 278.63959351359676, "line_name": "route14(Beheshti-Isfahan)" }, "geometry": { "type": "LineString", "coordinates": [ [ 410707.256597221828997, 4013161.740924664773047 ], [ 410723.002206591714639, 4013161.09523255797103 ], [ 410769.922046076855622, 4013155.966304195579141 ], [ 410817.074186515179463, 4013150.544770168606192 ], [ 410870.962693239504006, 4013144.376707317307591 ], [ 410914.747277995222248, 4013139.377505093812943 ], [ 410961.741765126935206, 4013133.861547622364014 ], [ 410969.88749475084478, 4013132.906765133608133 ], [ 410983.987830924801528, 4013130.487092026043683 ] ] } },
{ "type": "Feature", "properties": { "fid": 29, "id": 29, "length": 317.65415022604162, "line_name": "route14(Beheshti-Isfahan)" }, "geometry": { "type": "LineString", "coordinates": [ [ 410983.987830924801528, 4013130.487092026043683 ], [ 410997.227846223977394, 4013130.206422216258943 ], [ 411040.62050590896979, 4013125.211866032332182 ], [ 411056.754186133621261, 4013123.207243666052818 ], [ 411102.267936981923413, 4013118.578622418921441 ], [ 411154.825796266959514, 4013112.619575347751379 ], [ 411197.594293533125892, 4013107.922658587340266 ], [ 411261.431498873920646, 4013100.687245132867247 ], [ 411281.247586844896432, 4013098.355011726729572 ], [ 411299.45571154798381, 4013095.022537844721228 ] ] } },
{ "type": "Feature", "properties": { "fid": 30, "id": 30, "length": 386.92257168966057, "line_name": "route14(Beheshti-Isfahan)" }, "geometry": { "type": "LineString", "coordinates": [ [ 411299.45571154798381, 4013095.022537844721228 ], [ 411314.61387008469319, 4013094.432321844622493 ], [ 411321.819728273316287, 4013093.584275963716209 ], [ 411325.731366329011507, 4013092.672978017479181 ], [ 411336.587987678823993, 4013088.398823196999729 ], [ 411350.093806687567849, 4013082.451646698173136 ], [ 411372.415656880941242, 4013072.057515585795045 ], [ 411384.595446052611805, 4013066.801683471072465 ], [ 411386.628205671091564, 4013066.20002577546984 ], [ 411402.966731500346214, 4013061.192350753583014 ], [ 411427.636514568235725, 4013058.036429170984775 ], [ 411441.49647881090641, 4013056.055669323075563 ], [ 411447.368411610659678, 4013055.124477640260011 ], [ 411451.206593779264949, 4013054.69811571482569 ], [ 411455.946299717936199, 4013050.389532749075443 ], [ 411461.867096850066446, 4013046.553066707216203 ], [ 411467.791839080513455, 4013043.10386966727674 ], [ 411473.432490296661854, 4013042.562353846617043 ], [ 411476.09747190104099, 4013042.438416939694434 ], [ 411484.105219437740743, 4013043.325221875216812 ], [ 411488.524780404404737, 4013046.088228438980877 ], [ 411493.895114108279813, 4013049.809829315170646 ], [ 411498.192309924634174, 4013055.963003084529191 ], [ 411501.13190417579608, 4013059.70932986587286 ], [ 411504.966503389296122, 4013066.641821198165417 ], [ 411506.625294050958473, 4013075.532964979764074 ], [ 411507.24111716565676, 4013082.110885875299573 ], [ 411506.467213588301092, 4013090.833116518799216 ], [ 411503.591003920126241, 4013101.029120659455657 ], [ 411499.128874511516187, 4013109.498383129015565 ], [ 411497.674529453623109, 4013112.998918903060257 ], [ 411498.250092772010248, 4013138.748844074085355 ], [ 411498.092397444299422, 4013161.79509311914444 ], [ 411498.051405784091912, 4013165.474907239433378 ], [ 411500.178419960255269, 4013189.563009027391672 ], [ 411502.786660091602243, 4013203.140569821931422 ], [ 411503.616629422060214, 4013209.571074284147471 ], [ 411505.678095123614185, 4013223.600634942296892 ] ] } },
{ "type": "Feature", "properties": { "fid": 31, "id": 31, "length": 362.31105086680117, "line_name": "route14(Beheshti-Isfahan)" }, "geometry": { "type": "LineString", "coordinates": [ [ 411505.678095123614185, 4013223.600634942296892 ], [ 411505.639013871725183, 4013244.577402220573276 ], [ 411505.737476677750237, 4013254.259026113897562 ], [ 411508.569510680332314, 4013285.989236148539931 ], [ 411511.162724317167886, 4013325.080672665964812 ], [ 411512.05904919054592, 4013336.109751316718757 ], [ 411515.62589589052368, 4013362.991180053446442 ], [ 411522.809320138359908, 4013390.804097219835967 ], [ 411525.061832519364543, 4013396.397116208914667 ], [ 411532.758273434825242, 4013412.972977554891258 ], [ 411550.469821788021363, 4013442.809055385179818 ], [ 411566.536360225058161, 4013465.109437806997448 ], [ 411595.997469387308229, 4013509.156477477867156 ], [ 411613.187033486494329, 4013533.963013545144349 ], [ 411617.948454526194837, 4013539.530568184796721 ], [ 411628.739672489173245, 4013552.164507410023361 ] ] } },
{ "type": "Feature", "properties": { "fid": 32, "id": 32, "length": 355.53223051051032, "line_name": "route14(Beheshti-Isfahan)" }, "geometry": { "type": "LineString", "coordinates": [ [ 411628.739672489173245, 4013552.164507410023361 ], [ 411635.693623558734544, 4013565.009286171291023 ], [ 411642.791712762555107, 4013576.750002830754966 ], [ 411652.904596426989883, 4013591.945856539998204 ], [ 411663.372353734681383, 4013611.204820976126939 ], [ 411674.658521044708323, 4013633.844407692085952 ], [ 411682.126144834619481, 4013651.100499585736543 ], [ 411693.363290307752322, 4013676.645394345745444 ], [ 411703.541025627870113, 4013705.977278457023203 ], [ 411716.410374587867409, 4013753.291544417850673 ], [ 411730.563524833647534, 4013803.497591058723629 ], [ 411736.083580284670461, 4013822.032228293363005 ], [ 411746.627668993314728, 4013856.589061742648482 ], [ 411757.237418000411708, 4013881.640925430227071 ] ] } },
{ "type": "Feature", "properties": { "fid": 33, "id": 33, "length": 541.14052147290647, "line_name": "route14(Beheshti-Isfahan)" }, "geometry": { "type": "LineString", "coordinates": [ [ 411757.237418000411708, 4013881.640925430227071 ], [ 411762.093709190492518, 4013904.845313773490489 ], [ 411768.211405680223834, 4013920.469120654743165 ], [ 411772.129878722829744, 4013935.727930194232613 ], [ 411778.175169440219179, 4013959.679537253919989 ], [ 411789.432282517431304, 4013987.257697727996856 ], [ 411800.581351995351724, 4014004.186077459715307 ], [ 411815.213431498035789, 4014024.371255540754646 ], [ 411832.669867519289255, 4014044.721483679953963 ], [ 411860.600781865126919, 4014077.359372714534402 ], [ 411905.336846875143237, 4014128.030480419285595 ], [ 411945.585926870582625, 4014169.258253475651145 ], [ 411986.469665796495974, 4014211.254392705857754 ], [ 412032.74881704535801, 4014259.58668208681047 ], [ 412036.381148817192297, 4014262.115844714920968 ], [ 412038.272042220458388, 4014263.016572541557252 ], [ 412042.488452442921698, 4014265.152526387944818 ], [ 412047.769618770922534, 4014267.907086722552776 ], [ 412057.337264061963651, 4014271.973879660014063 ], [ 412061.669306904310361, 4014273.915021057706326 ], [ 412071.341220020025503, 4014284.419718898832798 ], [ 412077.638566742301919, 4014290.746595104690641 ], [ 412083.995679890736938, 4014297.098639413248748 ] ] } },
{ "type": "Feature", "properties": { "fid": 1, "id": 1, "length": 660.22100506981906, "line_name": "route16(SabzehMeydan-DarvazehRasht)" }, "geometry": { "type": "LineString", "coordinates": [ [ 410540.850478629756253, 4014332.970673586707562 ], [ 410529.622911433747504, 4014334.11772068310529 ], [ 410500.102355048060417, 4014341.119975005276501 ], [ 410487.112212066946086, 4014343.85863960813731 ], [ 410475.626369175151922, 4014346.358555929269642 ], [ 410469.666399437584914, 4014347.015326390042901 ], [ 410466.529627637413796, 4014346.749899491667747 ], [ 410463.57211435365025, 4014346.333771633449942 ], [ 410461.574222243390977, 4014345.461195965763181 ], [ 410460.114105891785584, 4014344.13651426602155 ], [ 410458.706591822614428, 4014342.067006908822805 ], [ 410458.332752442045603, 4014340.880000212229788 ], [ 410458.003854696755297, 4014338.203962100669742 ], [ 410457.765606370812748, 4014332.624281716998667 ], [ 410456.575644727796316, 4014316.559988760855049 ], [ 410455.549109815969132, 4014304.662006290163845 ], [ 410452.128868224099278, 4014294.426091767847538 ], [ 410445.156090492964722, 4014275.741911005694419 ], [ 410434.082992740615737, 4014248.094113253988326 ], [ 410423.768254185910337, 4014223.862227332778275 ], [ 410415.192987512273248, 4014204.673572115600109 ], [ 410409.396280913264491, 4014191.931581173092127 ], [ 410405.098411473387387, 4014160.864761498291045 ], [ 410399.451103330298793, 4014115.819299133960158 ], [ 410398.358079712896142, 4014103.326581529807299 ], [ 410402.281159209087491, 4014051.186277361121029 ], [ 410408.211955596925691, 4013995.006169095169753 ], [ 410414.798600272508338, 4013932.269618639256805 ], [ 410420.780164634110406, 4013881.001285373233259 ], [ 410421.513554582605138, 4013870.276044815313071 ], [ 410424.198478580568917, 4013861.763562324456871 ], [ 410428.714405951322988, 4013855.465080698952079 ], [ 410440.453194104018621, 4013848.199102209880948 ], [ 410447.399742513429374, 4013843.810747330076993 ], [ 410454.086845264828298, 4013837.638787482399493 ], [ 410459.901110821519978, 4013828.64753802632913 ], [ 410460.834748355555348, 4013825.660793683025986 ], [ 410462.062588199099991, 4013816.121324212290347 ], [ 410462.774880651268177, 4013795.780574884731323 ] ] } },
{ "type": "Feature", "properties": { "fid": 2, "id": 2, "length": 531.31995399151776, "line_name": "route16(SabzehMeydan-DarvazehRasht)" }, "geometry": { "type": "LineString", "coordinates": [ [ 410462.774880651268177, 4013795.780574884731323 ], [ 410465.587296815821901, 4013783.783133833669126 ], [ 410466.409597245510668, 4013781.690676790196449 ], [ 410467.314139444380999, 4013775.875954836606979 ], [ 410469.301498548942618, 4013758.141550489701331 ], [ 410476.947619720303919, 4013692.863621301949024 ], [ 410482.156456607917789, 4013648.450724416878074 ], [ 410488.126427837181836, 4013595.991743033286184 ], [ 410492.179015691624954, 4013556.354171576909721 ], [ 410496.77462785638636, 4013510.905609325040132 ], [ 410501.869296123972163, 4013467.089343942236155 ], [ 410506.948715488542803, 4013421.784676413983107 ], [ 410513.491134390060324, 4013366.342719441279769 ], [ 410518.003191656200215, 4013324.467606029473245 ], [ 410521.5390935196192, 4013293.171355961356312 ], [ 410522.31401093385648, 4013286.464840022381395 ], [ 410522.432362713327166, 4013268.260571281425655 ] ] } },
{ "type": "Feature", "properties": { "fid": 3, "id": 3, "length": 323.50741638004996, "line_name": "route16(SabzehMeydan-DarvazehRasht)" }, "geometry": { "type": "LineString", "coordinates": [ [ 410522.432362713327166, 4013268.260571281425655 ], [ 410525.495974585763179, 4013255.916516873519868 ], [ 410526.807801719929557, 4013242.803647522814572 ], [ 410527.973073539498728, 4013227.16172367380932 ], [ 410528.157533151155803, 4013221.65213325060904 ], [ 410527.643222840270028, 4013218.531433231662959 ], [ 410524.209864677162841, 4013212.910186572931707 ], [ 410522.371110494772438, 4013209.951962422113866 ], [ 410515.905802211957052, 4013202.575617643073201 ], [ 410507.989372794225346, 4013194.767631634138525 ], [ 410505.805818506574724, 4013193.450379408895969 ], [ 410502.537374645937234, 4013192.144285898655653 ], [ 410500.005967198580038, 4013192.170322166755795 ], [ 410488.325524319312535, 4013193.481321293395013 ], [ 410451.001552852452733, 4013198.18218702217564 ], [ 410425.475517754384782, 4013201.273191238287836 ], [ 410381.764357083826326, 4013206.188964906148612 ], [ 410335.405894726864062, 4013211.578808087855577 ], [ 410291.455272162624169, 4013216.646362539380789 ], [ 410283.871809866046533, 4013217.766544403973967 ], [ 410280.740763388341293, 4013218.09654060844332 ], [ 410268.351908904034644, 4013221.129551000427455 ] ] } },
{ "type": "Feature", "properties": { "fid": 4, "id": 4, "length": 312.11555999503378, "line_name": "route16(SabzehMeydan-DarvazehRasht)" }, "geometry": { "type": "LineString", "coordinates": [ [ 410268.351908904034644, 4013221.129551000427455 ], [ 410256.153261437895708, 4013221.587723980657756 ], [ 410240.977142498129979, 4013222.935110867954791 ], [ 410211.476395397563465, 4013226.365461848676205 ], [ 410161.501837047922891, 4013231.793551820795983 ], [ 410119.602155533677433, 4013236.989662173204124 ], [ 410049.158532186585944, 4013244.862708798144013 ], [ 409990.998038758989424, 4013251.418407397344708 ], [ 409971.612251209618989, 4013253.702954322099686 ], [ 409958.512916222913191, 4013256.794122359249741 ] ] } },
{ "type": "Feature", "properties": { "fid": 5, "id": 5, "length": 308.09723425326223, "line_name": "route16(SabzehMeydan-DarvazehRasht)" }, "geometry": { "type": "LineString", "coordinates": [ [ 409958.512916222913191, 4013256.794122359249741 ], [ 409945.366334432619624, 4013257.100538382306695 ], [ 409931.395734151359648, 4013258.435991980135441 ], [ 409903.100622922647744, 4013261.854915861971676 ], [ 409852.284154672932345, 4013267.442367303185165 ], [ 409834.706564950698521, 4013269.708488314412534 ], [ 409810.502242908347398, 4013272.341042171698064 ], [ 409760.05213697697036, 4013278.371809314470738 ], [ 409712.61410164780682, 4013284.22275948850438 ], [ 409682.027294486993924, 4013287.517329560127109 ], [ 409667.81877722509671, 4013289.153392461128533 ], [ 409652.741969814989716, 4013292.545815583784133 ] ] } },
{ "type": "Feature", "properties": { "fid": 6, "id": 6, "length": 392.35541526018847, "line_name": "route16(SabzehMeydan-DarvazehRasht)" }, "geometry": { "type": "LineString", "coordinates": [ [ 409652.741969814989716, 4013292.545815583784133 ], [ 409639.166855262068566, 4013293.023455761838704 ], [ 409632.660676384402905, 4013293.388737017288804 ], [ 409570.291052005835809, 4013300.884123133029789 ], [ 409507.923069910728373, 4013308.528799422550946 ], [ 409466.258945465204306, 4013313.130199178121984 ], [ 409411.230219565622974, 4013319.359499711543322 ], [ 409366.6840363930678, 4013325.033385155256838 ], [ 409322.493325042538345, 4013330.108366986270994 ], [ 409289.142088710272219, 4013334.177422302775085 ], [ 409278.427855781279504, 4013335.628840644378215 ], [ 409263.413746070116758, 4013339.007199949584901 ] ] } },
{ "type": "Feature", "properties": { "fid": 7, "id": 7, "length": 144.0225439357655, "line_name": "route16(SabzehMeydan-DarvazehRasht)" }, "geometry": { "type": "LineString", "coordinates": [ [ 409263.413746070116758, 4013339.007199949584901 ], [ 409249.173515027912799, 4013339.50647855270654 ], [ 409245.677811355970334, 4013339.542938301339746 ], [ 409215.694034612213727, 4013342.832868569064885 ], [ 409174.873977738781832, 4013347.42686608619988 ], [ 409141.284885883913375, 4013351.796689452603459 ], [ 409131.051304971799254, 4013353.094414269551635 ], [ 409120.408824347192422, 4013354.964445392601192 ] ] } },
{ "type": "Feature", "properties": { "fid": 8, "id": 8, "length": 359.97292965686648, "line_name": "route16(SabzehMeydan-DarvazehRasht)" }, "geometry": { "type": "LineString", "coordinates": [ [ 409120.408824347192422, 4013354.964445392601192 ], [ 409109.508607941796072, 4013356.594279025215656 ], [ 409097.244494032347575, 4013359.699542764108628 ], [ 409090.151220394822303, 4013361.559938669670373 ], [ 409087.931315762456506, 4013362.550705326721072 ], [ 409083.976005595526658, 4013364.750463999342173 ], [ 409081.35364889644552, 4013367.606154420878738 ], [ 409077.671308850171044, 4013372.854639601428062 ], [ 409071.631037313491106, 4013383.188917331863195 ], [ 409069.34192965447437, 4013389.0927051641047 ], [ 409068.830605251947418, 4013392.075196066405624 ], [ 409069.036304056702647, 4013394.454764236696064 ], [ 409072.035829727421515, 4013404.620147513691336 ], [ 409079.638819703657646, 4013445.774188280571252 ], [ 409086.295708118355833, 4013482.918972645886242 ], [ 409093.645438174833544, 4013528.690251775085926 ], [ 409101.381595587648917, 4013576.839219095185399 ], [ 409110.618549937731586, 4013630.182524919975549 ], [ 409116.261146564036608, 4013662.574493823572993 ], [ 409120.419557818910107, 4013677.580260457936674 ] ] } },
{ "type": "Feature", "properties": { "fid": 9, "id": 9, "length": 374.98689583592909, "line_name": "route16(SabzehMeydan-DarvazehRasht)" }, "geometry": { "type": "LineString", "coordinates": [ [ 409120.419557818910107, 4013677.580260457936674 ], [ 409121.521884639398195, 4013693.035309179220349 ], [ 409125.382067252299748, 4013716.365601303521544 ], [ 409132.978733035095502, 4013762.729768502991647 ], [ 409140.307831700018141, 4013806.566161450464278 ], [ 409145.167954707983881, 4013833.309741073288023 ], [ 409152.741977451310959, 4013865.979280399624258 ], [ 409160.581882344849873, 4013901.027768941130489 ], [ 409167.681435323902406, 4013934.446562780532986 ], [ 409176.287936120002996, 4013973.655069812666625 ], [ 409186.302571153093595, 4014020.738330272492021 ], [ 409188.829744071874302, 4014031.876257590483874 ], [ 409193.188853035622742, 4014044.979794561862946 ] ] } },
{ "type": "Feature", "properties": { "fid": 10, "id": 10, "length": 751.62645200551492, "line_name": "route16(SabzehMeydan-DarvazehRasht)" }, "geometry": { "type": "LineString", "coordinates": [ [ 409193.188853035622742, 4014044.979794561862946 ], [ 409195.013912846101448, 4014058.457187002059072 ], [ 409198.983431081578601, 4014080.744370760861784 ], [ 409204.173775895033032, 4014104.507388664409518 ], [ 409210.899007267842535, 4014136.739265652839094 ], [ 409220.321525864012074, 4014184.870748178102076 ], [ 409228.521574456710368, 4014231.377565674018115 ], [ 409230.715012318105437, 4014245.198422540910542 ], [ 409239.429080897942185, 4014283.215010908897966 ], [ 409247.645439247076865, 4014319.74822580255568 ], [ 409258.884821379266214, 4014368.753940869122744 ], [ 409268.875349834095687, 4014413.604687284678221 ], [ 409276.093119483208284, 4014446.873480573762208 ], [ 409277.973976584442426, 4014453.850165295880288 ], [ 409283.067676330159884, 4014468.385073683224618 ], [ 409290.091322631284129, 4014483.048714942764491 ], [ 409293.378657300199848, 4014497.75132509181276 ], [ 409302.719163801812101, 4014526.53227761760354 ], [ 409306.442002903320827, 4014536.764626062009484 ], [ 409311.554234690731391, 4014553.085646986961365 ], [ 409318.987965446780436, 4014583.97050276491791 ], [ 409333.861487708054483, 4014646.335599983576685 ], [ 409339.449992130859755, 4014673.66712825698778 ], [ 409347.314917582669295, 4014711.246101888362318 ], [ 409355.542898556916043, 4014748.97015644563362 ], [ 409357.44845575891668, 4014758.328320847358555 ], [ 409363.29649894987233, 4014775.771814787294716 ] ] } },
{ "type": "Feature", "properties": { "fid": 11, "id": 11, "length": 890.86605730714314, "line_name": "route16(SabzehMeydan-DarvazehRasht)" }, "geometry": { "type": "LineString", "coordinates": [ [ 409363.29649894987233, 4014775.771814787294716 ], [ 409365.196364543633536, 4014790.475230476353317 ], [ 409365.989292812533677, 4014797.165556272491813 ], [ 409374.619013991672546, 4014838.755738459527493 ], [ 409380.106931916612666, 4014868.023489753715694 ], [ 409388.334648984367959, 4014905.747578581795096 ], [ 409395.072650889516808, 4014939.319184063468128 ], [ 409396.718485584016889, 4014946.893772552255541 ], [ 409398.860349707189016, 4014955.802911708597094 ], [ 409400.240330829285085, 4014960.998549627605826 ], [ 409400.880140249675605, 4014964.564465567469597 ], [ 409400.897196877165698, 4014966.201721009332687 ], [ 409400.320962686673738, 4014968.738302627578378 ], [ 409399.372317880566698, 4014970.236761154606938 ], [ 409397.697458999464288, 4014971.445070493035018 ], [ 409395.651739899301901, 4014971.764098578132689 ], [ 409389.633551454928238, 4014972.571088626980782 ], [ 409388.1873253879603, 4014972.58615717291832 ], [ 409386.013333701470401, 4014972.162236219737679 ], [ 409384.792636436584871, 4014970.686379748862237 ], [ 409382.601583996904083, 4014968.625204150099307 ], [ 409381.488997103355359, 4014965.957361074630171 ], [ 409380.074884345987812, 4014957.487214969005436 ], [ 409366.388722784467973, 4014893.323369492311031 ], [ 409354.716034113429487, 4014837.325725230388343 ], [ 409341.551957119139843, 4014777.026774319354445 ], [ 409326.332112309813965, 4014704.542957721278071 ], [ 409313.390097212686669, 4014642.455444580409676 ], [ 409299.913587203365751, 4014586.923255841713399 ], [ 409295.501214261632413, 4014568.362079480662942 ], [ 409284.760435717646033, 4014532.450576915405691 ], [ 409276.279077356797643, 4014505.149255538359284 ], [ 409274.274597807205282, 4014497.87614536518231 ], [ 409272.747559683280997, 4014490.151482927147299 ], [ 409269.775187054416165, 4014470.979868848342448 ], [ 409267.81048500968609, 4014455.965754754841328 ], [ 409261.686744305654429, 4014423.578699242789298 ], [ 409254.354587812675163, 4014390.906540249008685 ], [ 409244.753498598001897, 4014348.7311807051301 ], [ 409240.690066124487203, 4014328.975531241390854 ], [ 409234.870580315939151, 4014312.368652009870857 ] ] } },
{ "type": "Feature", "properties": { "fid": 12, "id": 12, "length": 239.68578281796442, "line_name": "route16(SabzehMeydan-DarvazehRasht)" }, "geometry": { "type": "LineString", "coordinates": [ [ 409234.870580315939151, 4014312.368652009870857 ], [ 409233.028795946622267, 4014299.43283151416108 ], [ 409232.487663774460088, 4014293.78189355134964 ], [ 409216.539939682930708, 4014221.008151179179549 ], [ 409204.871767803560942, 4014165.606093366630375 ], [ 409191.688726454041898, 4014103.670136471278965 ], [ 409189.277444110601209, 4014092.084425626322627 ], [ 409183.73829997330904, 4014078.580637900624424 ] ] } },
{ "type": "Feature", "properties": { "fid": 13, "id": 13, "length": 405.97271074806559, "line_name": "route16(SabzehMeydan-DarvazehRasht)" }, "geometry": { "type": "LineString", "coordinates": [ [ 409183.73829997330904, 4014078.580637900624424 ], [ 409182.376304161152802, 4014066.106413983739913 ], [ 409181.457997100485954, 4014058.970842859242111 ], [ 409176.536602864915039, 4014037.884463809430599 ], [ 409167.038250950165093, 4013994.070685604587197 ], [ 409155.65721079648938, 4013943.131420183461159 ], [ 409142.271337791229598, 4013884.919093009550124 ], [ 409133.890134262386709, 4013844.219690298195928 ], [ 409131.092238296871074, 4013830.256314880680293 ], [ 409125.19627244444564, 4013796.676119980402291 ], [ 409117.222431437170599, 4013748.827322620432824 ], [ 409110.185564749350306, 4013709.900189923122525 ], [ 409108.899343183846213, 4013702.173041410278529 ], [ 409108.127920271072071, 4013697.566520649008453 ], [ 409103.447610189614352, 4013680.975568563211709 ] ] } },
{ "type": "Feature", "properties": { "fid": 14, "id": 14, "length": 268.77453944402237, "line_name": "route16(SabzehMeydan-DarvazehRasht)" }, "geometry": { "type": "LineString", "coordinates": [ [ 409103.447610189614352, 4013680.975568563211709 ], [ 409102.131474757916294, 4013665.922538989689201 ], [ 409101.848414355365094, 4013661.906346240080893 ], [ 409094.64423185394844, 4013618.51525311358273 ], [ 409086.796857898239978, 4013571.260595166590065 ], [ 409080.377990922366735, 4013533.815605375915766 ], [ 409072.250515761552379, 4013482.842454480007291 ], [ 409067.267919936799444, 4013455.951340129598975 ], [ 409063.174191006459296, 4013433.367802843917161 ], [ 409057.993645436828956, 4013416.377778430003673 ] ] } },
{ "type": "Feature", "properties": { "fid": 15, "id": 15, "length": 654.80145337489478, "line_name": "route16(SabzehMeydan-DarvazehRasht)" }, "geometry": { "type": "LineString", "coordinates": [ [ 409057.993645436828956, 4013416.377778430003673 ], [ 409056.199111215712037, 4013400.394367110915482 ], [ 409051.060913981869817, 4013381.692044293973595 ], [ 409032.851953851408325, 4013323.530303416308016 ], [ 409016.884121584647801, 4013272.192603518720716 ], [ 409006.86717073363252, 4013236.571580348070711 ], [ 409001.12918100488605, 4013218.173272520769387 ], [ 408989.46808778878767, 4013186.737468571867794 ], [ 408975.405373576679267, 4013156.219945222139359 ], [ 408965.365043905971106, 4013141.439241734333336 ], [ 408964.109772288822569, 4013136.688938460312784 ], [ 408962.222190990578383, 4013129.116960698273033 ], [ 408961.444422874134034, 4013123.915090139955282 ], [ 408962.131875585881062, 4013120.484178828541189 ], [ 408963.555053962045349, 4013118.236429457552731 ], [ 408965.710843748704065, 4013116.874160243198276 ], [ 408969.079866248881444, 4013116.243486529681832 ], [ 408971.977609401743393, 4013116.659745514858514 ], [ 408975.898872705467511, 4013122.721878339070827 ], [ 408979.348850771260913, 4013129.830943882465363 ], [ 408989.362027155992109, 4013153.543387875426561 ], [ 409006.292144308332354, 4013193.111245608888566 ], [ 409021.119256122270599, 4013239.101988018956035 ], [ 409035.348176753963344, 4013285.545579853467643 ], [ 409048.184097391436808, 4013325.602887799497694 ], [ 409050.262866620556451, 4013328.409449078608304 ], [ 409054.517607412417419, 4013331.78869670489803 ], [ 409072.582526060403325, 4013341.573343120049685 ], [ 409083.839543623151258, 4013345.921435258816928 ], [ 409086.618217823503073, 4013346.487831566948444 ], [ 409134.659854967030697, 4013340.776000910438597 ], [ 409148.791624683479313, 4013337.576861740555614 ] ] } },
{ "type": "Feature", "properties": { "fid": 16, "id": 16, "length": 222.51336114367984, "line_name": "route16(SabzehMeydan-DarvazehRasht)" }, "geometry": { "type": "LineString", "coordinates": [ [ 409148.791624683479313, 4013337.576861740555614 ], [ 409164.283545696001966, 4013337.638407221529633 ], [ 409227.981706107966602, 4013330.423948594368994 ], [ 409286.377674432180356, 4013323.414092078339309 ], [ 409352.363206938491203, 4013315.878989178687334 ], [ 409369.626074299681932, 4013312.3498794878833 ] ] } },
{ "type": "Feature", "properties": { "fid": 17, "id": 17, "length": 296.1207637106935, "line_name": "route16(SabzehMeydan-DarvazehRasht)" }, "geometry": { "type": "LineString", "coordinates": [ [ 409369.626074299681932, 4013312.3498794878833 ], [ 409381.324058950645849, 4013312.749044358264655 ], [ 409415.34226448222762, 4013309.045545500237495 ], [ 409491.438032250327524, 4013299.917686050292104 ], [ 409558.748290581745096, 4013292.221522044856101 ], [ 409616.792366353911348, 4013286.110697874799371 ], [ 409645.447394552931655, 4013282.538243188988417 ], [ 409663.489318854874, 4013278.555061168503016 ] ] } },
{ "type": "Feature", "properties": { "fid": 18, "id": 18, "length": 267.05102029395715, "line_name": "route16(SabzehMeydan-DarvazehRasht)" }, "geometry": { "type": "LineString", "coordinates": [ [ 409663.489318854874, 4013278.555061168503016 ], [ 409681.934598589723464, 4013278.586870043538511 ], [ 409724.07650888513308, 4013273.534983069635928 ], [ 409786.451059204002377, 4013266.487228659447283 ], [ 409827.271734529058449, 4013261.896113948430866 ], [ 409836.298535875743255, 4013260.462861584033817 ], [ 409856.531162879953627, 4013258.466952716000378 ], [ 409904.573666469019372, 4013252.759392229374498 ], [ 409912.039598484581802, 4013251.937808170448989 ], [ 409928.455137701996136, 4013248.046447848435491 ] ] } },
{ "type": "Feature", "properties": { "fid": 19, "id": 19, "length": 340.54331359340739, "line_name": "route16(SabzehMeydan-DarvazehRasht)" }, "geometry": { "type": "LineString", "coordinates": [ [ 409928.455137701996136, 4013248.046447848435491 ], [ 409944.070024315966293, 4013248.331398083362728 ], [ 410009.456914603360929, 4013241.105219928082079 ], [ 410076.404802204342559, 4013233.267977035138756 ], [ 410137.937589911045507, 4013226.38031425466761 ], [ 410212.473738653352484, 4013217.87033609021455 ], [ 410249.32149547629524, 4013213.768779984675348 ], [ 410253.656437373894732, 4013213.277498927898705 ], [ 410266.428826803981792, 4013209.722071730997413 ] ] } },
{ "type": "Feature", "properties": { "fid": 20, "id": 20, "length": 372.35818008974275, "line_name": "route16(SabzehMeydan-DarvazehRasht)" }, "geometry": { "type": "LineString", "coordinates": [ [ 410266.428826803981792, 4013209.722071730997413 ], [ 410280.502225570031442, 4013209.576953469775617 ], [ 410317.952756575192325, 4013205.469474887941033 ], [ 410377.441247605602257, 4013199.051156228873879 ], [ 410422.116788124665618, 4013194.125434126704931 ], [ 410469.194049271813128, 4013188.282091605942696 ], [ 410509.055603773507755, 4013184.150634022429585 ], [ 410532.415757186245173, 4013181.454287375789136 ], [ 410536.569912026403472, 4013180.965006961021572 ], [ 410538.258284146199003, 4013181.022076920606196 ], [ 410539.950481746112928, 4013181.451249307952821 ], [ 410541.225368018436711, 4013182.331281962804496 ], [ 410542.023436327697709, 4013183.737214751541615 ], [ 410542.945873073767871, 4013185.514010469429195 ], [ 410543.261002661311068, 4013186.850479932967573 ], [ 410539.242200991720892, 4013223.957083843182772 ], [ 410534.993655963800848, 4013256.302643926814198 ], [ 410534.770935318374541, 4013258.091212966945022 ], [ 410533.999421329353936, 4013276.855076393578202 ] ] } },
{ "type": "Feature", "properties": { "fid": 21, "id": 21, "length": 511.87766652979042, "line_name": "route16(SabzehMeydan-DarvazehRasht)" }, "geometry": { "type": "LineString", "coordinates": [ [ 410533.999421329353936, 4013276.855076393578202 ], [ 410531.592001119453926, 4013288.937213949393481 ], [ 410530.560689108795486, 4013294.157799172680825 ], [ 410525.041736758779734, 4013343.634943186305463 ], [ 410518.334675383171998, 4013406.521411747206002 ], [ 410512.361285517865326, 4013458.682669756934047 ], [ 410506.526889723609202, 4013512.628788486123085 ], [ 410501.345378966245335, 4013559.720794543623924 ], [ 410496.507172810204793, 4013605.022996793501079 ], [ 410491.464269696967676, 4013642.14019361929968 ], [ 410486.467357029439881, 4013683.722624994348735 ], [ 410481.151774114638101, 4013729.476330594159663 ], [ 410476.85827796527883, 4013769.116400584578514 ], [ 410477.140655841329135, 4013785.197037233039737 ] ] } },
{ "type": "Feature", "properties": { "fid": 22, "id": 22, "length": 716.52138058158107, "line_name": "route16(SabzehMeydan-DarvazehRasht)" }, "geometry": { "type": "LineString", "coordinates": [ [ 410477.140655841329135, 4013785.197037233039737 ], [ 410473.685933906934224, 4013800.557817749679089 ], [ 410471.522903429693542, 4013812.935187002643943 ], [ 410469.534025045519229, 4013830.520751456264406 ], [ 410469.128474924422335, 4013837.967762910295278 ], [ 410468.95327180303866, 4013844.3704066099599 ], [ 410468.555382125778124, 4013852.561623258050531 ], [ 410469.07274885114748, 4013855.980004435405135 ], [ 410472.412942930590361, 4013864.281608997378498 ], [ 410474.729125508689322, 4013866.788338685873896 ], [ 410496.259188256342895, 4013873.860788290854543 ], [ 410518.639074015023652, 4013881.519976169336587 ], [ 410568.117045882856473, 4013921.946803577244282 ], [ 410610.171721911407076, 4013955.602766461670399 ], [ 410624.14918758883141, 4013966.772264035884291 ], [ 410638.077944796939846, 4013984.938548762816936 ], [ 410641.510943439090624, 4013990.559839648194611 ], [ 410642.266242281242739, 4013993.678072191309184 ], [ 410642.373512039310299, 4014015.856620126869529 ], [ 410641.993045457871631, 4014060.964113765396178 ], [ 410641.510408856847789, 4014107.858941005542874 ], [ 410640.533436366007663, 4014153.567995935678482 ], [ 410639.713446567999199, 4014191.08832032000646 ], [ 410638.385627559619024, 4014237.842983503825963 ], [ 410637.754199599847198, 4014246.780876250006258 ], [ 410637.812304327322636, 4014252.436836536973715 ], [ 410637.987879386986606, 4014257.793876532930881 ], [ 410642.627852448727936, 4014275.31130931712687 ], [ 410644.651099276787136, 4014284.519645185675472 ], [ 410645.314897972973995, 4014290.467097270768136 ], [ 410644.283660774293821, 4014295.687677809968591 ], [ 410641.353031659964472, 4014303.756049496587366 ], [ 410638.146183720906265, 4014308.40355412568897 ], [ 410634.902639624429867, 4014309.478874256368726 ], [ 410587.514174344018102, 4014319.641551707405597 ], [ 410558.537431699398439, 4014326.786871694028378 ], [ 410552.166311810025945, 4014328.489810546394438 ], [ 410540.850478629756253, 4014332.970673586707562 ] ] } },
{ "type": "Feature", "properties": { "fid": 1, "id": 1, "length": 362.4838226649922, "line_name": "route21(Terminal-SedaSima)" }, "geometry": { "type": "LineString", "coordinates": [ [ 411505.678095123614185, 4013223.600634942296892 ], [ 411505.320568724768236, 4013232.63543443987146 ], [ 411506.755343286844436, 4013251.097944346722215 ], [ 411506.771442110242788, 4013262.112976014614105 ], [ 411506.884218000690453, 4013263.770030557177961 ], [ 411506.902284577488899, 4013265.546491259709001 ], [ 411508.798994623008184, 4013291.703097089659423 ], [ 411511.825852169189602, 4013334.667112857569009 ], [ 411515.46101216529496, 4013361.990472424309701 ], [ 411516.174882665334735, 4013366.050684610847384 ], [ 411522.684597020386718, 4013390.917813381645828 ], [ 411531.98175981186796, 4013411.331646806560457 ], [ 411533.355836903909221, 4013414.397193320095539 ], [ 411544.376908123842441, 4013432.288476650603116 ], [ 411594.393576834641863, 4013507.169086636975408 ], [ 411616.196459032769781, 4013538.334966687019914 ], [ 411620.577402199269272, 4013544.686384974047542 ], [ 411628.739672489173245, 4013552.164507410023361 ] ] } },
{ "type": "Feature", "properties": { "fid": 2, "id": 2, "length": 355.62714372961739, "line_name": "route21(Terminal-SedaSima)" }, "geometry": { "type": "LineString", "coordinates": [ [ 411628.739672489173245, 4013552.164507410023361 ], [ 411635.067750991554931, 4013564.200738336425275 ], [ 411636.730703183508012, 4013567.381809219717979 ], [ 411647.496252958313562, 4013582.970566110685468 ], [ 411656.22423268633429, 4013597.860580386593938 ], [ 411665.902091790456325, 4013615.765647670719773 ], [ 411668.738786094356328, 4013621.185223818290979 ], [ 411683.9462187353638, 4013654.668643383774906 ], [ 411697.036328072426841, 4013687.462919695768505 ], [ 411704.756414429226425, 4013710.954717575572431 ], [ 411712.625250286539085, 4013739.656503035221249 ], [ 411724.36063158151228, 4013780.755573787260801 ], [ 411735.406533194240183, 4013820.085010297130793 ], [ 411745.826439108059276, 4013854.446205704472959 ], [ 411751.263516333186999, 4013870.38085267925635 ], [ 411757.237418000411708, 4013881.640925430227071 ] ] } },
{ "type": "Feature", "properties": { "fid": 3, "id": 3, "length": 541.0978198676944, "line_name": "route21(Terminal-SedaSima)" }, "geometry": { "type": "LineString", "coordinates": [ [ 411757.237418000411708, 4013881.640925430227071 ], [ 411760.262533230590634, 4013897.057684517931193 ], [ 411767.218808987061493, 4013918.706604512408376 ], [ 411772.057378056168091, 4013934.602924341335893 ], [ 411777.196011464518961, 4013958.950065153650939 ], [ 411788.199280213273596, 4013984.659055157098919 ], [ 411795.61419979861239, 4013997.020383626688272 ], [ 411810.982190631504636, 4014018.065870421007276 ], [ 411829.244067142833956, 4014040.740253032185137 ], [ 411853.410047578276135, 4014068.684778479393572 ], [ 411877.478770179441199, 4014096.511910017114133 ], [ 411902.312174978433177, 4014124.09447465185076 ], [ 411925.187776268750895, 4014147.788311407901347 ], [ 411954.661418518982828, 4014178.995769608300179 ], [ 411985.286887641763315, 4014210.310111529193819 ], [ 412015.623231176636182, 4014241.509037876967341 ], [ 412035.242367300204933, 4014260.972143959254026 ], [ 412037.464295698329806, 4014262.548654428683221 ], [ 412039.449077229131944, 4014263.611480154562742 ], [ 412044.360252278449479, 4014266.328318256884813 ], [ 412052.936293191160075, 4014270.268664994742721 ], [ 412058.375140756950714, 4014272.227206556126475 ], [ 412061.458987111225724, 4014273.676566123496741 ], [ 412062.473745561670512, 4014274.436186396051198 ], [ 412068.731885849207174, 4014281.53871901659295 ], [ 412079.398461195116397, 4014293.038305761758238 ], [ 412083.995679890736938, 4014297.098639413248748 ] ] } },
{ "type": "Feature", "properties": { "fid": 4, "id": 4, "length": 977.38643063417226, "line_name": "route21(Terminal-SedaSima)" }, "geometry": { "type": "LineString", "coordinates": [ [ 412083.995679890736938, 4014297.098639413248748 ], [ 412088.081658975803293, 4014302.840527675114572 ], [ 412098.749978250183631, 4014314.517783785238862 ], [ 412100.884356760769151, 4014316.924295035656542 ], [ 412101.524474472389556, 4014318.576027417555451 ], [ 412104.692067644093186, 4014328.315559925511479 ], [ 412105.087642344937194, 4014329.49599193688482 ], [ 412105.852381296746898, 4014333.989095480646938 ], [ 412105.91768449335359, 4014335.705857987515628 ], [ 412106.418135791667737, 4014337.773552232421935 ], [ 412107.155947860446759, 4014339.601962223649025 ], [ 412115.505806572618894, 4014349.644464079290628 ], [ 412127.15697688201908, 4014363.680681155994534 ], [ 412144.983372372167651, 4014386.123207322321832 ], [ 412163.100855912314728, 4014413.655873916577548 ], [ 412190.560985171701759, 4014454.596745679620653 ], [ 412209.625235713028815, 4014480.935516697354615 ], [ 412220.1115378215909, 4014493.621515681967139 ], [ 412227.574546204530634, 4014504.45972473314032 ], [ 412247.100906991981901, 4014544.990282591897994 ], [ 412273.025187128921971, 4014604.897760141640902 ], [ 412276.298584605799988, 4014612.831913389265537 ], [ 412290.747269407729618, 4014669.388852515723556 ], [ 412306.35458802676294, 4014733.427531082648784 ], [ 412312.016193476214539, 4014762.270518801640719 ], [ 412314.197571265394799, 4014769.355100647546351 ], [ 412320.075562334212009, 4014781.61390307219699 ], [ 412323.790083465632051, 4014788.564587880857289 ], [ 412327.101910036755726, 4014793.624246942810714 ], [ 412330.777024295704905, 4014796.666715473867953 ], [ 412334.355045565229375, 4014799.591721277218312 ], [ 412340.310979981673881, 4014810.073107102420181 ], [ 412342.402396023622714, 4014817.750816885847598 ], [ 412343.060138102096971, 4014825.916748829651624 ], [ 412343.081222152104601, 4014837.523942527361214 ], [ 412341.149767452618107, 4014845.715971792582422 ], [ 412340.062281377555337, 4014852.004408047068864 ], [ 412338.771067619789392, 4014857.11046878201887 ], [ 412338.430458662682213, 4014861.377847400959581 ], [ 412337.155566327273846, 4014877.617379436735064 ], [ 412339.506410821573809, 4014901.51915575331077 ], [ 412346.533822793280706, 4014942.192693938035518 ], [ 412347.958715899381787, 4014950.350895283278078 ], [ 412354.038641306746285, 4015001.693855326622725 ], [ 412360.867581743339542, 4015054.457851147279143 ], [ 412364.033393682446331, 4015079.883920199237764 ], [ 412370.800702583859675, 4015142.35360843827948 ], [ 412372.839025460532866, 4015182.840564121957868 ], [ 412376.097508463193662, 4015200.788965404964983 ] ] } },
{ "type": "Feature", "properties": { "fid": 5, "id": 5, "length": 582.13004868531289, "line_name": "route21(Terminal-SedaSima)" }, "geometry": { "type": "LineString", "coordinates": [ [ 412376.097508463193662, 4015200.788965404964983 ], [ 412375.65823138889391, 4015210.409368929918855 ], [ 412375.373924728366546, 4015215.505281817167997 ], [ 412375.04644610604737, 4015221.075401710346341 ], [ 412376.329194151214324, 4015243.685085236094892 ], [ 412378.61935867642751, 4015280.616219770163298 ], [ 412378.04948995570885, 4015319.234377598855644 ], [ 412377.086582561314572, 4015328.36419135844335 ], [ 412374.444189629226457, 4015342.130206757690758 ], [ 412364.592100577079691, 4015382.737002803944051 ], [ 412354.774729405995458, 4015426.778312956914306 ], [ 412353.41347593057435, 4015429.235246922820807 ], [ 412346.048006163968239, 4015445.817165133077651 ], [ 412332.600890026951674, 4015472.247087904717773 ], [ 412310.702155915147159, 4015506.934836519416422 ], [ 412290.321090214187279, 4015539.949134505819529 ], [ 412269.815615438157693, 4015570.122107637580484 ], [ 412254.399784279172309, 4015591.478980178013444 ], [ 412230.846481068525463, 4015623.696346489246935 ], [ 412211.174507598509081, 4015650.899981388356537 ], [ 412194.725739464745857, 4015674.399376688990742 ], [ 412175.976975840108935, 4015698.040482043288648 ], [ 412166.976607903663535, 4015708.909727704245597 ], [ 412159.524065091623925, 4015720.24463276239112 ] ] } },
{ "type": "Feature", "properties": { "fid": 6, "id": 6, "length": 1257.2896347671824, "line_name": "route21(Terminal-SedaSima)" }, "geometry": { "type": "LineString", "coordinates": [ [ 412159.524065091623925, 4015720.24463276239112 ], [ 412150.040264058858156, 4015731.585039757192135 ], [ 412140.091872568358667, 4015743.52988341730088 ], [ 412131.007680860348046, 4015755.584448514971882 ], [ 412121.347001629299484, 4015767.52640782110393 ], [ 412113.858203549520113, 4015776.130014741327614 ], [ 412104.454098676040303, 4015784.989878011401743 ], [ 412064.097921387292445, 4015824.484219420235604 ], [ 412027.64223773899721, 4015860.859767797403038 ], [ 411963.182733716443181, 4015925.353178362362087 ], [ 411942.109944234311115, 4015946.649499673396349 ], [ 411918.352511124918237, 4015967.973075364716351 ], [ 411898.348925988422707, 4015981.204532561823726 ], [ 411879.841123762424104, 4015990.630689989775419 ], [ 411856.740559308498632, 4016001.05099910730496 ], [ 411811.627719760930631, 4016015.721712848171592 ], [ 411738.407134055392817, 4016038.73213702486828 ], [ 411607.571860967262182, 4016082.227309518028051 ], [ 411522.417656963109039, 4016110.335560692939907 ], [ 411451.88327123480849, 4016133.321106514893472 ], [ 411390.146232535538729, 4016153.848688573110849 ], [ 411364.172619799035601, 4016164.536511151120067 ], [ 411329.994317755801603, 4016179.335179217625409 ], [ 411308.096921016054694, 4016189.806846969760954 ], [ 411264.620383805595338, 4016214.184222048614174 ], [ 411249.339896183868404, 4016242.97032987838611 ], [ 411243.75865674414672, 4016262.083953104447573 ], [ 411246.487200197414495, 4016278.67420656979084 ], [ 411253.045158247696236, 4016297.934839257970452 ], [ 411304.669432463939302, 4016395.576281275134534 ], [ 411310.965373610379174, 4016403.508785176556557 ] ] } },
{ "type": "Feature", "properties": { "fid": 7, "id": 7, "length": 319.56701970920722, "line_name": "route21(Terminal-SedaSima)" }, "geometry": { "type": "LineString", "coordinates": [ [ 411310.965373610379174, 4016403.508785176556557 ], [ 411313.794784335186705, 4016410.548295438289642 ], [ 411321.862070442293771, 4016428.130787098314613 ], [ 411370.307521250855643, 4016521.699797852430493 ], [ 411395.272424259223044, 4016571.676214647013694 ], [ 411418.017809179145843, 4016615.337868997827172 ], [ 411442.631219971342944, 4016660.548420625273138 ], [ 411451.157861163723283, 4016675.61720288451761 ], [ 411458.389459837984759, 4016686.762173008173704 ] ] } },
{ "type": "Feature", "properties": { "fid": 8, "id": 8, "length": 294.86494535553641, "line_name": "route21(Terminal-SedaSima)" }, "geometry": { "type": "LineString", "coordinates": [ [ 411458.389459837984759, 4016686.762173008173704 ], [ 411463.024194470897783, 4016698.240804032422602 ], [ 411470.240412849001586, 4016711.730906618759036 ], [ 411472.404977511614561, 4016714.763362312223762 ], [ 411521.295560816535726, 4016772.56480266014114 ], [ 411560.9778440464288, 4016818.29470148589462 ], [ 411583.780646612402052, 4016844.830947721842676 ], [ 411612.10533684969414, 4016876.937161755282432 ], [ 411629.960478227003478, 4016897.838550216052681 ], [ 411637.234084906696808, 4016905.937201991211623 ], [ 411645.15750721830409, 4016913.483965532854199 ], [ 411645.15750721830409, 4016913.483965532854199 ], [ 411645.15750721830409, 4016913.483965532854199 ] ] } },
{ "type": "Feature", "properties": { "fid": 9, "id": 9, "length": 275.21936171074481, "line_name": "route21(Terminal-SedaSima)" }, "geometry": { "type": "LineString", "coordinates": [ [ 411645.15750721830409, 4016913.483965532854199 ], [ 411652.076321698550601, 4016927.579928291495889 ], [ 411669.773433615860995, 4016956.537163781002164 ], [ 411687.953309363685548, 4016988.756206169258803 ], [ 411708.488334049994592, 4017020.458621941972524 ], [ 411734.389584476186428, 4017061.71119563980028 ], [ 411757.62207667529583, 4017100.145881358068436 ], [ 411781.981848154624458, 4017138.511166898533702 ], [ 411788.994910858571529, 4017147.831372624728829 ] ] } },
{ "type": "Feature", "properties": { "fid": 10, "id": 10, "length": 226.67810282803379, "line_name": "route21(Terminal-SedaSima)" }, "geometry": { "type": "LineString", "coordinates": [ [ 411788.994910858571529, 4017147.831372624728829 ], [ 411796.071412052493542, 4017159.235613840166479 ], [ 411801.576442721649073, 4017170.292038688436151 ], [ 411824.625386942992918, 4017207.377682040911168 ], [ 411848.553738322516438, 4017245.500813107937574 ], [ 411866.106578645063564, 4017274.964665899518877 ], [ 411891.935057014459744, 4017316.008544378913939 ], [ 411902.731969880289398, 4017332.903428213205189 ], [ 411908.658231292851269, 4017340.097748268861324 ] ] } },
{ "type": "Feature", "properties": { "fid": 11, "id": 11, "length": 505.31945331241837, "line_name": "route21(Terminal-SedaSima)" }, "geometry": { "type": "LineString", "coordinates": [ [ 411908.658231292851269, 4017340.097748268861324 ], [ 411915.423637473257259, 4017353.672354087233543 ], [ 411942.429279861331452, 4017397.814977061003447 ], [ 411967.57717586599756, 4017438.423193257302046 ], [ 411987.464046392065939, 4017470.79371627047658 ], [ 412013.086067495227326, 4017510.923480010125786 ], [ 412035.102567071036901, 4017546.005898848176003 ], [ 412057.530101697077043, 4017582.487220406997949 ], [ 412082.088574938592501, 4017621.798835374414921 ], [ 412106.15312912396621, 4017659.694189693778753 ], [ 412131.875922619132325, 4017700.415481667034328 ], [ 412152.141832705470733, 4017733.401112071238458 ], [ 412170.070228866825346, 4017760.909277745522559 ], [ 412175.393001868389547, 4017768.998833124525845 ] ] } },
{ "type": "Feature", "properties": { "fid": 12, "id": 12, "length": 342.3461695130938, "line_name": "route21(Terminal-SedaSima)" }, "geometry": { "type": "LineString", "coordinates": [ [ 412175.393001868389547, 4017768.998833124525845 ], [ 412180.168267923174426, 4017779.449772034306079 ], [ 412197.110273036290891, 4017806.553902685642242 ], [ 412215.821929434838239, 4017842.400812444277108 ], [ 412238.164467550930567, 4017883.088133400771767 ], [ 412275.853445991757326, 4017944.730889465194196 ], [ 412309.412392760568764, 4017996.076246359851211 ], [ 412335.367914483998902, 4018032.663126962259412 ], [ 412352.655390583968256, 4018054.878080448601395 ], [ 412356.545588592125569, 4018058.52812740765512 ] ] } },
{ "type": "Feature", "properties": { "fid": 13, "id": 13, "length": 229.02994880642808, "line_name": "route21(Terminal-SedaSima)" }, "geometry": { "type": "LineString", "coordinates": [ [ 412356.545588592125569, 4018058.52812740765512 ], [ 412363.14095801638905, 4018067.919529887847602 ], [ 412371.931018351810053, 4018079.201440470758826 ], [ 412393.076410248759203, 4018103.565207509323955 ], [ 412416.256831400969531, 4018130.099711522459984 ], [ 412438.177807190921158, 4018155.344090088736266 ], [ 412478.761569813592359, 4018201.246533824596554 ], [ 412499.26122043322539, 4018223.425848014187068 ], [ 412506.974248143145815, 4018230.959924327209592 ] ] } },
{ "type": "Feature", "properties": { "fid": 14, "id": 14, "length": 550.50456905341491, "line_name": "route21(Terminal-SedaSima)" }, "geometry": { "type": "LineString", "coordinates": [ [ 412506.974248143145815, 4018230.959924327209592 ], [ 412515.5552376229316, 4018241.914601806551218 ], [ 412534.125508827564772, 4018263.108644121326506 ], [ 412557.841242257854901, 4018290.526443935930729 ], [ 412588.433040275936946, 4018324.863276954274625 ], [ 412596.779279606882483, 4018334.965434919577092 ], [ 412602.601034395745955, 4018341.895025256089866 ], [ 412610.133916560327634, 4018347.386083610355854 ], [ 412617.684659021790139, 4018354.653620464261621 ], [ 412629.577554374292959, 4018364.720132714137435 ], [ 412632.179993586789351, 4018366.115279589314014 ], [ 412635.555412673857063, 4018367.503797257784754 ], [ 412660.232223358587362, 4018371.992246937006712 ], [ 412688.761317449097987, 4018377.627623918000609 ], [ 412706.248962347744964, 4018381.597391653805971 ], [ 412709.330668779963162, 4018382.987744986079633 ], [ 412718.212583552696742, 4018389.175998973660171 ], [ 412725.747729690512642, 4018394.904018776491284 ], [ 412732.246287467656657, 4018402.419109866954386 ], [ 412739.914149700896814, 4018411.817554201930761 ], [ 412745.438143094419502, 4018430.926598688587546 ], [ 412746.380877536139451, 4018444.79831068450585 ], [ 412746.079535419819877, 4018452.973933868575841 ], [ 412740.464975267765112, 4018466.651326776947826 ], [ 412734.146127885906026, 4018477.019383321981877 ], [ 412724.564626526844222, 4018487.064895079471171 ], [ 412714.952206063375343, 4018494.031199304852635 ], [ 412712.711495581199415, 4018495.238149737473577 ], [ 412711.186728760891128, 4018496.141797673888505 ], [ 412709.569676868850365, 4018497.401703611947596 ], [ 412708.670353439985774, 4018498.535953796468675 ], [ 412708.395877778937574, 4018499.84158999286592 ], [ 412708.367587322951294, 4018501.79619119502604 ], [ 412708.544694957556203, 4018505.110827978234738 ], [ 412709.164459218387492, 4018509.546229207888246 ], [ 412712.830397831858136, 4018526.15069507015869 ], [ 412720.551606928464025, 4018559.947936759330332 ], [ 412723.597957035584841, 4018586.448661634232849 ], [ 412724.243826421326958, 4018603.024256480392069 ], [ 412725.134951854881365, 4018624.927343364339322 ], [ 412725.973537446872797, 4018638.518015682231635 ] ] } },
{ "type": "Feature", "properties": { "fid": 15, "id": 15, "length": 309.72245417993651, "line_name": "route21(Terminal-SedaSima)" }, "geometry": { "type": "LineString", "coordinates": [ [ 412725.973537446872797, 4018638.518015682231635 ], [ 412725.078177129966207, 4018655.668943791650236 ], [ 412724.167812522617169, 4018664.547779757995158 ], [ 412722.019125262275338, 4018694.883497131522745 ], [ 412721.120050145487767, 4018704.884966218844056 ], [ 412710.618210077052936, 4018781.112651620525867 ], [ 412706.123646932595875, 4018804.061835115775466 ], [ 412704.589714822359383, 4018814.181963693816215 ], [ 412704.257868210610468, 4018817.32898710295558 ], [ 412703.553555563092232, 4018819.581557526718825 ], [ 412701.752154500456527, 4018821.171507395338267 ], [ 412697.942809523723554, 4018821.883443654049188 ], [ 412680.936095259734429, 4018818.858308907598257 ], [ 412658.962052559480071, 4018814.382832117844373 ], [ 412653.115556164993905, 4018809.983935109339654 ], [ 412649.698289936699439, 4018809.057047432288527 ], [ 412612.476527412829455, 4018803.431695824023336 ], [ 412595.188255098182708, 4018801.135613645426929 ], [ 412580.173563293879852, 4018799.93469551531598 ] ] } },
{ "type": "Feature", "properties": { "fid": 16, "id": 16, "length": 444.55367172230888, "line_name": "route21(Terminal-SedaSima)" }, "geometry": { "type": "LineString", "coordinates": [ [ 412580.173563293879852, 4018799.93469551531598 ], [ 412568.251280520635191, 4018797.196430851239711 ], [ 412535.298851634317543, 4018791.465373743791133 ], [ 412500.0669515801128, 4018784.97148134931922 ], [ 412486.047316438867711, 4018782.418137056287378 ], [ 412456.012485378189012, 4018777.668453065678477 ], [ 412422.343200559727848, 4018772.955517658032477 ], [ 412390.305967563006561, 4018767.889425416477025 ], [ 412349.898192591266707, 4018761.785169499460608 ], [ 412313.315569919534028, 4018756.540679705794901 ], [ 412287.926904537540395, 4018752.979689188767225 ], [ 412257.620396133163013, 4018748.34570338902995 ], [ 412227.220722712576389, 4018743.488214388489723 ], [ 412197.454768609954044, 4018738.399875109549612 ], [ 412157.867850351380184, 4018732.625031065195799 ], [ 412153.046544213313609, 4018732.11241826089099 ], [ 412141.228445486689452, 4018731.054585275705904 ] ] } },
{ "type": "Feature", "properties": { "fid": 17, "id": 17, "length": 333.28770374199229, "line_name": "route21(Terminal-SedaSima)" }, "geometry": { "type": "LineString", "coordinates": [ [ 412141.228445486689452, 4018731.054585275705904 ], [ 412130.511685847304761, 4018728.83879397297278 ], [ 412093.510233876935672, 4018722.645123454276472 ], [ 412076.991112809395418, 4018720.061592687852681 ], [ 412075.127324405941181, 4018719.968184562865645 ], [ 412073.046611335477792, 4018720.887445919215679 ], [ 412065.183751264354214, 4018725.121213473845273 ], [ 412059.490195910679176, 4018728.210276588331908 ], [ 412055.074381412414368, 4018731.847780092619359 ], [ 412048.934486741956789, 4018735.727293310686946 ], [ 412046.038305573747493, 4018736.879368369933218 ], [ 412042.044973305193707, 4018737.368906054180115 ], [ 412039.410007262253202, 4018737.395590031985193 ], [ 412036.675084884453099, 4018736.525088622234762 ], [ 412033.744796511775348, 4018734.309268940705806 ], [ 412029.793432838690933, 4018729.970570313278586 ], [ 412026.651855088071898, 4018724.83774779830128 ], [ 412024.243984902161174, 4018720.371143675409257 ], [ 412021.970075956429355, 4018711.18764123506844 ], [ 412020.618420771847013, 4018703.342095469124615 ], [ 412020.743287257384509, 4018697.72709023533389 ], [ 412019.945894757227506, 4018690.774128985591233 ], [ 412015.584322109178174, 4018672.854339711833745 ], [ 412012.846987435943447, 4018662.77733556041494 ], [ 412011.544218786642887, 4018659.759112740401179 ], [ 412009.51114353723824, 4018656.411463809665293 ], [ 412006.952229829039425, 4018654.977814012672752 ], [ 412001.761735621315893, 4018653.907649732194841 ], [ 411983.462260260130279, 4018659.482253668829799 ], [ 411958.560629130690359, 4018668.155234744306654 ], [ 411926.041473909514025, 4018678.365099074319005 ], [ 411900.49481065897271, 4018686.146591799799353 ], [ 411893.161223834496923, 4018688.803300008643419 ], [ 411880.488281666242983, 4018694.130745346657932 ] ] } },
{ "type": "Feature", "properties": { "fid": 18, "id": 18, "length": 299.19375268653977, "line_name": "route21(Terminal-SedaSima)" }, "geometry": { "type": "LineString", "coordinates": [ [ 411880.488281666242983, 4018694.130745346657932 ], [ 411863.724667079106439, 4018698.308484601322562 ], [ 411845.240225736342836, 4018703.54843751527369 ], [ 411841.980613598832861, 4018704.704269566107541 ], [ 411840.719950186787173, 4018705.839813716243953 ], [ 411840.097594810882583, 4018707.193429046310484 ], [ 411840.115826145978644, 4018708.989642046391964 ], [ 411840.506617987877689, 4018711.680272637400776 ], [ 411841.943599546444602, 4018718.96355471201241 ], [ 411852.999313017935492, 4018760.729879238642752 ], [ 411863.207566354481969, 4018799.585670025087893 ], [ 411869.840034679393284, 4018826.352066922932863 ], [ 411870.873667875945102, 4018829.709825477562845 ], [ 411871.078169897547923, 4018831.953248200938106 ], [ 411870.581992080667987, 4018836.786102988291532 ], [ 411869.342988363991026, 4018840.054646787699312 ], [ 411868.742282667662948, 4018843.541263735387474 ], [ 411869.494222104200162, 4018846.003681406844407 ], [ 411874.220602788380347, 4018864.031981703825295 ], [ 411880.607753681426402, 4018893.495473682880402 ], [ 411882.586415725934785, 4018900.436442205682397 ], [ 411890.682500301336404, 4018919.216488296631724 ], [ 411894.604491126548965, 4018929.6182667654939 ], [ 411897.300895105814561, 4018935.653758292086422 ], [ 411899.171594902873039, 4018940.911702116020024 ], [ 411903.487678244127892, 4018953.259804731234908 ] ] } },
{ "type": "Feature", "properties": { "fid": 19, "id": 19, "length": 219.55707301509904, "line_name": "route21(Terminal-SedaSima)" }, "geometry": { "type": "LineString", "coordinates": [ [ 411903.487678244127892, 4018953.259804731234908 ], [ 411907.007795398531016, 4018969.911414366215467 ], [ 411910.045073953107931, 4018982.679946027230471 ], [ 411918.777488643769175, 4019019.417546737939119 ], [ 411933.500032340816688, 4019073.384747829288244 ], [ 411947.470509862352628, 4019124.889550163876265 ], [ 411952.179525930434465, 4019141.233943975996226 ], [ 411954.255767186055891, 4019148.847588364500552 ], [ 411959.27992108289618, 4019165.483979590702802 ] ] } },
{ "type": "Feature", "properties": { "fid": 20, "id": 20, "length": 365.69365296941481, "line_name": "route21(Terminal-SedaSima)" }, "geometry": { "type": "LineString", "coordinates": [ [ 411959.27992108289618, 4019165.483979590702802 ], [ 411963.442135330173187, 4019185.580630862154067 ], [ 411971.74700391839724, 4019216.035222767386585 ], [ 411984.454184067086317, 4019268.451087742112577 ], [ 411998.435465261689387, 4019321.078609532676637 ], [ 412012.78228085214505, 4019373.92699939198792 ], [ 412028.22600184881594, 4019427.437949424143881 ], [ 412039.765014774980955, 4019472.231032527517527 ], [ 412046.570249333686661, 4019498.209887031000108 ], [ 412052.581978973408695, 4019518.89216314535588 ] ] } },
{ "type": "Feature", "properties": { "fid": 21, "id": 21, "length": 322.34134951369981, "line_name": "route21(Terminal-SedaSima)" }, "geometry": { "type": "LineString", "coordinates": [ [ 412052.581978973408695, 4019518.89216314535588 ], [ 412056.578133670787793, 4019535.383804699871689 ], [ 412065.998761399649084, 4019568.40950765227899 ], [ 412074.860569896874949, 4019600.093579587992281 ], [ 412080.930843951529823, 4019625.293977773748338 ], [ 412090.536331568611786, 4019649.672663653735071 ], [ 412101.478460212121718, 4019680.43750065099448 ], [ 412112.313756085000932, 4019709.631582703907043 ], [ 412126.417366211418994, 4019747.550046542193741 ], [ 412139.656634200364351, 4019780.874005111865699 ], [ 412151.500121277756989, 4019810.956131006125361 ], [ 412158.04135721095372, 4019822.732151253614575 ] ] } },
{ "type": "Feature", "properties": { "fid": 22, "id": 22, "length": 360.18951388293289, "line_name": "route21(Terminal-SedaSima)" }, "geometry": { "type": "LineString", "coordinates": [ [ 412158.04135721095372, 4019822.732151253614575 ], [ 412158.988991801044904, 4019828.22684411611408 ], [ 412158.739158647193108, 4019830.474870724137872 ], [ 412157.937414521467872, 4019832.054831308312714 ], [ 412155.86605062300805, 4019833.872186887543648 ], [ 412146.896949860500172, 4019836.432983464095742 ], [ 412122.275681547995191, 4019845.551866689696908 ], [ 412084.889058811066207, 4019859.17879219725728 ], [ 412053.211254775058478, 4019871.288479503244162 ], [ 412018.361787671863567, 4019884.216348964720964 ], [ 411983.971217079204507, 4019897.588809643872082 ], [ 411950.388140611117706, 4019909.94274541689083 ], [ 411908.574389833956957, 4019925.973120955750346 ], [ 411859.068312443327159, 4019945.000942511018366 ], [ 411844.407881492341403, 4019950.763539566658437 ], [ 411830.937730980454944, 4019957.369154710322618 ] ] } },
{ "type": "Feature", "properties": { "fid": 23, "id": 23, "length": 405.97275773696833, "line_name": "route21(Terminal-SedaSima)" }, "geometry": { "type": "LineString", "coordinates": [ [ 411830.937730980454944, 4019957.369154710322618 ], [ 411817.148374535725452, 4019961.663377525284886 ], [ 411813.705267675744835, 4019962.59654967719689 ], [ 411798.315829284430947, 4019968.142080841585994 ], [ 411793.254569856566377, 4019970.775826757773757 ], [ 411777.217086131568067, 4019984.074963428545743 ], [ 411773.804793621180579, 4019988.039267050102353 ], [ 411769.395459905616008, 4019992.238254562951624 ], [ 411761.520223345432896, 4019995.125166975427419 ], [ 411756.980115706217475, 4019995.395860565826297 ], [ 411751.522401675989386, 4019994.777682316023856 ], [ 411744.576886540919077, 4019990.806377013679594 ], [ 411741.614977324614301, 4019985.447279250714928 ], [ 411740.113479221065063, 4019980.746987115126103 ], [ 411740.583246188471094, 4019973.332052730955184 ], [ 411741.795775886857882, 4019967.481419827323407 ], [ 411741.722738872223999, 4019960.296553809661418 ], [ 411740.918351235683076, 4019952.670021826867014 ], [ 411732.148070318158716, 4019930.079603494610637 ], [ 411715.531848521670327, 4019886.461244721431285 ], [ 411698.726918447588105, 4019842.171184231992811 ], [ 411686.031122014042921, 4019808.842320573981851 ], [ 411681.360738799616229, 4019796.315011461265385 ], [ 411669.213231211295351, 4019781.169164317660034 ], [ 411666.455750692635775, 4019778.053513389080763 ], [ 411664.270780144259334, 4019777.626641830429435 ], [ 411660.455076421552803, 4019777.66546248132363 ], [ 411647.400080033577979, 4019780.492898866068572 ], [ 411641.235985020291992, 4019781.902926382608712 ], [ 411629.98200476920465, 4019783.140209700912237 ], [ 411612.23053615068784, 4019784.275235102046281 ], [ 411607.598327520303428, 4019784.434666038956493 ], [ 411604.242591030197218, 4019785.030204673763365 ], [ 411601.527376881917007, 4019786.06832408439368 ], [ 411590.849627335905097, 4019789.458311954978853 ] ] } },
{ "type": "Feature", "properties": { "fid": 24, "id": 24, "length": 376.44578873278476, "line_name": "route21(Terminal-SedaSima)" }, "geometry": { "type": "LineString", "coordinates": [ [ 411590.849627335905097, 4019789.458311954978853 ], [ 411587.545872556453105, 4019789.802307551726699 ], [ 411583.587269881973043, 4019790.067157898563892 ], [ 411581.373369252774864, 4019790.359151219017804 ], [ 411564.828657255740836, 4019793.042502334341407 ], [ 411559.602328224107623, 4019793.724449081346393 ], [ 411542.819469294277951, 4019794.43430993380025 ], [ 411536.716445585770998, 4019794.676120670046657 ], [ 411527.734716680482961, 4019797.731572751421481 ], [ 411522.31690151715884, 4019801.020165755413473 ], [ 411517.29359087877674, 4019807.358496031723917 ], [ 411512.326118058001157, 4019819.175054635852575 ], [ 411504.988709161232691, 4019833.800076662097126 ], [ 411502.85601249942556, 4019838.492261667735875 ], [ 411500.651557180040982, 4019843.274995020590723 ], [ 411499.63189601583872, 4019850.20124384528026 ], [ 411498.03193998686038, 4019871.504017407540232 ], [ 411497.401297690463252, 4019880.941158351488411 ], [ 411494.130724731832743, 4019902.350779599975795 ], [ 411489.904964569141157, 4019929.877650433219969 ], [ 411485.367474499216769, 4019955.341927821282297 ], [ 411484.476712514297105, 4019960.650172358844429 ], [ 411484.089186028810218, 4019965.414388552773744 ], [ 411483.710702529991977, 4019992.45296245906502 ], [ 411483.62727088999236, 4020005.656813935842365 ], [ 411483.875511038233526, 4020008.618222071789205 ], [ 411484.262691890646238, 4020010.949499354232103 ], [ 411485.01416318747215, 4020013.366878995206207 ], [ 411486.492383945384063, 4020015.776849478948861 ], [ 411495.854288501199335, 4020021.519471754785627 ], [ 411502.728756924974732, 4020025.670764285605401 ], [ 411504.843652169860434, 4020026.367737777065486 ], [ 411509.349495585134719, 4020026.321811378002167 ], [ 411535.502391119371168, 4020025.067311222199351 ], [ 411553.589292172633577, 4020023.984873053617775 ], [ 411567.483590245072264, 4020022.157718344125897 ] ] } },
{ "type": "Feature", "properties": { "fid": 25, "id": 25, "length": 338.00648357001501, "line_name": "route21(Terminal-SedaSima)" }, "geometry": { "type": "LineString", "coordinates": [ [ 411567.483590245072264, 4020022.157718344125897 ], [ 411581.673305743315723, 4020022.486841033678502 ], [ 411595.026092130981851, 4020022.271903358865529 ], [ 411596.430125338607468, 4020022.099681365303695 ], [ 411626.099279434361961, 4020017.770529839675874 ], [ 411633.488343985052779, 4020015.484363026916981 ], [ 411652.67107399640372, 4020010.472413305193186 ], [ 411675.390862721949816, 4020001.397422388195992 ], [ 411708.614499893737957, 4019988.425457533448935 ], [ 411714.536478368681855, 4019986.391168688889593 ], [ 411732.516262116550934, 4019976.1800906076096 ], [ 411737.595604059111793, 4019972.969943637493998 ], [ 411739.493134600750636, 4019971.055548158939928 ], [ 411743.768845207756385, 4019964.221288886852562 ], [ 411746.55606845713919, 4019961.824074873700738 ], [ 411751.00933202682063, 4019959.883703853003681 ], [ 411757.892145111924037, 4019958.076567516196519 ], [ 411764.168124499847181, 4019959.434112776070833 ], [ 411771.328978655626997, 4019959.835117724724114 ], [ 411788.952274544513784, 4019958.550570025108755 ], [ 411825.231888224778231, 4019944.44253597734496 ], [ 411854.004256119427737, 4019933.569378067273647 ], [ 411871.188153133494779, 4019926.762071657460183 ], [ 411882.035763390304055, 4019920.591718771029264 ] ] } },
{ "type": "Feature", "properties": { "fid": 26, "id": 26, "length": 323.37912216525729, "line_name": "route21(Terminal-SedaSima)" }, "geometry": { "type": "LineString", "coordinates": [ [ 411882.035763390304055, 4019920.591718771029264 ], [ 411893.385540829738602, 4019917.787229953799397 ], [ 411899.908733149932232, 4019915.904007978737354 ], [ 411924.443829681025818, 4019906.069601636845618 ], [ 411972.247432493197266, 4019887.572527983225882 ], [ 412015.642577225575224, 4019871.437764606438577 ], [ 412058.521143061574548, 4019854.781780664809048 ], [ 412106.151630614767782, 4019835.971210485324264 ], [ 412120.079854144365527, 4019830.879486107267439 ], [ 412129.502427327272017, 4019826.992065657395869 ], [ 412135.528445915668271, 4019824.403045393060893 ], [ 412137.478165387990884, 4019823.329966388177127 ], [ 412138.576612844248302, 4019822.370836896356195 ], [ 412139.50246129441075, 4019821.20278432732448 ], [ 412140.336681490007322, 4019819.403649738524109 ], [ 412140.326023730624001, 4019818.350408729165792 ], [ 412140.223737436928786, 4019816.666085602715611 ], [ 412139.086920630419627, 4019813.833547241520137 ], [ 412137.070052603201475, 4019808.271207521203905 ], [ 412132.699636314646341, 4019797.571276082191616 ], [ 412130.510160759557039, 4019791.800014782696962 ], [ 412122.948293604247738, 4019778.358231256715953 ] ] } },
{ "type": "Feature", "properties": { "fid": 27, "id": 27, "length": 268.16007703291467, "line_name": "route21(Terminal-SedaSima)" }, "geometry": { "type": "LineString", "coordinates": [ [ 412122.948293604247738, 4019778.358231256715953 ], [ 412119.384810454968829, 4019762.20817320374772 ], [ 412108.890146969817579, 4019735.980677237734199 ], [ 412095.224601871799678, 4019699.67314537987113 ], [ 412087.529838969116099, 4019680.580100404564291 ], [ 412074.023931519011967, 4019643.217634871602058 ], [ 412066.819159077480435, 4019622.01294790674001 ], [ 412061.376673202961683, 4019606.478502493351698 ], [ 412055.669825237535406, 4019581.677268560510129 ], [ 412048.187809568131343, 4019549.941916720941663 ], [ 412045.50328280084068, 4019541.594985478091985 ], [ 412038.589510203921236, 4019524.430818212218583 ] ] } },
{ "type": "Feature", "properties": { "fid": 28, "id": 28, "length": 391.50168281040391, "line_name": "route21(Terminal-SedaSima)" }, "geometry": { "type": "LineString", "coordinates": [ [ 412038.589510203921236, 4019524.430818212218583 ], [ 412034.803951859648805, 4019503.624808677937835 ], [ 412027.910052490071394, 4019479.467626954428852 ], [ 412019.39647409360623, 4019446.900071058887988 ], [ 412010.164648367266636, 4019410.758415622171015 ], [ 412000.751601819705684, 4019373.565257595386356 ], [ 411994.648146734223701, 4019351.717458390630782 ], [ 411988.352836673613638, 4019327.764910571277142 ], [ 411975.695029511174653, 4019281.651201837230474 ], [ 411967.517776369233616, 4019248.658947072457522 ], [ 411959.547249169729184, 4019219.245989068876952 ], [ 411949.573246355168521, 4019177.213169073686004 ], [ 411946.223057169641834, 4019166.292312549427152 ], [ 411938.662753004115075, 4019146.244291060138494 ] ] } },
{ "type": "Feature", "properties": { "fid": 29, "id": 29, "length": 237.28502495765278, "line_name": "route21(Terminal-SedaSima)" }, "geometry": { "type": "LineString", "coordinates": [ [ 411938.662753004115075, 4019146.244291060138494 ], [ 411934.017727568862028, 4019122.807446226477623 ], [ 411933.297352246998344, 4019119.022696789819747 ], [ 411924.785252509755082, 4019086.665886007249355 ], [ 411907.09817229770124, 4019023.855039608199149 ], [ 411892.577877162664663, 4018970.702905999030918 ], [ 411886.03486968728248, 4018947.595621787011623 ], [ 411881.985484594246373, 4018934.996525346767157 ], [ 411880.736520611098967, 4018929.531785923987627 ], [ 411878.29761917720316, 4018916.965304267127067 ] ] } },
{ "type": "Feature", "properties": { "fid": 30, "id": 30, "length": 281.41625037316021, "line_name": "route21(Terminal-SedaSima)" }, "geometry": { "type": "LineString", "coordinates": [ [ 411878.29761917720316, 4018916.965304267127067 ], [ 411878.007190440199338, 4018912.60057015158236 ], [ 411878.541909566905815, 4018906.485724719241261 ], [ 411878.398960716207512, 4018900.799094375222921 ], [ 411877.644350079644937, 4018893.643982509151101 ], [ 411874.516574896872044, 4018879.455516409128904 ], [ 411867.827298282121774, 4018850.345644953195006 ], [ 411866.220241264498327, 4018843.199184189550579 ], [ 411865.085356664902065, 4018840.577329729218036 ], [ 411859.995065946830437, 4018834.624899686314166 ], [ 411859.12766645202646, 4018833.159014576114714 ], [ 411858.76852177240653, 4018831.371967221610248 ], [ 411855.74731837894069, 4018819.289122649934143 ], [ 411849.719853425980546, 4018796.597972449846566 ], [ 411838.720909263414796, 4018754.470345086883754 ], [ 411829.314006697619334, 4018718.014650131575763 ], [ 411827.876318013179116, 4018710.76114220218733 ], [ 411827.496848423208576, 4018706.97294100234285 ], [ 411827.897412468213588, 4018704.44083923054859 ], [ 411829.396537893917412, 4018700.949572522658855 ], [ 411833.101341614266858, 4018696.382568684406579 ], [ 411836.235092008428182, 4018694.349398301914334 ], [ 411846.07861116679851, 4018689.825427658390254 ], [ 411863.247870224877261, 4018684.700456154067069 ], [ 411871.57410023000557, 4018681.87726813275367 ], [ 411881.021842826739885, 4018678.166267879772931 ] ] } },
{ "type": "Feature", "properties": { "fid": 31, "id": 31, "length": 306.89710899023885, "line_name": "route21(Terminal-SedaSima)" }, "geometry": { "type": "LineString", "coordinates": [ [ 411881.021842826739885, 4018678.166267879772931 ], [ 411893.163314520963468, 4018675.443494867067784 ], [ 411900.898187675338704, 4018673.153007969725877 ], [ 411938.210823490750045, 4018661.925153870135546 ], [ 411974.329049253836274, 4018650.604232561308891 ], [ 411997.788474614557344, 4018643.62509736046195 ], [ 412002.460967455001082, 4018641.99773808894679 ], [ 412006.289543327293359, 4018641.22160858521238 ], [ 412011.151734549377579, 4018641.488357634749264 ], [ 412014.654265902296174, 4018642.19022099673748 ], [ 412019.113699330482632, 4018644.77841845434159 ], [ 412026.45983314467594, 4018654.605477252509445 ], [ 412039.718883614288643, 4018675.854147265199572 ], [ 412043.440950039657764, 4018681.399196377489716 ], [ 412050.440714274882339, 4018690.703108137473464 ], [ 412055.611930992978159, 4018696.233488780912012 ], [ 412069.066873380797915, 4018711.581472713500261 ], [ 412074.148556567728519, 4018716.691431350074708 ], [ 412075.606245732516982, 4018717.519353174138814 ], [ 412082.011324125225656, 4018718.613200230058283 ], [ 412126.07536048151087, 4018725.856727098114789 ], [ 412133.756963123159949, 4018726.727028008550406 ], [ 412144.897513879346661, 4018727.449281945358962 ] ] } },
{ "type": "Feature", "properties": { "fid": 32, "id": 32, "length": 429.46412709704936, "line_name": "route21(Terminal-SedaSima)" }, "geometry": { "type": "LineString", "coordinates": [ [ 412144.897513879346661, 4018727.449281945358962 ], [ 412154.501222919905558, 4018729.466572798322886 ], [ 412164.322453197324648, 4018731.157938751857728 ], [ 412213.762068842537701, 4018738.874220340047032 ], [ 412252.954176420462318, 4018744.903610539622605 ], [ 412286.343229316757061, 4018750.359769102185965 ], [ 412331.338213559822179, 4018756.962918524630368 ], [ 412380.515400026575662, 4018764.0507817636244 ], [ 412420.990166873089038, 4018770.489322780165821 ], [ 412471.023875258106273, 4018777.990396043285728 ], [ 412510.478753735485952, 4018784.755631998181343 ], [ 412552.665611343458295, 4018791.914877380710095 ], [ 412558.727468934550416, 4018792.801859111059457 ], [ 412569.003041380667128, 4018793.995976354461163 ] ] } },
{ "type": "Feature", "properties": { "fid": 33, "id": 33, "length": 315.00725454463316, "line_name": "route21(Terminal-SedaSima)" }, "geometry": { "type": "LineString", "coordinates": [ [ 412569.003041380667128, 4018793.995976354461163 ], [ 412579.266779662342742, 4018796.387149705551565 ], [ 412581.14638393826317, 4018796.789569807704538 ], [ 412608.636221360939089, 4018800.620979592669755 ], [ 412630.919807837810367, 4018803.872837315779179 ], [ 412649.534719237592071, 4018806.845643270295113 ], [ 412652.436182745092083, 4018807.132467297837138 ], [ 412654.990316179231741, 4018806.790777921210974 ], [ 412658.721974667510949, 4018804.857229971326888 ], [ 412660.167940567014739, 4018804.526685900054872 ], [ 412663.326194629713427, 4018804.916265884879977 ], [ 412686.974703363259323, 4018808.259876229334623 ], [ 412688.421728404646274, 4018808.034660756122321 ], [ 412689.699324900459033, 4018807.916483217384666 ], [ 412691.055812662001699, 4018807.165505658369511 ], [ 412692.147041009156965, 4018805.46918397443369 ], [ 412693.174747010460123, 4018797.45342932920903 ], [ 412695.085086087230593, 4018783.951407662592828 ], [ 412699.946762843988836, 4018741.768733344972134 ], [ 412703.597010733850766, 4018714.766410389449447 ], [ 412705.132537159312051, 4018697.897456466220319 ], [ 412707.199723521829583, 4018666.065660981461406 ], [ 412707.583191461337265, 4018636.357478715013713 ], [ 412707.548261595366057, 4018632.881791403982788 ], [ 412706.33205130364513, 4018617.617337662260979 ] ] } },
{ "type": "Feature", "properties": { "fid": 34, "id": 34, "length": 529.22654679603215, "line_name": "route21(Terminal-SedaSima)" }, "geometry": { "type": "LineString", "coordinates": [ [ 412706.33205130364513, 4018617.617337662260979 ], [ 412706.467211392242461, 4018601.211277562659234 ], [ 412706.759154384024441, 4018594.191801961045712 ], [ 412706.715649938851129, 4018589.86288372753188 ], [ 412705.191641437122598, 4018570.470744543708861 ], [ 412704.508046046248637, 4018562.565344552043825 ], [ 412700.452862189500593, 4018543.79579741274938 ], [ 412697.94649432215374, 4018534.863700845744461 ], [ 412692.622302583535202, 4018522.078435982577503 ], [ 412689.895290886575822, 4018515.23859286820516 ], [ 412682.201229946687818, 4018507.10508627910167 ], [ 412678.169215412577614, 4018502.666974733117968 ], [ 412675.858664382831194, 4018501.19732123054564 ], [ 412662.90560656611342, 4018498.789649704005569 ], [ 412641.835201056092046, 4018494.22430677106604 ], [ 412612.414791396353394, 4018488.399420130997896 ], [ 412598.362313118763268, 4018484.808599127456546 ], [ 412589.75416392920306, 4018481.909454245585948 ], [ 412581.493441778875422, 4018477.51393976714462 ], [ 412574.918161772075109, 4018472.504316997714341 ], [ 412569.424232259276323, 4018466.886662408709526 ], [ 412566.239374351978768, 4018462.589362367521971 ], [ 412563.176834684214555, 4018458.440120357088745 ], [ 412558.255427818919998, 4018449.68165825586766 ], [ 412554.901653311506379, 4018440.608841426670551 ], [ 412553.458438107627444, 4018429.277469963766634 ], [ 412553.629449538711924, 4018422.259205102454871 ], [ 412554.625159674673341, 4018413.142604199238122 ], [ 412558.372674795682542, 4018401.31111632892862 ], [ 412564.080361686646938, 4018392.147086862009019 ], [ 412568.593384380510543, 4018384.338679003994912 ], [ 412571.553784860414453, 4018378.337357787415385 ], [ 412575.559505054436158, 4018368.145449788775295 ], [ 412578.236213106021751, 4018357.966918802354485 ], [ 412578.808767071925104, 4018354.826106110122055 ], [ 412579.793998543522321, 4018344.664598602801561 ], [ 412579.505789146060124, 4018340.039567172527313 ], [ 412576.034183195617516, 4018331.266505190636963 ], [ 412572.231657491647638, 4018325.631825574673712 ], [ 412551.58456370991189, 4018303.147853297647089 ], [ 412523.832026544318069, 4018271.031746086198837 ], [ 412498.044762644160073, 4018242.105622637085617 ], [ 412490.356300136074424, 4018234.569373433943838 ], [ 412479.033777169475798, 4018223.970956091303378 ] ] } },
{ "type": "Feature", "properties": { "fid": 35, "id": 35, "length": 618.08338823904558, "line_name": "route21(Terminal-SedaSima)" }, "geometry": { "type": "LineString", "coordinates": [ [ 412479.033777169475798, 4018223.970956091303378 ], [ 412466.153797623701394, 4018207.045613630209118 ], [ 412453.91511963319499, 4018191.642973049543798 ], [ 412425.799403562908992, 4018159.530823753215373 ], [ 412390.712246512703132, 4018119.128924861550331 ], [ 412359.05452390020946, 4018083.32049714634195 ], [ 412348.65495897619985, 4018070.586631629616022 ], [ 412329.563853117520921, 4018046.74386962223798 ], [ 412309.321938410168514, 4018016.64265945320949 ], [ 412282.221726953925099, 4017977.504157009534538 ], [ 412263.953409661655314, 4017951.413901361171156 ], [ 412242.079999704263173, 4017915.357787364162505 ], [ 412221.31346069497522, 4017881.231288673821837 ], [ 412208.15269488748163, 4017858.373882520012558 ], [ 412200.513575858785771, 4017843.820833366364241 ], [ 412184.732338430301752, 4017812.779091330710799 ], [ 412178.834526852122508, 4017803.13497093738988 ], [ 412161.612256128108129, 4017773.003563411533833 ], [ 412145.883586938318331, 4017747.186443154234439 ], [ 412137.783598196634557, 4017734.877428898122162 ], [ 412135.335318606346846, 4017731.767134888563305 ], [ 412125.772461763408501, 4017719.492110454011708 ] ] } },
{ "type": "Feature", "properties": { "fid": 36, "id": 36, "length": 394.36682565542742, "line_name": "route21(Terminal-SedaSima)" }, "geometry": { "type": "LineString", "coordinates": [ [ 412125.772461763408501, 4017719.492110454011708 ], [ 412119.37239045323804, 4017706.698869829531759 ], [ 412117.514655066479463, 4017702.239013747312129 ], [ 412114.802052217361052, 4017696.892075657378882 ], [ 412104.608609013434034, 4017680.722772513516247 ], [ 412091.214649707952049, 4017658.763621125835925 ], [ 412072.911882482818328, 4017629.389751970302314 ], [ 412054.358267405361403, 4017599.122728805989027 ], [ 412030.77185774105601, 4017561.143706918694079 ], [ 412008.78024761530105, 4017525.537206894718111 ], [ 411982.359868372324854, 4017482.212631556205451 ], [ 411961.719718280422967, 4017448.831877559423447 ], [ 411935.930280663713347, 4017408.188230657950044 ], [ 411929.368858814355917, 4017398.700283268932253 ], [ 411926.489930094219744, 4017394.847968405112624 ], [ 411918.765425118617713, 4017384.219124428927898 ] ] } },
{ "type": "Feature", "properties": { "fid": 37, "id": 37, "length": 272.18886958996006, "line_name": "route21(Terminal-SedaSima)" }, "geometry": { "type": "LineString", "coordinates": [ [ 411918.765425118617713, 4017384.219124428927898 ], [ 411912.104973679641262, 4017370.585153720341623 ], [ 411910.118665297224652, 4017365.380201349966228 ], [ 411903.247531794128008, 4017355.1489710486494 ], [ 411886.777230093022808, 4017327.846928718965501 ], [ 411864.80263448425103, 4017294.032057988923043 ], [ 411838.882382426760159, 4017252.494279663544148 ], [ 411816.639994663069956, 4017216.144340378697962 ], [ 411803.859412797610275, 4017195.224399297498167 ], [ 411788.648396971984766, 4017172.985551884863526 ], [ 411783.489906897419132, 4017164.827061946969479 ], [ 411774.86708886368433, 4017153.625490037258714 ] ] } },
{ "type": "Feature", "properties": { "fid": 38, "id": 38, "length": 253.78098314945791, "line_name": "route21(Terminal-SedaSima)" }, "geometry": { "type": "LineString", "coordinates": [ [ 411774.86708886368433, 4017153.625490037258714 ], [ 411766.54614498995943, 4017138.575058039277792 ], [ 411764.32408855779795, 4017133.969683356583118 ], [ 411739.626440679363441, 4017093.912652804981917 ], [ 411719.353059102606494, 4017061.125868817325681 ], [ 411697.846871823421679, 4017025.963043224997818 ], [ 411676.710618157172576, 4016991.542949381750077 ], [ 411662.341778253146913, 4016968.997174821794033 ], [ 411655.222303113434464, 4016958.171500534750521 ], [ 411640.90713928983314, 4016938.308982367161661 ] ] } },
{ "type": "Feature", "properties": { "fid": 39, "id": 39, "length": 316.39222574413833, "line_name": "route21(Terminal-SedaSima)" }, "geometry": { "type": "LineString", "coordinates": [ [ 411640.90713928983314, 4016938.308982367161661 ], [ 411634.876511524431407, 4016926.495969550684094 ], [ 411631.92625662626233, 4016921.59945409744978 ], [ 411624.324862093082629, 4016910.927992032375187 ], [ 411599.238254337455146, 4016880.280453279614449 ], [ 411566.710277547885198, 4016842.841435964684933 ], [ 411527.196777579141781, 4016795.919190293643624 ], [ 411492.100082530465443, 4016755.520821176003665 ], [ 411473.383079535386059, 4016733.318198303692043 ], [ 411461.379274434351828, 4016717.61591060878709 ], [ 411455.847043119370937, 4016708.416393168270588 ], [ 411444.823202015657444, 4016690.995706310030073 ] ] } },
{ "type": "Feature", "properties": { "fid": 40, "id": 40, "length": 276.99360364453759, "line_name": "route21(Terminal-SedaSima)" }, "geometry": { "type": "LineString", "coordinates": [ [ 411444.823202015657444, 4016690.995706310030073 ], [ 411437.994691850210074, 4016676.202717492822558 ], [ 411435.01838707231218, 4016668.768629307392985 ], [ 411418.762721402919851, 4016639.076622316613793 ], [ 411411.870679521933198, 4016626.905223550740629 ], [ 411386.967006750404835, 4016578.789668404497206 ], [ 411365.794995372765698, 4016541.086308609694242 ], [ 411361.605561095231678, 4016533.216749610379338 ], [ 411341.112736301438417, 4016491.027870811056346 ], [ 411332.368184890598059, 4016474.993930637370795 ], [ 411327.432290621160064, 4016465.041965250391513 ], [ 411324.968146448663902, 4016460.439165523275733 ], [ 411315.720640450017527, 4016446.245372711215168 ] ] } },
{ "type": "Feature", "properties": { "fid": 41, "id": 41, "length": 898.23282151267938, "line_name": "route21(Terminal-SedaSima)" }, "geometry": { "type": "LineString", "coordinates": [ [ 411315.720640450017527, 4016446.245372711215168 ], [ 411310.184751286171377, 4016432.97165423957631 ], [ 411308.44415039930027, 4016428.212188144680113 ], [ 411294.13947241398273, 4016400.29195296112448 ], [ 411275.412562168843579, 4016365.400325732305646 ], [ 411252.127235003630631, 4016322.045840510167181 ], [ 411239.689822201849893, 4016299.481004994362593 ], [ 411234.643549373489805, 4016290.575234272051603 ], [ 411230.718446911952924, 4016284.942359985318035 ], [ 411221.428704354562797, 4016274.736336410511285 ], [ 411212.796551287639886, 4016269.748697043862194 ], [ 411205.39270678529283, 4016266.689267328940332 ], [ 411187.352561340085231, 4016263.589217782020569 ], [ 411183.001973298960365, 4016263.633667910471559 ], [ 411179.742082693730481, 4016263.965552445035428 ], [ 411168.193904523679521, 4016269.308647627476603 ], [ 411160.745470659574494, 4016273.714128608815372 ], [ 411155.51597746333573, 4016276.454765359405428 ], [ 411149.50249175686622, 4016279.352707024198025 ], [ 411140.72091756016016, 4016283.398611255921423 ], [ 411085.861586883664131, 4016314.115824092645198 ], [ 411060.871616141521372, 4016328.703160780947655 ], [ 411044.504920722334646, 4016335.588611967861652 ], [ 411007.797358303912915, 4016350.743890829384327 ], [ 410966.415059917373583, 4016369.67942041484639 ], [ 410941.145512375456747, 4016380.537764367181808 ], [ 410929.232790708076209, 4016385.660988834220916 ], [ 410924.353741793427616, 4016387.20387023454532 ], [ 410921.578826507087797, 4016387.680171993095428 ], [ 410918.25933058251394, 4016388.0874113291502 ], [ 410914.814397436159197, 4016388.048071990720928 ], [ 410910.699445503705647, 4016387.493091275449842 ], [ 410908.758227538724896, 4016386.766544574871659 ], [ 410904.084158225159626, 4016384.724412459414452 ], [ 410901.331415592518169, 4016381.468280773609877 ], [ 410900.225421720766462, 4016379.688155305571854 ], [ 410899.04752760741394, 4016376.789103178307414 ], [ 410898.049374947149772, 4016373.73892026534304 ], [ 410897.900984695123043, 4016371.053248238749802 ], [ 410898.548053907405119, 4016369.329797715414315 ], [ 410901.996807393035851, 4016363.845417104661465 ], [ 410907.275121099257376, 4016359.984459558967501 ], [ 410909.973556490265764, 4016357.941408128477633 ], [ 410912.863209845381789, 4016356.866773058194667 ], [ 410938.143500310427044, 4016347.053257581312209 ], [ 410958.781874404172413, 4016338.332384110894054 ], [ 410999.9440079354099, 4016321.489115338772535 ], [ 411040.615261826547794, 4016303.904627953190356 ], [ 411051.447389113716781, 4016299.464416903443635 ], [ 411093.360926935099997, 4016285.151815787423402 ], [ 411113.350186642201152, 4016277.930841486901045 ], [ 411133.212524771690369, 4016270.114058249164373 ], [ 411145.958497745567001, 4016263.713654052931815 ], [ 411157.017169265716802, 4016257.778378684539348 ], [ 411171.679995793558192, 4016249.716251120902598 ], [ 411185.858686639403459, 4016241.584451351780444 ], [ 411193.148854589788243, 4016236.471490568947047 ], [ 411201.124126726819668, 4016229.795989969279617 ] ] } },
{ "type": "Feature", "properties": { "fid": 42, "id": 42, "length": 980.02901049860952, "line_name": "route21(Terminal-SedaSima)" }, "geometry": { "type": "LineString", "coordinates": [ [ 411201.124126726819668, 4016229.795989969279617 ], [ 411214.924858521553688, 4016223.708835179917514 ], [ 411218.778344632009976, 4016222.325883726589382 ], [ 411227.915706843079533, 4016217.604630880523473 ], [ 411257.111655895365402, 4016200.586243590340018 ], [ 411270.096472643315792, 4016193.885012845974416 ], [ 411282.591812567319721, 4016186.591644442174584 ], [ 411300.677796984673478, 4016176.404771994799376 ], [ 411305.424752757069655, 4016173.743793438188732 ], [ 411328.58120362914633, 4016162.982740093953907 ], [ 411347.292096020770259, 4016154.804984910879284 ], [ 411364.747021504677832, 4016147.909026713110507 ], [ 411383.899978953995742, 4016141.592947746161371 ], [ 411419.072962006728631, 4016129.888571120332927 ], [ 411462.678284321154933, 4016115.411268392112106 ], [ 411510.385111810523085, 4016100.145997606217861 ], [ 411557.484802660299465, 4016084.588594271801412 ], [ 411577.96588425419759, 4016078.110151629429311 ], [ 411643.622450080583803, 4016056.990126512013376 ], [ 411704.093269183125813, 4016036.9682911131531 ], [ 411771.309397128177807, 4016014.639105666428804 ], [ 411789.388875190459657, 4016009.678424404468387 ], [ 411829.022353360312991, 4015996.736177800223231 ], [ 411852.152005806216039, 4015989.186516405083239 ], [ 411873.684878863976337, 4015979.115209242794663 ], [ 411886.191606019914616, 4015972.867634106893092 ], [ 411904.934334718156606, 4015961.779671197291464 ], [ 411909.967838260228746, 4015957.548605592921376 ], [ 411924.944499819888733, 4015944.558106184471399 ], [ 411928.841601695574354, 4015940.899005064740777 ], [ 411949.170940071053337, 4015914.007265290245414 ], [ 411971.806792541465256, 4015881.531861117109656 ], [ 411992.534821578126866, 4015851.613727918360382 ], [ 412011.844453638303094, 4015824.845048647373915 ], [ 412023.047781853703782, 4015809.205739791505039 ], [ 412030.323318950482644, 4015799.577700755558908 ], [ 412039.678330437047407, 4015783.540938471909612 ] ] } },
{ "type": "Feature", "properties": { "fid": 43, "id": 43, "length": 633.47606271681082, "line_name": "route21(Terminal-SedaSima)" }, "geometry": { "type": "LineString", "coordinates": [ [ 412039.678330437047407, 4015783.540938471909612 ], [ 412049.457942472305149, 4015773.408035774249583 ], [ 412051.31686935632024, 4015771.970997055526823 ], [ 412062.889702491695061, 4015756.999802028760314 ], [ 412072.021245302574243, 4015745.636219641659409 ], [ 412088.288707959931344, 4015722.969132560305297 ], [ 412100.965342468349263, 4015703.393687763251364 ], [ 412110.341041672741994, 4015686.280103106051683 ], [ 412118.532342784281354, 4015671.567105299793184 ], [ 412125.552810720633715, 4015660.59814292890951 ], [ 412145.516040524991695, 4015626.657376391347498 ], [ 412163.589421969372779, 4015597.065096657723188 ], [ 412179.186704690684564, 4015573.618663553148508 ], [ 412202.623624508851208, 4015536.507918889634311 ], [ 412209.772707702650223, 4015526.284172559622675 ], [ 412228.484290310880169, 4015488.026917777489871 ], [ 412242.572869505325798, 4015458.773625090252608 ], [ 412247.641823888814542, 4015446.033019135240465 ], [ 412248.219011319160927, 4015443.340016969013959 ], [ 412248.784147527767345, 4015439.452835540752858 ], [ 412249.352297187258955, 4015435.864199010655284 ], [ 412250.760448331595398, 4015431.669934997800738 ], [ 412252.996551515883766, 4015425.675864663906395 ], [ 412260.819744119769894, 4015410.369585094042122 ], [ 412265.069836680078879, 4015400.324431345332414 ], [ 412275.343822284601629, 4015376.334758501499891 ], [ 412279.945993988716509, 4015365.241048411466181 ], [ 412281.231051798502449, 4015360.824100947007537 ], [ 412289.910584703669883, 4015334.536576814949512 ], [ 412295.096993043087423, 4015315.450098702218384 ], [ 412301.434305738308467, 4015284.632944208104163 ], [ 412308.001351560524199, 4015252.61917997058481 ], [ 412310.931555572664365, 4015231.540087388828397 ], [ 412311.117682951386087, 4015220.96605431754142 ] ] } },
{ "type": "Feature", "properties": { "fid": 45, "id": 44, "length": 980.707330742149, "line_name": "route21(Terminal-SedaSima)" }, "geometry": { "type": "LineString", "coordinates": [ [ 412311.117682951386087, 4015220.96605431754142 ], [ 412315.98119846341433, 4015202.976315295789391 ], [ 412317.601826693338808, 4015197.158853677101433 ], [ 412318.504019597312436, 4015190.730393051635474 ], [ 412319.392668011656497, 4015182.958481472916901 ], [ 412321.664423994603567, 4015156.511684731114656 ], [ 412324.232107309740968, 4015135.436256788205355 ], [ 412326.441723877913319, 4015114.81230316311121 ], [ 412327.233040102990344, 4015085.394687552005053 ], [ 412327.428591291944031, 4015068.821804075036198 ], [ 412325.482132479141001, 4015043.611841826234013 ], [ 412322.659499030734878, 4015015.424964603036642 ], [ 412319.375957608514, 4014989.482048196718097 ], [ 412310.847095108823851, 4014934.854183026123792 ], [ 412305.62230573373381, 4014902.212911096867174 ], [ 412304.234275598893873, 4014890.433197863399982 ], [ 412303.406708725029603, 4014880.28999540861696 ], [ 412302.67946371762082, 4014874.101899198722094 ], [ 412301.897804477193858, 4014868.511501628905535 ], [ 412300.197585780289955, 4014861.736067302990705 ], [ 412297.740317505900748, 4014857.8047293741256 ], [ 412293.84089901088737, 4014854.709016857668757 ], [ 412291.509011242538691, 4014851.224278536625206 ], [ 412290.220315829268657, 4014849.296538247726858 ], [ 412287.369127945741639, 4014844.066748276818544 ], [ 412285.400283820054028, 4014838.820384646300226 ], [ 412284.449351553455926, 4014834.425995464902371 ], [ 412283.670689080143347, 4014829.134144130628556 ], [ 412283.210760362562723, 4014825.481240187771618 ], [ 412283.18290761357639, 4014822.719703120179474 ], [ 412283.077306293940637, 4014818.242144473362714 ], [ 412283.807595912832767, 4014813.6670255321078 ], [ 412285.150581811496522, 4014808.069686798844486 ], [ 412286.72737142193364, 4014802.604791920632124 ], [ 412287.877355317235924, 4014796.770983271300793 ], [ 412288.292336385464296, 4014789.974219122435898 ], [ 412289.008205476449803, 4014777.053635296411812 ], [ 412288.91690911189653, 4014773.994163414929062 ], [ 412286.277986997039989, 4014758.047021203208715 ], [ 412276.851576603134163, 4014716.341611554846168 ], [ 412262.707186696934514, 4014656.321450863033533 ], [ 412253.878711190540344, 4014619.98438183683902 ], [ 412240.571851505781524, 4014583.095358000136912 ], [ 412229.042972070339601, 4014554.697794202715158 ], [ 412211.86645307764411, 4014517.698574893642217 ], [ 412200.264744473563042, 4014494.078979509416968 ], [ 412194.336212071881164, 4014481.598682770039886 ], [ 412178.265068573819008, 4014458.322810037527233 ], [ 412159.377539996639825, 4014431.492508966010064 ], [ 412138.89590134518221, 4014402.439037353731692 ], [ 412116.469559834222309, 4014372.36024758592248 ], [ 412092.980826296203304, 4014344.830135765485466 ], [ 412082.097626042785123, 4014332.549272680655122 ], [ 412077.339694978087209, 4014328.268028540536761 ], [ 412060.318231833865866, 4014313.288462060038 ], [ 412060.318231833865866, 4014313.288462060038 ] ] } },
{ "type": "Feature", "properties": { "fid": 46, "id": 45, "length": 238.77823443644263, "line_name": "route21(Terminal-SedaSima)" }, "geometry": { "type": "LineString", "coordinates": [ [ 412060.318231833865866, 4014313.288462060038 ], [ 412053.526576359872706, 4014304.548126976005733 ], [ 412052.173539470182732, 4014302.247851621359587 ], [ 412049.544504302437417, 4014299.288684544619173 ], [ 412043.032347055559512, 4014291.890159098897129 ], [ 412011.021363735140767, 4014258.474939080420882 ], [ 411978.532666933140717, 4014225.66181529359892 ], [ 411953.258642945322208, 4014200.986590273212641 ], [ 411944.348408817953896, 4014192.567396104801446 ], [ 411937.991714963223785, 4014185.615234324708581 ], [ 411922.087089154403657, 4014166.966036120895296 ], [ 411912.925963470363058, 4014157.653688106685877 ], [ 411906.634193899808452, 4014151.148753169458359 ], [ 411895.310370783263352, 4014141.191022443119437 ] ] } },
{ "type": "Feature", "properties": { "fid": 47, "id": 46, "length": 642.64991299789699, "line_name": "route21(Terminal-SedaSima)" }, "geometry": { "type": "LineString", "coordinates": [ [ 411895.310370783263352, 4014141.191022443119437 ], [ 411886.162452231743373, 4014129.186901338864118 ], [ 411879.075854430964682, 4014121.794311520177871 ], [ 411865.012915804050863, 4014105.963018818292767 ], [ 411850.493634719750844, 4014092.823547045234591 ], [ 411835.959181296580937, 4014078.191377180628479 ], [ 411828.262048002681695, 4014070.207864562515169 ], [ 411816.773735476541333, 4014057.93345105741173 ], [ 411806.862888474657666, 4014046.240209389477968 ], [ 411801.352142526651733, 4014039.279566455166787 ], [ 411797.054733597906306, 4014032.754487024620175 ], [ 411788.583804776135366, 4014020.001652950886637 ], [ 411782.580422472499777, 4014012.150291567668319 ], [ 411776.675202869344503, 4014002.058625791221857 ], [ 411769.041299619711936, 4013988.40159591473639 ], [ 411763.4956647567451, 4013978.007716500200331 ], [ 411754.479027776047587, 4013959.139660385902971 ], [ 411746.681771408650093, 4013941.304255356546491 ], [ 411741.501756268844474, 4013931.205255032982677 ], [ 411739.892430285573937, 4013927.489394161384553 ], [ 411738.127388431865256, 4013920.34150042431429 ], [ 411737.217606056074146, 4013914.080654921010137 ], [ 411734.709091935190372, 4013905.148854711093009 ], [ 411733.187321322970092, 4013898.147781278938055 ], [ 411732.040312345838174, 4013892.337205835618079 ], [ 411726.507919608207885, 4013871.343800482805818 ], [ 411718.76779701578198, 4013847.237763642333448 ], [ 411713.357745868037455, 4013826.392412403132766 ], [ 411706.436468705243897, 4013799.590901186224073 ], [ 411700.059290111181326, 4013778.755373245105147 ], [ 411692.405057131662033, 4013751.214874458499253 ], [ 411683.623417809605598, 4013719.804351593833417 ], [ 411679.988951232517138, 4013707.151808912865818 ], [ 411677.010424375708681, 4013699.568383622914553 ], [ 411671.035169920069166, 4013682.610270708799362 ], [ 411667.801216722698882, 4013673.68585411971435 ], [ 411656.047290214919485, 4013647.232022839598358 ], [ 411648.869164482865017, 4013630.883288398385048 ], [ 411644.439951780601405, 4013623.314605251885951 ], [ 411637.054881852469407, 4013610.401594013907015 ], [ 411628.565133206138853, 4013595.857646443415433 ], [ 411624.155597117380239, 4013590.229510649573058 ], [ 411612.512052237754688, 4013577.542511933483183 ] ] } },
{ "type": "Feature", "properties": { "fid": 48, "id": 47, "length": 386.91961343687666, "line_name": "route21(Terminal-SedaSima)" }, "geometry": { "type": "LineString", "coordinates": [ [ 411612.512052237754688, 4013577.542511933483183 ], [ 411604.99179184762761, 4013563.328507427126169 ], [ 411603.018166985886637, 4013559.467083986848593 ], [ 411579.333489962038584, 4013524.923760449513793 ], [ 411546.805072438961361, 4013476.735948723740876 ], [ 411524.209472698916215, 4013442.330982624553144 ], [ 411512.532241257897113, 4013423.490216376259923 ], [ 411500.794229725259356, 4013398.678582325577736 ], [ 411499.414342769945506, 4013393.766129346564412 ], [ 411493.483523072791286, 4013369.343302458524704 ], [ 411488.523763737466652, 4013333.415463226847351 ], [ 411483.664529930567369, 4013283.602867347188294 ], [ 411480.255025026504882, 4013245.569240107666701 ], [ 411478.838660027016886, 4013237.074261791538447 ], [ 411476.049410163832363, 4013225.160770066548139 ] ] } },
{ "type": "Feature", "properties": { "fid": 49, "id": 48, "length": 184.39089284299652, "line_name": "route21(Terminal-SedaSima)" }, "geometry": { "type": "LineString", "coordinates": [ [ 411476.049410163832363, 4013225.160770066548139 ], [ 411475.91632527532056, 4013211.277255720924586 ], [ 411476.103439925936982, 4013205.901002620812505 ], [ 411475.785725953814108, 4013198.439860573969781 ], [ 411475.141185545537155, 4013182.621944540645927 ], [ 411474.572574032936245, 4013174.267630347050726 ], [ 411473.990294265793636, 4013164.569868023041636 ], [ 411473.953847677446902, 4013160.987339360173792 ], [ 411474.036775276414119, 4013157.254308799747378 ], [ 411474.479344271938317, 4013153.21904455171898 ], [ 411475.178885314497165, 4013150.674040858633816 ], [ 411475.872352521982975, 4013147.531949141994119 ], [ 411477.182433342037257, 4013145.57788445148617 ], [ 411478.011980006180238, 4013143.927283333148807 ], [ 411479.203446655941661, 4013142.198356843553483 ], [ 411480.521880723594222, 4013141.065288819372654 ], [ 411481.903039327007718, 4013140.15551414526999 ], [ 411483.046967512113042, 4013139.696015282068402 ], [ 411484.795360878575593, 4013139.230367865879089 ], [ 411486.306523538252804, 4013139.214996295515448 ], [ 411488.482597764232196, 4013139.192861694842577 ], [ 411489.996797060768586, 4013139.47603480424732 ], [ 411491.570683606609236, 4013139.683957344852388 ], [ 411493.02747274126159, 4013140.266289838124067 ], [ 411494.184306580747943, 4013141.075604612007737 ], [ 411495.530070802778937, 4013142.629435254260898 ], [ 411496.335611853224691, 4013144.561979228630662 ], [ 411497.090574428148102, 4013147.465406195726246 ], [ 411497.917369397357106, 4013151.487758611794561 ], [ 411498.755550018744543, 4013156.629651283845305 ], [ 411499.345112603215966, 4013161.102279029786587 ], [ 411499.949377573560923, 4013172.964486846234649 ], [ 411500.672256668272894, 4013184.601557312998921 ], [ 411501.511472201789729, 4013195.789582394063473 ], [ 411502.463987505820114, 4013206.230018026661128 ], [ 411503.233365715655964, 4013210.551529972348362 ], [ 411504.357828553416766, 4013214.122993367258459 ], [ 411505.678095123614185, 4013223.600634942296892 ] ] } },
{ "type": "Feature", "properties": { "fid": 1, "id": 1, "length": 220.68597823945814, "line_name": "route23(Isfahan-Pounak-Nokhbegan)" }, "geometry": { "type": "LineString", "coordinates": [ [ 410249.679088006610982, 4012402.594700677786022 ], [ 410276.248522594338283, 4012313.33008341724053 ], [ 410305.21311474556569, 4012217.41723113367334 ], [ 410310.661772344261408, 4012190.672843961045146 ] ] } },
{ "type": "Feature", "properties": { "fid": 2, "id": 2, "length": 179.04903932843456, "line_name": "route23(Isfahan-Pounak-Nokhbegan)" }, "geometry": { "type": "LineString", "coordinates": [ [ 410310.661772344261408, 4012190.672843961045146 ], [ 410327.585803969181143, 4012131.025699805933982 ], [ 410332.550918683526106, 4012101.712322099599987 ], [ 410334.352336662937887, 4012074.192689784802496 ], [ 410335.710703286342323, 4012046.271203138399869 ], [ 410335.989592070924118, 4012030.734062137082219 ], [ 410335.989592070924118, 4012030.734062137082219 ], [ 410334.402079180115834, 4012014.62215728405863 ] ] } },
{ "type": "Feature", "properties": { "fid": 3, "id": 3, "length": 221.34907865079367, "line_name": "route23(Isfahan-Pounak-Nokhbegan)" }, "geometry": { "type": "LineString", "coordinates": [ [ 410334.402079180115834, 4012014.62215728405863 ], [ 410334.50869486539159, 4012002.130447344854474 ], [ 410333.646860079548787, 4011987.94864155864343 ], [ 410327.979762379196472, 4011977.530418204143643 ], [ 410324.357540041557513, 4011938.370802223216742 ], [ 410320.277971280040219, 4011900.977052823640406 ], [ 410318.075450970907696, 4011896.664598844945431 ], [ 410310.591784245683812, 4011880.349435072857887 ], [ 410301.90790074726101, 4011832.752324038185179 ], [ 410293.733679389231838, 4011799.126293302513659 ] ] } },
{ "type": "Feature", "properties": { "fid": 4, "id": 4, "length": 996.47710376915529, "line_name": "route23(Isfahan-Pounak-Nokhbegan)" }, "geometry": { "type": "LineString", "coordinates": [ [ 410293.733679389231838, 4011799.126293302513659 ], [ 410288.429258661810309, 4011745.827077274210751 ], [ 410282.415761960030068, 4011701.815090298186988 ], [ 410274.957827202917542, 4011659.62430464476347 ], [ 410266.56025603110902, 4011639.841449139174074 ], [ 410255.527764962753281, 4011627.040054045151919 ], [ 410247.512492171430495, 4011623.05848415568471 ], [ 410230.350216104881838, 4011611.765362203586847 ], [ 410212.820787080039736, 4011593.250820243731141 ], [ 410199.385426740511321, 4011567.378528037574142 ], [ 410194.804491198214237, 4011548.820788250304759 ], [ 410195.102799960761331, 4011521.000541443936527 ], [ 410213.43463199713733, 4011482.517709832172841 ], [ 410244.936605010298081, 4011458.349618940148503 ], [ 410272.072716456837952, 4011450.664051894564182 ], [ 410288.590122640947811, 4011449.048796746414155 ], [ 410316.00469143409282, 4011454.185291589703411 ], [ 410338.063661720778327, 4011464.976579819340259 ], [ 410367.360221947601531, 4011482.376751039642841 ], [ 410386.874279990559444, 4011487.594803271815181 ], [ 410436.224781636963598, 4011491.602765708230436 ], [ 410461.05006885563489, 4011498.080601742491126 ], [ 410495.537187067500781, 4011511.042837458662689 ], [ 410549.181007676757872, 4011533.598293168935925 ], [ 410611.926043533952907, 4011560.243078650441021 ], [ 410652.925815370341297, 4011577.524037099443376 ], [ 410700.671725181513466, 4011599.159387924242765 ], [ 410730.152568918943871, 4011611.430527146439999 ], [ 410751.695703611709177, 4011620.946120902895927 ], [ 410758.623663499252871, 4011625.932761998847127 ], [ 410760.56259469903307, 4011629.52550041442737 ], [ 410760.74592117103748, 4011633.136234380770475 ], [ 410750.152967599628028, 4011670.274107605218887 ], [ 410749.541599395219237, 4011676.647606648504734 ] ] } },
{ "type": "Feature", "properties": { "fid": 5, "id": 5, "length": 257.61725626848175, "line_name": "route23(Isfahan-Pounak-Nokhbegan)" }, "geometry": { "type": "LineString", "coordinates": [ [ 410749.541599395219237, 4011676.647606648504734 ], [ 410745.765810428769328, 4011684.769538048654795 ], [ 410731.835906120832078, 4011738.920937876682729 ], [ 410718.893225470324978, 4011789.449630500748754 ], [ 410704.791447242663708, 4011841.074024360626936 ], [ 410691.03987995168427, 4011898.294411115348339 ], [ 410686.397419565939344, 4011916.405117599759251 ], [ 410686.914839320525061, 4011925.837767608463764 ] ] } },
{ "type": "Feature", "properties": { "fid": 6, "id": 6, "length": 307.16050205708717, "line_name": "route23(Isfahan-Pounak-Nokhbegan)" }, "geometry": { "type": "LineString", "coordinates": [ [ 410686.914839320525061, 4011925.837767608463764 ], [ 410682.953138333919924, 4011937.212995841633528 ], [ 410676.866527471342124, 4011985.684501536656171 ], [ 410673.063115286931861, 4012014.263197477906942 ], [ 410667.313700637372676, 4012067.066398582886904 ], [ 410663.484415350249037, 4012093.116537977475673 ], [ 410657.58698426844785, 4012145.740643415600061 ], [ 410649.11590345937293, 4012218.441205305978656 ], [ 410650.351412250427529, 4012230.124373089056462 ] ] } },
{ "type": "Feature", "properties": { "fid": 7, "id": 7, "length": 566.2434895631485, "line_name": "route23(Isfahan-Pounak-Nokhbegan)" }, "geometry": { "type": "LineString", "coordinates": [ [ 410650.351412250427529, 4012230.124373089056462 ], [ 410647.262510025524534, 4012237.426474101375788 ], [ 410639.848838392295875, 4012299.097719745244831 ], [ 410632.998188460653182, 4012358.595628666225821 ], [ 410624.790490061219316, 4012428.403450551442802 ], [ 410617.010429218644276, 4012482.853266385849565 ], [ 410606.085088206571527, 4012572.919709643349051 ], [ 410597.796527901606169, 4012649.050509200431406 ], [ 410589.081976466462947, 4012712.180269796866924 ], [ 410580.72967634833185, 4012782.2299201390706 ], [ 410581.941148688725661, 4012791.415203963406384 ] ] } },
{ "type": "Feature", "properties": { "fid": 8, "id": 8, "length": 489.27148613090992, "line_name": "route23(Isfahan-Pounak-Nokhbegan)" }, "geometry": { "type": "LineString", "coordinates": [ [ 410581.941148688725661, 4012791.415203963406384 ], [ 410575.292818954621907, 4012821.482856621965766 ], [ 410566.305107695283368, 4012887.445834746584296 ], [ 410557.40624412096804, 4012960.706310109235346 ], [ 410550.287006378464866, 4013025.677161375526339 ], [ 410543.697797309956513, 4013098.408114665653557 ], [ 410547.570922445855103, 4013114.330496481619775 ], [ 410543.060471091361251, 4013175.286795577034354 ], [ 410534.391991327574942, 4013257.021233789157122 ], [ 410534.391991327574942, 4013257.021233789157122 ], [ 410534.391991327574942, 4013257.021233789157122 ], [ 410533.697327568370383, 4013265.06129726069048 ], [ 410533.697327568370383, 4013265.06129726069048 ], [ 410533.999421329353936, 4013276.855076393578202 ] ] } },
{ "type": "Feature", "properties": { "fid": 9, "id": 9, "length": 511.97168916230083, "line_name": "route23(Isfahan-Pounak-Nokhbegan)" }, "geometry": { "type": "LineString", "coordinates": [ [ 410533.999421329353936, 4013276.855076393578202 ], [ 410529.469993436592631, 4013303.095597771927714 ], [ 410522.701023303903639, 4013370.360036390833557 ], [ 410514.493626093259081, 4013439.987490890547633 ], [ 410507.576793467334937, 4013507.072851428296417 ], [ 410499.915743949939497, 4013572.901463596150279 ], [ 410492.549221375025809, 4013638.907693938817829 ], [ 410483.089198061963543, 4013714.689576366916299 ], [ 410476.078124520310666, 4013772.563770832959563 ], [ 410477.140655841329135, 4013785.197037233039737 ] ] } },
{ "type": "Feature", "properties": { "fid": 10, "id": 10, "length": 716.03501718223083, "line_name": "route23(Isfahan-Pounak-Nokhbegan)" }, "geometry": { "type": "LineString", "coordinates": [ [ 410477.140655841329135, 4013785.197037233039737 ], [ 410470.962436873698607, 4013815.606695036869496 ], [ 410468.584335547871888, 4013840.377676200587302 ], [ 410469.345966710010543, 4013857.529825952835381 ], [ 410472.210461665061302, 4013865.80939411604777 ], [ 410508.622985903755762, 4013878.982109623029828 ], [ 410529.21305611578282, 4013889.788845448754728 ], [ 410569.62872551579494, 4013922.428833856247365 ], [ 410627.468062159314286, 4013970.966178809292614 ], [ 410641.87244039500365, 4013991.952080206479877 ], [ 410639.32608399289893, 4014213.97424965724349 ], [ 410638.423536200134549, 4014254.264336082153022 ], [ 410646.244389265601058, 4014289.407129948493093 ], [ 410638.822787508484907, 4014307.365886243991554 ], [ 410591.404898834065534, 4014319.052305261138827 ], [ 410568.146080496546347, 4014324.387100706808269 ], [ 410558.144309565133881, 4014327.733634257689118 ], [ 410540.850478629756253, 4014332.970673586707562 ] ] } },
{ "type": "Feature", "properties": { "fid": 11, "id": 11, "length": 161.90108289634273, "line_name": "route23(Isfahan-Pounak-Nokhbegan)" }, "geometry": { "type": "LineString", "coordinates": [ [ 410540.850478629756253, 4014332.970673586707562 ], [ 410528.379081497201696, 4014334.43031354714185 ], [ 410493.351876909378916, 4014342.459035451058298 ], [ 410473.968767754093278, 4014349.341879934072495 ], [ 410471.147777253412642, 4014359.486284122336656 ], [ 410471.307650832110085, 4014375.01895572245121 ], [ 410475.115784885769244, 4014418.150712895672768 ], [ 410478.139459258003626, 4014441.383743897546083 ] ] } },
{ "type": "Feature", "properties": { "fid": 12, "id": 12, "length": 665.60632871266887, "line_name": "route23(Isfahan-Pounak-Nokhbegan)" }, "geometry": { "type": "LineString", "coordinates": [ [ 410478.139459258003626, 4014441.383743897546083 ], [ 410477.631780327414162, 4014463.643983524292707 ], [ 410481.089732518128585, 4014501.179770973976701 ], [ 410483.913661194674205, 4014562.384830931201577 ], [ 410486.849761815101374, 4014606.067471521440893 ], [ 410491.159037737525068, 4014683.69473640434444 ], [ 410495.789908100559842, 4014749.938904515467584 ], [ 410500.361250760150142, 4014810.403477953746915 ], [ 410504.567568973405287, 4014863.827177050989121 ], [ 410513.541040410462301, 4014925.691518061328679 ], [ 410521.077978815766983, 4014990.099495338276029 ], [ 410528.118490738736, 4015048.913005477748811 ], [ 410538.9713489615242, 4015103.262229735497385 ] ] } },
{ "type": "Feature", "properties": { "fid": 13, "id": 13, "length": 192.91692771738531, "line_name": "route23(Isfahan-Pounak-Nokhbegan)" }, "geometry": { "type": "LineString", "coordinates": [ [ 410538.9713489615242, 4015103.262229735497385 ], [ 410538.905769296048675, 4015119.18067418737337 ], [ 410542.727712316380348, 4015149.487493344582617 ], [ 410554.412239691824652, 4015226.135804090183228 ], [ 410561.628359948692378, 4015287.837652968708426 ], [ 410563.948540767421946, 4015294.16267650667578 ] ] } },
{ "type": "Feature", "properties": { "fid": 15, "id": 14, "length": 605.6348740054309, "line_name": "route23(Isfahan-Pounak-Nokhbegan)" }, "geometry": { "type": "LineString", "coordinates": [ [ 410563.948540767421946, 4015294.16267650667578 ], [ 410564.648055067402311, 4015314.811048416886479 ], [ 410574.783744883723557, 4015351.104114644229412 ], [ 410585.072879304701928, 4015370.325908527243882 ], [ 410603.627229616220575, 4015388.814026046078652 ], [ 410617.557033064193092, 4015400.338074044324458 ], [ 410628.807998332253192, 4015399.319269156549126 ], [ 410636.924472463433631, 4015394.942692494951189 ], [ 410659.756060275889467, 4015379.493006085045636 ], [ 410691.324148262152448, 4015348.822585514746606 ], [ 410732.56619960826356, 4015305.950646280311048 ], [ 410752.530230628908612, 4015284.611814387142658 ], [ 410777.996502102585509, 4015254.084538306575269 ], [ 410799.299677327391692, 4015229.274691942147911 ], [ 410809.884967327059712, 4015215.563953975215554 ], [ 410809.810868053988088, 4015208.33944901265204 ], [ 410805.237766864069272, 4015195.192889890167862 ], [ 410807.789224661653861, 4015182.34923111833632 ], [ 410814.727268709219061, 4015174.33028086880222 ], [ 410825.34357241546968, 4015168.441195548977703 ], [ 410837.035429496492725, 4015167.598780205473304 ], [ 410852.164890588959679, 4015173.946402366738766 ], [ 410859.321450832765549, 4015187.239775995258242 ], [ 410859.471417641849257, 4015201.869397441390902 ], [ 410850.102824017463718, 4015215.332177493721247 ], [ 410847.389073518454097, 4015221.682105516083539 ], [ 410852.801875819044653, 4015250.347038317006081 ], [ 410864.83242596918717, 4015282.556768766604364 ], [ 410869.378911637642886, 4015290.028956592548639 ] ] } },
{ "type": "Feature", "properties": { "fid": 16, "id": 15, "length": 304.31393327621134, "line_name": "route23(Isfahan-Pounak-Nokhbegan)" }, "geometry": { "type": "LineString", "coordinates": [ [ 410869.378911637642886, 4015290.028956592548639 ], [ 410873.175529725616798, 4015309.131396114360541 ], [ 410890.411176401365083, 4015352.379672210663557 ], [ 410911.16747932578437, 4015408.343419783748686 ], [ 410922.142507407872472, 4015437.493301830254495 ], [ 410932.414038007496856, 4015469.359877403825521 ], [ 410930.45754216320347, 4015493.808365747332573 ], [ 410928.165591627242975, 4015511.490566964726895 ], [ 410921.583052247064188, 4015539.91716953413561 ], [ 410916.237094976357184, 4015560.56394863827154 ], [ 410917.079294254654087, 4015571.3932193252258 ], [ 410920.47700184059795, 4015580.954465515911579 ] ] } },
{ "type": "Feature", "properties": { "fid": 17, "id": 16, "length": 402.95813843049581, "line_name": "route23(Isfahan-Pounak-Nokhbegan)" }, "geometry": { "type": "LineString", "coordinates": [ [ 410920.47700184059795, 4015580.954465515911579 ], [ 410922.173321372363716, 4015597.532620473764837 ], [ 410930.023483324563131, 4015635.746111610904336 ], [ 410936.124417426239233, 4015660.24952117819339 ], [ 410943.911272495402955, 4015696.499087110627443 ], [ 410953.525690333975945, 4015717.150893817190081 ], [ 410977.235139245749451, 4015761.704751892015338 ], [ 411008.274160627857782, 4015822.259861928410828 ], [ 411030.939125374192372, 4015864.83760013571009 ], [ 411052.726504899095744, 4015907.42437232658267 ], [ 411066.575161259039305, 4015931.66797165479511 ], [ 411076.699835089675616, 4015948.385730432812124 ] ] } },
{ "type": "Feature", "properties": { "fid": 18, "id": 17, "length": 1297.4111194544846, "line_name": "route23(Isfahan-Pounak-Nokhbegan)" }, "geometry": { "type": "LineString", "coordinates": [ [ 411076.699835089675616, 4015948.385730432812124 ], [ 411090.005803575622849, 4015977.670023403596133 ], [ 411107.45418355287984, 4016010.727821776177734 ], [ 411124.160226116422564, 4016042.709452097769827 ], [ 411147.725432625680696, 4016087.626483940053731 ], [ 411163.379930011811666, 4016116.909457596950233 ], [ 411179.173167775094043, 4016145.468513481318951 ], [ 411199.978974009747617, 4016163.680386945139617 ], [ 411225.373471938713919, 4016172.994496124796569 ], [ 411242.95167511649197, 4016175.885741057340056 ], [ 411259.758185266167857, 4016174.81100307404995 ], [ 411294.300788467691746, 4016163.439927746541798 ], [ 411318.785337694454938, 4016155.242328660096973 ], [ 411349.743754422408529, 4016143.727410821244121 ], [ 411366.553930166643113, 4016135.83400322124362 ], [ 411389.271039354905952, 4016126.390206965617836 ], [ 411406.099229229555931, 4016120.257851697970182 ], [ 411437.007766513153911, 4016111.00165411317721 ], [ 411496.335526642506011, 4016092.153674249537289 ], [ 411563.095303811598569, 4016070.701658807694912 ], [ 411589.340565646882169, 4016063.028820335865021 ], [ 411602.837041483144276, 4016060.001471175812185 ], [ 411611.410518624237739, 4016061.810927025508136 ], [ 411616.01696037343936, 4016068.98934800317511 ], [ 411618.314087668550201, 4016079.171666550450027 ], [ 411616.446550075430423, 4016089.667273307219148 ], [ 411605.990886708081234, 4016096.908520626835525 ], [ 411592.913772887957748, 4016099.970584883820266 ], [ 411552.123397536808625, 4016113.442297453526407 ], [ 411503.428685287071858, 4016128.117439351044595 ], [ 411460.796916892402805, 4016142.189211749006063 ], [ 411416.854786588053685, 4016156.816444529220462 ], [ 411374.80634218925843, 4016170.702071578707546 ], [ 411325.444085711846128, 4016184.391561244148761 ], [ 411308.096921016054694, 4016189.806846969760954 ], [ 411264.620383805595338, 4016214.184222048614174 ], [ 411260.172280565544497, 4016222.538683337159455 ], [ 411249.339896183868404, 4016242.97032987838611 ], [ 411243.75865674414672, 4016262.083953104447573 ], [ 411246.487200197414495, 4016278.67420656979084 ], [ 411253.045158247696236, 4016297.934839257970452 ], [ 411259.290643983986229, 4016308.076767756603658 ], [ 411272.714206237287726, 4016333.770067925099283 ], [ 411290.679443016997539, 4016367.455146144609898 ], [ 411304.669432463939302, 4016395.576281275134534 ], [ 411310.965373610379174, 4016403.508785176556557 ] ] } },
{ "type": "Feature", "properties": { "fid": 19, "id": 18, "length": 319.57797569414635, "line_name": "route23(Isfahan-Pounak-Nokhbegan)" }, "geometry": { "type": "LineString", "coordinates": [ [ 411310.965373610379174, 4016403.508785176556557 ], [ 411313.794784335186705, 4016410.548295438289642 ], [ 411321.862070442293771, 4016428.130787098314613 ], [ 411329.385503074910957, 4016441.751411366742104 ], [ 411348.403314021998085, 4016478.31597058987245 ], [ 411372.517609847360291, 4016527.111553992144763 ], [ 411395.272424259223044, 4016571.676214647013694 ], [ 411418.017809179145843, 4016615.337868997827172 ], [ 411439.32975807733601, 4016654.67902499018237 ], [ 411451.157861163723283, 4016675.61720288451761 ], [ 411458.389459837984759, 4016686.762173008173704 ] ] } },
{ "type": "Feature", "properties": { "fid": 20, "id": 19, "length": 294.96104281857259, "line_name": "route23(Isfahan-Pounak-Nokhbegan)" }, "geometry": { "type": "LineString", "coordinates": [ [ 411458.389459837984759, 4016686.762173008173704 ], [ 411463.024194470897783, 4016698.240804032422602 ], [ 411472.404977511614561, 4016714.763362312223762 ], [ 411485.95099430490518, 4016731.062878674361855 ], [ 411510.670357570634224, 4016760.434758612886071 ], [ 411538.188749161432497, 4016791.85547947883606 ], [ 411568.07942642288981, 4016826.503514250740409 ], [ 411595.603835614514537, 4016858.556557354517281 ], [ 411623.111514485557564, 4016888.984169013798237 ], [ 411636.889154675242025, 4016906.54597469419241 ], [ 411645.15750721830409, 4016913.483965532854199 ] ] } },
{ "type": "Feature", "properties": { "fid": 21, "id": 20, "length": 275.32589092992976, "line_name": "route23(Isfahan-Pounak-Nokhbegan)" }, "geometry": { "type": "LineString", "coordinates": [ [ 411645.15750721830409, 4016913.483965532854199 ], [ 411648.746717783680651, 4016922.230688481591642 ], [ 411668.889656440413091, 4016954.629941689781845 ], [ 411687.953309363685548, 4016988.756206169258803 ], [ 411712.964899580110796, 4017025.441241519991308 ], [ 411734.389584476186428, 4017061.71119563980028 ], [ 411756.323072255938314, 4017097.705085575580597 ], [ 411778.621901278966106, 4017133.69531875429675 ], [ 411788.994910858571529, 4017147.831372624728829 ], [ 411788.994910858571529, 4017147.831372624728829 ] ] } },
{ "type": "Feature", "properties": { "fid": 22, "id": 21, "length": 226.706989507494, "line_name": "route23(Isfahan-Pounak-Nokhbegan)" }, "geometry": { "type": "LineString", "coordinates": [ [ 411788.994910858571529, 4017147.831372624728829 ], [ 411796.071412052493542, 4017159.235613840166479 ], [ 411803.297436439432204, 4017173.364431554451585 ], [ 411824.625386942992918, 4017207.377682040911168 ], [ 411847.648279976914637, 4017242.728524701669812 ], [ 411866.106578645063564, 4017274.964665899518877 ], [ 411888.764536178845447, 4017310.409628129564226 ], [ 411902.731969880289398, 4017332.903428213205189 ], [ 411908.658231292851269, 4017340.097748268861324 ], [ 411908.658231292851269, 4017340.097748268861324 ] ] } },
{ "type": "Feature", "properties": { "fid": 23, "id": 22, "length": 505.41728492826758, "line_name": "route23(Isfahan-Pounak-Nokhbegan)" }, "geometry": { "type": "LineString", "coordinates": [ [ 411908.658231292851269, 4017340.097748268861324 ], [ 411914.096066919155419, 4017352.064913045614958 ], [ 411938.34554032376036, 4017391.01059921272099 ], [ 411957.968248996883631, 4017422.783544785808772 ], [ 411978.112587096926291, 4017455.544721548445523 ], [ 411996.837681582954247, 4017485.339895460754633 ], [ 412017.482465242035687, 4017517.012300546746701 ], [ 412035.102567071036901, 4017546.005898848176003 ], [ 412052.262931099685375, 4017572.926921437028795 ], [ 412072.858887670328841, 4017607.038470380939543 ], [ 412098.107455894118175, 4017645.799414987675846 ], [ 412116.990733258251566, 4017676.857653171755373 ], [ 412136.220195380563382, 4017706.015798227861524 ], [ 412152.141832705470733, 4017733.401112071238458 ], [ 412171.454196939128451, 4017763.551965747494251 ], [ 412175.393001868389547, 4017768.998833124525845 ] ] } },
{ "type": "Feature", "properties": { "fid": 24, "id": 23, "length": 342.43731578410001, "line_name": "route23(Isfahan-Pounak-Nokhbegan)" }, "geometry": { "type": "LineString", "coordinates": [ [ 412175.393001868389547, 4017768.998833124525845 ], [ 412180.168267923174426, 4017779.449772034306079 ], [ 412197.110273036290891, 4017806.553902685642242 ], [ 412215.821929434838239, 4017842.400812444277108 ], [ 412238.164467550930567, 4017883.088133400771767 ], [ 412259.879162286932115, 4017919.537008452694863 ], [ 412285.354435108718462, 4017959.199333537369967 ], [ 412309.412392760568764, 4017996.076246359851211 ], [ 412335.367914483998902, 4018032.663126962259412 ], [ 412352.778725561976898, 4018055.608288707211614 ], [ 412356.545588592125569, 4018058.52812740765512 ] ] } },
{ "type": "Feature", "properties": { "fid": 25, "id": 24, "length": 229.08282555076576, "line_name": "route23(Isfahan-Pounak-Nokhbegan)" }, "geometry": { "type": "LineString", "coordinates": [ [ 412356.545588592125569, 4018058.52812740765512 ], [ 412364.03778510884149, 4018070.216172783169895 ], [ 412391.993090434174519, 4018102.176938290242106 ], [ 412425.126760022249073, 4018140.227056618779898 ], [ 412456.337836004327983, 4018176.129091750364751 ], [ 412481.91614065610338, 4018204.411141419783235 ], [ 412505.266886811121367, 4018229.283700418658555 ], [ 412506.974248143145815, 4018230.959924327209592 ] ] } },
{ "type": "Feature", "properties": { "fid": 26, "id": 25, "length": 532.50734248041658, "line_name": "route23(Isfahan-Pounak-Nokhbegan)" }, "geometry": { "type": "LineString", "coordinates": [ [ 412506.974248143145815, 4018230.959924327209592 ], [ 412515.5552376229316, 4018241.914601806551218 ], [ 412547.42979143303819, 4018278.442476880736649 ], [ 412569.69374583667377, 4018304.319614521693438 ], [ 412591.055003638670314, 4018327.677049560006708 ], [ 412616.032241861335933, 4018354.430156296119094 ], [ 412625.389576604531612, 4018361.741920166648924 ], [ 412635.555412673857063, 4018367.503797257784754 ], [ 412674.783340768888593, 4018374.070070170331746 ], [ 412707.903114848828409, 4018381.865602214820683 ], [ 412721.742605292994995, 4018391.480635119136423 ], [ 412741.716289759497158, 4018415.032998786773533 ], [ 412745.438143094419502, 4018430.926598688587546 ], [ 412745.133994442527182, 4018456.905143942218274 ], [ 412739.100370019965339, 4018467.532688200939447 ], [ 412742.386930942651816, 4018478.156924373470247 ], [ 412752.089004193781875, 4018490.703665993176401 ], [ 412774.689704622840509, 4018524.751491278875619 ], [ 412802.476843792828731, 4018554.818573868833482 ], [ 412839.695603005995508, 4018592.377612049225718 ], [ 412844.424489750701468, 4018596.507261566352099 ] ] } },
{ "type": "Feature", "properties": { "fid": 27, "id": 26, "length": 487.28136056356942, "line_name": "route23(Isfahan-Pounak-Nokhbegan)" }, "geometry": { "type": "LineString", "coordinates": [ [ 412844.424489750701468, 4018596.507261566352099 ], [ 412857.144464658747893, 4018612.071987794712186 ], [ 412900.284264681627974, 4018656.977758117485791 ], [ 412938.256607416959014, 4018696.877850199583918 ], [ 412958.054786092427094, 4018717.632659231312573 ], [ 412988.338406832423061, 4018748.939710849430412 ], [ 413011.998518211767077, 4018775.7974141552113 ], [ 413046.290052755270153, 4018813.205983456689864 ], [ 413060.195377286639996, 4018829.504229854792356 ], [ 413072.066566187306307, 4018832.456141188275069 ], [ 413080.907764836971182, 4018839.412278511561453 ], [ 413083.822517475578934, 4018853.111086546909064 ], [ 413074.719946955796331, 4018863.859428082592785 ], [ 413064.796118813217618, 4018865.584435654338449 ], [ 413054.66645107686054, 4018861.350682459305972 ], [ 413047.897060019080527, 4018856.90266803978011 ], [ 413026.874550457112491, 4018859.822626399807632 ], [ 412986.337295676930808, 4018862.938121319748461 ], [ 412959.505806206783745, 4018861.51355337863788 ] ] } },
{ "type": "Feature", "properties": { "fid": 28, "id": 27, "length": 385.26896422279168, "line_name": "route23(Isfahan-Pounak-Nokhbegan)" }, "geometry": { "type": "LineString", "coordinates": [ [ 412959.505806206783745, 4018861.51355337863788 ], [ 412942.424163389077876, 4018857.417338264174759 ], [ 412885.45944556593895, 4018847.873151311185211 ], [ 412822.652893732883967, 4018838.929862344637513 ], [ 412761.61485592025565, 4018831.414311997126788 ], [ 412720.031173558847513, 4018824.968089994043112 ], [ 412680.936095259734429, 4018818.858308907598257 ], [ 412658.962052559480071, 4018814.382832117844373 ], [ 412649.698289936699439, 4018809.057047432288527 ], [ 412607.163797457295004, 4018803.02947586402297 ], [ 412580.173563293879852, 4018799.93469551531598 ] ] } },
{ "type": "Feature", "properties": { "fid": 29, "id": 28, "length": 444.54372551445857, "line_name": "route23(Isfahan-Pounak-Nokhbegan)" }, "geometry": { "type": "LineString", "coordinates": [ [ 412580.173563293879852, 4018799.93469551531598 ], [ 412488.177161268657073, 4018782.32380587933585 ], [ 412395.795815424062312, 4018769.165817267727107 ], [ 412329.470659153477754, 4018759.358394612092525 ], [ 412264.599842360301409, 4018748.814256506972015 ], [ 412177.916942944400944, 4018735.420374517329037 ], [ 412141.228445486689452, 4018731.054585275705904 ] ] } },
{ "type": "Feature", "properties": { "fid": 30, "id": 29, "length": 333.28858702231156, "line_name": "route23(Isfahan-Pounak-Nokhbegan)" }, "geometry": { "type": "LineString", "coordinates": [ [ 412141.228445486689452, 4018731.054585275705904 ], [ 412132.652519682596903, 4018729.182033799123019 ], [ 412073.267226626921911, 4018719.951312765944749 ], [ 412061.859703188296407, 4018726.750177859328687 ], [ 412046.022957068285905, 4018736.484018607530743 ], [ 412037.182701784826349, 4018736.934805603232235 ], [ 412028.042686969274655, 4018729.440835310611874 ], [ 412021.971448367403354, 4018714.600199345964938 ], [ 412020.102937973686494, 4018703.329633742105216 ], [ 412019.475133561063558, 4018691.865869320463389 ], [ 412015.454879129771143, 4018670.230768306180835 ], [ 412010.877417388837785, 4018658.536066098604351 ], [ 412000.739643993147183, 4018653.581075896974653 ], [ 411987.993573962186929, 4018658.135699165519327 ], [ 411943.406616447027773, 4018672.857519533019513 ], [ 411901.801864897483028, 4018686.104269756469876 ], [ 411890.698081482085399, 4018689.437473696656525 ], [ 411880.488281666242983, 4018694.130745346657932 ], [ 411880.488281666242983, 4018694.130745346657932 ] ] } },
{ "type": "Feature", "properties": { "fid": 31, "id": 30, "length": 299.57900632143549, "line_name": "route23(Isfahan-Pounak-Nokhbegan)" }, "geometry": { "type": "LineString", "coordinates": [ [ 411880.488281666242983, 4018694.130745346657932 ], [ 411865.186829326557927, 4018697.750476380810142 ], [ 411845.691629722132348, 4018703.382017495110631 ], [ 411840.027234421635512, 4018707.052148048765957 ], [ 411840.5026787018287, 4018717.885241080541164 ], [ 411848.769232605118304, 4018747.334669265896082 ], [ 411867.273989228880964, 4018813.258189299609512 ], [ 411871.846290448331274, 4018831.636257953010499 ], [ 411868.471217443817295, 4018841.198842049576342 ], [ 411872.191982332617044, 4018858.501759854611009 ], [ 411880.78925543744117, 4018895.353774385992438 ], [ 411893.323982906178571, 4018927.650052842218429 ], [ 411900.143599028990138, 4018944.199018536601216 ], [ 411903.487678244127892, 4018953.259804731234908 ] ] } },
{ "type": "Feature", "properties": { "fid": 32, "id": 31, "length": 219.58858626370161, "line_name": "route23(Isfahan-Pounak-Nokhbegan)" }, "geometry": { "type": "LineString", "coordinates": [ [ 411903.487678244127892, 4018953.259804731234908 ], [ 411906.277528822189197, 4018967.74642995512113 ], [ 411909.897363631695043, 4018983.387545807752758 ], [ 411920.108806877862662, 4019024.468078387435526 ], [ 411931.81853997532744, 4019069.146069696173072 ], [ 411942.835582976345904, 4019110.399091280531138 ], [ 411953.75014420459047, 4019148.763052905909717 ], [ 411953.75014420459047, 4019148.763052905909717 ], [ 411953.75014420459047, 4019148.763052905909717 ], [ 411959.27992108289618, 4019165.483979590702802 ] ] } },
{ "type": "Feature", "properties": { "fid": 33, "id": 32, "length": 365.72384285632802, "line_name": "route23(Isfahan-Pounak-Nokhbegan)" }, "geometry": { "type": "LineString", "coordinates": [ [ 411959.27992108289618, 4019165.483979590702802 ], [ 411965.633196588838473, 4019196.148811928462237 ], [ 411978.565876553417183, 4019246.143112780991942 ], [ 411988.575647638761438, 4019281.80680686281994 ], [ 411996.166992887563538, 4019309.637525618541986 ], [ 412005.365371743391734, 4019344.586932837497443 ], [ 412013.506142392288893, 4019373.128250716719776 ], [ 412023.455517978989519, 4019409.034387519117445 ], [ 412033.424012375646271, 4019446.835443838499486 ], [ 412040.579236549558118, 4019474.241945283487439 ], [ 412044.731948460801505, 4019491.492689692880958 ], [ 412047.636204704525881, 4019503.781437715515494 ], [ 412052.581978973408695, 4019518.89216314535588 ] ] } },
{ "type": "Feature", "properties": { "fid": 34, "id": 33, "length": 322.34390356700044, "line_name": "route23(Isfahan-Pounak-Nokhbegan)" }, "geometry": { "type": "LineString", "coordinates": [ [ 412052.581978973408695, 4019518.89216314535588 ], [ 412055.247832700551953, 4019533.670649991370738 ], [ 412068.69776694139, 4019578.947716424707323 ], [ 412074.31440728250891, 4019599.482899012975395 ], [ 412081.822097259806469, 4019626.321060953196138 ], [ 412085.660862976685166, 4019637.300751258153468 ], [ 412100.450321023352444, 4019675.89660746557638 ], [ 412115.117254946380854, 4019716.841944725252688 ], [ 412129.604079665150493, 4019754.447434280533344 ], [ 412141.186700071324594, 4019786.753686300944537 ], [ 412154.274703508475795, 4019816.154608610086143 ], [ 412158.04135721095372, 4019822.732151253614575 ] ] } },
{ "type": "Feature", "properties": { "fid": 35, "id": 34, "length": 349.00509468511035, "line_name": "route23(Isfahan-Pounak-Nokhbegan)" }, "geometry": { "type": "LineString", "coordinates": [ [ 412158.04135721095372, 4019822.732151253614575 ], [ 412165.652985204127617, 4019842.727889553178102 ], [ 412173.642087119573262, 4019863.013343015685678 ], [ 412181.585931743786205, 4019886.053900686092675 ], [ 412185.890819430467673, 4019892.558273652102798 ], [ 412188.043952436710242, 4019892.265548957511783 ], [ 412194.772842261416372, 4019889.126751553732902 ], [ 412210.938724373991136, 4019883.228212735615671 ], [ 412232.520374165382236, 4019874.430002145003527 ], [ 412254.25507263361942, 4019866.307670030277222 ], [ 412266.344028672843706, 4019861.985811793245375 ], [ 412301.544910073280334, 4019848.39889520034194 ], [ 412322.514664982096292, 4019840.510254310909659 ], [ 412344.683910142746754, 4019831.977343704551458 ], [ 412347.369671105698217, 4019830.143910085316747 ], [ 412345.86702664126642, 4019826.094860011246055 ], [ 412342.217488061578479, 4019817.529105799738318 ], [ 412330.310474809724838, 4019783.780826393514872 ], [ 412322.608531935606152, 4019762.950444107409567 ], [ 412325.558824378415011, 4019758.359695528633893 ], [ 412328.377090360969305, 4019755.170178988017142 ], [ 412342.541313660854939, 4019750.059793186374009 ], [ 412346.080320764216594, 4019748.579010151792318 ] ] } },
{ "type": "Feature", "properties": { "fid": 36, "id": 35, "length": 325.41021421312729, "line_name": "route23(Isfahan-Pounak-Nokhbegan)" }, "geometry": { "type": "LineString", "coordinates": [ [ 412346.080320764216594, 4019748.579010151792318 ], [ 412396.280563616601285, 4019730.189818241633475 ], [ 412460.644491410057526, 4019705.697264283429831 ], [ 412525.582511271350086, 4019680.115624014288187 ], [ 412591.983459292678162, 4019654.61007044557482 ], [ 412618.919429292320274, 4019643.952635414432734 ], [ 412622.882622835459188, 4019638.313168570399284 ], [ 412628.411450631334446, 4019635.728689879179001 ], [ 412635.148672939511016, 4019637.015639423392713 ], [ 412647.124465187895112, 4019631.385885635856539 ] ] } },
{ "type": "Feature", "properties": { "fid": 37, "id": 36, "length": 205.2580630891666, "line_name": "route23(Isfahan-Pounak-Nokhbegan)" }, "geometry": { "type": "LineString", "coordinates": [ [ 412647.124465187895112, 4019631.385885635856539 ], [ 412670.089320827682968, 4019622.845828913617879 ], [ 412703.512591852457263, 4019610.407418551854789 ], [ 412733.143816449912265, 4019598.820091675966978 ], [ 412766.633996885386296, 4019585.749046589247882 ], [ 412788.549422192852944, 4019577.310169016942382 ], [ 412793.271701696910895, 4019574.46295119356364 ], [ 412796.615005389496218, 4019565.307476841378957 ], [ 412802.123071335605346, 4019560.646056442055851 ], [ 412809.722810931794811, 4019560.479427756275982 ], [ 412815.948729553667363, 4019566.392532243393362 ], [ 412826.282210568082519, 4019564.55801264103502 ], [ 412830.624378965992946, 4019562.979053115472198 ] ] } },
{ "type": "Feature", "properties": { "fid": 38, "id": 37, "length": 220.51749653033968, "line_name": "route23(Isfahan-Pounak-Nokhbegan)" }, "geometry": { "type": "LineString", "coordinates": [ [ 412830.624378965992946, 4019562.979053115472198 ], [ 412856.222391708055511, 4019554.593698372598737 ], [ 412900.13212259078864, 4019538.257565661333501 ], [ 412933.472078646707814, 4019524.737106799148023 ], [ 412974.109627858852036, 4019510.059850580990314 ], [ 412979.776659044320695, 4019506.66137443901971 ], [ 412981.77775036363164, 4019502.125533145852387 ], [ 412986.127022044034675, 4019498.514477472752333 ], [ 412990.585123619996011, 4019498.469805961940438 ], [ 412995.614877865707967, 4019500.767618682701141 ], [ 413003.330074667464942, 4019497.52926860190928 ], [ 413023.49916601809673, 4019489.831019682344049 ], [ 413031.031673063815106, 4019486.594524691812694 ], [ 413033.003930287843104, 4019485.820502510294318 ] ] } },
{ "type": "Feature", "properties": { "fid": 39, "id": 38, "length": 176.56021627314604, "line_name": "route23(Isfahan-Pounak-Nokhbegan)" }, "geometry": { "type": "LineString", "coordinates": [ [ 413033.003930287843104, 4019485.820502510294318 ], [ 413044.284982447279617, 4019481.67506422707811 ], [ 413077.601933144091163, 4019469.464980687014759 ], [ 413119.904636977240443, 4019453.146071415860206 ], [ 413137.30847773316782, 4019446.649864008184522 ], [ 413160.751231098314747, 4019437.383828591089696 ], [ 413184.561259696725756, 4019428.294817535206676 ], [ 413197.966884088004008, 4019423.05796933081001 ] ] } },
{ "type": "Feature", "properties": { "fid": 40, "id": 39, "length": 332.03143731620213, "line_name": "route23(Isfahan-Pounak-Nokhbegan)" }, "geometry": { "type": "LineString", "coordinates": [ [ 413197.966884088004008, 4019423.05796933081001 ], [ 413207.247718603350222, 4019418.255328816827387 ], [ 413212.482084525865503, 4019413.655531668104231 ], [ 413218.246720269613434, 4019412.694763822481036 ], [ 413225.344020833843388, 4019413.436680593993515 ], [ 413257.009404756361619, 4019400.47612170688808 ], [ 413301.728158081823494, 4019384.49524775473401 ], [ 413360.19970657560043, 4019362.326238711830229 ], [ 413404.25296528666513, 4019345.539703567512333 ], [ 413415.337551975389943, 4019342.990654733963311 ], [ 413419.252467494748998, 4019347.106139415409416 ], [ 413431.218818940338679, 4019374.352469590492547 ], [ 413452.474914365098812, 4019402.319064148236066 ], [ 413465.063042005174793, 4019418.63105294527486 ], [ 413464.823800504556857, 4019423.962057703640312 ], [ 413463.343538844259456, 4019425.683731955941767 ] ] } },
{ "type": "Feature", "properties": { "fid": 41, "id": 40, "length": 334.82130177873017, "line_name": "route23(Isfahan-Pounak-Nokhbegan)" }, "geometry": { "type": "LineString", "coordinates": [ [ 413463.343538844259456, 4019425.683731955941767 ], [ 413453.635979366546962, 4019427.144284380134195 ], [ 413447.846667014411651, 4019421.963680040556937 ], [ 413431.54548984678695, 4019392.457492706831545 ], [ 413416.631463748286478, 4019362.802029990591109 ], [ 413407.784000881481916, 4019347.807541209738702 ], [ 413398.455259084934369, 4019350.519720664713532 ], [ 413365.909566195507068, 4019363.421576390508562 ], [ 413333.800186233420391, 4019375.640277216210961 ], [ 413307.779747468011919, 4019386.188951543066651 ], [ 413269.350298463366926, 4019399.314226686023176 ], [ 413222.796586299780756, 4019416.990571298170835 ], [ 413216.387610590143595, 4019424.138276350684464 ], [ 413212.664827961300034, 4019424.627060282044113 ], [ 413207.821412400226109, 4019422.688522849231958 ], [ 413192.623197674169205, 4019429.568957545794547 ] ] } },
{ "type": "Feature", "properties": { "fid": 42, "id": 41, "length": 170.69463530239994, "line_name": "route23(Isfahan-Pounak-Nokhbegan)" }, "geometry": { "type": "LineString", "coordinates": [ [ 413192.623197674169205, 4019429.568957545794547 ], [ 413165.443514918908477, 4019438.827114837244153 ], [ 413133.809482595592272, 4019451.34644733928144 ], [ 413098.085629041015636, 4019463.97649496095255 ], [ 413055.392757391789928, 4019480.234749099705368 ], [ 413032.972188326297328, 4019489.690983070526272 ] ] } },
{ "type": "Feature", "properties": { "fid": 43, "id": 42, "length": 229.75626389335451, "line_name": "route23(Isfahan-Pounak-Nokhbegan)" }, "geometry": { "type": "LineString", "coordinates": [ [ 413032.972188326297328, 4019489.690983070526272 ], [ 412995.497665107017383, 4019503.65889724669978 ], [ 412993.716722595505416, 4019508.282845121342689 ], [ 412991.054255557828583, 4019512.464047521352768 ], [ 412984.397321111347992, 4019511.898542469833046 ], [ 412979.850757982756477, 4019510.408735924400389 ], [ 412954.369288939225953, 4019520.418234250508249 ], [ 412921.963974083948415, 4019532.393870453350246 ], [ 412887.018044986994937, 4019546.111117751803249 ], [ 412858.62432994908886, 4019557.233909759670496 ], [ 412825.327773559896741, 4019567.773805863689631 ], [ 412822.170941580261569, 4019569.115078147966415 ] ] } },
{ "type": "Feature", "properties": { "fid": 44, "id": 43, "length": 196.63295076523823, "line_name": "route23(Isfahan-Pounak-Nokhbegan)" }, "geometry": { "type": "LineString", "coordinates": [ [ 412822.170941580261569, 4019569.115078147966415 ], [ 412815.723423332907259, 4019572.115075557958335 ], [ 412813.356113418005407, 4019576.56431979406625 ], [ 412805.513931344030425, 4019581.700750421732664 ], [ 412797.511612236383371, 4019578.16847744397819 ], [ 412787.158316813292913, 4019580.710984312929213 ], [ 412759.562395663408097, 4019591.193883903790265 ], [ 412731.677838279691059, 4019602.04103747010231 ], [ 412703.065245058038272, 4019613.166549587156624 ], [ 412684.865398078109138, 4019620.39417866570875 ], [ 412655.081783905276097, 4019631.35099634481594 ], [ 412642.568316008197144, 4019638.024780931416899 ] ] } },
{ "type": "Feature", "properties": { "fid": 45, "id": 44, "length": 326.86809777781548, "line_name": "route23(Isfahan-Pounak-Nokhbegan)" }, "geometry": { "type": "LineString", "coordinates": [ [ 412642.568316008197144, 4019638.024780931416899 ], [ 412635.145296145055909, 4019640.312203054316342 ], [ 412631.710028658737428, 4019647.572038083337247 ], [ 412626.39500259864144, 4019649.612468222621828 ], [ 412618.115787121350877, 4019647.618516184855253 ], [ 412585.353242638870142, 4019660.321559417527169 ], [ 412553.316156613407657, 4019672.475527650676668 ], [ 412516.851534708344843, 4019686.624118263367563 ], [ 412474.106722745695151, 4019703.439127318561077 ], [ 412437.124962216359563, 4019718.081909468863159 ], [ 412399.918611004773993, 4019732.185223046224564 ], [ 412374.424751579470467, 4019740.841849154792726 ], [ 412344.996455207234249, 4019752.700574611779302 ], [ 412341.650759377749637, 4019755.058741956017911 ] ] } },
{ "type": "Feature", "properties": { "fid": 46, "id": 45, "length": 411.83139868246565, "line_name": "route23(Isfahan-Pounak-Nokhbegan)" }, "geometry": { "type": "LineString", "coordinates": [ [ 412341.650759377749637, 4019755.058741956017911 ], [ 412327.035500989819411, 4019759.834998769685626 ], [ 412324.654814248206094, 4019762.929781323764473 ], [ 412329.222206792212091, 4019773.721581649500877 ], [ 412338.230855240952224, 4019797.293414370622486 ], [ 412347.700734643905889, 4019823.118499489501119 ], [ 412350.182603628258221, 4019830.047776405699551 ], [ 412346.775149523629807, 4019832.791654742788523 ], [ 412326.244752389378846, 4019840.766115300357342 ], [ 412288.456279468839057, 4019855.056439397390932 ], [ 412246.447505250980612, 4019871.195905764587224 ], [ 412213.535593656124547, 4019883.450325041543692 ], [ 412184.267745607648976, 4019894.674537778366357 ], [ 412172.68175769073423, 4019898.133422607555985 ], [ 412169.27803668618435, 4019894.013315217103809 ], [ 412161.008957181125879, 4019871.337322340812534 ], [ 412151.708481799811125, 4019847.858927792869508 ], [ 412140.771847657510079, 4019821.597301031928509 ], [ 412125.672188845172059, 4019781.198198139667511 ], [ 412122.948293604247738, 4019778.358231256715953 ] ] } },
{ "type": "Feature", "properties": { "fid": 47, "id": 46, "length": 268.13711299461681, "line_name": "route23(Isfahan-Pounak-Nokhbegan)" }, "geometry": { "type": "LineString", "coordinates": [ [ 412122.948293604247738, 4019778.358231256715953 ], [ 412117.412038785696495, 4019759.425314498599619 ], [ 412105.411830976954661, 4019729.200588246341795 ], [ 412088.412576949223876, 4019681.685807571746409 ], [ 412079.231367295375094, 4019655.587113067973405 ], [ 412061.179413914505858, 4019605.192928289063275 ], [ 412048.180893830605783, 4019548.60610150359571 ], [ 412041.855281769821886, 4019530.24570114351809 ], [ 412038.589510203921236, 4019524.430818212218583 ] ] } },
{ "type": "Feature", "properties": { "fid": 48, "id": 47, "length": 391.49489634349771, "line_name": "route23(Isfahan-Pounak-Nokhbegan)" }, "geometry": { "type": "LineString", "coordinates": [ [ 412038.589510203921236, 4019524.430818212218583 ], [ 412030.914080388844013, 4019489.172419926151633 ], [ 412015.5336902217241, 4019429.508146052714437 ], [ 412003.405335293791723, 4019385.58769335411489 ], [ 411995.173564182827249, 4019352.254179779440165 ], [ 411975.72784010716714, 4019279.837177346926183 ], [ 411956.263503366848454, 4019205.61408541444689 ], [ 411944.605811630259268, 4019160.050218606833369 ], [ 411938.662753004115075, 4019146.244291060138494 ] ] } },
{ "type": "Feature", "properties": { "fid": 49, "id": 48, "length": 237.30105888185199, "line_name": "route23(Isfahan-Pounak-Nokhbegan)" }, "geometry": { "type": "LineString", "coordinates": [ [ 411938.662753004115075, 4019146.244291060138494 ], [ 411935.874503703787923, 4019130.883117069955915 ], [ 411926.931234327552374, 4019095.364696243777871 ], [ 411912.230222520593088, 4019044.033664104994386 ], [ 411894.303609017282724, 4018977.381655779201537 ], [ 411885.195523953938391, 4018944.907290197443217 ], [ 411880.237152098445222, 4018928.612344919703901 ], [ 411879.635609522229061, 4018926.012683450244367 ], [ 411878.29761917720316, 4018916.965304267127067 ] ] } },
{ "type": "Feature", "properties": { "fid": 50, "id": 49, "length": 280.68192406953938, "line_name": "route23(Isfahan-Pounak-Nokhbegan)" }, "geometry": { "type": "LineString", "coordinates": [ [ 411878.29761917720316, 4018916.965304267127067 ], [ 411878.809964858635794, 4018901.325517917517573 ], [ 411878.809964858635794, 4018901.325517917517573 ], [ 411878.397049749211874, 4018896.058956205844879 ], [ 411870.458688206155784, 4018860.574036233592778 ], [ 411865.288852868019603, 4018840.937607256695628 ], [ 411858.913357733865269, 4018832.151336302980781 ], [ 411852.400374046992511, 4018809.819065078627318 ], [ 411841.272818984871265, 4018764.954635731410235 ], [ 411828.646681430749595, 4018716.492793004028499 ], [ 411827.659588924609125, 4018705.664894092362374 ], [ 411833.566842238535173, 4018697.115226762369275 ], [ 411841.555475119152106, 4018691.976445854641497 ], [ 411881.021842826739885, 4018678.166267879772931 ] ] } },
{ "type": "Feature", "properties": { "fid": 51, "id": 50, "length": 306.76281469755497, "line_name": "route23(Isfahan-Pounak-Nokhbegan)" }, "geometry": { "type": "LineString", "coordinates": [ [ 411881.021842826739885, 4018678.166267879772931 ], [ 411902.613049010804389, 4018672.390594350174069 ], [ 411986.862553757731803, 4018647.51245791465044 ], [ 412012.234169356699567, 4018640.933295055292547 ], [ 412025.344980208901688, 4018650.735246303025633 ], [ 412045.239732032408938, 4018683.712699781637639 ], [ 412071.301284217566717, 4018713.491047057788819 ], [ 412078.81521847541444, 4018718.688333811238408 ], [ 412135.611391554994043, 4018726.618003471754491 ], [ 412144.897513879346661, 4018727.449281945358962 ] ] } },
{ "type": "Feature", "properties": { "fid": 52, "id": 51, "length": 429.48276675771029, "line_name": "route23(Isfahan-Pounak-Nokhbegan)" }, "geometry": { "type": "LineString", "coordinates": [ [ 412144.897513879346661, 4018727.449281945358962 ], [ 412190.159776630345732, 4018735.31917388131842 ], [ 412227.42108349443879, 4018740.722770509775728 ], [ 412267.246877469646279, 4018746.732832870911807 ], [ 412309.644437795504928, 4018754.071849196217954 ], [ 412351.293706655967981, 4018759.702620526310056 ], [ 412388.552967531373724, 4018764.926291416864842 ], [ 412423.772947711113375, 4018770.893209014087915 ], [ 412462.787173544173129, 4018776.189816515892744 ], [ 412501.81044432654744, 4018782.38966476265341 ], [ 412543.919788543367758, 4018790.184296345803887 ], [ 412569.003041380667128, 4018793.995976354461163 ] ] } },
{ "type": "Feature", "properties": { "fid": 53, "id": 52, "length": 385.18200450450303, "line_name": "route23(Isfahan-Pounak-Nokhbegan)" }, "geometry": { "type": "LineString", "coordinates": [ [ 412569.003041380667128, 4018793.995976354461163 ], [ 412596.639764968655072, 4018799.136768631171435 ], [ 412617.206101759977173, 4018801.729621008038521 ], [ 412655.192253070126753, 4018806.585849769879133 ], [ 412666.952399510890245, 4018805.745067300274968 ], [ 412690.075919251772575, 4018808.222063230816275 ], [ 412727.93214679218363, 4018814.705597390886396 ], [ 412762.258254481479526, 4018819.057173570618033 ], [ 412810.944283974124119, 4018826.696717695798725 ], [ 412855.166339967225213, 4018833.83942590886727 ], [ 412895.722990010457579, 4018839.935327712912112 ], [ 412928.083636432304047, 4018845.12010650569573 ], [ 412950.053626153967343, 4018846.480407679919153 ] ] } },
{ "type": "Feature", "properties": { "fid": 54, "id": 53, "length": 453.30575759788542, "line_name": "route23(Isfahan-Pounak-Nokhbegan)" }, "geometry": { "type": "LineString", "coordinates": [ [ 412950.053626153967343, 4018846.480407679919153 ], [ 412966.443880966398865, 4018850.877092322334647 ], [ 412996.427593753789552, 4018852.292684345506132 ], [ 413016.79412051156396, 4018849.559853461571038 ], [ 413040.369346241408493, 4018846.072418888565153 ], [ 413048.086957678664476, 4018843.014735998120159 ], [ 413051.10245851718355, 4018837.565608796197921 ], [ 413047.675261933181901, 4018831.097192252986133 ], [ 413024.630870074499398, 4018807.303963278885931 ], [ 412993.012062210007571, 4018774.023222468793392 ], [ 412952.524467306793667, 4018731.077377947978675 ], [ 412905.093529563921038, 4018680.976079688407481 ], [ 412866.687853969400749, 4018641.622368168085814 ], [ 412824.713637008797377, 4018596.343797785695642 ], [ 412812.717038143717218, 4018585.490850507281721 ] ] } },
{ "type": "Feature", "properties": { "fid": 55, "id": 54, "length": 577.64971451351039, "line_name": "route23(Isfahan-Pounak-Nokhbegan)" }, "geometry": { "type": "LineString", "coordinates": [ [ 412812.717038143717218, 4018585.490850507281721 ], [ 412768.260665265202988, 4018536.037776106037199 ], [ 412744.637257153750397, 4018512.97359657427296 ], [ 412723.151040430821013, 4018498.919574317056686 ], [ 412711.124008968297858, 4018495.066533836070448 ], [ 412680.788494588807225, 4018502.416050644591451 ], [ 412633.465658785891719, 4018492.415264676325023 ], [ 412587.299460324516986, 4018481.138673725072294 ], [ 412569.465702277375385, 4018466.867636983282864 ], [ 412559.363327985804062, 4018450.893122874666005 ], [ 412553.460290695948061, 4018430.902452297043055 ], [ 412554.014853640343063, 4018413.375616956502199 ], [ 412567.781448487075977, 4018386.684219395276159 ], [ 412573.353645978728309, 4018373.803304008208215 ], [ 412579.939038981043268, 4018345.377893008757383 ], [ 412575.557842148409691, 4018331.332732414826751 ], [ 412562.825777727062814, 4018315.565310230944306 ], [ 412525.402081176405773, 4018272.409894483629614 ], [ 412493.768526249390561, 4018238.047247109469026 ], [ 412479.033777169475798, 4018223.970956091303378 ] ] } },
{ "type": "Feature", "properties": { "fid": 56, "id": 55, "length": 618.17684081885398, "line_name": "route23(Isfahan-Pounak-Nokhbegan)" }, "geometry": { "type": "LineString", "coordinates": [ [ 412479.033777169475798, 4018223.970956091303378 ], [ 412464.477390541229397, 4018204.022369157522917 ], [ 412424.114369680755772, 4018159.451935087330639 ], [ 412388.746923697355669, 4018117.360139884520322 ], [ 412346.581442123861052, 4018068.111807536799461 ], [ 412312.936573900748044, 4018022.932190300896764 ], [ 412282.66839068569243, 4017979.163655119016767 ], [ 412256.102179595385678, 4017940.054250340443105 ], [ 412228.602003895735834, 4017895.354780458379537 ], [ 412203.303606173722073, 4017851.536300426349044 ], [ 412182.423698942468036, 4017810.924596155527979 ], [ 412151.178355956333689, 4017757.412267115432769 ], [ 412133.095582333160564, 4017727.400869527366012 ], [ 412125.772461763408501, 4017719.492110454011708 ] ] } },
{ "type": "Feature", "properties": { "fid": 57, "id": 56, "length": 394.35168728708913, "line_name": "route23(Isfahan-Pounak-Nokhbegan)" }, "geometry": { "type": "LineString", "coordinates": [ [ 412125.772461763408501, 4017719.492110454011708 ], [ 412121.261795947561041, 4017709.102581497747451 ], [ 412105.685714933264535, 4017683.090899001341313 ], [ 412069.560062197851948, 4017624.20927007868886 ], [ 412041.626688035321422, 4017580.23726716125384 ], [ 412006.234855777525809, 4017521.709720797371119 ], [ 411945.949268337571993, 4017423.514961116947234 ], [ 411925.908959480933845, 4017393.823536967858672 ], [ 411918.765425118617713, 4017384.219124428927898 ] ] } },
{ "type": "Feature", "properties": { "fid": 58, "id": 57, "length": 272.14296733229708, "line_name": "route23(Isfahan-Pounak-Nokhbegan)" }, "geometry": { "type": "LineString", "coordinates": [ [ 411918.765425118617713, 4017384.219124428927898 ], [ 411916.062421362206805, 4017377.67290631076321 ], [ 411898.31493923754897, 4017347.410002265125513 ], [ 411857.454869399312884, 4017283.338889860082418 ], [ 411827.126939511857927, 4017234.153509313706309 ], [ 411796.637802262092009, 4017183.524811971466988 ], [ 411778.240484710782766, 4017157.339348667301238 ], [ 411774.86708886368433, 4017153.625490037258714 ] ] } },
{ "type": "Feature", "properties": { "fid": 59, "id": 58, "length": 253.7335971991335, "line_name": "route23(Isfahan-Pounak-Nokhbegan)" }, "geometry": { "type": "LineString", "coordinates": [ [ 411774.86708886368433, 4017153.625490037258714 ], [ 411752.060529763810337, 4017113.531053646933287 ], [ 411721.738776910468005, 4017065.068482898641378 ], [ 411693.938958411570638, 4017020.193017786834389 ], [ 411654.779363529756665, 4016958.273103379644454 ], [ 411640.90713928983314, 4016938.308982367161661 ] ] } },
{ "type": "Feature", "properties": { "fid": 60, "id": 59, "length": 316.49579136542764, "line_name": "route23(Isfahan-Pounak-Nokhbegan)" }, "geometry": { "type": "LineString", "coordinates": [ [ 411640.90713928983314, 4016938.308982367161661 ], [ 411637.351210399065167, 4016930.424221218097955 ], [ 411634.640754385734908, 4016925.53637088695541 ], [ 411624.862475398927927, 4016911.570621932856739 ], [ 411618.61408272391418, 4016902.928558311890811 ], [ 411586.726200185483322, 4016866.301128316204995 ], [ 411556.832972746808082, 4016831.382111946586519 ], [ 411519.083562907238957, 4016786.06653406098485 ], [ 411487.426029443973675, 4016750.262547828722745 ], [ 411465.508550671045668, 4016723.210401382762939 ], [ 411459.727071328030434, 4016715.502134376205504 ], [ 411449.131170887849294, 4016697.377381169702858 ], [ 411444.823202015657444, 4016690.995706310030073 ] ] } },
{ "type": "Feature", "properties": { "fid": 61, "id": 60, "length": 276.90450862814328, "line_name": "route23(Isfahan-Pounak-Nokhbegan)" }, "geometry": { "type": "LineString", "coordinates": [ [ 411444.823202015657444, 4016690.995706310030073 ], [ 411439.31658201146638, 4016677.549240741413087 ], [ 411429.314014533592854, 4016658.371136447880417 ], [ 411406.812047881190665, 4016617.055184974800795 ], [ 411380.884274096752051, 4016569.632739176973701 ], [ 411355.071130085678305, 4016519.138458697590977 ], [ 411333.445782581227832, 4016477.813745335675776 ], [ 411321.424994243076071, 4016455.54422102170065 ], [ 411315.720640450017527, 4016446.245372711215168 ] ] } },
{ "type": "Feature", "properties": { "fid": 62, "id": 61, "length": 1183.7207438513285, "line_name": "route23(Isfahan-Pounak-Nokhbegan)" }, "geometry": { "type": "LineString", "coordinates": [ [ 411315.720640450017527, 4016446.245372711215168 ], [ 411310.518232144182548, 4016434.454090423416346 ], [ 411285.48855853267014, 4016385.413235397078097 ], [ 411262.842709103540983, 4016344.460365265142173 ], [ 411239.801590847899206, 4016300.621479837223887 ], [ 411225.992706553719472, 4016280.170480933506042 ], [ 411204.794681832368951, 4016266.478350040037185 ], [ 411181.515822417975869, 4016263.826062842272222 ], [ 411156.909475924621802, 4016274.373519473709166 ], [ 411072.557034347846638, 4016319.852085021790117 ], [ 411038.657510393881239, 4016336.817074791528285 ], [ 411003.060858885408379, 4016352.264206008985639 ], [ 410977.650754891277757, 4016362.820414064917713 ], [ 410944.028288409928791, 4016378.247575822751969 ], [ 410920.58397254254669, 4016387.970972205046564 ], [ 410908.148770854342729, 4016387.466204093303531 ], [ 410900.107564041740261, 4016380.503980758599937 ], [ 410898.111353813786991, 4016371.221899963449687 ], [ 410901.552149592025671, 4016364.503251059446484 ], [ 410906.96785694063874, 4016357.854677885305136 ], [ 410968.865652194013819, 4016333.196450393181294 ], [ 411028.135497392562684, 4016308.926835593767464 ], [ 411080.584963080356829, 4016289.785088538192213 ], [ 411113.379612905264366, 4016279.153679607901722 ], [ 411140.012698336387984, 4016266.598430823534727 ], [ 411154.994605158804916, 4016244.40822685463354 ], [ 411162.900261136936024, 4016230.960685570258647 ], [ 411170.311904814618174, 4016212.099249990656972 ], [ 411173.803231530706398, 4016195.987354732584208 ], [ 411172.928162666736171, 4016181.907025534193963 ], [ 411172.998719648749102, 4016174.500405943021178 ], [ 411163.554061796050519, 4016151.837326809763908 ], [ 411155.728901888825931, 4016130.241495938971639 ], [ 411140.661146802711301, 4016101.133169600740075 ], [ 411122.096982462680899, 4016066.190083686262369 ], [ 411110.603073172678705, 4016043.367377756163478 ], [ 411082.556546137260739, 4015989.284058514516801 ], [ 411070.6348411438521, 4015967.549567628651857 ], [ 411062.056783689593431, 4015951.019204112701118 ], [ 411057.641016795940232, 4015945.555112958420068 ] ] } },
{ "type": "Feature", "properties": { "fid": 63, "id": 62, "length": 354.73758251288024, "line_name": "route23(Isfahan-Pounak-Nokhbegan)" }, "geometry": { "type": "LineString", "coordinates": [ [ 411057.641016795940232, 4015945.555112958420068 ], [ 411048.17303181567695, 4015923.343968973960727 ], [ 411022.08218396618031, 4015874.659773305058479 ], [ 410994.608420647273306, 4015819.487067928537726 ], [ 410964.772433021105826, 4015762.171054178848863 ], [ 410944.641852072614711, 4015724.354257791768759 ], [ 410929.808760563260876, 4015689.734603856224567 ], [ 410922.081739383284003, 4015649.261953531764448 ], [ 410914.455149717396125, 4015623.058183696120977 ] ] } },
{ "type": "Feature", "properties": { "fid": 64, "id": 63, "length": 356.50916584888688, "line_name": "route23(Isfahan-Pounak-Nokhbegan)" }, "geometry": { "type": "LineString", "coordinates": [ [ 410914.455149717396125, 4015623.058183696120977 ], [ 410906.107341513852589, 4015574.644115043804049 ], [ 410893.205472977366298, 4015514.445351018570364 ], [ 410879.0502504389151, 4015446.131028496660292 ], [ 410861.984861805103719, 4015365.021715756971389 ], [ 410854.4923908932833, 4015326.082092589698732 ], [ 410845.290336514764931, 4015284.450529818423092 ], [ 410840.829663348966278, 4015274.651841943152249 ] ] } },
{ "type": "Feature", "properties": { "fid": 65, "id": 64, "length": 566.89533109668366, "line_name": "route23(Isfahan-Pounak-Nokhbegan)" }, "geometry": { "type": "LineString", "coordinates": [ [ 410840.829663348966278, 4015274.651841943152249 ], [ 410838.80758373264689, 4015258.415729202330112 ], [ 410834.705341071123257, 4015229.195470312610269 ], [ 410831.136320714722387, 4015223.451855577994138 ], [ 410812.528761927620508, 4015234.480579672381282 ], [ 410775.210335468000267, 4015274.963641354348511 ], [ 410743.671344881528057, 4015308.523545893840492 ], [ 410710.176933784270659, 4015343.909969984088093 ], [ 410671.760825851233676, 4015384.224150053691119 ], [ 410658.628043926146347, 4015415.608370581641793 ], [ 410660.262992991600186, 4015432.390327092260122 ], [ 410651.12471669021761, 4015453.979406517930329 ], [ 410639.192757160868496, 4015459.882241750601679 ], [ 410621.501918072812259, 4015460.425334225874394 ], [ 410608.127599717467092, 4015454.060075851157308 ], [ 410601.439272942952812, 4015443.652193516027182 ], [ 410598.210465504671447, 4015428.331686472520232 ], [ 410592.856809434888419, 4015419.716405796352774 ], [ 410576.084524496691301, 4015381.594934161752462 ], [ 410555.961099551059306, 4015330.502472386695445 ], [ 410553.089146260172129, 4015307.230510960798711 ], [ 410549.838190524082165, 4015299.259702865500003 ] ] } },
{ "type": "Feature", "properties": { "fid": 66, "id": 65, "length": 199.3530825010466, "line_name": "route23(Isfahan-Pounak-Nokhbegan)" }, "geometry": { "type": "LineString", "coordinates": [ [ 410549.838190524082165, 4015299.259702865500003 ], [ 410546.486344686127268, 4015262.501745596062392 ], [ 410543.880817878351081, 4015236.698202413041145 ], [ 410537.416737673338503, 4015191.245491662062705 ], [ 410529.230030159058515, 4015120.522062121890485 ], [ 410525.653456451196689, 4015101.513576471246779 ] ] } },
{ "type": "Feature", "properties": { "fid": 67, "id": 66, "length": 711.32304718029877, "line_name": "route23(Isfahan-Pounak-Nokhbegan)" }, "geometry": { "type": "LineString", "coordinates": [ [ 410525.653456451196689, 4015101.513576471246779 ], [ 410524.369147875753697, 4015047.944539431016892 ], [ 410515.980019959853962, 4014998.370694562792778 ], [ 410505.780903022037819, 4014931.100007493048906 ], [ 410497.918463231879286, 4014877.713929237797856 ], [ 410492.229193137027323, 4014822.318544618785381 ], [ 410488.812907856423408, 4014760.397031335625798 ], [ 410483.363979566609487, 4014699.941497982479632 ], [ 410481.077327481587417, 4014648.304374726023525 ], [ 410475.437438505061436, 4014583.515658932738006 ], [ 410470.629135589697398, 4014528.472499486990273 ], [ 410465.822644833882805, 4014473.609958566259593 ], [ 410461.239822704112157, 4014412.061750990804285 ], [ 410459.200420659093652, 4014394.101474748924375 ] ] } },
{ "type": "Feature", "properties": { "fid": 68, "id": 67, "length": 625.77825781321826, "line_name": "route23(Isfahan-Pounak-Nokhbegan)" }, "geometry": { "type": "LineString", "coordinates": [ [ 410459.200420659093652, 4014394.101474748924375 ], [ 410457.967041048745159, 4014335.688272998202592 ], [ 410455.903341150959022, 4014305.724673176184297 ], [ 410441.757385689532384, 4014267.215146865695715 ], [ 410420.434751104970928, 4014213.606492226012051 ], [ 410408.471904104284476, 4014188.260640717111528 ], [ 410403.958136566274334, 4014147.66502519743517 ], [ 410398.668392282910645, 4014102.742248423397541 ], [ 410401.158968055213336, 4014074.718703685794026 ], [ 410405.992389738676138, 4014020.227117932867259 ], [ 410411.899272992042825, 4013967.132324642967433 ], [ 410414.104863963613752, 4013939.834252722095698 ], [ 410420.389614070882089, 4013882.509350653737783 ], [ 410422.71242426300887, 4013866.589862327091396 ], [ 410433.102028054418042, 4013852.754898671060801 ], [ 410455.751755717967171, 4013836.264909682795405 ], [ 410461.311033811594825, 4013822.118438301607966 ], [ 410462.15085352625465, 4013804.227281797677279 ], [ 410462.15085352625465, 4013804.227281797677279 ], [ 410462.15085352625465, 4013804.227281797677279 ], [ 410462.774880651268177, 4013795.780574884731323 ] ] } },
{ "type": "Feature", "properties": { "fid": 69, "id": 68, "length": 531.19597321128253, "line_name": "route23(Isfahan-Pounak-Nokhbegan)" }, "geometry": { "type": "LineString", "coordinates": [ [ 410462.774880651268177, 4013795.780574884731323 ], [ 410465.151295084448066, 4013782.878170418553054 ], [ 410473.578463903686497, 4013712.180603205692023 ], [ 410478.660684624977876, 4013674.364024732727557 ], [ 410484.180014249053784, 4013627.884968786500394 ], [ 410490.22873958828859, 4013575.98153414670378 ], [ 410495.936157999036368, 4013521.197024893015623 ], [ 410501.365225067536812, 4013464.056171333417296 ], [ 410505.548474042501766, 4013429.873823708388954 ], [ 410510.473782329470851, 4013382.497764077037573 ], [ 410516.952421264373697, 4013329.686799383256584 ], [ 410521.016687373863533, 4013296.451662950217724 ], [ 410521.016687373863533, 4013296.451662950217724 ], [ 410521.016687373863533, 4013296.451662950217724 ], [ 410522.343297588813584, 4013284.383112046401948 ], [ 410522.432362713327166, 4013268.260571281425655 ] ] } },
{ "type": "Feature", "properties": { "fid": 70, "id": 69, "length": 416.32891725209294, "line_name": "route23(Isfahan-Pounak-Nokhbegan)" }, "geometry": { "type": "LineString", "coordinates": [ [ 410522.432362713327166, 4013268.260571281425655 ], [ 410525.178496611537412, 4013255.063918985426426 ], [ 410529.27473721653223, 4013219.194389616139233 ], [ 410533.20055856264662, 4013174.176848248578608 ], [ 410536.176778958528303, 4013136.394324254244566 ], [ 410539.758559246954974, 4013100.592521918471903 ], [ 410542.174689495237544, 4013093.703697597142309 ], [ 410543.931049971317407, 4013065.326544960495085 ], [ 410550.28813806216931, 4013000.640394147951156 ], [ 410552.956566946639214, 4012975.595550096128136 ], [ 410560.447657626122236, 4012918.032693721354008 ], [ 410562.978044509480242, 4012886.667186842299998 ], [ 410562.969512335024774, 4012878.719505055807531 ], [ 410564.43135863984935, 4012854.590227187145501 ] ] } },
{ "type": "Feature", "properties": { "fid": 71, "id": 70, "length": 635.27708856384288, "line_name": "route23(Isfahan-Pounak-Nokhbegan)" }, "geometry": { "type": "LineString", "coordinates": [ [ 410564.43135863984935, 4012854.590227187145501 ], [ 410569.75620218378026, 4012820.21559552103281 ], [ 410574.72316530480748, 4012776.813093110918999 ], [ 410579.511590138252359, 4012737.386315940879285 ], [ 410584.889678832900245, 4012691.270137679297477 ], [ 410587.290516729757655, 4012654.396737419534475 ], [ 410586.826465274149086, 4012644.828059528488666 ], [ 410590.334666457434651, 4012608.936757632531226 ], [ 410594.616997688950505, 4012577.192021165974438 ], [ 410599.441184273455292, 4012555.466744446661323 ], [ 410603.815410785377026, 4012532.662307475227863 ], [ 410610.431936082488392, 4012475.334326044190675 ], [ 410613.344177944585681, 4012445.500305838882923 ], [ 410617.580328002106398, 4012409.240293778944761 ], [ 410619.776024112885352, 4012380.858686099294573 ], [ 410622.638380963238887, 4012353.283074234146625 ], [ 410626.361800727143418, 4012324.072945218067616 ], [ 410630.614461075980216, 4012268.033694961573929 ], [ 410633.131122180144303, 4012237.567182448226959 ], [ 410633.774156936211511, 4012223.811234075576067 ], [ 410633.774156936211511, 4012223.811234075576067 ] ] } },
{ "type": "Feature", "properties": { "fid": 72, "id": 71, "length": 353.01555737574995, "line_name": "route23(Isfahan-Pounak-Nokhbegan)" }, "geometry": { "type": "LineString", "coordinates": [ [ 410633.774156936211511, 4012223.811234075576067 ], [ 410636.811886490613688, 4012206.496538061182946 ], [ 410644.161580839427188, 4012143.193465813994408 ], [ 410649.131859417189844, 4012090.825332701671869 ], [ 410654.9829462688067, 4012033.685930457897484 ], [ 410662.208235976635478, 4011982.131991482339799 ], [ 410672.140837392653339, 4011909.235850759316236 ], [ 410678.926403082441539, 4011873.94993004668504 ], [ 410678.926403082441539, 4011873.94993004668504 ] ] } },
{ "type": "Feature", "properties": { "fid": 73, "id": 72, "length": 195.86261832339298, "line_name": "route23(Isfahan-Pounak-Nokhbegan)" }, "geometry": { "type": "LineString", "coordinates": [ [ 410678.926403082441539, 4011873.94993004668504 ], [ 410683.985453718225472, 4011854.871653200592846 ], [ 410705.655879479891155, 4011778.455036480911076 ], [ 410720.412441152846441, 4011722.691001313738525 ], [ 410729.692197348223999, 4011684.860010673757643 ], [ 410729.692197348223999, 4011684.860010673757643 ] ] } },
{ "type": "Feature", "properties": { "fid": 74, "id": 73, "length": 556.8062261609698, "line_name": "route23(Isfahan-Pounak-Nokhbegan)" }, "geometry": { "type": "LineString", "coordinates": [ [ 410729.692197348223999, 4011684.860010673757643 ], [ 410731.819547406747006, 4011678.157184617128223 ], [ 410731.868188987951726, 4011675.251897810027003 ], [ 410730.904260477575008, 4011661.439923909027129 ], [ 410729.655452501785476, 4011650.680714932736009 ], [ 410721.337583273882046, 4011634.983327543362975 ], [ 410714.587181761104148, 4011626.822321093641222 ], [ 410703.790492560714483, 4011614.212111685890704 ], [ 410694.955024028895423, 4011608.70318745309487 ], [ 410608.392623510095291, 4011571.478462403640151 ], [ 410518.1533511482412, 4011532.486059476155788 ], [ 410457.505848199827597, 4011511.253261669073254 ], [ 410429.717680269386619, 4011512.442251034546643 ], [ 410412.556212308467366, 4011522.553517987020314 ], [ 410406.234147064038552, 4011533.817685430403799 ], [ 410386.359202134888619, 4011578.818686774931848 ], [ 410360.375789233192336, 4011641.584462375380099 ], [ 410349.484342349052895, 4011671.77165685640648 ] ] } },
{ "type": "Feature", "properties": { "fid": 75, "id": 74, "length": 370.18971811606343, "line_name": "route23(Isfahan-Pounak-Nokhbegan)" }, "geometry": { "type": "LineString", "coordinates": [ [ 410349.484342349052895, 4011671.77165685640648 ], [ 410333.922574100375641, 4011708.419367345515639 ], [ 410326.845820495509543, 4011752.927470068912953 ], [ 410328.684932831209153, 4011796.530902924481779 ], [ 410334.083529150579125, 4011844.794080765917897 ], [ 410337.051715771667659, 4011877.277085002977401 ], [ 410330.109185459674336, 4011901.202005043625832 ], [ 410338.356290558120236, 4011975.526909320615232 ], [ 410336.317208384396508, 4011990.630601326003671 ], [ 410338.198051187908277, 4012016.983356880024076 ], [ 410339.810603667225223, 4012035.933004920836538 ] ] } },
{ "type": "Feature", "properties": { "fid": 76, "id": 75, "length": 191.77787636177857, "line_name": "route23(Isfahan-Pounak-Nokhbegan)" }, "geometry": { "type": "LineString", "coordinates": [ [ 410339.810603667225223, 4012035.933004920836538 ], [ 410337.333214841084555, 4012075.065140403341502 ], [ 410332.767627933819313, 4012114.760683038737625 ], [ 410325.173340520414058, 4012151.597335837315768 ], [ 410315.18858182663098, 4012190.716517108026892 ], [ 410305.866207511164248, 4012224.003536372911185 ] ] } },
{ "type": "Feature", "properties": { "fid": 77, "id": 76, "length": 192.50164868803432, "line_name": "route23(Isfahan-Pounak-Nokhbegan)" }, "geometry": { "type": "LineString", "coordinates": [ [ 410305.866207511164248, 4012224.003536372911185 ], [ 410298.085765516560059, 4012248.965647879987955 ], [ 410285.930185126257129, 4012290.365136373788118 ], [ 410274.133932984434068, 4012331.128734739497304 ], [ 410261.072414969734382, 4012376.872756919823587 ], [ 410252.835523774439935, 4012408.974560279864818 ] ] } },
{ "type": "Feature", "properties": { "fid": 78, "id": 77, "length": 1113.777629579012, "line_name": "route23(Isfahan-Pounak-Nokhbegan)" }, "geometry": { "type": "LineString", "coordinates": [ [ 410252.835523774439935, 4012408.974560279864818 ], [ 410239.152576848806348, 4012457.389345594681799 ], [ 410229.477944934507832, 4012498.131147957406938 ], [ 410233.304056998691522, 4012535.753295709379017 ], [ 410249.059635328943841, 4012602.334048068150878 ], [ 410259.628132505575195, 4012648.286034846678376 ], [ 410262.571396588347852, 4012664.151236224453896 ], [ 410253.580550396349281, 4012673.415472417604178 ], [ 410223.911609258735552, 4012688.93516232771799 ], [ 410180.089287245762534, 4012709.618026165291667 ], [ 410140.91835623519728, 4012727.362988481298089 ], [ 410091.286195972701535, 4012752.080191899556667 ], [ 410040.048951872449834, 4012777.175541733391583 ], [ 410001.489869942772202, 4012797.443666142877191 ], [ 409994.605326096061617, 4012796.611707290168852 ], [ 409987.957301053509582, 4012790.358364027459174 ], [ 409984.930801646900363, 4012780.635569043457508 ], [ 409990.477471843594685, 4012773.338238676078618 ], [ 410084.725512247066945, 4012725.956422632560134 ], [ 410158.678848357871175, 4012690.511468945071101 ], [ 410207.750638659228571, 4012668.148656123783439 ], [ 410223.38711910136044, 4012652.272424424532801 ], [ 410232.069109736301471, 4012642.970676356460899 ], [ 410239.650761757337023, 4012626.274404558818787 ], [ 410241.118318169377744, 4012612.531294354703277 ], [ 410233.919323011126835, 4012565.221220956649631 ], [ 410230.757093655469362, 4012548.983926866203547 ], [ 410231.067605540098157, 4012536.008684544358402 ], [ 410228.481703651603311, 4012517.202590312808752 ], [ 410227.132945648743771, 4012504.290156484115869 ], [ 410227.043735583021771, 4012496.169311698991805 ], [ 410229.831603460945189, 4012482.773846737109125 ], [ 410239.66371949861059, 4012443.114209375344217 ], [ 410247.29687770048622, 4012417.205233172047883 ], [ 410249.679088006610982, 4012402.594700677786022 ] ] } },
{ "type": "Feature", "properties": { "fid": 1, "id": 1, "length": null, "line_name": "route26(chaharrahBazar-shahrakAref)" }, "geometry": { "type": "LineString", "coordinates": [ [ 409899.157814947946463, 4014458.651522246655077 ], [ 409898.885283347626682, 4014450.233281381428242 ], [ 409898.911735457775649, 4014446.382317840587348 ], [ 409893.983190487779211, 4014412.514533718582243 ], [ 409892.773998076736461, 4014404.66182224592194 ], [ 409892.494224384485278, 4014403.271917992737144 ], [ 409891.748396478302311, 4014401.722982684150338 ], [ 409890.603699436120223, 4014400.096249985508621 ], [ 409889.134956503752619, 4014399.210240504238755 ], [ 409887.873710323823616, 4014399.141377229243517 ], [ 409885.487286164192483, 4014399.329959783703089 ], [ 409881.250224275048822, 4014400.193153128027916 ], [ 409840.395201567269396, 4014407.826336687430739 ], [ 409798.410823849902954, 4014415.307566692586988 ], [ 409747.555265273374971, 4014424.60156694194302 ], [ 409706.603077959734946, 4014432.441218026448041 ], [ 409660.850501655135304, 4014441.191181381233037 ], [ 409609.271477840316948, 4014451.067020568531007 ], [ 409488.626567329512909, 4014473.459468773100525 ], [ 409411.023873037309386, 4014488.031542411539704 ], [ 409366.266029264428653, 4014496.690783029422164 ], [ 409340.37986834673211, 4014501.876343850977719 ], [ 409338.560324537334964, 4014502.345922981854528 ], [ 409337.602721979666967, 4014502.765553140547127 ], [ 409335.555699065385852, 4014503.688117552082986 ], [ 409333.73658283741679, 4014504.198658117558807 ], [ 409331.057660866994411, 4014504.963951061014086 ], [ 409328.643656274012756, 4014505.685518329963088 ], [ 409326.031498148804531, 4014506.491081732790917 ], [ 409324.246832042466849, 4014507.124159781262279 ], [ 409321.27623234805651, 4014508.547934417612851 ], [ 409319.336403049877845, 4014510.206752812955528 ], [ 409317.856228540767916, 4014511.410165842156857 ], [ 409315.921098133199848, 4014513.519549599848688 ], [ 409313.200614485249389, 4014516.661243863403797 ], [ 409308.921529773389921, 4014526.209709839895368 ], [ 409308.506149285356514, 4014527.729741148650646 ], [ 409308.030839558923617, 4014529.864870415534824 ], [ 409307.538591878430452, 4014533.556841398589313 ], [ 409307.700305982085411, 4014536.340766373090446 ], [ 409308.123946174047887, 4014538.7942412821576 ], [ 409309.365823365573306, 4014543.369357780087739 ], [ 409317.814940646232571, 4014577.445965801365674 ], [ 409323.690880883135833, 4014600.161173521541059 ], [ 409325.359791314054746, 4014607.517451539169997 ], [ 409327.630628322425764, 4014612.952346973121166 ] ] } },
{ "type": "Feature", "properties": { "fid": 2, "id": 2, "length": null, "line_name": "route26(chaharrahBazar-shahrakAref)" }, "geometry": { "type": "LineString", "coordinates": [ [ 409327.630628322425764, 4014612.952346973121166 ], [ 409328.669421790109482, 4014619.526620820630342 ], [ 409336.983442838652991, 4014659.74938648333773 ], [ 409348.44467977725435, 4014715.506009187549353 ], [ 409364.493841741932556, 4014791.369553834665567 ], [ 409377.342890475294553, 4014853.010695239063352 ], [ 409387.805011585354805, 4014902.059541641268879 ], [ 409409.191781554545742, 4015006.379117301199585 ], [ 409426.872888846322894, 4015086.158408477902412 ], [ 409440.030828375252895, 4015152.056775886099786 ], [ 409448.90760891942773, 4015196.64167220517993 ], [ 409451.743557047913782, 4015207.770574724301696 ] ] } },
{ "type": "Feature", "properties": { "fid": 3, "id": 6, "length": null, "line_name": "route26(chaharrahBazar-shahrakAref)" }, "geometry": { "type": "LineString", "coordinates": [ [ 409597.43251778773265, 4016713.835892613977194 ], [ 409596.831210810923949, 4016719.053935272619128 ], [ 409596.265447727229912, 4016741.180903179105371 ], [ 409595.917953519616276, 4016752.408919413108379 ], [ 409595.222969551687129, 4016774.864952539559454 ], [ 409594.381868276337627, 4016802.402163224760443 ], [ 409593.62824853422353, 4016825.596177935600281 ], [ 409593.291762092965655, 4016836.685824634507298 ], [ 409593.497240298253018, 4016841.747777066193521 ] ] } },
{ "type": "Feature", "properties": { "fid": 4, "id": 9, "length": null, "line_name": "route26(chaharrahBazar-shahrakAref)" }, "geometry": { "type": "LineString", "coordinates": [ [ 409687.239235320303123, 4017293.979162960313261 ], [ 409683.271211780491285, 4017295.065010281279683 ], [ 409660.533066480536945, 4017302.429274190682918 ], [ 409603.532653147936799, 4017318.670667153783143 ], [ 409563.124488132889383, 4017329.660083066672087 ], [ 409531.461382013279945, 4017339.739340953528881 ], [ 409492.922141548478976, 4017351.85665263235569 ], [ 409461.784583213971928, 4017361.439115314744413 ], [ 409430.385249564889818, 4017371.352140359580517 ], [ 409409.428585866349749, 4017377.79727570200339 ], [ 409364.781949392985553, 4017389.323398232460022 ], [ 409351.685965806245804, 4017392.737206621561199 ], [ 409342.718548822565936, 4017397.746563218533993 ], [ 409339.063944490859285, 4017403.437868495937437 ], [ 409336.699223411851563, 4017411.983270676340908 ], [ 409331.410583760763984, 4017432.684836948756129 ], [ 409326.752986175590195, 4017456.657027180306613 ], [ 409326.461596451641526, 4017460.510782771743834 ], [ 409325.569477301149163, 4017470.35170484194532 ], [ 409325.661801648151595, 4017479.199193083681166 ], [ 409325.456265682179946, 4017497.635612556245178 ], [ 409327.469836186035536, 4017518.998359941877425 ], [ 409329.554112259997055, 4017528.070853248704225 ], [ 409339.974220503354445, 4017566.960861371364444 ], [ 409347.454779715975747, 4017597.442747311200947 ], [ 409355.631742162979208, 4017631.112649191170931 ], [ 409365.089080761419609, 4017666.735525583382696 ], [ 409368.964900434773881, 4017682.261819970328361 ], [ 409377.269208783342037, 4017715.43883269559592 ], [ 409386.824302623048425, 4017754.092127083335072 ], [ 409387.864250872808043, 4017758.423578205984086 ], [ 409393.109990685246885, 4017765.414863264653832 ], [ 409399.747399908141233, 4017772.309709331020713 ], [ 409414.719094634463545, 4017786.655235164798796 ], [ 409430.982947215612512, 4017800.905385857913643 ], [ 409435.19959570816718, 4017804.609735122416168 ] ] } },
{ "type": "Feature", "properties": { "fid": 5, "id": 10, "length": null, "line_name": "route26(chaharrahBazar-shahrakAref)" }, "geometry": { "type": "LineString", "coordinates": [ [ 409435.19959570816718, 4017804.609735122416168 ], [ 409439.153132178122178, 4017808.521654069889337 ], [ 409467.735009235038888, 4017833.867912324145436 ], [ 409487.877976922725793, 4017851.273020015098155 ], [ 409492.63380717713153, 4017855.811562558636069 ], [ 409496.249556043650955, 4017859.133031859062612 ], [ 409496.724822186050005, 4017860.193172545637935 ], [ 409497.070880902872887, 4017861.582379605621099 ], [ 409497.494343334634323, 4017864.03587180795148 ], [ 409497.377936245000456, 4017865.59375645685941 ], [ 409496.34086510585621, 4017867.898602418135852 ], [ 409492.534977044095285, 4017871.788963636383414 ], [ 409489.117566180997528, 4017874.774048371706158 ], [ 409475.872267402824946, 4017889.249813906382769 ], [ 409447.804026376339607, 4017919.528735434170812 ], [ 409420.91674551111646, 4017948.566490221302956 ], [ 409392.389850474428385, 4017979.341967637185007 ], [ 409381.502105101826601, 4017990.925746251363307 ], [ 409381.011193341517355, 4017991.545342870987952 ], [ 409375.735242002876475, 4017997.540311825927347 ], [ 409375.735242002876475, 4017997.540311825927347 ], [ 409374.620801498647779, 4017998.780889165587723 ], [ 409374.265286584035493, 4017999.665346862748265 ], [ 409374.214582978398539, 4018000.367402768228203 ], [ 409374.406280151917599, 4018001.261514254845679 ], [ 409374.934447681298479, 4018001.829515930265188 ], [ 409376.916335392743349, 4018002.689591866917908 ], [ 409394.748903914121911, 4018011.597845943644643 ], [ 409411.341902872663923, 4018019.290108376648277 ], [ 409422.134378511225805, 4018024.011459759902209 ], [ 409444.942448452929966, 4018029.918456558603793 ], [ 409470.015236434584949, 4018036.785074443090707 ], [ 409501.539579272153787, 4018045.468949615489691 ], [ 409534.52435740333749, 4018054.301589929964393 ], [ 409562.392201134527568, 4018062.122527118306607 ], [ 409601.954199300264008, 4018072.115905807819217 ], [ 409625.560268773697317, 4018078.260856512468308 ], [ 409654.40795076120412, 4018078.288532614242285 ], [ 409674.535976426792331, 4018075.211685042828321 ], [ 409693.050465330481529, 4018070.021474752109498 ], [ 409710.005817778001074, 4018061.570305374450982 ], [ 409738.898419971810654, 4018046.768454780336469 ], [ 409751.823480790306348, 4018039.752054471056908 ], [ 409757.294149818713777, 4018036.520437240600586 ] ] } },
{ "type": "Feature", "properties": { "fid": 6, "id": 11, "length": null, "line_name": "route26(chaharrahBazar-shahrakAref)" }, "geometry": { "type": "LineString", "coordinates": [ [ 409757.294149818713777, 4018036.520437240600586 ], [ 409760.92088509228779, 4018034.93121537938714 ], [ 409765.803075201343745, 4018032.504534230567515 ], [ 409798.453370776725933, 4018015.533679089043289 ], [ 409840.997470987495035, 4017993.380609609186649 ], [ 409880.378474854165688, 4017973.144955979194492 ], [ 409899.704341940756422, 4017963.030979854986072 ], [ 409902.409439248032868, 4017961.692046388518065 ], [ 409903.594515294360463, 4017960.860456694848835 ], [ 409903.851258022128604, 4017960.038494135253131 ], [ 409903.688055462844204, 4017957.090706301853061 ], [ 409902.202103822608478, 4017948.093815260566771 ], [ 409896.77414119662717, 4017936.270255785901099 ], [ 409886.894094431539997, 4017917.201104860752821 ], [ 409874.061523055832367, 4017894.803461416624486 ], [ 409861.001909325423185, 4017869.704500982072204 ], [ 409848.223614829825237, 4017846.159310050774366 ], [ 409846.196900091890711, 4017842.575419525615871 ], [ 409841.627699203556404, 4017836.431996439117938 ] ] } },
{ "type": "Feature", "properties": { "fid": 7, "id": 12, "length": null, "line_name": "route26(chaharrahBazar-shahrakAref)" }, "geometry": { "type": "LineString", "coordinates": [ [ 409841.627699203556404, 4017836.431996439117938 ], [ 409839.507199721003417, 4017830.601125916931778 ], [ 409833.419378074002452, 4017819.112170973792672 ], [ 409817.451204447075725, 4017788.554146168753505 ], [ 409800.293574555835221, 4017758.418147064279765 ], [ 409778.005998175649438, 4017719.650865679141134 ], [ 409747.201277305022813, 4017665.405400830321014 ], [ 409733.01026520942105, 4017639.990652588196099 ], [ 409726.669695585500449, 4017629.733343648724258 ], [ 409725.11643025133526, 4017627.045790878124535 ], [ 409724.039264852646738, 4017625.500312010757625 ], [ 409723.235859087610152, 4017624.771289098542184 ], [ 409722.56848206766881, 4017624.368572992738336 ], [ 409721.97167291957885, 4017624.374773816671222 ], [ 409720.586778802098706, 4017625.126533118542284 ], [ 409716.194088366930373, 4017630.006046039517969 ], [ 409711.19948687631404, 4017634.400235840585083 ], [ 409673.28330861160066, 4017674.448451997246593 ], [ 409624.096545925945975, 4017727.559019586537033 ], [ 409535.684626768052112, 4017822.20711568556726 ], [ 409505.125172462663613, 4017855.297399366274476 ], [ 409503.353564055287279, 4017857.118314502295107 ], [ 409502.36402808316052, 4017857.620202158112079 ], [ 409499.534868167771492, 4017859.779854139778763 ], [ 409498.149177226470783, 4017860.449729029089212 ], [ 409495.896331739029847, 4017860.637056441511959 ], [ 409494.62619449570775, 4017859.667126013431698 ], [ 409492.283996903628577, 4017857.643272168934345 ], [ 409492.00936804182129, 4017856.744901836384088 ], [ 409491.463523753394838, 4017855.275846074800938 ], [ 409491.246671141241677, 4017853.557572797406465 ], [ 409491.431094604195096, 4017852.16283973865211 ], [ 409495.763207970070653, 4017847.857346263248473 ], [ 409505.602265263791196, 4017837.431667297147214 ], [ 409516.358603866654448, 4017825.931356109678745 ], [ 409519.639156743884087, 4017822.538057900499552 ], [ 409525.198184489912819, 4017814.650723461993039 ] ] } },
{ "type": "Feature", "properties": { "fid": 8, "id": 13, "length": null, "line_name": "route26(chaharrahBazar-shahrakAref)" }, "geometry": { "type": "LineString", "coordinates": [ [ 409525.198184489912819, 4017814.650723461993039 ], [ 409531.178466225857846, 4017809.800661261659116 ], [ 409560.69767351646442, 4017778.687629071529955 ], [ 409590.866566822689492, 4017746.257063467055559 ], [ 409637.691362750600092, 4017695.628762579988688 ], [ 409697.238197074620984, 4017631.104261566419154 ], [ 409760.458588726818562, 4017562.609409160446376 ], [ 409829.719582905992866, 4017488.153409137856215 ], [ 409882.971144971670583, 4017430.250008759088814 ], [ 409917.9766571719083, 4017390.724535320419818 ], [ 409941.549101570853963, 4017361.477007306646556 ], [ 409957.782783745671622, 4017340.826300410088152 ], [ 409959.09209198091412, 4017339.174135318957269 ], [ 409959.612420056713745, 4017338.185584868304431 ], [ 409959.660908713936806, 4017336.464554262347519 ], [ 409959.705153214687016, 4017334.333918072748929 ], [ 409959.156813068664633, 4017332.619071621913463 ], [ 409957.600176026229747, 4017329.603794386144727 ], [ 409952.187217613158282, 4017319.254785403143615 ], [ 409945.000498744950164, 4017308.344906443264335 ] ] } },
{ "type": "Feature", "properties": { "fid": 9, "id": 14, "length": null, "line_name": "route26(chaharrahBazar-shahrakAref)" }, "geometry": { "type": "LineString", "coordinates": [ [ 409945.000498744950164, 4017308.344906443264335 ], [ 409941.920645820850041, 4017301.33659713389352 ], [ 409940.157412683591247, 4017297.586094676051289 ], [ 409934.769886579248123, 4017289.69472969789058 ], [ 409922.922730053076521, 4017272.858033300377429 ], [ 409913.354863782529719, 4017258.373690646141768 ], [ 409902.984391452686395, 4017243.242239843122661 ], [ 409901.10209025000222, 4017240.803857958875597 ], [ 409899.291199338098522, 4017238.85631556622684 ], [ 409897.160623930452857, 4017238.059107033535838 ], [ 409894.173048954515252, 4017237.762364591937512 ], [ 409868.913851947174408, 4017232.289215563330799 ], [ 409723.309192754153628, 4017184.970352263189852 ], [ 409597.910631512117106, 4017142.031743933912367 ], [ 409513.523614453850314, 4017114.234495702665299 ], [ 409443.37723085784819, 4017091.041591206099838 ], [ 409356.588122757035308, 4017061.959988719318062 ], [ 409356.588122757035308, 4017061.959988719318062 ], [ 409356.588122757035308, 4017061.959988719318062 ], [ 409356.588122757035308, 4017061.959988719318062 ], [ 409356.588122757035308, 4017061.959988719318062 ], [ 409356.588122757035308, 4017061.959988719318062 ], [ 409356.588122757035308, 4017061.959988719318062 ], [ 409356.588122757035308, 4017061.959988719318062 ], [ 409352.261316689953674, 4017060.448447943199426 ], [ 409348.402997166791465, 4017059.341672710608691 ], [ 409342.600133574043866, 4017056.206932599656284 ], [ 409337.928065464249812, 4017053.388119669631124 ], [ 409333.056189929251559, 4017050.489463665056974 ], [ 409331.112497153575532, 4017048.543420735746622 ], [ 409330.093817078042775, 4017046.260007208678871 ], [ 409329.597977149940562, 4017043.233768437057734 ], [ 409330.239776131114922, 4017041.178821180947125 ], [ 409331.216577411396429, 4017039.448099123779684 ], [ 409332.723912390065379, 4017037.711842237971723 ], [ 409334.311239042086527, 4017037.285631915088743 ], [ 409337.491020504850894, 4017036.924738952424377 ], [ 409341.004949306661729, 4017036.806151533965021 ], [ 409344.863279755110852, 4017037.912923657801002 ], [ 409352.641127344453707, 4017039.634254481177777 ], [ 409365.556109041033778, 4017044.251496959943324 ], [ 409454.212459660018794, 4017074.296897939871997 ], [ 409534.879539937421214, 4017101.476868642494082 ], [ 409571.212610710586887, 4017113.060505996923894 ], [ 409579.060918670496903, 4017115.190953020006418 ], [ 409580.719671886763535, 4017115.255624345969409 ], [ 409582.507647808990441, 4017114.991231554653496 ], [ 409583.097673521435354, 4017114.329652848187834 ], [ 409583.481080289289821, 4017112.932853975798935 ], [ 409584.003444709000178, 4017093.018432009033859 ], [ 409584.801143510499969, 4017067.693767250049859 ], [ 409585.548726719454862, 4017043.92629471141845 ], [ 409586.187707191566005, 4017028.844530746806413 ], [ 409586.280283828964457, 4017024.992858642246574 ], [ 409585.9311915942817, 4017019.727368773426861 ] ] } },
{ "type": "Feature", "properties": { "fid": 10, "id": 15, "length": null, "line_name": "route26(chaharrahBazar-shahrakAref)" }, "geometry": { "type": "LineString", "coordinates": [ [ 409585.9311915942817, 4017019.727368773426861 ], [ 409586.476243941811845, 4017015.937557458411902 ], [ 409586.561496952257585, 4017008.194287769496441 ], [ 409587.1837860197993, 4016988.319795046932995 ], [ 409588.305118106130976, 4016949.473323600832373 ], [ 409588.271881127671804, 4016946.278400628827512 ], [ 409588.059293453465216, 4016944.969732713885605 ], [ 409587.387597751338035, 4016944.157420766539872 ], [ 409583.860847000672948, 4016943.04709124751389 ], [ 409581.197925538755953, 4016942.091635876335204 ], [ 409579.258528275997378, 4016940.555143885780126 ], [ 409576.9747584151919, 4016937.793285727500916 ], [ 409575.217264653590973, 4016934.616302623879164 ], [ 409573.729301210609265, 4016931.846165318507701 ], [ 409573.110282720415853, 4016929.722426817752421 ], [ 409573.334638989937957, 4016925.787453924771398 ], [ 409573.789506992790848, 4016893.010734431445599 ], [ 409573.935614543850534, 4016887.929556457791477 ], [ 409574.110702150966972, 4016885.633695770055056 ], [ 409574.556175143341534, 4016883.826601670123637 ], [ 409575.919869805569761, 4016881.026794588193297 ], [ 409577.951857657637447, 4016878.711614571046084 ], [ 409581.50233912107069, 4016875.725197459105402 ], [ 409584.270644365460612, 4016874.057798384688795 ], [ 409587.2430176322232, 4016872.879857070278376 ], [ 409589.029339453496505, 4016872.45162449311465 ], [ 409590.081903705431614, 4016871.621375452261418 ], [ 409590.46788042539265, 4016870.470340900123119 ], [ 409590.65064259635983, 4016868.911770525854081 ], [ 409591.046541534247808, 4016855.962719129398465 ], [ 409591.165391049697064, 4016848.260067061521113 ], [ 409590.85031278320821, 4016841.174883933272213 ] ] } },
{ "type": "Feature", "properties": { "fid": 11, "id": 16, "length": null, "line_name": "route26(chaharrahBazar-shahrakAref)" }, "geometry": { "type": "LineString", "coordinates": [ [ 409590.85031278320821, 4016841.174883933272213 ], [ 409591.674404856283218, 4016836.620718739926815 ], [ 409591.86468707874883, 4016829.408903583884239 ], [ 409592.672689688799437, 4016805.067303463816643 ], [ 409593.105795787414536, 4016782.941712633240968 ], [ 409593.879021294240374, 4016761.631884217727929 ], [ 409594.518762795487419, 4016740.241515196394175 ], [ 409594.974298963556066, 4016718.723473683465272 ], [ 409594.69375955191208, 4016713.784322503488511 ] ] } },
{ "type": "Feature", "properties": { "fid": 12, "id": 18, "length": null, "line_name": "route26(chaharrahBazar-shahrakAref)" }, "geometry": { "type": "LineString", "coordinates": [ [ 409600.357885414094198, 4016446.735592316836119 ], [ 409601.6894485038938, 4016438.828690998721868 ], [ 409602.310718797845766, 4016414.857734850607812 ], [ 409603.894459675240796, 4016356.671041300520301 ], [ 409606.15131052111974, 4016280.288921159692109 ], [ 409611.495397438877262, 4016143.574331401381642 ], [ 409613.424795474857092, 4016099.47600793140009 ], [ 409613.585437975416426, 4016095.787494311574847 ], [ 409614.169576061889529, 4016094.552473125513643 ], [ 409615.482424684101716, 4016093.227945696096867 ], [ 409616.469616585527547, 4016092.480313247535378 ], [ 409617.791834693111014, 4016092.056917137466371 ], [ 409619.381051673030015, 4016091.794605061411858 ], [ 409621.769561511464417, 4016091.851702971849591 ], [ 409626.480257199786138, 4016091.966590243857354 ], [ 409680.38031969149597, 4016095.748707707040012 ], [ 409707.856196653330699, 4016090.793289050925523 ], [ 409720.170310048619285, 4016088.535223423969001 ], [ 409722.015467603516299, 4016087.369044252671301 ], [ 409724.118264742719475, 4016085.462821646593511 ], [ 409726.835842079366557, 4016085.270741793792695 ], [ 409757.169655191304628, 4016080.859312667977065 ], [ 409766.308748568349984, 4016079.453570656478405 ], [ 409773.491714105766732, 4016078.109105243347585 ], [ 409775.075836153118871, 4016077.355295883957297 ], [ 409776.921003155759536, 4016076.189128573052585 ], [ 409777.937121368129738, 4016075.031565711833537 ], [ 409778.151826173765585, 4016073.349776471033692 ], [ 409777.60380544164218, 4016071.675902991555631 ], [ 409776.52391734928824, 4016069.884654756635427 ], [ 409775.682964540203102, 4016068.746365287806839 ], [ 409769.122419840889052, 4016059.761212872341275 ], [ 409743.69389106426388, 4016038.313778603449464 ], [ 409716.395656372304074, 4016014.431006769649684 ] ] } },
{ "type": "Feature", "properties": { "fid": 13, "id": 20, "length": null, "line_name": "route26(chaharrahBazar-shahrakAref)" }, "geometry": { "type": "LineString", "coordinates": [ [ 409418.248261519882362, 4015624.199395358562469 ], [ 409418.561391774506774, 4015614.062435201834887 ], [ 409417.353356096311472, 4015599.983087174594402 ], [ 409415.574950032460038, 4015569.359853595495224 ], [ 409415.441809069365263, 4015556.580185561440885 ], [ 409415.534721447911579, 4015540.029390176292509 ], [ 409417.059545813710429, 4015520.841922915074974 ], [ 409420.399662914976943, 4015472.140807222109288 ], [ 409424.656024137220811, 4015409.502084043808281 ], [ 409429.932780647533946, 4015342.92011173022911 ], [ 409432.705340669839643, 4015303.401067652273923 ], [ 409433.56013937125681, 4015283.565152772236615 ], [ 409434.339861803397071, 4015256.520198492333293 ], [ 409434.320652465277817, 4015241.936894956976175 ], [ 409428.771013179677539, 4015193.164539128541946 ], [ 409419.807944675907493, 4015147.868794184178114 ], [ 409407.355832195316907, 4015086.05958919133991 ], [ 409400.537850837456062, 4015055.652739058248699 ], [ 409395.689821096020751, 4015041.217038632836193 ] ] } },
{ "type": "Feature", "properties": { "fid": 14, "id": 21, "length": null, "line_name": "route26(chaharrahBazar-shahrakAref)" }, "geometry": { "type": "LineString", "coordinates": [ [ 409395.689821096020751, 4015041.217038632836193 ], [ 409394.980375911400188, 4015031.623284078668803 ], [ 409388.402037880383432, 4014998.756053408142179 ], [ 409384.773508029174991, 4014981.588608073070645 ], [ 409383.237371941679157, 4014974.230934534687549 ], [ 409382.049968073726632, 4014968.508222973439842 ], [ 409381.077779083512723, 4014964.339934726245701 ], [ 409380.994374138710555, 4014962.702208328992128 ], [ 409381.041073307394981, 4014960.817336918320507 ], [ 409381.224705644825008, 4014959.340687529183924 ], [ 409382.001062706287485, 4014957.448213092051446 ], [ 409383.113350834115408, 4014955.961887254845351 ], [ 409385.224041910900269, 4014954.792877663392574 ], [ 409388.601026940741576, 4014954.184183151926845 ], [ 409393.501954161736649, 4014953.395752908661962 ], [ 409409.797575754695572, 4014951.095816323067993 ], [ 409502.713998869410716, 4014942.263171372469515 ], [ 409577.600017396558542, 4014934.765990933403373 ], [ 409698.754057927057147, 4014923.675586835481226 ], [ 409875.486756667669397, 4014911.191439750604331 ], [ 409950.150350378244184, 4014907.796269077807665 ], [ 409957.040481997188181, 4014906.905632080510259 ], [ 409964.847401026403531, 4014904.858494783751667 ], [ 409977.257767986739054, 4014898.913020349573344 ], [ 409979.298823985503986, 4014897.417160175740719 ], [ 409982.252430515305605, 4014894.355192523449659 ], [ 409985.522441494220402, 4014889.815218314994127 ], [ 409987.54484750184929, 4014886.517102133482695 ], [ 409988.507622780860402, 4014883.393812765367329 ], [ 409989.174543337197974, 4014877.324120216071606 ], [ 409988.794549315236509, 4014872.658066287636757 ], [ 409987.752919550635852, 4014868.162719496060163 ], [ 409985.988014802103862, 4014863.704423498827964 ] ] } },
{ "type": "Feature", "properties": { "fid": 15, "id": 22, "length": null, "line_name": "route26(chaharrahBazar-shahrakAref)" }, "geometry": { "type": "LineString", "coordinates": [ [ 409985.988014802103862, 4014863.704423498827964 ], [ 409985.98436509410385, 4014857.530177180655301 ], [ 409983.54569069261197, 4014846.249134538695216 ], [ 409971.958563879947178, 4014790.738881592638791 ], [ 409957.462290781550109, 4014723.378972854465246 ], [ 409945.610373961215373, 4014667.953426697757095 ], [ 409935.583131565188523, 4014622.176691954955459 ], [ 409923.911143713165075, 4014571.337368752807379 ], [ 409909.994099895004183, 4014508.723456600215286 ], [ 409908.208273167198058, 4014502.843024908564985 ], [ 409906.005760372267105, 4014495.164459140505642 ], [ 409903.335645126760937, 4014480.772512960713357 ], [ 409901.5039854204515, 4014470.46836074301973 ], [ 409900.658733268559445, 4014465.725201532710344 ], [ 409899.157814947946463, 4014458.651522246655077 ] ] } },
{ "type": "Feature", "properties": { "fid": 16, "id": 3, "length": null, "line_name": "route26(chaharrahBazar-shahrakAref)" }, "geometry": { "type": "LineString", "coordinates": [ [ 409451.743557047913782, 4015207.770574724301696 ], [ 409452.145838132186327, 4015220.941099103540182 ], [ 409453.432551125239115, 4015241.384544839151204 ], [ 409452.371213190257549, 4015292.355927378404886 ], [ 409449.163466939295176, 4015341.055631438270211 ], [ 409445.193942535319366, 4015393.040467096026987 ], [ 409441.988002647645772, 4015441.904024503659457 ], [ 409437.470899159787223, 4015492.255980922374874 ], [ 409435.937942123389803, 4015523.405282016843557 ], [ 409435.504592268087436, 4015540.312943914439529 ], [ 409437.432902901200578, 4015555.526997769251466 ] ] } },
{ "type": "Feature", "properties": { "fid": 17, "id": 4, "length": null, "line_name": "route26(chaharrahBazar-shahrakAref)" }, "geometry": { "type": "LineString", "coordinates": [ [ 409437.432902901200578, 4015555.526997769251466 ], [ 409435.804091993835755, 4015569.067196047864854 ], [ 409436.146426192251965, 4015582.827842859551311 ], [ 409439.133837544417474, 4015626.439728071447462 ], [ 409445.110660837613977, 4015690.774335064459592 ], [ 409449.331765989423729, 4015739.396703439299017 ], [ 409455.207796902395785, 4015794.064650428015739 ], [ 409462.447814955026843, 4015850.471129772253335 ], [ 409468.934082241845317, 4015901.905267738737166 ], [ 409477.580630095035303, 4015967.850709196180105 ], [ 409485.683235569333192, 4016045.272008826956153 ], [ 409486.11865112115629, 4016099.832779017742723 ], [ 409484.169426331704017, 4016141.965038872789592 ], [ 409475.93724125897279, 4016204.972922493238002 ], [ 409468.083909802080598, 4016253.393353256862611 ], [ 409460.674685612844769, 4016306.233387487009168 ], [ 409455.064200539782178, 4016348.841064836364239 ], [ 409448.258747707761358, 4016394.191601212136447 ], [ 409448.079411143902689, 4016396.077857958618551 ], [ 409448.024183759989683, 4016397.143522460013628 ], [ 409448.309097967285197, 4016399.024942980613559 ], [ 409448.721534729236737, 4016400.413455454166979 ], [ 409449.328668932896107, 4016401.390290058683604 ], [ 409450.201088977162726, 4016402.364361198619008 ], [ 409454.778125341923442, 4016402.398613001219928 ], [ 409482.77944386767922, 4016403.417859833687544 ], [ 409525.779636920196936, 4016405.264228563755751 ], [ 409597.042962186562363, 4016407.799979940988123 ], [ 409602.090206447872333, 4016408.402928198687732 ], [ 409603.159016687481198, 4016409.129182095173746 ], [ 409603.97106040280778, 4016410.677405288442969 ], [ 409604.793326923740096, 4016413.208680985029787 ], [ 409605.091837423562538, 4016416.400842602364719 ], [ 409604.882779022911564, 4016421.810389807913452 ], [ 409604.748513513593934, 4016438.796877947635949 ], [ 409604.953210663108621, 4016446.127404061611742 ] ] } },
{ "type": "Feature", "properties": { "fid": 18, "id": 5, "length": null, "line_name": "route26(chaharrahBazar-shahrakAref)" }, "geometry": { "type": "LineString", "coordinates": [ [ 409604.953210663108621, 4016446.127404061611742 ], [ 409603.956752671278082, 4016462.318993222899735 ], [ 409603.28044973622309, 4016484.585357158444822 ], [ 409602.745301869115792, 4016509.661473975982517 ], [ 409601.496375837479718, 4016555.391353306826204 ], [ 409600.461906388169155, 4016608.984278386458755 ], [ 409599.602145678712986, 4016641.109750424046069 ], [ 409599.112486521247774, 4016645.047479689121246 ], [ 409598.894922605948523, 4016649.637818417977542 ], [ 409598.019557859748602, 4016667.507647340651602 ], [ 409597.073194491793402, 4016704.058240175247192 ], [ 409596.845409400877543, 4016707.665526544675231 ], [ 409597.43251778773265, 4016713.835892613977194 ] ] } },
{ "type": "Feature", "properties": { "fid": 19, "id": 7, "length": null, "line_name": "route26(chaharrahBazar-shahrakAref)" }, "geometry": { "type": "LineString", "coordinates": [ [ 409593.497240298253018, 4016841.747777066193521 ], [ 409592.992784755537286, 4016847.396155367139727 ], [ 409592.464397140662186, 4016866.737121142446995 ], [ 409592.436426814645529, 4016870.424260138068348 ], [ 409592.446652847225778, 4016871.40731324441731 ], [ 409592.983161143842153, 4016871.97524202754721 ], [ 409593.785793065908365, 4016872.622332530561835 ], [ 409595.91137389105279, 4016872.927941960282624 ], [ 409599.107413786987308, 4016874.123646900989115 ], [ 409603.314410003833473, 4016876.865507026668638 ], [ 409606.074339924671222, 4016880.769438978750259 ], [ 409607.770626692858059, 4016884.438644357025623 ], [ 409608.543575531220995, 4016888.609032926149666 ], [ 409608.181165057932958, 4016917.534076814074069 ], [ 409607.896581000299193, 4016928.43372123548761 ], [ 409607.655168371042237, 4016930.730270985979587 ], [ 409607.147634161403403, 4016932.947658680379391 ], [ 409606.177582518081181, 4016935.33371695317328 ], [ 409604.48144849104574, 4016938.055047276895493 ], [ 409602.4409473198466, 4016939.551010430790484 ], [ 409599.083473028615117, 4016941.96190247638151 ], [ 409596.770034982007928, 4016942.723336381837726 ], [ 409591.417930345225614, 4016944.663400209508836 ], [ 409590.101810207299422, 4016945.660251101013273 ], [ 409589.913084799540229, 4016946.645373987033963 ], [ 409589.612178049166687, 4016949.597983110230416 ], [ 409589.485125122242607, 4016969.262497344054282 ], [ 409588.635563229210675, 4016995.980506234802306 ], [ 409587.73262014699867, 4017022.492844226770103 ] ] } },
{ "type": "Feature", "properties": { "fid": 20, "id": 8, "length": null, "line_name": "route26(chaharrahBazar-shahrakAref)" }, "geometry": { "type": "LineString", "coordinates": [ [ 409587.73262014699867, 4017022.492844226770103 ], [ 409586.768197280121967, 4017052.367757691536099 ], [ 409585.966228103905451, 4017077.2828159625642 ], [ 409585.169380221632309, 4017102.689402051735669 ], [ 409584.944337989669293, 4017112.932991990819573 ], [ 409585.095720850164071, 4017114.733876773621887 ], [ 409585.504697022377513, 4017115.794711660128087 ], [ 409586.716283694375306, 4017117.502636229153723 ], [ 409587.847917377541307, 4017117.900512933265418 ], [ 409641.3738248651498, 4017137.334724673070014 ], [ 409713.122755728138145, 4017161.659571311902255 ], [ 409773.010980876279064, 4017180.700759806204587 ], [ 409798.566268341382965, 4017189.120040467940271 ], [ 409814.927475104050245, 4017193.538307937793434 ], [ 409835.364301404799335, 4017196.050412316340953 ], [ 409836.145207044668496, 4017196.206169936340302 ], [ 409837.765891717630439, 4017197.397821309044957 ], [ 409839.10834789450746, 4017198.940561803523451 ], [ 409840.70713544456521, 4017201.218012451194227 ], [ 409842.156287742312998, 4017203.456050830893219 ], [ 409842.886169791105203, 4017206.684710737317801 ], [ 409843.295523685985245, 4017210.981785146985203 ], [ 409842.374323070631362, 4017214.883013994898647 ], [ 409839.899815629294608, 4017219.291938059963286 ], [ 409837.536267173534725, 4017221.610498408786952 ], [ 409834.93169207952451, 4017223.071295939851552 ], [ 409833.408993073971942, 4017223.332884830422699 ], [ 409825.489435225026682, 4017220.71137230284512 ], [ 409804.390569461800624, 4017213.515674892347306 ], [ 409800.328333013691008, 4017211.919239385984838 ], [ 409796.40255212323973, 4017210.69007407175377 ], [ 409786.683528231806122, 4017207.227010504808277 ], [ 409779.963569833082147, 4017205.166595194954425 ], [ 409768.532242193585262, 4017202.868347968906164 ], [ 409763.815346732386388, 4017202.09802619041875 ], [ 409760.562492147262674, 4017201.804083775728941 ], [ 409755.660260802600533, 4017202.346570184454322 ], [ 409754.004929431481287, 4017202.609550282359123 ], [ 409750.837957650655881, 4017204.199108577799052 ], [ 409749.26255464728456, 4017205.772138806059957 ], [ 409747.735647886816878, 4017212.014673185534775 ], [ 409748.498343759449199, 4017221.592557121068239 ], [ 409749.778797557577491, 4017229.936114674899727 ], [ 409757.430682438716758, 4017251.48615859914571 ], [ 409762.174811626551673, 4017261.268488808069378 ], [ 409763.257116653374396, 4017263.305499049369246 ], [ 409763.265623351733666, 4017264.124710305593908 ], [ 409763.209516528411768, 4017265.108452425803989 ], [ 409762.893254342896398, 4017266.586475770920515 ], [ 409761.85348381404765, 4017268.645521868951619 ], [ 409758.482486451044679, 4017269.745617090258747 ], [ 409720.677213877788745, 4017282.34585713269189 ], [ 409699.266151082934812, 4017289.778160690329969 ], [ 409687.239235320303123, 4017293.979162960313261 ] ] } },
{ "type": "Feature", "properties": { "fid": 21, "id": 17, "length": null, "line_name": "route26(chaharrahBazar-shahrakAref)" }, "geometry": { "type": "LineString", "coordinates": [ [ 409594.69375955191208, 4016713.784322503488511 ], [ 409595.470980541664176, 4016707.451248505618423 ], [ 409595.655541961838026, 4016702.869639666285366 ], [ 409596.089523304835893, 4016680.825973684899509 ], [ 409597.272197489219252, 4016641.487306635826826 ], [ 409597.373881471925415, 4016625.755703363101929 ], [ 409599.317515832895879, 4016544.788728385232389 ], [ 409600.22814924409613, 4016504.797461035195738 ], [ 409601.104985563550144, 4016474.310416790191084 ], [ 409601.244177348329686, 4016462.183343516662717 ], [ 409600.357885414094198, 4016446.735592316836119 ] ] } },
{ "type": "Feature", "properties": { "fid": 22, "id": 19, "length": null, "line_name": "route26(chaharrahBazar-shahrakAref)" }, "geometry": { "type": "LineString", "coordinates": [ [ 409716.395656372304074, 4016014.431006769649684 ], [ 409691.681707847630605, 4015992.809369184542447 ], [ 409660.617242168169469, 4015965.235013871919364 ], [ 409659.681459118786734, 4015964.548334499355406 ], [ 409658.338362852111459, 4015962.964659805875272 ], [ 409658.190815582871437, 4015961.532421155367047 ], [ 409657.903808234375902, 4015959.446193148847669 ], [ 409655.626474084681831, 4015944.558631015941501 ], [ 409655.20809275272768, 4015942.596663074567914 ], [ 409654.730196826450992, 4015941.29075219668448 ], [ 409653.187695567437913, 4015939.668185523245484 ], [ 409618.114877687534317, 4015909.390981724951416 ], [ 409539.679341647191904, 4015842.696564507205039 ], [ 409501.262150841299444, 4015809.832856048829854 ], [ 409496.993408864829689, 4015807.583255395758897 ], [ 409492.86925602966221, 4015806.479169482365251 ], [ 409487.018919262569398, 4015805.229196567554027 ], [ 409479.585284719942138, 4015804.815010661724955 ], [ 409477.728155368648004, 4015804.834346634801477 ], [ 409473.758828309481032, 4015805.858833881095052 ], [ 409469.923860251437873, 4015807.045783631503582 ], [ 409465.844062613497954, 4015810.201601152773947 ], [ 409461.907157114648726, 4015814.339090965688229 ], [ 409460.099510652711615, 4015819.109847355633974 ], [ 409459.787502776714973, 4015820.997483388520777 ], [ 409470.58537604729645, 4015908.795784645713866 ], [ 409483.071446826215833, 4016012.22513385117054 ], [ 409483.500099977303762, 4016015.170146374963224 ], [ 409483.546159554156475, 4016019.593880275264382 ], [ 409481.738548563444056, 4016024.36463422793895 ], [ 409480.194531017914414, 4016028.96878425590694 ], [ 409478.789987837895751, 4016034.226921418216079 ], [ 409476.036782497249078, 4016037.368925247341394 ], [ 409473.256281311972998, 4016037.889457947574556 ], [ 409469.52506028546486, 4016036.289714893791825 ], [ 409467.501207341789268, 4016033.033595290500671 ], [ 409464.883626395021565, 4016023.720847732853144 ], [ 409462.194375289487652, 4016007.526737057138234 ], [ 409454.765477509237826, 4015943.862659253180027 ], [ 409446.279943149653263, 4015867.920115718618035 ], [ 409433.065647841896862, 4015771.052797972224653 ], [ 409423.510797097114846, 4015668.903871962800622 ], [ 409420.936489112908021, 4015638.288926451466978 ], [ 409418.248261519882362, 4015624.199395358562469 ] ] } }
]
}
