{
"type": "FeatureCollection",
"name": "zones_areas2",
"crs": { "type": "name", "properties": { "name": "urn:ogc:def:crs:OGC:1.3:CRS84" } },
"features": [
{ "type": "Feature", "properties": { "fid": 2, "dauid": "22", "zones_areas_Mantagheh": "ملاصدرای جنوبی (شش)", "j_col001_sum": 1759.0 }, "geometry": { "type": "MultiPolygon", "coordinates": [ [ [ [ 50.027883, 36.297099 ], [ 50.029553610271421, 36.296019035722871 ], [ 50.029982030601033, 36.295782079051889 ], [ 50.030439604082886, 36.29557016386422 ], [ 50.030967624343859, 36.295475218218584 ], [ 50.031406441658305, 36.29544538055714 ], [ 50.03207540904566, 36.295485145943964 ], [ 50.03207540904566, 36.295485145943964 ], [ 50.03207540904566, 36.295485145943964 ], [ 50.033174511186218, 36.295203006772653 ], [ 50.033310243342875, 36.295119982508105 ], [ 50.033367596274381, 36.295046709822131 ], [ 50.034084904624699, 36.294201942057043 ], [ 50.034403580889496, 36.293535695702936 ], [ 50.03465946009365, 36.292863748673412 ], [ 50.03482480008617, 36.292251305545477 ], [ 50.035348696134882, 36.290857656565976 ], [ 50.035348696134882, 36.290857656565976 ], [ 50.035348696134882, 36.290857656565976 ], [ 50.035348696134882, 36.290857656565976 ], [ 50.035348696134882, 36.290857656565976 ], [ 50.035348696134882, 36.290857656565976 ], [ 50.035426223841313, 36.289353434854952 ], [ 50.035341669629744, 36.287885292676762 ], [ 50.034709202893126, 36.286742984526029 ], [ 50.034709202893126, 36.286742984526029 ], [ 50.034709202893126, 36.286742984526029 ], [ 50.034709202893126, 36.286742984526029 ], [ 50.033889920615906, 36.285459998955325 ], [ 50.033029919971924, 36.284464354720832 ], [ 50.031609750834058, 36.282712264028596 ], [ 50.031609750834058, 36.282712264028596 ], [ 50.030100325117452, 36.281025899218008 ], [ 50.030100325117452, 36.281025899218008 ], [ 50.029086848633085, 36.280001979508512 ], [ 50.028142724640794, 36.278869567866948 ], [ 50.028142724640794, 36.278869567866948 ], [ 50.027805941648985, 36.278410909823663 ], [ 50.026603408219216, 36.277019864666798 ], [ 50.024751120616934, 36.274352332982026 ], [ 50.023846, 36.274441 ], [ 50.023711056139028, 36.27446841129683 ], [ 50.024085565437581, 36.276601422985252 ], [ 50.024085565437581, 36.276601422985252 ], [ 50.024085565437581, 36.276601422985252 ], [ 50.024085565437581, 36.276601422985252 ], [ 50.024085565437581, 36.276601422985252 ], [ 50.024085565437581, 36.276601422985252 ], [ 50.024085565437581, 36.276601422985252 ], [ 50.024126633048922, 36.276867415654777 ], [ 50.024299, 36.278206 ], [ 50.024299, 36.278206 ], [ 50.024299, 36.278206 ], [ 50.024305, 36.278525 ], [ 50.024274, 36.278813 ], [ 50.024264, 36.278874 ], [ 50.024227, 36.27912 ], [ 50.024133, 36.279596 ], [ 50.02396, 36.279998 ], [ 50.023945, 36.280027 ], [ 50.023873, 36.280165 ], [ 50.023524, 36.28061 ], [ 50.02295, 36.281243 ], [ 50.022515, 36.281722 ], [ 50.021915, 36.282356 ], [ 50.0216, 36.282681 ], [ 50.0197, 36.283987 ], [ 50.019756, 36.284908 ], [ 50.019844, 36.285214 ], [ 50.019918, 36.285736 ], [ 50.019961, 36.286031 ], [ 50.019995, 36.28627 ], [ 50.020071, 36.286793 ], [ 50.020143, 36.287309 ], [ 50.020225, 36.287838 ], [ 50.02029, 36.288346 ], [ 50.020361, 36.288874 ], [ 50.020385, 36.289053 ], [ 50.020395, 36.289207 ], [ 50.020357, 36.289414 ], [ 50.020296, 36.289495 ], [ 50.020118, 36.289617 ], [ 50.019613, 36.28987 ], [ 50.01968, 36.28994 ], [ 50.019723, 36.289982 ], [ 50.019767, 36.290024 ], [ 50.019812, 36.290066 ], [ 50.019858, 36.290107 ], [ 50.019904, 36.290147 ], [ 50.019952, 36.290186 ], [ 50.02, 36.290225 ], [ 50.020049, 36.290263 ], [ 50.020099, 36.290301 ], [ 50.02015, 36.290337 ], [ 50.020617, 36.29067 ], [ 50.022321, 36.291824 ], [ 50.022387, 36.29187 ], [ 50.022438, 36.291907 ], [ 50.022488, 36.291944 ], [ 50.022537, 36.291982 ], [ 50.022923, 36.292286 ], [ 50.024206, 36.293438 ], [ 50.024531, 36.29373 ], [ 50.025126, 36.294276 ], [ 50.025684, 36.29479 ], [ 50.026463, 36.295523 ], [ 50.026732, 36.295776 ], [ 50.026945, 36.295976 ], [ 50.027049, 36.296077 ], [ 50.027129, 36.296156 ], [ 50.027206, 36.296237 ], [ 50.027282, 36.296318 ], [ 50.027356, 36.296401 ], [ 50.027429, 36.296485 ], [ 50.027499, 36.29657 ], [ 50.027568, 36.296656 ], [ 50.027635, 36.296743 ], [ 50.0277, 36.29683 ], [ 50.027763, 36.296919 ], [ 50.027824, 36.297008 ], [ 50.027883, 36.297099 ] ] ] ] } },
{ "type": "Feature", "properties": { "fid": 4, "dauid": "31", "zones_areas_Mantagheh": "بلاغی (دو)", "j_col001_sum": 5998.0 }, "geometry": { "type": "MultiPolygon", "coordinates": [ [ [ [ 50.012790430597676, 36.247377595857678 ], [ 50.012790430597676, 36.247377595857678 ], [ 50.012790430597676, 36.247377595857678 ], [ 50.012790430597676, 36.247377595857678 ], [ 50.012790430597676, 36.247377595857678 ], [ 50.012790430597676, 36.247377595857678 ], [ 50.012790430597676, 36.247377595857678 ], [ 50.012790430597676, 36.247377595857678 ], [ 50.012790430597676, 36.247377595857678 ], [ 50.012790430597676, 36.247377595857678 ], [ 50.012790430597676, 36.247377595857678 ], [ 50.012790430597676, 36.247377595857678 ], [ 50.012790430597676, 36.247377595857678 ], [ 50.013878018323773, 36.245564641075006 ], [ 50.013878018323773, 36.245564641075006 ], [ 50.014012830147934, 36.24535011406298 ], [ 50.014012830147934, 36.24535011406298 ], [ 50.006431575093821, 36.243459835817028 ], [ 50.006431575093821, 36.243459835817028 ], [ 50.006431575093821, 36.243459835817028 ], [ 50.006431575093821, 36.243459835817028 ], [ 50.006431575093821, 36.243459835817028 ], [ 50.006431575093821, 36.243459835817028 ], [ 50.003281203170587, 36.242657595799464 ], [ 50.003281203170587, 36.242657595799464 ], [ 50.003281203170587, 36.242657595799464 ], [ 50.003281203170587, 36.242657595799464 ], [ 50.002737, 36.243938 ], [ 50.00587, 36.245133 ], [ 50.006732, 36.245461 ], [ 50.006602, 36.245829 ], [ 50.006471, 36.246199 ], [ 50.006382, 36.246441 ], [ 50.006275, 36.246731 ], [ 50.006199, 36.246941 ], [ 50.00608, 36.247269 ], [ 50.006016, 36.247477 ], [ 50.005935, 36.24774 ], [ 50.005884, 36.247943 ], [ 50.005819, 36.248202 ], [ 50.005789, 36.248371 ], [ 50.005741, 36.248653 ], [ 50.005726, 36.248749 ], [ 50.005661, 36.249173 ], [ 50.005622, 36.249419 ], [ 50.005561, 36.24978 ], [ 50.005527, 36.249983 ], [ 50.005487, 36.250227 ], [ 50.005435, 36.250536 ], [ 50.005431, 36.250563 ], [ 50.00542, 36.250636 ], [ 50.005374, 36.250932 ], [ 50.005299, 36.251382 ], [ 50.005213, 36.251896 ], [ 50.005153, 36.252254 ], [ 50.00499, 36.253362 ], [ 50.005147, 36.253312 ], [ 50.005832, 36.25309 ], [ 50.005902, 36.253068 ], [ 50.006339, 36.252925 ], [ 50.006609, 36.252837 ], [ 50.007225, 36.252674 ], [ 50.007482, 36.252606 ], [ 50.007978, 36.252476 ], [ 50.008497, 36.252472 ], [ 50.009487079319392, 36.252689443734631 ], [ 50.009487079319392, 36.252689443734631 ], [ 50.011993668377727, 36.249152644574593 ], [ 50.011993668377727, 36.249152644574593 ], [ 50.011993668377727, 36.249152644574593 ], [ 50.011993668377727, 36.249152644574593 ], [ 50.011993668377727, 36.249152644574593 ], [ 50.01227308736712, 36.248548960178574 ], [ 50.012790430597676, 36.247377595857678 ], [ 50.012790430597676, 36.247377595857678 ] ] ] ] } },
{ "type": "Feature", "properties": { "fid": 5, "dauid": "32", "zones_areas_Mantagheh": "شیشه چی (یک)", "j_col001_sum": 6360.0 }, "geometry": { "type": "MultiPolygon", "coordinates": [ [ [ [ 50.00499, 36.253362 ], [ 50.005153, 36.252254 ], [ 50.005213, 36.251896 ], [ 50.005299, 36.251382 ], [ 50.005374, 36.250932 ], [ 50.00542, 36.250636 ], [ 50.005431, 36.250563 ], [ 50.005435, 36.250536 ], [ 50.005487, 36.250227 ], [ 50.005527, 36.249983 ], [ 50.005561, 36.24978 ], [ 50.005622, 36.249419 ], [ 50.005661, 36.249173 ], [ 50.005726, 36.248749 ], [ 50.005741, 36.248653 ], [ 50.005789, 36.248371 ], [ 50.005819, 36.248202 ], [ 50.005884, 36.247943 ], [ 50.005935, 36.24774 ], [ 50.006016, 36.247477 ], [ 50.00608, 36.247269 ], [ 50.006199, 36.246941 ], [ 50.006275, 36.246731 ], [ 50.006382, 36.246441 ], [ 50.006471, 36.246199 ], [ 50.006602, 36.245829 ], [ 50.006732, 36.245461 ], [ 50.00587, 36.245133 ], [ 50.002737, 36.243938 ], [ 50.002491, 36.244419 ], [ 50.002017, 36.245344 ], [ 50.001861, 36.245728 ], [ 50.001851, 36.245779 ], [ 50.001797, 36.246063 ], [ 50.0018, 36.246316 ], [ 50.001802, 36.246515 ], [ 50.001853, 36.247296 ], [ 50.001879, 36.247712 ], [ 50.00189, 36.24788 ], [ 50.001921, 36.248205 ], [ 50.001967, 36.248701 ], [ 50.002002, 36.249074 ], [ 50.002009, 36.249147 ], [ 50.002005, 36.249176 ], [ 50.001958, 36.249494 ], [ 50.001939, 36.249619 ], [ 50.001906, 36.249847 ], [ 50.001816, 36.250106 ], [ 50.001717, 36.250391 ], [ 50.001645, 36.250601 ], [ 50.001635, 36.250628 ], [ 50.001521, 36.250928 ], [ 50.001493, 36.251001 ], [ 50.001407, 36.251227 ], [ 50.00138, 36.251296 ], [ 50.001341, 36.251399 ], [ 50.00125, 36.251637 ], [ 50.001169, 36.251849 ], [ 50.000958, 36.252438 ], [ 50.000878, 36.25269 ], [ 50.00084, 36.252808 ], [ 50.000792, 36.252957 ], [ 50.000767, 36.253232 ], [ 50.000747, 36.253449 ], [ 50.000751, 36.253482 ], [ 50.000808, 36.253892 ], [ 50.000982, 36.254681 ], [ 50.002751, 36.254067 ], [ 50.002978, 36.253995 ], [ 50.003173, 36.253933 ], [ 50.003669, 36.253777 ], [ 50.004143, 36.253628 ], [ 50.004849, 36.253407 ], [ 50.00499, 36.253362 ] ] ] ] } },
{ "type": "Feature", "properties": { "fid": 6, "dauid": "33", "zones_areas_Mantagheh": "شیشه چی (یک)", "j_col001_sum": 2954.0 }, "geometry": { "type": "MultiPolygon", "coordinates": [ [ [ [ 50.002002, 36.249074 ], [ 50.001998277477014, 36.249034328689433 ], [ 50.001748884325664, 36.249045225158312 ], [ 50.001748884325657, 36.249045225158319 ], [ 50.000649361424216, 36.249130416596422 ], [ 50.000478120700876, 36.24917072437723 ], [ 49.999126204058904, 36.249944784189495 ], [ 49.998974307368663, 36.24967950607126 ], [ 49.998974307368663, 36.24967950607126 ], [ 49.998974307368663, 36.24967950607126 ], [ 49.998974307368663, 36.24967950607126 ], [ 49.998974307368663, 36.24967950607126 ], [ 49.998974307368663, 36.24967950607126 ], [ 49.998974307368663, 36.24967950607126 ], [ 49.997591, 36.250171 ], [ 49.997518, 36.2504 ], [ 49.997406021637637, 36.250856913449446 ], [ 49.997406021637637, 36.250856913449446 ], [ 49.997421876264077, 36.251702259486208 ], [ 49.997425730730377, 36.251790853054239 ], [ 49.997581381206444, 36.252771840938564 ], [ 49.997852564115576, 36.253674399545623 ], [ 49.995206764903742, 36.254182181236011 ], [ 49.994166174512323, 36.254445608052549 ], [ 49.994467, 36.254708 ], [ 49.994912, 36.25512 ], [ 49.995174, 36.255418 ], [ 49.995288, 36.255752 ], [ 49.995649, 36.256851 ], [ 49.99649, 36.256498 ], [ 49.997099, 36.256243 ], [ 49.998153, 36.255794 ], [ 49.999215, 36.255353 ], [ 50.000636, 36.254801 ], [ 50.000982, 36.254681 ], [ 50.000808, 36.253892 ], [ 50.000751, 36.253482 ], [ 50.000747, 36.253449 ], [ 50.000767, 36.253232 ], [ 50.000792, 36.252957 ], [ 50.00084, 36.252808 ], [ 50.000878, 36.25269 ], [ 50.000958, 36.252438 ], [ 50.001169, 36.251849 ], [ 50.00125, 36.251637 ], [ 50.001341, 36.251399 ], [ 50.00138, 36.251296 ], [ 50.001407, 36.251227 ], [ 50.001493, 36.251001 ], [ 50.001521, 36.250928 ], [ 50.001635, 36.250628 ], [ 50.001645, 36.250601 ], [ 50.001717, 36.250391 ], [ 50.001816, 36.250106 ], [ 50.001906, 36.249847 ], [ 50.001939, 36.249619 ], [ 50.001958, 36.249494 ], [ 50.002005, 36.249176 ], [ 50.002009, 36.249147 ], [ 50.002002, 36.249074 ] ] ] ] } },
{ "type": "Feature", "properties": { "fid": 8, "dauid": "36", "zones_areas_Mantagheh": "بلاغی (دو)", "j_col001_sum": 11433.0 }, "geometry": { "type": "MultiPolygon", "coordinates": [ [ [ [ 50.009608, 36.252716 ], [ 50.008497, 36.252472 ], [ 50.007978, 36.252476 ], [ 50.007482, 36.252606 ], [ 50.007225, 36.252674 ], [ 50.006609, 36.252837 ], [ 50.006339, 36.252925 ], [ 50.005902, 36.253068 ], [ 50.005832, 36.25309 ], [ 50.005147, 36.253312 ], [ 50.00499, 36.253362 ], [ 50.004829, 36.254466 ], [ 50.004755, 36.254956 ], [ 50.004707, 36.255272 ], [ 50.0047, 36.255316 ], [ 50.004661, 36.25558 ], [ 50.004608, 36.255927 ], [ 50.004581, 36.256111 ], [ 50.00454, 36.256379 ], [ 50.004536, 36.256406 ], [ 50.004414, 36.257217 ], [ 50.004399, 36.257319 ], [ 50.004355, 36.257606 ], [ 50.004326, 36.257799 ], [ 50.0043, 36.257972 ], [ 50.004254, 36.258277 ], [ 50.004234, 36.258414 ], [ 50.004234, 36.258415 ], [ 50.00408, 36.25942 ], [ 50.004379, 36.259396 ], [ 50.004599, 36.259378 ], [ 50.004821, 36.25936 ], [ 50.005091, 36.259338 ], [ 50.005526, 36.259303 ], [ 50.00581, 36.25928 ], [ 50.006085, 36.259258 ], [ 50.006108, 36.259256 ], [ 50.006261, 36.259243 ], [ 50.006648, 36.259211 ], [ 50.007178, 36.259166 ], [ 50.007564, 36.259134 ], [ 50.007965, 36.2591 ], [ 50.008384, 36.259065 ], [ 50.008452, 36.259059 ], [ 50.008675, 36.259041 ], [ 50.009604, 36.258963 ], [ 50.009683, 36.258956 ], [ 50.009746, 36.258951 ], [ 50.010491, 36.258889 ], [ 50.010692, 36.258872 ], [ 50.010904, 36.258854 ], [ 50.01105, 36.258842 ], [ 50.011434, 36.25881 ], [ 50.01217, 36.258748 ], [ 50.012638, 36.258709 ], [ 50.012984, 36.25868 ], [ 50.014518, 36.258551 ], [ 50.014203, 36.257294 ], [ 50.014203, 36.257294 ], [ 50.014203, 36.257294 ], [ 50.014038, 36.256759 ], [ 50.013768, 36.255936 ], [ 50.013507, 36.255141 ], [ 50.01303685284487, 36.254239228472741 ], [ 50.01303685284487, 36.254239228472741 ], [ 50.01303685284487, 36.254239228472741 ], [ 50.012724728825688, 36.253925088833526 ], [ 50.012546472815131, 36.253774066763555 ], [ 50.012290688753311, 36.253619288617863 ], [ 50.012118453059152, 36.253550360751753 ], [ 50.011628318963552, 36.253371835991288 ], [ 50.010898, 36.253075 ], [ 50.010554, 36.25298 ], [ 50.009996, 36.252824 ], [ 50.009608, 36.252716 ] ] ] ] } },
{ "type": "Feature", "properties": { "fid": 9, "dauid": "37", "zones_areas_Mantagheh": "شیشه چی (یک)", "j_col001_sum": 2337.0 }, "geometry": { "type": "MultiPolygon", "coordinates": [ [ [ [ 50.00408, 36.25942 ], [ 50.004234, 36.258415 ], [ 50.004234, 36.258414 ], [ 50.004254, 36.258277 ], [ 50.0043, 36.257972 ], [ 50.004326, 36.257799 ], [ 50.004355, 36.257606 ], [ 50.004399, 36.257319 ], [ 50.004414, 36.257217 ], [ 50.004536, 36.256406 ], [ 50.00454, 36.256379 ], [ 50.004581, 36.256111 ], [ 50.004608, 36.255927 ], [ 50.004661, 36.25558 ], [ 50.0047, 36.255316 ], [ 50.004707, 36.255272 ], [ 50.004755, 36.254956 ], [ 50.004829, 36.254466 ], [ 50.00499, 36.253362 ], [ 50.004849, 36.253407 ], [ 50.004143, 36.253628 ], [ 50.003669, 36.253777 ], [ 50.003173, 36.253933 ], [ 50.002978, 36.253995 ], [ 50.002751, 36.254067 ], [ 50.000982, 36.254681 ], [ 50.001135, 36.255374 ], [ 50.00119, 36.255622 ], [ 50.001384, 36.256505 ], [ 50.001598, 36.257612 ], [ 50.001618, 36.257744 ], [ 50.001691, 36.258235 ], [ 50.001749, 36.258624 ], [ 50.001752, 36.25864 ], [ 50.001755, 36.258655 ], [ 50.001759, 36.258671 ], [ 50.001763, 36.258686 ], [ 50.001767, 36.258701 ], [ 50.001772, 36.258717 ], [ 50.001777, 36.258732 ], [ 50.001782, 36.258747 ], [ 50.001788, 36.258762 ], [ 50.001794, 36.258777 ], [ 50.0018, 36.258792 ], [ 50.001807, 36.258807 ], [ 50.001814, 36.258821 ], [ 50.001821, 36.258836 ], [ 50.001828, 36.25885 ], [ 50.001836, 36.258865 ], [ 50.001851, 36.25889 ], [ 50.001936, 36.259031 ], [ 50.002068, 36.25925 ], [ 50.002261, 36.259571 ], [ 50.002719, 36.259531 ], [ 50.002739, 36.259529 ], [ 50.003572, 36.259461 ], [ 50.00408, 36.25942 ] ] ] ] } },
{ "type": "Feature", "properties": { "fid": 10, "dauid": "38", "zones_areas_Mantagheh": "شیشه چی (یک)", "j_col001_sum": 2014.0 }, "geometry": { "type": "MultiPolygon", "coordinates": [ [ [ [ 50.002261, 36.259571 ], [ 50.002068, 36.25925 ], [ 50.001936, 36.259031 ], [ 50.001851, 36.25889 ], [ 50.001836, 36.258865 ], [ 50.001828, 36.25885 ], [ 50.001821, 36.258836 ], [ 50.001814, 36.258821 ], [ 50.001807, 36.258807 ], [ 50.0018, 36.258792 ], [ 50.001794, 36.258777 ], [ 50.001788, 36.258762 ], [ 50.001782, 36.258747 ], [ 50.001777, 36.258732 ], [ 50.001772, 36.258717 ], [ 50.001767, 36.258701 ], [ 50.001763, 36.258686 ], [ 50.001759, 36.258671 ], [ 50.001755, 36.258655 ], [ 50.001752, 36.25864 ], [ 50.001749, 36.258624 ], [ 50.001691, 36.258235 ], [ 50.001618, 36.257744 ], [ 50.001598, 36.257612 ], [ 50.001384, 36.256505 ], [ 50.00119, 36.255622 ], [ 50.001135, 36.255374 ], [ 50.000982, 36.254681 ], [ 50.000636, 36.254801 ], [ 49.999215, 36.255353 ], [ 49.998153, 36.255794 ], [ 49.997099, 36.256243 ], [ 49.99649, 36.256498 ], [ 49.995649, 36.256851 ], [ 49.995873, 36.257617 ], [ 49.995965, 36.257931 ], [ 49.9962, 36.258718 ], [ 49.996206, 36.258748 ], [ 49.996228, 36.258874 ], [ 49.996239, 36.25893 ], [ 49.996256, 36.259029 ], [ 49.996279, 36.259155 ], [ 49.996284, 36.259244 ], [ 49.996291, 36.259375 ], [ 49.996296, 36.259477 ], [ 49.996298, 36.259633 ], [ 49.996299, 36.259743 ], [ 49.996302, 36.259955 ], [ 49.996303, 36.260079 ], [ 49.99706, 36.260015 ], [ 49.997154, 36.260008 ], [ 49.997328, 36.259993 ], [ 49.997473, 36.259981 ], [ 49.998324, 36.259909 ], [ 49.999059, 36.259848 ], [ 49.99916, 36.259839 ], [ 49.999969, 36.259769 ], [ 49.999988, 36.259768 ], [ 50.000598, 36.259715 ], [ 50.000634, 36.259712 ], [ 50.000998, 36.25968 ], [ 50.001299, 36.259654 ], [ 50.001709, 36.259619 ], [ 50.001848, 36.259607 ], [ 50.002261, 36.259571 ] ] ] ] } },
{ "type": "Feature", "properties": { "fid": 11, "dauid": "39", "zones_areas_Mantagheh": "شیشه چی (یک)", "j_col001_sum": 3469.0 }, "geometry": { "type": "MultiPolygon", "coordinates": [ [ [ [ 49.996303, 36.260079 ], [ 49.996302, 36.259955 ], [ 49.996299, 36.259743 ], [ 49.996298, 36.259633 ], [ 49.996296, 36.259477 ], [ 49.996291, 36.259375 ], [ 49.996284, 36.259244 ], [ 49.996279, 36.259155 ], [ 49.996256, 36.259029 ], [ 49.996239, 36.25893 ], [ 49.996228, 36.258874 ], [ 49.996206, 36.258748 ], [ 49.9962, 36.258718 ], [ 49.995965, 36.257931 ], [ 49.995873, 36.257617 ], [ 49.995649, 36.256851 ], [ 49.99491, 36.257162 ], [ 49.994566, 36.257307 ], [ 49.994025, 36.257535 ], [ 49.993751, 36.257651 ], [ 49.99325, 36.257833 ], [ 49.992978, 36.257874 ], [ 49.99261, 36.257929 ], [ 49.992151, 36.257998 ], [ 49.991162, 36.258017 ], [ 49.990865, 36.258023 ], [ 49.990171, 36.258036 ], [ 49.989505, 36.258038 ], [ 49.989032, 36.25804 ], [ 49.987899, 36.258037 ], [ 49.986838, 36.258034 ], [ 49.986083, 36.258032 ], [ 49.98649, 36.258635 ], [ 49.986763, 36.259073 ], [ 49.986811, 36.259149 ], [ 49.987106, 36.259852 ], [ 49.987439, 36.260805 ], [ 49.98844, 36.260739 ], [ 49.98882, 36.260714 ], [ 49.989595, 36.260648 ], [ 49.989651, 36.260643 ], [ 49.990051, 36.26061 ], [ 49.990663, 36.260558 ], [ 49.990716, 36.260554 ], [ 49.991345, 36.2605 ], [ 49.991759, 36.260466 ], [ 49.991942, 36.26045 ], [ 49.992174, 36.260431 ], [ 49.992375, 36.260414 ], [ 49.992686, 36.260388 ], [ 49.99273, 36.260384 ], [ 49.993163, 36.260347 ], [ 49.993477, 36.260321 ], [ 49.993531, 36.260316 ], [ 49.993868, 36.260288 ], [ 49.99457, 36.260229 ], [ 49.995055, 36.260189 ], [ 49.995463, 36.260155 ], [ 49.996303, 36.260079 ] ] ] ] } },
{ "type": "Feature", "properties": { "fid": 12, "dauid": "40", "zones_areas_Mantagheh": "شیشه چی (یک)", "j_col001_sum": 333.0 }, "geometry": { "type": "MultiPolygon", "coordinates": [ [ [ [ 49.983130027653175, 36.257517929508325 ], [ 49.983406589041735, 36.258097538447721 ], [ 49.983771005346959, 36.258499538587053 ], [ 49.983724388838084, 36.259124285539301 ], [ 49.983865840510944, 36.259893381171196 ], [ 49.983949866925983, 36.25994635180907 ], [ 49.983982040522513, 36.261114498123717 ], [ 49.987439, 36.260805 ], [ 49.987106, 36.259852 ], [ 49.986811, 36.259149 ], [ 49.986763, 36.259073 ], [ 49.98649, 36.258635 ], [ 49.986083, 36.258032 ], [ 49.985552, 36.257705 ], [ 49.984767, 36.257374 ], [ 49.983775, 36.257027 ], [ 49.982974, 36.256845 ], [ 49.981799, 36.256581 ], [ 49.980892, 36.256377 ], [ 49.979831, 36.256138 ], [ 49.979319, 36.256018 ], [ 49.979182941276157, 36.256498987642765 ], [ 49.983130027653175, 36.257517929508325 ] ] ] ] } },
{ "type": "Feature", "properties": { "fid": 13, "dauid": "41", "zones_areas_Mantagheh": "بلاغی (دو)", "j_col001_sum": 12676.0 }, "geometry": { "type": "MultiPolygon", "coordinates": [ [ [ [ 50.014518, 36.258551 ], [ 50.012984, 36.25868 ], [ 50.012638, 36.258709 ], [ 50.01217, 36.258748 ], [ 50.011434, 36.25881 ], [ 50.01105, 36.258842 ], [ 50.010904, 36.258854 ], [ 50.010692, 36.258872 ], [ 50.010491, 36.258889 ], [ 50.009746, 36.258951 ], [ 50.009683, 36.258956 ], [ 50.009604, 36.258963 ], [ 50.008675, 36.259041 ], [ 50.008452, 36.259059 ], [ 50.008384, 36.259065 ], [ 50.007965, 36.2591 ], [ 50.007564, 36.259134 ], [ 50.007178, 36.259166 ], [ 50.006648, 36.259211 ], [ 50.006261, 36.259243 ], [ 50.006108, 36.259256 ], [ 50.006085, 36.259258 ], [ 50.00581, 36.25928 ], [ 50.005526, 36.259303 ], [ 50.005091, 36.259338 ], [ 50.004821, 36.25936 ], [ 50.004599, 36.259378 ], [ 50.004379, 36.259396 ], [ 50.00408, 36.25942 ], [ 50.003972, 36.260112 ], [ 50.00393, 36.260385 ], [ 50.003884, 36.260678 ], [ 50.003874, 36.260743 ], [ 50.003823, 36.261068 ], [ 50.003789, 36.261283 ], [ 50.003691, 36.261911 ], [ 50.003679, 36.261991 ], [ 50.00367, 36.26205 ], [ 50.003633, 36.262291 ], [ 50.0036, 36.262501 ], [ 50.00352, 36.263024 ], [ 50.003514, 36.263061 ], [ 50.004081, 36.263174 ], [ 50.004164, 36.263194 ], [ 50.004263, 36.263217 ], [ 50.004654, 36.26331 ], [ 50.004743, 36.263331 ], [ 50.004957, 36.263382 ], [ 50.005113, 36.263413 ], [ 50.005689, 36.263531 ], [ 50.005752, 36.263544 ], [ 50.005757, 36.263544 ], [ 50.006036, 36.263546 ], [ 50.006518, 36.26355 ], [ 50.006522, 36.26355 ], [ 50.007053, 36.263555 ], [ 50.00715, 36.263556 ], [ 50.007554, 36.263607 ], [ 50.007894, 36.263651 ], [ 50.00802, 36.263683 ], [ 50.008324, 36.263761 ], [ 50.00841, 36.263783 ], [ 50.008645, 36.263843 ], [ 50.00888, 36.263904 ], [ 50.009346, 36.263902 ], [ 50.009811, 36.263899 ], [ 50.010105, 36.263898 ], [ 50.010226, 36.263898 ], [ 50.010391, 36.263897 ], [ 50.010612, 36.263896 ], [ 50.010677, 36.263921 ], [ 50.010704, 36.263931 ], [ 50.010972, 36.264034 ], [ 50.011183, 36.264116 ], [ 50.011476, 36.264229 ], [ 50.011733, 36.264328 ], [ 50.011766, 36.26434 ], [ 50.011869, 36.264377 ], [ 50.011995, 36.264423 ], [ 50.012265, 36.264522 ], [ 50.012335, 36.264547 ], [ 50.012546, 36.264624 ], [ 50.012855, 36.264715 ], [ 50.013157, 36.264817 ], [ 50.013368, 36.264888 ], [ 50.013493, 36.264538 ], [ 50.013541, 36.264384 ], [ 50.01365, 36.264039 ], [ 50.013709, 36.263854 ], [ 50.013713, 36.263834 ], [ 50.013745, 36.263695 ], [ 50.013753, 36.263656 ], [ 50.013857, 36.263197 ], [ 50.013894, 36.263033 ], [ 50.013909, 36.262965 ], [ 50.013947, 36.262893 ], [ 50.01409, 36.262615 ], [ 50.014098, 36.262578 ], [ 50.014132, 36.262406 ], [ 50.014207, 36.262021 ], [ 50.014214, 36.261987 ], [ 50.014239, 36.261859 ], [ 50.014243, 36.261788 ], [ 50.014253, 36.261565 ], [ 50.014274, 36.261109 ], [ 50.014289, 36.260796 ], [ 50.014293, 36.260561 ], [ 50.014297, 36.260233 ], [ 50.014299, 36.260112 ], [ 50.014301, 36.260094 ], [ 50.014349, 36.259753 ], [ 50.014419, 36.25926 ], [ 50.014518, 36.258551 ] ] ] ] } },
{ "type": "Feature", "properties": { "fid": 14, "dauid": "42", "zones_areas_Mantagheh": "شیشه چی (یک)", "j_col001_sum": 7242.0 }, "geometry": { "type": "MultiPolygon", "coordinates": [ [ [ [ 50.003514, 36.263061 ], [ 50.00352, 36.263024 ], [ 50.0036, 36.262501 ], [ 50.003633, 36.262291 ], [ 50.00367, 36.26205 ], [ 50.003679, 36.261991 ], [ 50.003691, 36.261911 ], [ 50.003789, 36.261283 ], [ 50.003823, 36.261068 ], [ 50.003874, 36.260743 ], [ 50.003884, 36.260678 ], [ 50.00393, 36.260385 ], [ 50.003972, 36.260112 ], [ 50.00408, 36.25942 ], [ 50.003572, 36.259461 ], [ 50.002739, 36.259529 ], [ 50.002719, 36.259531 ], [ 50.002261, 36.259571 ], [ 50.001848, 36.259607 ], [ 50.001709, 36.259619 ], [ 50.001299, 36.259654 ], [ 50.000998, 36.25968 ], [ 50.000634, 36.259712 ], [ 50.000598, 36.259715 ], [ 49.999988, 36.259768 ], [ 49.999969, 36.259769 ], [ 49.99916, 36.259839 ], [ 49.999059, 36.259848 ], [ 49.998324, 36.259909 ], [ 49.997473, 36.259981 ], [ 49.997328, 36.259993 ], [ 49.997154, 36.260008 ], [ 49.99706, 36.260015 ], [ 49.996303, 36.260079 ], [ 49.996295, 36.260587 ], [ 49.996293, 36.260695 ], [ 49.996305, 36.261262 ], [ 49.996308, 36.261438 ], [ 49.996315, 36.261635 ], [ 49.996317, 36.261723 ], [ 49.996322, 36.261858 ], [ 49.996329, 36.262071 ], [ 49.996331, 36.262133 ], [ 49.996339, 36.262377 ], [ 49.99634, 36.26242 ], [ 49.99635, 36.262996 ], [ 49.996355, 36.263275 ], [ 49.996366, 36.263637 ], [ 49.996375, 36.263966 ], [ 49.996383, 36.264238 ], [ 49.996383, 36.264252 ], [ 49.996392, 36.264626 ], [ 49.996393, 36.264671 ], [ 49.996394, 36.264679 ], [ 49.996402, 36.264748 ], [ 49.996447, 36.265129 ], [ 49.997246, 36.26506 ], [ 49.997538, 36.265043 ], [ 49.998022, 36.265014 ], [ 49.998703, 36.26498 ], [ 49.998972, 36.264967 ], [ 49.999088, 36.264961 ], [ 49.99992, 36.264904 ], [ 50.000335, 36.264886 ], [ 50.000424, 36.264882 ], [ 50.000696, 36.264913 ], [ 50.000845, 36.264947 ], [ 50.000937, 36.264968 ], [ 50.001345, 36.265061 ], [ 50.001382, 36.26507 ], [ 50.001567, 36.265112 ], [ 50.001591, 36.265117 ], [ 50.002051, 36.265222 ], [ 50.002112, 36.265236 ], [ 50.002642, 36.265255 ], [ 50.002707, 36.265257 ], [ 50.003164, 36.265268 ], [ 50.003287, 36.264516 ], [ 50.003296, 36.264461 ], [ 50.003332, 36.264241 ], [ 50.003353, 36.264109 ], [ 50.00337, 36.264 ], [ 50.00338, 36.263934 ], [ 50.003442, 36.263534 ], [ 50.003514, 36.263061 ] ] ] ] } },
{ "type": "Feature", "properties": { "fid": 15, "dauid": "44", "zones_areas_Mantagheh": "شیشه چی (یک)", "j_col001_sum": 6789.0 }, "geometry": { "type": "MultiPolygon", "coordinates": [ [ [ [ 49.996447, 36.265129 ], [ 49.996402, 36.264748 ], [ 49.996394, 36.264679 ], [ 49.996393, 36.264671 ], [ 49.996392, 36.264626 ], [ 49.996383, 36.264252 ], [ 49.996383, 36.264238 ], [ 49.996375, 36.263966 ], [ 49.996366, 36.263637 ], [ 49.996355, 36.263275 ], [ 49.99635, 36.262996 ], [ 49.99634, 36.26242 ], [ 49.996339, 36.262377 ], [ 49.996331, 36.262133 ], [ 49.996329, 36.262071 ], [ 49.996322, 36.261858 ], [ 49.996317, 36.261723 ], [ 49.996315, 36.261635 ], [ 49.996308, 36.261438 ], [ 49.996305, 36.261262 ], [ 49.996293, 36.260695 ], [ 49.996295, 36.260587 ], [ 49.996303, 36.260079 ], [ 49.995463, 36.260155 ], [ 49.995055, 36.260189 ], [ 49.99457, 36.260229 ], [ 49.993868, 36.260288 ], [ 49.993531, 36.260316 ], [ 49.993477, 36.260321 ], [ 49.993163, 36.260347 ], [ 49.99273, 36.260384 ], [ 49.992686, 36.260388 ], [ 49.992375, 36.260414 ], [ 49.992174, 36.260431 ], [ 49.991942, 36.26045 ], [ 49.991759, 36.260466 ], [ 49.991345, 36.2605 ], [ 49.990716, 36.260554 ], [ 49.990663, 36.260558 ], [ 49.990051, 36.26061 ], [ 49.989651, 36.260643 ], [ 49.989595, 36.260648 ], [ 49.98882, 36.260714 ], [ 49.98844, 36.260739 ], [ 49.987439, 36.260805 ], [ 49.987504, 36.261035 ], [ 49.987756, 36.261924 ], [ 49.987878, 36.262359 ], [ 49.987987, 36.262749 ], [ 49.987993, 36.262797 ], [ 49.988067, 36.263437 ], [ 49.988137, 36.263778 ], [ 49.988151, 36.263849 ], [ 49.988215, 36.26416 ], [ 49.988273, 36.264444 ], [ 49.98842, 36.265151 ], [ 49.988597, 36.265839 ], [ 49.988966, 36.265805 ], [ 49.989119, 36.265791 ], [ 49.989544, 36.265753 ], [ 49.989545, 36.265753 ], [ 49.991342, 36.265589 ], [ 49.991533, 36.265572 ], [ 49.991723, 36.265555 ], [ 49.992608, 36.265474 ], [ 49.992746, 36.265462 ], [ 49.993066, 36.265433 ], [ 49.993094, 36.26543 ], [ 49.993209, 36.26542 ], [ 49.993408, 36.265402 ], [ 49.99497, 36.26526 ], [ 49.995894, 36.265176 ], [ 49.996145, 36.265153 ], [ 49.996447, 36.265129 ] ] ] ] } },
{ "type": "Feature", "properties": { "fid": 16, "dauid": "45", "zones_areas_Mantagheh": "بلاغی (دو)", "j_col001_sum": 2431.0 }, "geometry": { "type": "MultiPolygon", "coordinates": [ [ [ [ 50.014518, 36.258551 ], [ 50.014419, 36.25926 ], [ 50.014349, 36.259753 ], [ 50.014301, 36.260094 ], [ 50.014299, 36.260112 ], [ 50.014297, 36.260233 ], [ 50.014293, 36.260561 ], [ 50.014289, 36.260796 ], [ 50.014274, 36.261109 ], [ 50.014253, 36.261565 ], [ 50.014243, 36.261788 ], [ 50.014239, 36.261859 ], [ 50.014214, 36.261987 ], [ 50.014207, 36.262021 ], [ 50.014132, 36.262406 ], [ 50.014098, 36.262578 ], [ 50.01409, 36.262615 ], [ 50.013947, 36.262893 ], [ 50.013909, 36.262965 ], [ 50.013894, 36.263033 ], [ 50.013857, 36.263197 ], [ 50.013753, 36.263656 ], [ 50.013745, 36.263695 ], [ 50.013713, 36.263834 ], [ 50.013709, 36.263854 ], [ 50.01365, 36.264039 ], [ 50.013541, 36.264384 ], [ 50.013493, 36.264538 ], [ 50.013368, 36.264888 ], [ 50.013301, 36.26507 ], [ 50.013201, 36.26532 ], [ 50.013009, 36.265799 ], [ 50.012915, 36.266033 ], [ 50.012837, 36.266239 ], [ 50.012666, 36.266672 ], [ 50.012643, 36.266729 ], [ 50.012626, 36.267033 ], [ 50.012624, 36.267091 ], [ 50.012516, 36.267751 ], [ 50.01277, 36.267707 ], [ 50.012823, 36.267698 ], [ 50.013942, 36.267504 ], [ 50.014337, 36.267436 ], [ 50.015105, 36.267303 ], [ 50.015406, 36.267251 ], [ 50.016522, 36.267058 ], [ 50.016836, 36.267004 ], [ 50.017165, 36.266947 ], [ 50.017809, 36.26683 ], [ 50.017162, 36.265069 ], [ 50.016988, 36.264555 ], [ 50.016953, 36.264453 ], [ 50.016762, 36.263994 ], [ 50.016698, 36.26384 ], [ 50.016565, 36.263631 ], [ 50.016425, 36.263413 ], [ 50.016342, 36.263284 ], [ 50.016321, 36.263251 ], [ 50.016305, 36.263231 ], [ 50.01579, 36.262594 ], [ 50.015453, 36.262189 ], [ 50.015439, 36.262173 ], [ 50.015426, 36.262157 ], [ 50.01525, 36.261943 ], [ 50.015173, 36.26185 ], [ 50.015095, 36.261756 ], [ 50.01501, 36.261621 ], [ 50.014968, 36.261554 ], [ 50.014843, 36.261216 ], [ 50.014809, 36.260899 ], [ 50.014802, 36.260835 ], [ 50.014762, 36.260442 ], [ 50.014756, 36.260385 ], [ 50.014518, 36.258551 ] ] ] ] } },
{ "type": "Feature", "properties": { "fid": 17, "dauid": "46", "zones_areas_Mantagheh": "بلاغی (دو)", "j_col001_sum": 4810.0 }, "geometry": { "type": "MultiPolygon", "coordinates": [ [ [ [ 50.023439710816689, 36.264989568582671 ], [ 50.023222547546197, 36.264442498104607 ], [ 50.023222547546197, 36.264442498104607 ], [ 50.022526680104804, 36.263179019082934 ], [ 50.022140275249861, 36.261927455241945 ], [ 50.021891853141447, 36.261731405169755 ], [ 50.021749037465192, 36.261666366584159 ], [ 50.021630850279244, 36.261631647115678 ], [ 50.021410556015439, 36.261609593215482 ], [ 50.017649340425656, 36.262223695903195 ], [ 50.01753154662903, 36.262235864555265 ], [ 50.01753154662903, 36.262235864555265 ], [ 50.017503775822085, 36.261726713606969 ], [ 50.017275448372857, 36.260891533546079 ], [ 50.017544188298963, 36.260844325904905 ], [ 50.017544188298963, 36.260844325904905 ], [ 50.017621432066775, 36.260804229944604 ], [ 50.017662711279335, 36.260679714273564 ], [ 50.017654095831091, 36.260268650302464 ], [ 50.017608209103699, 36.259572114543282 ], [ 50.021814033249306, 36.259439639755762 ], [ 50.022557804845079, 36.260819506966371 ], [ 50.023164459936375, 36.2606014174509 ], [ 50.023548887449984, 36.26048256031369 ], [ 50.023922909923343, 36.261341374985356 ], [ 50.023922909923343, 36.261341374985356 ], [ 50.023922909923343, 36.261341374985356 ], [ 50.023922909923343, 36.261341374985356 ], [ 50.023922909923343, 36.261341374985356 ], [ 50.024492433274148, 36.261269601922457 ], [ 50.024897100717851, 36.261119485176344 ], [ 50.025232722797497, 36.26088776237102 ], [ 50.025232722797497, 36.26088776237102 ], [ 50.025448209870888, 36.260584174800805 ], [ 50.025448209870888, 36.260584174800805 ], [ 50.025448209870888, 36.260584174800805 ], [ 50.025448209870888, 36.260584174800805 ], [ 50.025551599004046, 36.260331180905723 ], [ 50.025421976278544, 36.259946600389455 ], [ 50.025537041895234, 36.259771793072808 ], [ 50.025623248459986, 36.259645273504091 ], [ 50.025668134011568, 36.259582262271778 ], [ 50.025898976472305, 36.25928195120121 ], [ 50.025898976472305, 36.25928195120121 ], [ 50.025898976472305, 36.25928195120121 ], [ 50.025869595984332, 36.259169548921363 ], [ 50.025797716989665, 36.258906793601334 ], [ 50.025797716989665, 36.258906793601334 ], [ 50.025797716989665, 36.258906793601334 ], [ 50.025797716989665, 36.258906793601334 ], [ 50.025797716989665, 36.258906793601334 ], [ 50.025818383284012, 36.258285263997934 ], [ 50.025818383284012, 36.258285263997934 ], [ 50.026341807821524, 36.258240454792364 ], [ 50.026341807821524, 36.258240454792364 ], [ 50.026341807821524, 36.258240454792364 ], [ 50.026341807821524, 36.258240454792364 ], [ 50.026431284579161, 36.25759183195666 ], [ 50.026431284579161, 36.25759183195666 ], [ 50.026251559571215, 36.257254640393036 ], [ 50.026153007669009, 36.257131848824955 ], [ 50.026100112386253, 36.257065943627289 ], [ 50.025939, 36.257141 ], [ 50.025316, 36.257416 ], [ 50.024873, 36.257592 ], [ 50.024352, 36.257771 ], [ 50.023876, 36.257935 ], [ 50.023421, 36.258091 ], [ 50.022998, 36.258224 ], [ 50.022682, 36.258296 ], [ 50.022366, 36.258346 ], [ 50.021835, 36.258381 ], [ 50.021283, 36.258397 ], [ 50.020625, 36.258415 ], [ 50.020028, 36.258432 ], [ 50.019386, 36.25845 ], [ 50.018755, 36.258469 ], [ 50.018128, 36.258495 ], [ 50.017504, 36.25852 ], [ 50.016874, 36.258546 ], [ 50.014518, 36.258551 ], [ 50.014518, 36.258551 ], [ 50.014518, 36.258551 ], [ 50.014518, 36.258551 ], [ 50.014518, 36.258551 ], [ 50.014756, 36.260385 ], [ 50.014762, 36.260442 ], [ 50.014802, 36.260835 ], [ 50.014809, 36.260899 ], [ 50.014843, 36.261216 ], [ 50.014968, 36.261554 ], [ 50.01501, 36.261621 ], [ 50.015095, 36.261756 ], [ 50.015173, 36.26185 ], [ 50.01525, 36.261943 ], [ 50.015426, 36.262157 ], [ 50.015439, 36.262173 ], [ 50.015453, 36.262189 ], [ 50.01579, 36.262594 ], [ 50.016305, 36.263231 ], [ 50.016321, 36.263251 ], [ 50.016342, 36.263284 ], [ 50.016425, 36.263413 ], [ 50.016565, 36.263631 ], [ 50.016698, 36.26384 ], [ 50.016762, 36.263994 ], [ 50.016953, 36.264453 ], [ 50.016988, 36.264555 ], [ 50.017162, 36.265069 ], [ 50.017809, 36.26683 ], [ 50.019015, 36.266649 ], [ 50.019311, 36.2666 ], [ 50.019615, 36.26655 ], [ 50.019905, 36.266502 ], [ 50.020188, 36.266455 ], [ 50.020688, 36.266373 ], [ 50.020736, 36.266365 ], [ 50.021287, 36.266277 ], [ 50.02164, 36.266221 ], [ 50.022139, 36.266141 ], [ 50.022583, 36.266067 ], [ 50.023252, 36.265955 ], [ 50.02345, 36.26592 ], [ 50.023831, 36.265853 ], [ 50.023891884172407, 36.264940538521408 ], [ 50.023439710816689, 36.264989568582671 ] ] ] ] } },
{ "type": "Feature", "properties": { "fid": 18, "dauid": "47", "zones_areas_Mantagheh": "بلاغی (دو)", "j_col001_sum": 6934.0 }, "geometry": { "type": "MultiPolygon", "coordinates": [ [ [ [ 50.003514, 36.263061 ], [ 50.003442, 36.263534 ], [ 50.00338, 36.263934 ], [ 50.00337, 36.264 ], [ 50.003353, 36.264109 ], [ 50.003332, 36.264241 ], [ 50.003296, 36.264461 ], [ 50.003287, 36.264516 ], [ 50.003164, 36.265268 ], [ 50.003291, 36.265549 ], [ 50.004035, 36.265795 ], [ 50.004037, 36.265796 ], [ 50.004138, 36.265866 ], [ 50.005181, 36.266583 ], [ 50.00518, 36.266813 ], [ 50.005132, 36.267767 ], [ 50.005104, 36.268325 ], [ 50.005093, 36.268558 ], [ 50.005073, 36.269106 ], [ 50.006085, 36.268935 ], [ 50.006584, 36.26885 ], [ 50.007055, 36.268771 ], [ 50.007151, 36.268754 ], [ 50.007965, 36.268609 ], [ 50.008232, 36.268558 ], [ 50.008911, 36.268429 ], [ 50.009055, 36.268402 ], [ 50.009263, 36.268363 ], [ 50.009624, 36.268294 ], [ 50.010401, 36.268147 ], [ 50.01058, 36.268113 ], [ 50.011033, 36.268027 ], [ 50.01136, 36.267965 ], [ 50.01158, 36.267923 ], [ 50.01193, 36.267856 ], [ 50.012198, 36.267806 ], [ 50.012516, 36.267751 ], [ 50.012624, 36.267091 ], [ 50.012626, 36.267033 ], [ 50.012643, 36.266729 ], [ 50.012666, 36.266672 ], [ 50.012837, 36.266239 ], [ 50.012915, 36.266033 ], [ 50.013009, 36.265799 ], [ 50.013201, 36.26532 ], [ 50.013301, 36.26507 ], [ 50.013368, 36.264888 ], [ 50.013157, 36.264817 ], [ 50.012855, 36.264715 ], [ 50.012546, 36.264624 ], [ 50.012335, 36.264547 ], [ 50.012265, 36.264522 ], [ 50.011995, 36.264423 ], [ 50.011869, 36.264377 ], [ 50.011766, 36.26434 ], [ 50.011733, 36.264328 ], [ 50.011476, 36.264229 ], [ 50.011183, 36.264116 ], [ 50.010972, 36.264034 ], [ 50.010704, 36.263931 ], [ 50.010677, 36.263921 ], [ 50.010612, 36.263896 ], [ 50.010391, 36.263897 ], [ 50.010226, 36.263898 ], [ 50.010105, 36.263898 ], [ 50.009811, 36.263899 ], [ 50.009346, 36.263902 ], [ 50.00888, 36.263904 ], [ 50.008645, 36.263843 ], [ 50.00841, 36.263783 ], [ 50.008324, 36.263761 ], [ 50.00802, 36.263683 ], [ 50.007894, 36.263651 ], [ 50.007554, 36.263607 ], [ 50.00715, 36.263556 ], [ 50.007053, 36.263555 ], [ 50.006522, 36.26355 ], [ 50.006518, 36.26355 ], [ 50.006036, 36.263546 ], [ 50.005757, 36.263544 ], [ 50.005752, 36.263544 ], [ 50.005689, 36.263531 ], [ 50.005113, 36.263413 ], [ 50.004957, 36.263382 ], [ 50.004743, 36.263331 ], [ 50.004654, 36.26331 ], [ 50.004263, 36.263217 ], [ 50.004164, 36.263194 ], [ 50.004081, 36.263174 ], [ 50.003514, 36.263061 ] ] ] ] } },
{ "type": "Feature", "properties": { "fid": 19, "dauid": "48", "zones_areas_Mantagheh": "بلاغی (دو)", "j_col001_sum": 0.0 }, "geometry": { "type": "MultiPolygon", "coordinates": [ [ [ [ 50.005073, 36.269106 ], [ 50.005093, 36.268558 ], [ 50.005104, 36.268325 ], [ 50.005132, 36.267767 ], [ 50.00518, 36.266813 ], [ 50.005181, 36.266583 ], [ 50.004138, 36.265866 ], [ 50.004037, 36.265796 ], [ 50.004035, 36.265795 ], [ 50.003291, 36.265549 ], [ 50.003164, 36.265268 ], [ 50.002803, 36.265523 ], [ 50.002664, 36.266338 ], [ 50.002506, 36.267257 ], [ 50.002438, 36.267655 ], [ 50.002445, 36.267715 ], [ 50.002475, 36.267989 ], [ 50.002527, 36.268463 ], [ 50.002623, 36.268684 ], [ 50.002792, 36.26902 ], [ 50.003075, 36.269422 ], [ 50.005073, 36.269106 ] ] ] ] } },
{ "type": "Feature", "properties": { "fid": 20, "dauid": "49", "zones_areas_Mantagheh": "شیشه چی (یک)", "j_col001_sum": 1377.0 }, "geometry": { "type": "MultiPolygon", "coordinates": [ [ [ [ 50.003075, 36.269422 ], [ 50.002792, 36.26902 ], [ 50.002623, 36.268684 ], [ 50.002527, 36.268463 ], [ 50.002475, 36.267989 ], [ 50.002445, 36.267715 ], [ 50.002438, 36.267655 ], [ 50.002506, 36.267257 ], [ 50.002664, 36.266338 ], [ 50.002803, 36.265523 ], [ 50.003164, 36.265268 ], [ 50.002707, 36.265257 ], [ 50.002642, 36.265255 ], [ 50.002112, 36.265236 ], [ 50.002051, 36.265222 ], [ 50.001591, 36.265117 ], [ 50.001567, 36.265112 ], [ 50.001382, 36.26507 ], [ 50.001345, 36.265061 ], [ 50.000937, 36.264968 ], [ 50.000845, 36.264947 ], [ 50.000696, 36.264913 ], [ 50.000424, 36.264882 ], [ 50.000335, 36.264886 ], [ 49.99992, 36.264904 ], [ 49.999088, 36.264961 ], [ 49.998972, 36.264967 ], [ 49.998703, 36.26498 ], [ 49.998022, 36.265014 ], [ 49.997538, 36.265043 ], [ 49.997246, 36.26506 ], [ 49.996447, 36.265129 ], [ 49.996456, 36.265228 ], [ 49.99649, 36.265613 ], [ 49.996512, 36.265859 ], [ 49.996526, 36.266027 ], [ 49.996547, 36.266261 ], [ 49.996552, 36.266318 ], [ 49.996564, 36.266453 ], [ 49.996571, 36.266529 ], [ 49.99659, 36.266795 ], [ 49.996621, 36.26722 ], [ 49.996627, 36.267298 ], [ 49.996639, 36.267474 ], [ 49.996673, 36.267934 ], [ 49.996676, 36.267973 ], [ 49.996679, 36.268016 ], [ 49.996691, 36.268181 ], [ 49.996711, 36.268435 ], [ 49.996715, 36.268494 ], [ 49.996739, 36.268884 ], [ 49.996767, 36.26933 ], [ 49.996776, 36.269478 ], [ 49.996778, 36.269501 ], [ 49.996784, 36.269704 ], [ 49.996791, 36.269911 ], [ 49.996804, 36.270327 ], [ 49.997303, 36.270256 ], [ 49.997933, 36.270166 ], [ 49.998382, 36.270102 ], [ 49.998646, 36.270064 ], [ 49.998668, 36.270061 ], [ 49.999405, 36.269956 ], [ 49.99944, 36.269951 ], [ 50.000374, 36.269816 ], [ 50.001004, 36.269726 ], [ 50.00156, 36.269646 ], [ 50.002654, 36.269488 ], [ 50.003075, 36.269422 ] ] ] ] } },
{ "type": "Feature", "properties": { "fid": 21, "dauid": "50", "zones_areas_Mantagheh": "یخچال (پنج)", "j_col001_sum": 1290.0 }, "geometry": { "type": "MultiPolygon", "coordinates": [ [ [ [ 50.012516, 36.267751 ], [ 50.012198, 36.267806 ], [ 50.01193, 36.267856 ], [ 50.01158, 36.267923 ], [ 50.01136, 36.267965 ], [ 50.011033, 36.268027 ], [ 50.01058, 36.268113 ], [ 50.010401, 36.268147 ], [ 50.009624, 36.268294 ], [ 50.009263, 36.268363 ], [ 50.009055, 36.268402 ], [ 50.008911, 36.268429 ], [ 50.008232, 36.268558 ], [ 50.007965, 36.268609 ], [ 50.008015, 36.269075 ], [ 50.008039, 36.269303 ], [ 50.008053, 36.269436 ], [ 50.008095, 36.269834 ], [ 50.008116, 36.27003 ], [ 50.008138, 36.270234 ], [ 50.008146, 36.270306 ], [ 50.008158, 36.270423 ], [ 50.008206, 36.270873 ], [ 50.00931, 36.270777 ], [ 50.009579, 36.270754 ], [ 50.011049, 36.270626 ], [ 50.011362, 36.270599 ], [ 50.012326, 36.270515 ], [ 50.01235, 36.270197 ], [ 50.01236, 36.270075 ], [ 50.01241, 36.269427 ], [ 50.012528, 36.267907 ], [ 50.012516, 36.267751 ] ] ] ] } },
{ "type": "Feature", "properties": { "fid": 22, "dauid": "51", "zones_areas_Mantagheh": "یخچال (پنج)", "j_col001_sum": 499.0 }, "geometry": { "type": "MultiPolygon", "coordinates": [ [ [ [ 50.008206, 36.270873 ], [ 50.008158, 36.270423 ], [ 50.008146, 36.270306 ], [ 50.008138, 36.270234 ], [ 50.008116, 36.27003 ], [ 50.008095, 36.269834 ], [ 50.008053, 36.269436 ], [ 50.008039, 36.269303 ], [ 50.008015, 36.269075 ], [ 50.007965, 36.268609 ], [ 50.007151, 36.268754 ], [ 50.007055, 36.268771 ], [ 50.006584, 36.26885 ], [ 50.006085, 36.268935 ], [ 50.005073, 36.269106 ], [ 50.005159, 36.269418 ], [ 50.00518, 36.269494 ], [ 50.00525, 36.269748 ], [ 50.005351, 36.270193 ], [ 50.005377, 36.270307 ], [ 50.005423, 36.27051 ], [ 50.005565, 36.271132 ], [ 50.006552, 36.271035 ], [ 50.008206, 36.270873 ] ] ] ] } },
{ "type": "Feature", "properties": { "fid": 23, "dauid": "52", "zones_areas_Mantagheh": "شیشه چی (یک)", "j_col001_sum": 5653.0 }, "geometry": { "type": "MultiPolygon", "coordinates": [ [ [ [ 49.996804, 36.270327 ], [ 49.996791, 36.269911 ], [ 49.996784, 36.269704 ], [ 49.996778, 36.269501 ], [ 49.996776, 36.269478 ], [ 49.996767, 36.26933 ], [ 49.996739, 36.268884 ], [ 49.996715, 36.268494 ], [ 49.996711, 36.268435 ], [ 49.996691, 36.268181 ], [ 49.996679, 36.268016 ], [ 49.996676, 36.267973 ], [ 49.996673, 36.267934 ], [ 49.996639, 36.267474 ], [ 49.996627, 36.267298 ], [ 49.996621, 36.26722 ], [ 49.99659, 36.266795 ], [ 49.996571, 36.266529 ], [ 49.996564, 36.266453 ], [ 49.996552, 36.266318 ], [ 49.996547, 36.266261 ], [ 49.996526, 36.266027 ], [ 49.996512, 36.265859 ], [ 49.99649, 36.265613 ], [ 49.996456, 36.265228 ], [ 49.996447, 36.265129 ], [ 49.996145, 36.265153 ], [ 49.995894, 36.265176 ], [ 49.99497, 36.26526 ], [ 49.993408, 36.265402 ], [ 49.993209, 36.26542 ], [ 49.993094, 36.26543 ], [ 49.993066, 36.265433 ], [ 49.992746, 36.265462 ], [ 49.992608, 36.265474 ], [ 49.991723, 36.265555 ], [ 49.991533, 36.265572 ], [ 49.991342, 36.265589 ], [ 49.989545, 36.265753 ], [ 49.989544, 36.265753 ], [ 49.989119, 36.265791 ], [ 49.988966, 36.265805 ], [ 49.988597, 36.265839 ], [ 49.988851, 36.266815 ], [ 49.989019, 36.26746 ], [ 49.989172, 36.268101 ], [ 49.989329, 36.268756 ], [ 49.989416, 36.269118 ], [ 49.989626, 36.269997 ], [ 49.989971, 36.271268 ], [ 49.990807, 36.271144 ], [ 49.991555, 36.271039 ], [ 49.99177, 36.271009 ], [ 49.992604, 36.270898 ], [ 49.992815, 36.270869 ], [ 49.993489, 36.270775 ], [ 49.993825, 36.270728 ], [ 49.9943, 36.270664 ], [ 49.994534, 36.270633 ], [ 49.995229, 36.27054 ], [ 49.995512, 36.270502 ], [ 49.995634, 36.270485 ], [ 49.996038, 36.27043 ], [ 49.996327, 36.270391 ], [ 49.996804, 36.270327 ] ] ] ] } },
{ "type": "Feature", "properties": { "fid": 24, "dauid": "53", "zones_areas_Mantagheh": "شیشه چی (یک)", "j_col001_sum": 1054.0 }, "geometry": { "type": "MultiPolygon", "coordinates": [ [ [ [ 49.983993647963196, 36.26153593652424 ], [ 49.984921310881468, 36.261425936750385 ], [ 49.98492818682022, 36.261467351094929 ], [ 49.985030373498233, 36.262451716010503 ], [ 49.986103879170301, 36.262164861987337 ], [ 49.98615934157035, 36.262278589009689 ], [ 49.9866031822054, 36.262210240636797 ], [ 49.98706344508517, 36.263170037965679 ], [ 49.986428751409591, 36.263381856692199 ], [ 49.985325854061493, 36.263713007614065 ], [ 49.985759465246673, 36.26436413163259 ], [ 49.984600281854796, 36.264605042249812 ], [ 49.984738725881357, 36.264985018078207 ], [ 49.9842740126659, 36.265241459566731 ], [ 49.984310048565256, 36.265276969351376 ], [ 49.984238705183706, 36.26533464419056 ], [ 49.984276191590475, 36.265364395398741 ], [ 49.984188768468286, 36.265443438628139 ], [ 49.984520074920873, 36.265658628464699 ], [ 49.984611495186755, 36.265797970243156 ], [ 49.98511157652031, 36.265553192257251 ], [ 49.985405440422568, 36.265833014320819 ], [ 49.986567997524965, 36.26682593155806 ], [ 49.986664617347948, 36.267179093556273 ], [ 49.986699798342968, 36.267288389568435 ], [ 49.987203156346027, 36.269241695618533 ], [ 49.987028734280457, 36.269271170913761 ], [ 49.985278009403139, 36.269529780427995 ], [ 49.985262237920608, 36.26950833311335 ], [ 49.98492325109703, 36.269276632960725 ], [ 49.98446976062754, 36.269377899382832 ], [ 49.983941518404258, 36.269480845498919 ], [ 49.983191997448557, 36.26955603089754 ], [ 49.982588006840444, 36.268930090140856 ], [ 49.981539275471704, 36.267085186617358 ], [ 49.981539275471704, 36.267085186617358 ], [ 49.981539275471704, 36.267085186617358 ], [ 49.978589060681401, 36.269227805646764 ], [ 49.978531999853466, 36.269385637933311 ], [ 49.978532307791156, 36.269537036611219 ], [ 49.978594116568701, 36.269868051012779 ], [ 49.978594116568701, 36.269868051012779 ], [ 49.978594116568701, 36.269868051012779 ], [ 49.978594116568701, 36.269868051012779 ], [ 49.978594116568701, 36.269868051012779 ], [ 49.978594116568701, 36.269868051012779 ], [ 49.978594116568701, 36.269868051012779 ], [ 49.978594116568701, 36.269868051012779 ], [ 49.978594116568701, 36.269868051012779 ], [ 49.978594116568701, 36.269868051012779 ], [ 49.978594116568701, 36.269868051012779 ], [ 49.980474, 36.269909 ], [ 49.981278, 36.270043 ], [ 49.981662, 36.270115 ], [ 49.982645, 36.2703 ], [ 49.983692, 36.270492 ], [ 49.984209, 36.270562 ], [ 49.986034, 36.27081 ], [ 49.986744, 36.270906 ], [ 49.987264, 36.270967 ], [ 49.98795, 36.271047 ], [ 49.988746, 36.27114 ], [ 49.989971, 36.271268 ], [ 49.989626, 36.269997 ], [ 49.989416, 36.269118 ], [ 49.989329, 36.268756 ], [ 49.989172, 36.268101 ], [ 49.989019, 36.26746 ], [ 49.988851, 36.266815 ], [ 49.988597, 36.265839 ], [ 49.98842, 36.265151 ], [ 49.988273, 36.264444 ], [ 49.988215, 36.26416 ], [ 49.988151, 36.263849 ], [ 49.988137, 36.263778 ], [ 49.988067, 36.263437 ], [ 49.987993, 36.262797 ], [ 49.987987, 36.262749 ], [ 49.987878, 36.262359 ], [ 49.987756, 36.261924 ], [ 49.987504, 36.261035 ], [ 49.987439, 36.260805 ], [ 49.983982040522513, 36.261114498123717 ], [ 49.983993647963196, 36.26153593652424 ] ] ] ] } },
{ "type": "Feature", "properties": { "fid": 25, "dauid": "54", "zones_areas_Mantagheh": "یخچال (پنج)", "j_col001_sum": 855.0 }, "geometry": { "type": "MultiPolygon", "coordinates": [ [ [ [ 50.025232987556521, 36.265605797272265 ], [ 50.023831, 36.265853 ], [ 50.02345, 36.26592 ], [ 50.023252, 36.265955 ], [ 50.022583, 36.266067 ], [ 50.022139, 36.266141 ], [ 50.02164, 36.266221 ], [ 50.021287, 36.266277 ], [ 50.020736, 36.266365 ], [ 50.020688, 36.266373 ], [ 50.020188, 36.266455 ], [ 50.019905, 36.266502 ], [ 50.019615, 36.26655 ], [ 50.019311, 36.2666 ], [ 50.019015, 36.266649 ], [ 50.017809, 36.26683 ], [ 50.018326, 36.267337 ], [ 50.018916, 36.267915 ], [ 50.019022, 36.268007 ], [ 50.019589, 36.2685 ], [ 50.019898, 36.268768 ], [ 50.020077, 36.268925 ], [ 50.020459, 36.269252 ], [ 50.02063, 36.269399 ], [ 50.020793, 36.269539 ], [ 50.020993, 36.269711 ], [ 50.021208, 36.269912 ], [ 50.021754, 36.270422 ], [ 50.021755, 36.270423 ], [ 50.022073, 36.270822 ], [ 50.022598, 36.271481 ], [ 50.022647, 36.271559 ], [ 50.022883, 36.271939 ], [ 50.023042, 36.272195 ], [ 50.023162, 36.272516 ], [ 50.023276599124387, 36.272822378117013 ], [ 50.023276599124387, 36.272822378117013 ], [ 50.023276599124387, 36.272822378117013 ], [ 50.023493346809701, 36.272771790984386 ], [ 50.023493346809701, 36.272771790984386 ], [ 50.023848875303067, 36.272647991244526 ], [ 50.024088826131795, 36.272432893991265 ], [ 50.024337662158899, 36.272225138537408 ], [ 50.024575798301363, 36.272052605769353 ], [ 50.024814140030017, 36.271863457487505 ], [ 50.025001080719861, 36.271682198009465 ], [ 50.025162733772831, 36.271471652861784 ], [ 50.025162733772831, 36.271471652861784 ], [ 50.025162733772831, 36.271471652861784 ], [ 50.025325005506751, 36.271211262406091 ], [ 50.025368572279746, 36.271008062820854 ], [ 50.025434154296917, 36.270684571490825 ], [ 50.025425424885725, 36.270148611502378 ], [ 50.025329390330192, 36.269620248315249 ], [ 50.02539813907164, 36.269454641491009 ], [ 50.02539813907164, 36.269454641491009 ], [ 50.02539813907164, 36.269454641491009 ], [ 50.025730471273768, 36.269235100828588 ], [ 50.025648386841837, 36.268719313992783 ], [ 50.025653333336145, 36.268424407622227 ], [ 50.025619755177267, 36.267823855219099 ], [ 50.025482357507457, 36.266908816273421 ], [ 50.025380585415711, 36.266326401783665 ], [ 50.025232987556521, 36.265605797272265 ] ] ] ] } },
{ "type": "Feature", "properties": { "fid": 26, "dauid": "55", "zones_areas_Mantagheh": "یخچال (پنج)", "j_col001_sum": 712.0 }, "geometry": { "type": "MultiPolygon", "coordinates": [ [ [ [ 50.012326, 36.270515 ], [ 50.011362, 36.270599 ], [ 50.011049, 36.270626 ], [ 50.009579, 36.270754 ], [ 50.00931, 36.270777 ], [ 50.008206, 36.270873 ], [ 50.008249, 36.271142 ], [ 50.008278, 36.271319 ], [ 50.008331, 36.271653 ], [ 50.008335, 36.271673 ], [ 50.008378, 36.271942 ], [ 50.008468, 36.272504 ], [ 50.00854, 36.272951 ], [ 50.008578, 36.273188 ], [ 50.008638, 36.273559 ], [ 50.00954, 36.273378 ], [ 50.00996, 36.273294 ], [ 50.010498, 36.273186 ], [ 50.011747, 36.272935 ], [ 50.012001, 36.272083 ], [ 50.012087, 36.271767 ], [ 50.012285, 36.271046 ], [ 50.012293, 36.270946 ], [ 50.012326, 36.270515 ] ] ] ] } },
{ "type": "Feature", "properties": { "fid": 27, "dauid": "56", "zones_areas_Mantagheh": "یخچال (پنج)", "j_col001_sum": 957.0 }, "geometry": { "type": "MultiPolygon", "coordinates": [ [ [ [ 50.008206, 36.270873 ], [ 50.006552, 36.271035 ], [ 50.005565, 36.271132 ], [ 50.005628, 36.271397 ], [ 50.005678, 36.271604 ], [ 50.00573, 36.271822 ], [ 50.005838, 36.272274 ], [ 50.005865, 36.272388 ], [ 50.005974, 36.27284 ], [ 50.00601, 36.272995 ], [ 50.0061, 36.273367 ], [ 50.00612, 36.273453 ], [ 50.006256, 36.274019 ], [ 50.006781, 36.273918 ], [ 50.0075, 36.273779 ], [ 50.008638, 36.273559 ], [ 50.008578, 36.273188 ], [ 50.00854, 36.272951 ], [ 50.008468, 36.272504 ], [ 50.008378, 36.271942 ], [ 50.008335, 36.271673 ], [ 50.008331, 36.271653 ], [ 50.008278, 36.271319 ], [ 50.008249, 36.271142 ], [ 50.008206, 36.270873 ] ] ] ] } },
{ "type": "Feature", "properties": { "fid": 28, "dauid": "57", "zones_areas_Mantagheh": "یخچال (پنج)", "j_col001_sum": 18.0 }, "geometry": { "type": "MultiPolygon", "coordinates": [ [ [ [ 50.012516, 36.267751 ], [ 50.012528, 36.267907 ], [ 50.01241, 36.269427 ], [ 50.01236, 36.270075 ], [ 50.01235, 36.270197 ], [ 50.012326, 36.270515 ], [ 50.012293, 36.270946 ], [ 50.012285, 36.271046 ], [ 50.012087, 36.271767 ], [ 50.012001, 36.272083 ], [ 50.011747, 36.272935 ], [ 50.012511, 36.273272 ], [ 50.013226, 36.273778 ], [ 50.013917, 36.274163 ], [ 50.014288, 36.273787 ], [ 50.014321, 36.273611 ], [ 50.014436, 36.273004 ], [ 50.014521, 36.272553 ], [ 50.014533, 36.272497 ], [ 50.014541, 36.272462 ], [ 50.014681, 36.271928 ], [ 50.014791, 36.271505 ], [ 50.014798, 36.271481 ], [ 50.014803, 36.271464 ], [ 50.014809, 36.271446 ], [ 50.014815, 36.271429 ], [ 50.014821, 36.271411 ], [ 50.014835, 36.271377 ], [ 50.014843, 36.27136 ], [ 50.01485, 36.271343 ], [ 50.014859, 36.271327 ], [ 50.014867, 36.27131 ], [ 50.014876, 36.271293 ], [ 50.014886, 36.271277 ], [ 50.014895, 36.271261 ], [ 50.014906, 36.271244 ], [ 50.015121, 36.270905 ], [ 50.015417, 36.270441 ], [ 50.01543, 36.270419 ], [ 50.015443, 36.270398 ], [ 50.015471, 36.270351 ], [ 50.015494, 36.27031 ], [ 50.015516, 36.270269 ], [ 50.015537, 36.270227 ], [ 50.015558, 36.270186 ], [ 50.015577, 36.270144 ], [ 50.01563, 36.270021 ], [ 50.015673, 36.269916 ], [ 50.015714, 36.269811 ], [ 50.015784, 36.269611 ], [ 50.015818, 36.269503 ], [ 50.01585, 36.269396 ], [ 50.01588, 36.269288 ], [ 50.015883, 36.269273 ], [ 50.015886, 36.26926 ], [ 50.015889, 36.269247 ], [ 50.015891, 36.269233 ], [ 50.015894, 36.269214 ], [ 50.015896, 36.269201 ], [ 50.015897, 36.269188 ], [ 50.015899, 36.269174 ], [ 50.015899, 36.269161 ], [ 50.0159, 36.269148 ], [ 50.0159, 36.269134 ], [ 50.0159, 36.269121 ], [ 50.0159, 36.269108 ], [ 50.015899, 36.269094 ], [ 50.015898, 36.269081 ], [ 50.015897, 36.269068 ], [ 50.015896, 36.269054 ], [ 50.015894, 36.269041 ], [ 50.015892, 36.269028 ], [ 50.01589, 36.269014 ], [ 50.015887, 36.269001 ], [ 50.015884, 36.268988 ], [ 50.015881, 36.268975 ], [ 50.015878, 36.268962 ], [ 50.015826, 36.268776 ], [ 50.015406, 36.267251 ], [ 50.015105, 36.267303 ], [ 50.014337, 36.267436 ], [ 50.013942, 36.267504 ], [ 50.012823, 36.267698 ], [ 50.01277, 36.267707 ], [ 50.012516, 36.267751 ] ] ] ] } },
{ "type": "Feature", "properties": { "fid": 29, "dauid": "59", "zones_areas_Mantagheh": "نواب جنوبی (سه)", "j_col001_sum": 1088.0 }, "geometry": { "type": "MultiPolygon", "coordinates": [ [ [ [ 50.003075, 36.269422 ], [ 50.002654, 36.269488 ], [ 50.00156, 36.269646 ], [ 50.001004, 36.269726 ], [ 50.000374, 36.269816 ], [ 50.000562, 36.270273 ], [ 50.000648, 36.270485 ], [ 50.000779, 36.270804 ], [ 50.000829, 36.270925 ], [ 50.000857, 36.270993 ], [ 50.000919, 36.271144 ], [ 50.000958, 36.271241 ], [ 50.001, 36.271342 ], [ 50.001027, 36.271406 ], [ 50.001126, 36.271647 ], [ 50.001173, 36.27176 ], [ 50.001237, 36.271916 ], [ 50.001328, 36.272172 ], [ 50.001426, 36.27245 ], [ 50.001428, 36.272455 ], [ 50.001454, 36.272501 ], [ 50.001602, 36.272769 ], [ 50.001649, 36.272824 ], [ 50.001674, 36.272853 ], [ 50.001934, 36.273156 ], [ 50.002072, 36.273311 ], [ 50.002192, 36.273445 ], [ 50.002426, 36.273707 ], [ 50.002432, 36.273713 ], [ 50.003038, 36.274287 ], [ 50.003497, 36.274611 ], [ 50.003428, 36.274433 ], [ 50.003418, 36.274286 ], [ 50.003386, 36.273831 ], [ 50.003363, 36.273503 ], [ 50.003349, 36.273306 ], [ 50.003332, 36.273075 ], [ 50.003311, 36.27277 ], [ 50.003289, 36.272454 ], [ 50.003262, 36.272074 ], [ 50.003257, 36.272007 ], [ 50.003232, 36.271646 ], [ 50.003217, 36.271438 ], [ 50.003215, 36.271408 ], [ 50.003202, 36.271221 ], [ 50.003197, 36.271151 ], [ 50.00317, 36.270766 ], [ 50.003152, 36.27051 ], [ 50.003123, 36.2701 ], [ 50.003109, 36.269908 ], [ 50.003075, 36.269422 ] ] ] ] } },
{ "type": "Feature", "properties": { "fid": 30, "dauid": "60", "zones_areas_Mantagheh": "یخچال (پنج)", "j_col001_sum": 1786.0 }, "geometry": { "type": "MultiPolygon", "coordinates": [ [ [ [ 50.006256, 36.274019 ], [ 50.00612, 36.273453 ], [ 50.0061, 36.273367 ], [ 50.00601, 36.272995 ], [ 50.005974, 36.27284 ], [ 50.005865, 36.272388 ], [ 50.005838, 36.272274 ], [ 50.00573, 36.271822 ], [ 50.005678, 36.271604 ], [ 50.005628, 36.271397 ], [ 50.005565, 36.271132 ], [ 50.005423, 36.27051 ], [ 50.005377, 36.270307 ], [ 50.005351, 36.270193 ], [ 50.00525, 36.269748 ], [ 50.00518, 36.269494 ], [ 50.005159, 36.269418 ], [ 50.005073, 36.269106 ], [ 50.003075, 36.269422 ], [ 50.003109, 36.269908 ], [ 50.003123, 36.2701 ], [ 50.003152, 36.27051 ], [ 50.00317, 36.270766 ], [ 50.003197, 36.271151 ], [ 50.003202, 36.271221 ], [ 50.003215, 36.271408 ], [ 50.003217, 36.271438 ], [ 50.003232, 36.271646 ], [ 50.003257, 36.272007 ], [ 50.003262, 36.272074 ], [ 50.003289, 36.272454 ], [ 50.003311, 36.27277 ], [ 50.003332, 36.273075 ], [ 50.003349, 36.273306 ], [ 50.003363, 36.273503 ], [ 50.003386, 36.273831 ], [ 50.003418, 36.274286 ], [ 50.003428, 36.274433 ], [ 50.003497, 36.274611 ], [ 50.004472, 36.274402 ], [ 50.004956, 36.274298 ], [ 50.005745, 36.274129 ], [ 50.006256, 36.274019 ] ] ] ] } },
{ "type": "Feature", "properties": { "fid": 31, "dauid": "61", "zones_areas_Mantagheh": "نواب جنوبی (سه)", "j_col001_sum": 3259.0 }, "geometry": { "type": "MultiPolygon", "coordinates": [ [ [ [ 50.003497, 36.274611 ], [ 50.003038, 36.274287 ], [ 50.002432, 36.273713 ], [ 50.002426, 36.273707 ], [ 50.002192, 36.273445 ], [ 50.002072, 36.273311 ], [ 50.001934, 36.273156 ], [ 50.001674, 36.272853 ], [ 50.001649, 36.272824 ], [ 50.001602, 36.272769 ], [ 50.001454, 36.272501 ], [ 50.001428, 36.272455 ], [ 50.001426, 36.27245 ], [ 50.001328, 36.272172 ], [ 50.001237, 36.271916 ], [ 50.001173, 36.27176 ], [ 50.001126, 36.271647 ], [ 50.001027, 36.271406 ], [ 50.001, 36.271342 ], [ 50.000958, 36.271241 ], [ 50.000919, 36.271144 ], [ 50.000857, 36.270993 ], [ 50.000829, 36.270925 ], [ 50.000779, 36.270804 ], [ 50.000648, 36.270485 ], [ 50.000562, 36.270273 ], [ 50.000374, 36.269816 ], [ 49.99944, 36.269951 ], [ 49.999405, 36.269956 ], [ 49.998668, 36.270061 ], [ 49.998646, 36.270064 ], [ 49.998382, 36.270102 ], [ 49.997933, 36.270166 ], [ 49.997303, 36.270256 ], [ 49.996804, 36.270327 ], [ 49.996866, 36.270615 ], [ 49.99688, 36.270678 ], [ 49.996932, 36.270922 ], [ 49.996945, 36.270981 ], [ 49.996993, 36.271202 ], [ 49.997025, 36.271349 ], [ 49.997045, 36.271441 ], [ 49.997081, 36.271608 ], [ 49.997091, 36.271653 ], [ 49.997135, 36.271859 ], [ 49.997147, 36.271904 ], [ 49.997258, 36.272347 ], [ 49.997276, 36.272422 ], [ 49.997362, 36.272765 ], [ 49.997372, 36.272806 ], [ 49.997452, 36.273125 ], [ 49.997635, 36.273854 ], [ 49.997841, 36.274799 ], [ 49.997872, 36.274942 ], [ 49.998286, 36.27492 ], [ 49.998344, 36.274917 ], [ 49.998604, 36.274903 ], [ 49.99931, 36.274865 ], [ 49.99943, 36.274859 ], [ 49.999528, 36.274854 ], [ 50.000174, 36.274817 ], [ 50.000461, 36.2748 ], [ 50.000843, 36.274778 ], [ 50.001318, 36.274751 ], [ 50.001558, 36.274735 ], [ 50.002553, 36.274671 ], [ 50.002845, 36.274653 ], [ 50.003098, 36.274636 ], [ 50.003497, 36.274611 ] ] ] ] } },
{ "type": "Feature", "properties": { "fid": 32, "dauid": "62", "zones_areas_Mantagheh": "نواب جنوبی (سه)", "j_col001_sum": 4328.0 }, "geometry": { "type": "MultiPolygon", "coordinates": [ [ [ [ 49.996804, 36.270327 ], [ 49.996327, 36.270391 ], [ 49.996038, 36.27043 ], [ 49.995634, 36.270485 ], [ 49.995512, 36.270502 ], [ 49.995229, 36.27054 ], [ 49.994534, 36.270633 ], [ 49.9943, 36.270664 ], [ 49.993825, 36.270728 ], [ 49.993489, 36.270775 ], [ 49.992815, 36.270869 ], [ 49.992604, 36.270898 ], [ 49.99177, 36.271009 ], [ 49.992087, 36.2712 ], [ 49.99248, 36.271705 ], [ 49.992747, 36.272057 ], [ 49.99302, 36.272418 ], [ 49.993035, 36.272438 ], [ 49.993117, 36.272637 ], [ 49.993427, 36.273391 ], [ 49.993505, 36.273581 ], [ 49.993669, 36.273979 ], [ 49.993754, 36.274185 ], [ 49.993907, 36.274558 ], [ 49.993929, 36.274611 ], [ 49.994041, 36.274883 ], [ 49.994088, 36.274998 ], [ 49.994148, 36.275145 ], [ 49.994302, 36.275134 ], [ 49.994683, 36.275108 ], [ 49.994888, 36.275094 ], [ 49.995086, 36.27508 ], [ 49.995341, 36.275068 ], [ 49.995746, 36.275047 ], [ 49.995812, 36.275044 ], [ 49.99615, 36.275027 ], [ 49.996184, 36.275026 ], [ 49.996823, 36.274994 ], [ 49.996949, 36.274988 ], [ 49.997378, 36.274966 ], [ 49.997872, 36.274942 ], [ 49.997841, 36.274799 ], [ 49.997635, 36.273854 ], [ 49.997452, 36.273125 ], [ 49.997372, 36.272806 ], [ 49.997362, 36.272765 ], [ 49.997276, 36.272422 ], [ 49.997258, 36.272347 ], [ 49.997147, 36.271904 ], [ 49.997135, 36.271859 ], [ 49.997091, 36.271653 ], [ 49.997081, 36.271608 ], [ 49.997045, 36.271441 ], [ 49.997025, 36.271349 ], [ 49.996993, 36.271202 ], [ 49.996945, 36.270981 ], [ 49.996932, 36.270922 ], [ 49.99688, 36.270678 ], [ 49.996866, 36.270615 ], [ 49.996804, 36.270327 ] ] ] ] } },
{ "type": "Feature", "properties": { "fid": 33, "dauid": "63", "zones_areas_Mantagheh": "نواب جنوبی (سه)", "j_col001_sum": 191.0 }, "geometry": { "type": "MultiPolygon", "coordinates": [ [ [ [ 49.994148, 36.275145 ], [ 49.994088, 36.274998 ], [ 49.994041, 36.274883 ], [ 49.993929, 36.274611 ], [ 49.993907, 36.274558 ], [ 49.993754, 36.274185 ], [ 49.993669, 36.273979 ], [ 49.993505, 36.273581 ], [ 49.993427, 36.273391 ], [ 49.993117, 36.272637 ], [ 49.993035, 36.272438 ], [ 49.99302, 36.272418 ], [ 49.992747, 36.272057 ], [ 49.99248, 36.271705 ], [ 49.992087, 36.2712 ], [ 49.99177, 36.271009 ], [ 49.991555, 36.271039 ], [ 49.990807, 36.271144 ], [ 49.989971, 36.271268 ], [ 49.990266, 36.272354 ], [ 49.990327, 36.272577 ], [ 49.99042, 36.272924 ], [ 49.990556, 36.273421 ], [ 49.9907, 36.273954 ], [ 49.99097, 36.274947 ], [ 49.991049, 36.275238 ], [ 49.991081, 36.275358 ], [ 49.993358, 36.2752 ], [ 49.994017, 36.275154 ], [ 49.994148, 36.275145 ] ] ] ] } },
{ "type": "Feature", "properties": { "fid": 34, "dauid": "64", "zones_areas_Mantagheh": "یخچال (پنج)", "j_col001_sum": 1374.0 }, "geometry": { "type": "MultiPolygon", "coordinates": [ [ [ [ 50.011747, 36.272935 ], [ 50.010498, 36.273186 ], [ 50.00996, 36.273294 ], [ 50.00954, 36.273378 ], [ 50.008638, 36.273559 ], [ 50.009205, 36.276645 ], [ 50.010607, 36.276062 ], [ 50.01073, 36.275846 ], [ 50.010787, 36.275747 ], [ 50.010825, 36.275646 ], [ 50.010904, 36.275438 ], [ 50.011041, 36.275077 ], [ 50.011074, 36.27499 ], [ 50.011192, 36.274677 ], [ 50.011231, 36.274573 ], [ 50.01135, 36.27426 ], [ 50.011361, 36.274232 ], [ 50.011386, 36.274146 ], [ 50.011419, 36.274036 ], [ 50.011442, 36.273961 ], [ 50.011538, 36.273639 ], [ 50.011747, 36.272935 ] ] ] ] } },
{ "type": "Feature", "properties": { "fid": 35, "dauid": "65", "zones_areas_Mantagheh": "یخچال (پنج)", "j_col001_sum": 3452.0 }, "geometry": { "type": "MultiPolygon", "coordinates": [ [ [ [ 50.023711056139028, 36.27446841129683 ], [ 50.023711056139028, 36.27446841129683 ], [ 50.023416, 36.273256 ], [ 50.0234, 36.273169 ], [ 50.023395, 36.273139 ], [ 50.023358, 36.27304 ], [ 50.023162, 36.272516 ], [ 50.023042, 36.272195 ], [ 50.022883, 36.271939 ], [ 50.02225, 36.272218 ], [ 50.021393, 36.272596 ], [ 50.021012, 36.272762 ], [ 50.020742, 36.272852 ], [ 50.020541, 36.2729 ], [ 50.020265, 36.272941 ], [ 50.019681, 36.272942 ], [ 50.018146, 36.272641 ], [ 50.017426, 36.272496 ], [ 50.01729, 36.273009 ], [ 50.017283, 36.273038 ], [ 50.017233, 36.273224 ], [ 50.017204, 36.273336 ], [ 50.017209, 36.273384 ], [ 50.017232, 36.273609 ], [ 50.017257, 36.273685 ], [ 50.01731, 36.273844 ], [ 50.0175, 36.274015 ], [ 50.017627, 36.27407 ], [ 50.017734, 36.274117 ], [ 50.017804, 36.274147 ], [ 50.018044, 36.27431 ], [ 50.018087, 36.27434 ], [ 50.018345, 36.274516 ], [ 50.018409, 36.274566 ], [ 50.018584, 36.274705 ], [ 50.018743, 36.274831 ], [ 50.018862, 36.274977 ], [ 50.018923, 36.275051 ], [ 50.019135, 36.275311 ], [ 50.019376, 36.275606 ], [ 50.019503, 36.275761 ], [ 50.019534, 36.275799 ], [ 50.019586, 36.27587 ], [ 50.019723, 36.276059 ], [ 50.019852, 36.276236 ], [ 50.019866, 36.276256 ], [ 50.020225, 36.276749 ], [ 50.020823, 36.276247 ], [ 50.021053, 36.276055 ], [ 50.021377, 36.275783 ], [ 50.02175, 36.27547 ], [ 50.021802, 36.275426 ], [ 50.022058, 36.275208 ], [ 50.022374, 36.274938 ], [ 50.022518, 36.274815 ], [ 50.0228614727028, 36.274586644660019 ], [ 50.0228614727028, 36.274586644660019 ], [ 50.023711056139028, 36.27446841129683 ] ] ] ] } },
{ "type": "Feature", "properties": { "fid": 36, "dauid": "66", "zones_areas_Mantagheh": "یخچال (پنج)", "j_col001_sum": 640.0 }, "geometry": { "type": "MultiPolygon", "coordinates": [ [ [ [ 50.009205, 36.276645 ], [ 50.008638, 36.273559 ], [ 50.0075, 36.273779 ], [ 50.006781, 36.273918 ], [ 50.006256, 36.274019 ], [ 50.006353, 36.274433 ], [ 50.006386, 36.274571 ], [ 50.006548, 36.27526 ], [ 50.00658, 36.275395 ], [ 50.006588, 36.275431 ], [ 50.006695, 36.275889 ], [ 50.006773, 36.276227 ], [ 50.006783, 36.276266 ], [ 50.006816, 36.276397 ], [ 50.006939, 36.276882 ], [ 50.006985, 36.277065 ], [ 50.007117, 36.277589 ], [ 50.008197, 36.277065 ], [ 50.008302, 36.277021 ], [ 50.0086, 36.276897 ], [ 50.009205, 36.276645 ] ] ] ] } },
{ "type": "Feature", "properties": { "fid": 37, "dauid": "67", "zones_areas_Mantagheh": "یخچال (پنج)", "j_col001_sum": 4644.0 }, "geometry": { "type": "MultiPolygon", "coordinates": [ [ [ [ 50.020225, 36.276749 ], [ 50.019866, 36.276256 ], [ 50.019852, 36.276236 ], [ 50.019723, 36.276059 ], [ 50.019586, 36.27587 ], [ 50.019534, 36.275799 ], [ 50.019503, 36.275761 ], [ 50.019376, 36.275606 ], [ 50.019135, 36.275311 ], [ 50.018923, 36.275051 ], [ 50.018862, 36.274977 ], [ 50.018743, 36.274831 ], [ 50.018584, 36.274705 ], [ 50.018409, 36.274566 ], [ 50.018345, 36.274516 ], [ 50.018087, 36.27434 ], [ 50.018044, 36.27431 ], [ 50.017804, 36.274147 ], [ 50.017734, 36.274117 ], [ 50.017627, 36.27407 ], [ 50.0175, 36.274015 ], [ 50.01731, 36.273844 ], [ 50.017257, 36.273685 ], [ 50.017232, 36.273609 ], [ 50.017209, 36.273384 ], [ 50.017204, 36.273336 ], [ 50.017233, 36.273224 ], [ 50.017283, 36.273038 ], [ 50.01729, 36.273009 ], [ 50.014541, 36.272462 ], [ 50.014533, 36.272497 ], [ 50.014521, 36.272553 ], [ 50.014436, 36.273004 ], [ 50.014321, 36.273611 ], [ 50.014288, 36.273787 ], [ 50.013917, 36.274163 ], [ 50.01442, 36.274657 ], [ 50.014558, 36.274793 ], [ 50.014616, 36.27485 ], [ 50.015329, 36.275551 ], [ 50.015411, 36.275631 ], [ 50.015573, 36.275791 ], [ 50.015672, 36.275887 ], [ 50.015735, 36.275966 ], [ 50.015808, 36.276057 ], [ 50.016101, 36.276422 ], [ 50.016382, 36.276772 ], [ 50.016393, 36.276786 ], [ 50.016518, 36.276942 ], [ 50.016538, 36.276964 ], [ 50.016874, 36.277324 ], [ 50.017291, 36.277771 ], [ 50.017463, 36.277955 ], [ 50.017511, 36.278006 ], [ 50.017631, 36.278126 ], [ 50.017677, 36.278172 ], [ 50.018053, 36.278547 ], [ 50.01873, 36.278 ], [ 50.01877, 36.277968 ], [ 50.018977, 36.277801 ], [ 50.019148, 36.277663 ], [ 50.01929, 36.277542 ], [ 50.019708, 36.277185 ], [ 50.019898, 36.277023 ], [ 50.020001, 36.276937 ], [ 50.020225, 36.276749 ] ] ] ] } },
{ "type": "Feature", "properties": { "fid": 38, "dauid": "68", "zones_areas_Mantagheh": "یخچال (پنج)", "j_col001_sum": 1717.0 }, "geometry": { "type": "MultiPolygon", "coordinates": [ [ [ [ 50.007117, 36.277589 ], [ 50.006985, 36.277065 ], [ 50.006939, 36.276882 ], [ 50.006816, 36.276397 ], [ 50.006783, 36.276266 ], [ 50.006773, 36.276227 ], [ 50.006695, 36.275889 ], [ 50.006588, 36.275431 ], [ 50.00658, 36.275395 ], [ 50.006548, 36.27526 ], [ 50.006386, 36.274571 ], [ 50.006353, 36.274433 ], [ 50.006256, 36.274019 ], [ 50.005745, 36.274129 ], [ 50.004956, 36.274298 ], [ 50.004472, 36.274402 ], [ 50.003497, 36.274611 ], [ 50.00354, 36.275049 ], [ 50.003599, 36.275442 ], [ 50.003671, 36.275926 ], [ 50.003695, 36.276083 ], [ 50.003703, 36.276143 ], [ 50.003745, 36.276422 ], [ 50.003749, 36.276446 ], [ 50.003771, 36.276597 ], [ 50.003881, 36.277338 ], [ 50.003905, 36.2775 ], [ 50.003943, 36.277757 ], [ 50.003973, 36.277961 ], [ 50.003985, 36.278028 ], [ 50.004125, 36.278813 ], [ 50.004192, 36.278952 ], [ 50.004326, 36.27923 ], [ 50.004834, 36.27968 ], [ 50.005186, 36.279354 ], [ 50.005267, 36.279279 ], [ 50.006012, 36.278599 ], [ 50.00655, 36.278108 ], [ 50.006836, 36.277846 ], [ 50.007117, 36.277589 ] ] ] ] } },
{ "type": "Feature", "properties": { "fid": 39, "dauid": "69", "zones_areas_Mantagheh": "نواب جنوبی (سه)", "j_col001_sum": 4700.0 }, "geometry": { "type": "MultiPolygon", "coordinates": [ [ [ [ 50.004125, 36.278813 ], [ 50.003985, 36.278028 ], [ 50.003973, 36.277961 ], [ 50.003943, 36.277757 ], [ 50.003905, 36.2775 ], [ 50.003881, 36.277338 ], [ 50.003771, 36.276597 ], [ 50.003749, 36.276446 ], [ 50.003745, 36.276422 ], [ 50.003703, 36.276143 ], [ 50.003695, 36.276083 ], [ 50.003671, 36.275926 ], [ 50.003599, 36.275442 ], [ 50.00354, 36.275049 ], [ 50.003497, 36.274611 ], [ 50.003098, 36.274636 ], [ 50.002845, 36.274653 ], [ 50.002553, 36.274671 ], [ 50.001558, 36.274735 ], [ 50.001318, 36.274751 ], [ 50.000843, 36.274778 ], [ 50.000461, 36.2748 ], [ 50.000174, 36.274817 ], [ 49.999528, 36.274854 ], [ 49.99943, 36.274859 ], [ 49.99931, 36.274865 ], [ 49.998604, 36.274903 ], [ 49.998344, 36.274917 ], [ 49.998286, 36.27492 ], [ 49.997872, 36.274942 ], [ 49.997885, 36.274999 ], [ 49.997921, 36.275153 ], [ 49.997981, 36.275412 ], [ 49.998092, 36.275893 ], [ 49.998187, 36.276305 ], [ 49.998232, 36.276501 ], [ 49.998277, 36.276695 ], [ 49.998354, 36.277029 ], [ 49.998468, 36.277491 ], [ 49.998473, 36.277512 ], [ 49.998542, 36.277794 ], [ 49.998589, 36.277982 ], [ 49.99862, 36.278109 ], [ 49.998752, 36.278643 ], [ 49.9989, 36.279244 ], [ 49.998929, 36.279359 ], [ 49.998997, 36.279629 ], [ 49.999082, 36.279968 ], [ 49.999168, 36.28019 ], [ 49.999677, 36.279996 ], [ 49.999784, 36.279955 ], [ 50.000151, 36.279815 ], [ 50.000274, 36.279779 ], [ 50.000581, 36.279689 ], [ 50.000825, 36.279617 ], [ 50.000926, 36.279608 ], [ 50.00101, 36.2796 ], [ 50.001329, 36.279572 ], [ 50.001581, 36.279565 ], [ 50.00202, 36.279555 ], [ 50.002077, 36.279553 ], [ 50.003363, 36.279088 ], [ 50.003509, 36.279036 ], [ 50.004125, 36.278813 ] ] ] ] } },
{ "type": "Feature", "properties": { "fid": 40, "dauid": "70", "zones_areas_Mantagheh": "یخچال (پنج)", "j_col001_sum": 6296.0 }, "geometry": { "type": "MultiPolygon", "coordinates": [ [ [ [ 50.011747, 36.272935 ], [ 50.011538, 36.273639 ], [ 50.011442, 36.273961 ], [ 50.011419, 36.274036 ], [ 50.011386, 36.274146 ], [ 50.011361, 36.274232 ], [ 50.01135, 36.27426 ], [ 50.011231, 36.274573 ], [ 50.011192, 36.274677 ], [ 50.011074, 36.27499 ], [ 50.011041, 36.275077 ], [ 50.010904, 36.275438 ], [ 50.010825, 36.275646 ], [ 50.010787, 36.275747 ], [ 50.01073, 36.275846 ], [ 50.010607, 36.276062 ], [ 50.010695, 36.276191 ], [ 50.011067, 36.276737 ], [ 50.011362, 36.27717 ], [ 50.011384, 36.277202 ], [ 50.011487, 36.277354 ], [ 50.011777, 36.277777 ], [ 50.012052, 36.27818 ], [ 50.012142, 36.278313 ], [ 50.012346, 36.278611 ], [ 50.012528, 36.278879 ], [ 50.012744, 36.279195 ], [ 50.012936, 36.279477 ], [ 50.012946, 36.279492 ], [ 50.013079, 36.279687 ], [ 50.013234, 36.279914 ], [ 50.013244, 36.279928 ], [ 50.013577, 36.280415 ], [ 50.014334, 36.280109 ], [ 50.014901, 36.279879 ], [ 50.015232, 36.279745 ], [ 50.016229, 36.279341 ], [ 50.016893, 36.279072 ], [ 50.017111, 36.278983 ], [ 50.017507, 36.278821 ], [ 50.018053, 36.278547 ], [ 50.017677, 36.278172 ], [ 50.017631, 36.278126 ], [ 50.017511, 36.278006 ], [ 50.017463, 36.277955 ], [ 50.017291, 36.277771 ], [ 50.016874, 36.277324 ], [ 50.016538, 36.276964 ], [ 50.016518, 36.276942 ], [ 50.016393, 36.276786 ], [ 50.016382, 36.276772 ], [ 50.016101, 36.276422 ], [ 50.015808, 36.276057 ], [ 50.015735, 36.275966 ], [ 50.015672, 36.275887 ], [ 50.015573, 36.275791 ], [ 50.015411, 36.275631 ], [ 50.015329, 36.275551 ], [ 50.014616, 36.27485 ], [ 50.014558, 36.274793 ], [ 50.01442, 36.274657 ], [ 50.013917, 36.274163 ], [ 50.013226, 36.273778 ], [ 50.012511, 36.273272 ], [ 50.011747, 36.272935 ] ] ] ] } },
{ "type": "Feature", "properties": { "fid": 41, "dauid": "71", "zones_areas_Mantagheh": "یخچال (پنج)", "j_col001_sum": 1756.0 }, "geometry": { "type": "MultiPolygon", "coordinates": [ [ [ [ 50.013577, 36.280415 ], [ 50.013244, 36.279928 ], [ 50.013234, 36.279914 ], [ 50.013079, 36.279687 ], [ 50.012946, 36.279492 ], [ 50.012936, 36.279477 ], [ 50.012744, 36.279195 ], [ 50.012528, 36.278879 ], [ 50.012346, 36.278611 ], [ 50.012142, 36.278313 ], [ 50.012052, 36.27818 ], [ 50.011777, 36.277777 ], [ 50.011487, 36.277354 ], [ 50.011384, 36.277202 ], [ 50.011362, 36.27717 ], [ 50.011067, 36.276737 ], [ 50.010695, 36.276191 ], [ 50.010607, 36.276062 ], [ 50.009205, 36.276645 ], [ 50.010148, 36.281777 ], [ 50.010706, 36.281576 ], [ 50.011756, 36.28116 ], [ 50.012329, 36.280925 ], [ 50.012621, 36.280805 ], [ 50.012813, 36.280727 ], [ 50.013577, 36.280415 ] ] ] ] } },
{ "type": "Feature", "properties": { "fid": 42, "dauid": "72", "zones_areas_Mantagheh": "یخچال (پنج)", "j_col001_sum": 1180.0 }, "geometry": { "type": "MultiPolygon", "coordinates": [ [ [ [ 50.010148, 36.281777 ], [ 50.009205, 36.276645 ], [ 50.0086, 36.276897 ], [ 50.008302, 36.277021 ], [ 50.008197, 36.277065 ], [ 50.007117, 36.277589 ], [ 50.007369, 36.278572 ], [ 50.007535, 36.279221 ], [ 50.007635, 36.279613 ], [ 50.007739, 36.280022 ], [ 50.007867, 36.280523 ], [ 50.007877, 36.280562 ], [ 50.007973, 36.280937 ], [ 50.007992, 36.281003 ], [ 50.008064, 36.281256 ], [ 50.0082, 36.281731 ], [ 50.008391, 36.282401 ], [ 50.009268, 36.282094 ], [ 50.009626, 36.281965 ], [ 50.010148, 36.281777 ] ] ] ] } },
{ "type": "Feature", "properties": { "fid": 43, "dauid": "73", "zones_areas_Mantagheh": "نواب جنوبی (سه)", "j_col001_sum": 7011.0 }, "geometry": { "type": "MultiPolygon", "coordinates": [ [ [ [ 49.994148, 36.275145 ], [ 49.994017, 36.275154 ], [ 49.993985, 36.275341 ], [ 49.993935, 36.275645 ], [ 49.993887, 36.275931 ], [ 49.993885, 36.275948 ], [ 49.99388, 36.276207 ], [ 49.993878, 36.276315 ], [ 49.994058, 36.276835 ], [ 49.994068, 36.276863 ], [ 49.994229, 36.277256 ], [ 49.994257, 36.277324 ], [ 49.994374, 36.277607 ], [ 49.994404, 36.277684 ], [ 49.994532, 36.278016 ], [ 49.994632, 36.278276 ], [ 49.994856, 36.278856 ], [ 49.994908, 36.278993 ], [ 49.995043, 36.279343 ], [ 49.995092, 36.279471 ], [ 49.995327, 36.28008 ], [ 49.995356, 36.280153 ], [ 49.995454, 36.280426 ], [ 49.995528, 36.280628 ], [ 49.995597, 36.28082 ], [ 49.995605, 36.280842 ], [ 49.995652, 36.280972 ], [ 49.995748, 36.281238 ], [ 49.99579, 36.281352 ], [ 49.995845, 36.281504 ], [ 49.996002, 36.281952 ], [ 49.996068, 36.281953 ], [ 49.99604, 36.282274 ], [ 49.996351, 36.282305 ], [ 49.996455, 36.282298 ], [ 49.996525, 36.282259 ], [ 49.996617, 36.282208 ], [ 49.996725, 36.282147 ], [ 49.997029, 36.281978 ], [ 49.997536, 36.281695 ], [ 49.997741, 36.28158 ], [ 49.997915, 36.281483 ], [ 49.998237, 36.281303 ], [ 49.998461, 36.281178 ], [ 49.998553, 36.281127 ], [ 49.999377, 36.280666 ], [ 49.999261, 36.280414 ], [ 49.999222, 36.280327 ], [ 49.999168, 36.28019 ], [ 49.999082, 36.279968 ], [ 49.998997, 36.279629 ], [ 49.998929, 36.279359 ], [ 49.9989, 36.279244 ], [ 49.998752, 36.278643 ], [ 49.99862, 36.278109 ], [ 49.998589, 36.277982 ], [ 49.998542, 36.277794 ], [ 49.998473, 36.277512 ], [ 49.998468, 36.277491 ], [ 49.998354, 36.277029 ], [ 49.998277, 36.276695 ], [ 49.998232, 36.276501 ], [ 49.998187, 36.276305 ], [ 49.998092, 36.275893 ], [ 49.997981, 36.275412 ], [ 49.997921, 36.275153 ], [ 49.997885, 36.274999 ], [ 49.997872, 36.274942 ], [ 49.997378, 36.274966 ], [ 49.996949, 36.274988 ], [ 49.996823, 36.274994 ], [ 49.996184, 36.275026 ], [ 49.99615, 36.275027 ], [ 49.995812, 36.275044 ], [ 49.995746, 36.275047 ], [ 49.995341, 36.275068 ], [ 49.995086, 36.27508 ], [ 49.994888, 36.275094 ], [ 49.994683, 36.275108 ], [ 49.994302, 36.275134 ], [ 49.994148, 36.275145 ] ] ] ] } },
{ "type": "Feature", "properties": { "fid": 44, "dauid": "74", "zones_areas_Mantagheh": "نواب جنوبی (سه)", "j_col001_sum": 2928.0 }, "geometry": { "type": "MultiPolygon", "coordinates": [ [ [ [ 49.97464162225824, 36.271805528309905 ], [ 49.976225344444522, 36.271287756321946 ], [ 49.976694690740089, 36.271345317623755 ], [ 49.976783432235116, 36.271635102661904 ], [ 49.977712395671475, 36.271435945585083 ], [ 49.977783633764069, 36.27184386549488 ], [ 49.977828091369027, 36.271907331394509 ], [ 49.978092704123348, 36.271821993339152 ], [ 49.9782079519197, 36.272160160672847 ], [ 49.977866248554996, 36.272235194412602 ], [ 49.978049858689594, 36.272612504090191 ], [ 49.979181942349797, 36.272255062098012 ], [ 49.979165592155091, 36.272052046452472 ], [ 49.979271362251559, 36.271817676843483 ], [ 49.978955827201951, 36.270641956377219 ], [ 49.980230842745506, 36.270493615931656 ], [ 49.980664113584197, 36.271304718931908 ], [ 49.981075053521721, 36.271187028799005 ], [ 49.981219729114827, 36.27148583958617 ], [ 49.981574089819723, 36.271328637874873 ], [ 49.983330208006976, 36.271273397419009 ], [ 49.983372523028613, 36.271373305723216 ], [ 49.983518233150313, 36.271708126325997 ], [ 49.983941566375073, 36.271609709130196 ], [ 49.983959160282467, 36.271321072606135 ], [ 49.984316323190058, 36.271260612935215 ], [ 49.98497455695626, 36.27235957704179 ], [ 49.985808653849467, 36.273043057400194 ], [ 49.985112657772696, 36.273901217937023 ], [ 49.985112657772696, 36.273901217937023 ], [ 49.985112657772696, 36.273901217937023 ], [ 49.985112657772696, 36.273901217937023 ], [ 49.985112657772696, 36.273901217937023 ], [ 49.985112657772696, 36.273901217937023 ], [ 49.985112657772696, 36.273901217937023 ], [ 49.985112657772696, 36.273901217937023 ], [ 49.985112657772696, 36.273901217937023 ], [ 49.985112657772696, 36.273901217937023 ], [ 49.984261447465336, 36.274858794248324 ], [ 49.984199947972954, 36.274952778960007 ], [ 49.984219579278069, 36.275021489329269 ], [ 49.984626450773533, 36.275494364635563 ], [ 49.98493847294155, 36.275863618062708 ], [ 49.985117723114328, 36.276383370678921 ], [ 49.985442297778405, 36.277071560902371 ], [ 49.985980375927362, 36.278309909602648 ], [ 49.98639518577226, 36.27916295147562 ], [ 49.987123987602757, 36.279739284941719 ], [ 49.987564593527992, 36.280028383496841 ], [ 49.987564593527992, 36.280028383496841 ], [ 49.987564593527992, 36.280028383496841 ], [ 49.987564593527992, 36.280028383496841 ], [ 49.987564593527992, 36.280028383496841 ], [ 49.987564593527992, 36.280028383496841 ], [ 49.987564593527992, 36.280028383496841 ], [ 49.987564593527992, 36.280028383496841 ], [ 49.987564593527992, 36.280028383496841 ], [ 49.987564593527992, 36.280028383496841 ], [ 49.987564593527992, 36.280028383496841 ], [ 49.987564593527992, 36.280028383496841 ], [ 49.987564593527992, 36.280028383496841 ], [ 49.987564593527992, 36.280028383496841 ], [ 49.988291, 36.278935 ], [ 49.988665, 36.278429 ], [ 49.988884, 36.278133 ], [ 49.988934, 36.278066 ], [ 49.98898, 36.278004 ], [ 49.989523, 36.27727 ], [ 49.989661, 36.277083 ], [ 49.989775, 36.276931 ], [ 49.991049, 36.275238 ], [ 49.99097, 36.274947 ], [ 49.9907, 36.273954 ], [ 49.990556, 36.273421 ], [ 49.99042, 36.272924 ], [ 49.990327, 36.272577 ], [ 49.990266, 36.272354 ], [ 49.989971, 36.271268 ], [ 49.988746, 36.27114 ], [ 49.98795, 36.271047 ], [ 49.987264, 36.270967 ], [ 49.986744, 36.270906 ], [ 49.986034, 36.27081 ], [ 49.984209, 36.270562 ], [ 49.983692, 36.270492 ], [ 49.982645, 36.2703 ], [ 49.981662, 36.270115 ], [ 49.981278, 36.270043 ], [ 49.980474, 36.269909 ], [ 49.978594116568701, 36.269868051012779 ], [ 49.977224, 36.270096 ], [ 49.976299, 36.270291 ], [ 49.975577, 36.270598 ], [ 49.974765, 36.270979 ], [ 49.974233460204971, 36.271188683284656 ], [ 49.97464162225824, 36.271805528309905 ] ] ] ] } },
{ "type": "Feature", "properties": { "fid": 45, "dauid": "75", "zones_areas_Mantagheh": "یخچال (پنج)", "j_col001_sum": 4804.0 }, "geometry": { "type": "MultiPolygon", "coordinates": [ [ [ [ 50.0216, 36.282681 ], [ 50.021915, 36.282356 ], [ 50.022515, 36.281722 ], [ 50.02295, 36.281243 ], [ 50.023524, 36.28061 ], [ 50.023873, 36.280165 ], [ 50.023945, 36.280027 ], [ 50.02396, 36.279998 ], [ 50.024133, 36.279596 ], [ 50.024227, 36.27912 ], [ 50.024264, 36.278874 ], [ 50.024274, 36.278813 ], [ 50.024305, 36.278525 ], [ 50.024299, 36.278206 ], [ 50.024299, 36.278206 ], [ 50.024299, 36.278206 ], [ 50.024126633048922, 36.276867415654777 ], [ 50.024085565437581, 36.276601422985252 ], [ 50.024085565437581, 36.276601422985252 ], [ 50.024085565437581, 36.276601422985252 ], [ 50.024085565437581, 36.276601422985252 ], [ 50.024085565437581, 36.276601422985252 ], [ 50.024085565437581, 36.276601422985252 ], [ 50.024085565437581, 36.276601422985252 ], [ 50.023711056139028, 36.27446841129683 ], [ 50.023711056139028, 36.27446841129683 ], [ 50.023711056139028, 36.27446841129683 ], [ 50.023711056139028, 36.27446841129683 ], [ 50.023711056139028, 36.27446841129683 ], [ 50.023711056139028, 36.27446841129683 ], [ 50.023711056139028, 36.27446841129683 ], [ 50.023711056139028, 36.27446841129683 ], [ 50.023711056139028, 36.27446841129683 ], [ 50.0228614727028, 36.274586644660019 ], [ 50.022518, 36.274815 ], [ 50.022518, 36.274815 ], [ 50.022374, 36.274938 ], [ 50.022058, 36.275208 ], [ 50.021802, 36.275426 ], [ 50.02175, 36.27547 ], [ 50.021377, 36.275783 ], [ 50.021053, 36.276055 ], [ 50.020823, 36.276247 ], [ 50.020225, 36.276749 ], [ 50.020001, 36.276937 ], [ 50.019898, 36.277023 ], [ 50.019708, 36.277185 ], [ 50.01929, 36.277542 ], [ 50.019148, 36.277663 ], [ 50.018977, 36.277801 ], [ 50.01877, 36.277968 ], [ 50.01873, 36.278 ], [ 50.018053, 36.278547 ], [ 50.018276, 36.278854 ], [ 50.01848, 36.279134 ], [ 50.018608, 36.279301 ], [ 50.01874, 36.279471 ], [ 50.019276, 36.280165 ], [ 50.019346, 36.280256 ], [ 50.019443, 36.280386 ], [ 50.019598, 36.280593 ], [ 50.019696, 36.280723 ], [ 50.019938, 36.281046 ], [ 50.02, 36.281129 ], [ 50.02041, 36.281551 ], [ 50.020674, 36.281821 ], [ 50.020723, 36.281872 ], [ 50.020928, 36.282084 ], [ 50.020953, 36.282108 ], [ 50.021166, 36.282297 ], [ 50.0216, 36.282681 ] ] ] ] } },
{ "type": "Feature", "properties": { "fid": 46, "dauid": "76", "zones_areas_Mantagheh": "نواب جنوبی (سه)", "j_col001_sum": 309.0 }, "geometry": { "type": "MultiPolygon", "coordinates": [ [ [ [ 49.987219484686079, 36.281578150413345 ], [ 49.987219484686079, 36.281578150413345 ], [ 49.990782199771189, 36.283135668648335 ], [ 49.991613, 36.283587 ], [ 49.991613, 36.283587 ], [ 49.991613, 36.283587 ], [ 49.991613, 36.283587 ], [ 49.991613, 36.283587 ], [ 49.991563, 36.282816 ], [ 49.991486, 36.281693 ], [ 49.991478, 36.281607 ], [ 49.991447, 36.281259 ], [ 49.991446, 36.281158 ], [ 49.991442, 36.280634 ], [ 49.991438, 36.280242 ], [ 49.991517, 36.279617 ], [ 49.991585, 36.278872 ], [ 49.991635, 36.278331 ], [ 49.991635, 36.27797 ], [ 49.991604, 36.277512 ], [ 49.991469, 36.276921 ], [ 49.991081, 36.275358 ], [ 49.991049, 36.275238 ], [ 49.989775, 36.276931 ], [ 49.989661, 36.277083 ], [ 49.989523, 36.27727 ], [ 49.98898, 36.278004 ], [ 49.988934, 36.278066 ], [ 49.988884, 36.278133 ], [ 49.988665, 36.278429 ], [ 49.988291, 36.278935 ], [ 49.987564593527992, 36.280028383496841 ], [ 49.986891356113262, 36.281090790493032 ], [ 49.986790613643258, 36.281382836872915 ], [ 49.987219484686079, 36.281578150413345 ] ] ] ] } },
{ "type": "Feature", "properties": { "fid": 47, "dauid": "77", "zones_areas_Mantagheh": "یخچال (پنج)", "j_col001_sum": 1402.0 }, "geometry": { "type": "MultiPolygon", "coordinates": [ [ [ [ 50.008391, 36.282401 ], [ 50.0082, 36.281731 ], [ 50.008064, 36.281256 ], [ 50.007992, 36.281003 ], [ 50.007973, 36.280937 ], [ 50.007877, 36.280562 ], [ 50.007867, 36.280523 ], [ 50.007739, 36.280022 ], [ 50.007635, 36.279613 ], [ 50.007535, 36.279221 ], [ 50.007369, 36.278572 ], [ 50.007117, 36.277589 ], [ 50.006836, 36.277846 ], [ 50.00655, 36.278108 ], [ 50.006012, 36.278599 ], [ 50.005267, 36.279279 ], [ 50.005186, 36.279354 ], [ 50.004834, 36.27968 ], [ 50.00483, 36.280053 ], [ 50.004808, 36.280429 ], [ 50.004782, 36.280855 ], [ 50.004755, 36.281316 ], [ 50.004742, 36.281652 ], [ 50.004709, 36.282471 ], [ 50.004783, 36.28283 ], [ 50.004999, 36.283741 ], [ 50.005579, 36.28357 ], [ 50.006296, 36.283271 ], [ 50.006996, 36.282944 ], [ 50.007821, 36.282623 ], [ 50.008391, 36.282401 ] ] ] ] } },
{ "type": "Feature", "properties": { "fid": 48, "dauid": "78", "zones_areas_Mantagheh": "نواب جنوبی (سه)", "j_col001_sum": 2235.0 }, "geometry": { "type": "MultiPolygon", "coordinates": [ [ [ [ 49.999168, 36.28019 ], [ 49.999222, 36.280327 ], [ 49.999261, 36.280414 ], [ 49.999377, 36.280666 ], [ 49.999544, 36.281029 ], [ 49.999704, 36.281378 ], [ 49.999917, 36.281841 ], [ 50.000004, 36.282031 ], [ 50.000095, 36.282219 ], [ 50.000172, 36.282377 ], [ 50.000268, 36.282575 ], [ 50.000392, 36.282831 ], [ 50.00046, 36.28299 ], [ 50.000643, 36.283418 ], [ 50.000693, 36.283535 ], [ 50.000806, 36.283822 ], [ 50.000892, 36.284039 ], [ 50.001108, 36.284247 ], [ 50.001965, 36.284149 ], [ 50.004999, 36.283741 ], [ 50.004783, 36.28283 ], [ 50.004709, 36.282471 ], [ 50.004742, 36.281652 ], [ 50.004755, 36.281316 ], [ 50.004782, 36.280855 ], [ 50.004808, 36.280429 ], [ 50.00483, 36.280053 ], [ 50.004834, 36.27968 ], [ 50.004326, 36.27923 ], [ 50.004192, 36.278952 ], [ 50.004125, 36.278813 ], [ 50.003509, 36.279036 ], [ 50.003363, 36.279088 ], [ 50.002077, 36.279553 ], [ 50.00202, 36.279555 ], [ 50.001581, 36.279565 ], [ 50.001329, 36.279572 ], [ 50.00101, 36.2796 ], [ 50.000926, 36.279608 ], [ 50.000825, 36.279617 ], [ 50.000581, 36.279689 ], [ 50.000274, 36.279779 ], [ 50.000151, 36.279815 ], [ 49.999784, 36.279955 ], [ 49.999677, 36.279996 ], [ 49.999168, 36.28019 ] ] ] ] } },
{ "type": "Feature", "properties": { "fid": 49, "dauid": "79", "zones_areas_Mantagheh": "نواب جنوبی (سه)", "j_col001_sum": 2955.0 }, "geometry": { "type": "MultiPolygon", "coordinates": [ [ [ [ 50.001108, 36.284247 ], [ 50.000892, 36.284039 ], [ 50.000806, 36.283822 ], [ 50.000693, 36.283535 ], [ 50.000643, 36.283418 ], [ 50.00046, 36.28299 ], [ 50.000392, 36.282831 ], [ 50.000268, 36.282575 ], [ 50.000172, 36.282377 ], [ 50.000095, 36.282219 ], [ 50.000004, 36.282031 ], [ 49.999917, 36.281841 ], [ 49.999704, 36.281378 ], [ 49.999544, 36.281029 ], [ 49.999377, 36.280666 ], [ 49.998553, 36.281127 ], [ 49.998461, 36.281178 ], [ 49.998237, 36.281303 ], [ 49.997915, 36.281483 ], [ 49.997741, 36.28158 ], [ 49.997536, 36.281695 ], [ 49.997029, 36.281978 ], [ 49.996725, 36.282147 ], [ 49.996617, 36.282208 ], [ 49.996525, 36.282259 ], [ 49.996455, 36.282298 ], [ 49.996351, 36.282305 ], [ 49.99604, 36.282274 ], [ 49.995988, 36.282374 ], [ 49.99597, 36.28245 ], [ 49.995911, 36.28295 ], [ 49.995893, 36.283102 ], [ 49.995882, 36.28319 ], [ 49.995864, 36.283346 ], [ 49.995853, 36.28344 ], [ 49.995831, 36.283623 ], [ 49.995824, 36.283682 ], [ 49.995789, 36.284 ], [ 49.995761, 36.284257 ], [ 49.995741, 36.284437 ], [ 49.995729, 36.284545 ], [ 49.995659, 36.284636 ], [ 49.995476, 36.28487 ], [ 49.99657, 36.284744 ], [ 49.997249, 36.284666 ], [ 49.997474, 36.28464 ], [ 49.997867, 36.284595 ], [ 49.997935, 36.284587 ], [ 49.998552, 36.284516 ], [ 49.99881, 36.284486 ], [ 49.99911, 36.284457 ], [ 49.999453, 36.284423 ], [ 49.999538, 36.284415 ], [ 50.000236, 36.284346 ], [ 50.000276, 36.284342 ], [ 50.001108, 36.284247 ] ] ] ] } },
{ "type": "Feature", "properties": { "fid": 50, "dauid": "80", "zones_areas_Mantagheh": "نواب جنوبی (سه)", "j_col001_sum": 2688.0 }, "geometry": { "type": "MultiPolygon", "coordinates": [ [ [ [ 49.995476, 36.28487 ], [ 49.995659, 36.284636 ], [ 49.995729, 36.284545 ], [ 49.995741, 36.284437 ], [ 49.995761, 36.284257 ], [ 49.995789, 36.284 ], [ 49.995824, 36.283682 ], [ 49.995831, 36.283623 ], [ 49.995853, 36.28344 ], [ 49.995864, 36.283346 ], [ 49.995882, 36.28319 ], [ 49.995893, 36.283102 ], [ 49.995911, 36.28295 ], [ 49.99597, 36.28245 ], [ 49.995988, 36.282374 ], [ 49.99604, 36.282274 ], [ 49.996068, 36.281953 ], [ 49.996002, 36.281952 ], [ 49.995845, 36.281504 ], [ 49.99579, 36.281352 ], [ 49.995748, 36.281238 ], [ 49.995652, 36.280972 ], [ 49.995605, 36.280842 ], [ 49.995597, 36.28082 ], [ 49.995528, 36.280628 ], [ 49.995454, 36.280426 ], [ 49.995356, 36.280153 ], [ 49.995327, 36.28008 ], [ 49.995092, 36.279471 ], [ 49.995043, 36.279343 ], [ 49.994908, 36.278993 ], [ 49.994856, 36.278856 ], [ 49.994632, 36.278276 ], [ 49.994532, 36.278016 ], [ 49.994404, 36.277684 ], [ 49.994374, 36.277607 ], [ 49.994257, 36.277324 ], [ 49.994229, 36.277256 ], [ 49.994068, 36.276863 ], [ 49.994058, 36.276835 ], [ 49.993878, 36.276315 ], [ 49.99388, 36.276207 ], [ 49.993885, 36.275948 ], [ 49.993887, 36.275931 ], [ 49.993935, 36.275645 ], [ 49.993985, 36.275341 ], [ 49.994017, 36.275154 ], [ 49.993358, 36.2752 ], [ 49.991081, 36.275358 ], [ 49.991469, 36.276921 ], [ 49.991604, 36.277512 ], [ 49.991635, 36.27797 ], [ 49.991635, 36.278331 ], [ 49.991585, 36.278872 ], [ 49.991517, 36.279617 ], [ 49.991438, 36.280242 ], [ 49.991442, 36.280634 ], [ 49.991446, 36.281158 ], [ 49.991447, 36.281259 ], [ 49.991478, 36.281607 ], [ 49.991486, 36.281693 ], [ 49.991563, 36.282816 ], [ 49.99193, 36.282843 ], [ 49.991984, 36.28286 ], [ 49.992239, 36.282943 ], [ 49.992984, 36.283463 ], [ 49.993798, 36.28403 ], [ 49.994561, 36.284562 ], [ 49.994697, 36.284659 ], [ 49.995015, 36.284887 ], [ 49.995157, 36.284989 ], [ 49.995476, 36.28487 ] ] ] ] } },
{ "type": "Feature", "properties": { "fid": 51, "dauid": "81", "zones_areas_Mantagheh": "یخچال (پنج)", "j_col001_sum": 3123.0 }, "geometry": { "type": "MultiPolygon", "coordinates": [ [ [ [ 50.0197, 36.283987 ], [ 50.0216, 36.282681 ], [ 50.021166, 36.282297 ], [ 50.020953, 36.282108 ], [ 50.020928, 36.282084 ], [ 50.020723, 36.281872 ], [ 50.020674, 36.281821 ], [ 50.02041, 36.281551 ], [ 50.02, 36.281129 ], [ 50.019938, 36.281046 ], [ 50.019696, 36.280723 ], [ 50.019598, 36.280593 ], [ 50.019443, 36.280386 ], [ 50.019346, 36.280256 ], [ 50.019276, 36.280165 ], [ 50.01874, 36.279471 ], [ 50.018608, 36.279301 ], [ 50.01848, 36.279134 ], [ 50.018276, 36.278854 ], [ 50.018053, 36.278547 ], [ 50.017507, 36.278821 ], [ 50.017111, 36.278983 ], [ 50.016893, 36.279072 ], [ 50.016229, 36.279341 ], [ 50.015232, 36.279745 ], [ 50.014901, 36.279879 ], [ 50.014334, 36.280109 ], [ 50.013577, 36.280415 ], [ 50.013837, 36.280836 ], [ 50.013911, 36.280954 ], [ 50.014076, 36.28122 ], [ 50.014144, 36.28133 ], [ 50.01428, 36.281548 ], [ 50.014358, 36.281674 ], [ 50.014704, 36.282233 ], [ 50.014759, 36.282322 ], [ 50.014953, 36.282633 ], [ 50.01506, 36.282806 ], [ 50.015283, 36.283166 ], [ 50.015349, 36.283272 ], [ 50.015544, 36.283587 ], [ 50.015589, 36.283658 ], [ 50.015719, 36.283867 ], [ 50.016038, 36.284378 ], [ 50.016061, 36.284415 ], [ 50.016645, 36.285368 ], [ 50.017216, 36.285217 ], [ 50.017343, 36.285183 ], [ 50.017417, 36.285163 ], [ 50.017509, 36.285138 ], [ 50.017601, 36.285112 ], [ 50.017692, 36.285084 ], [ 50.017782, 36.285055 ], [ 50.017872, 36.285025 ], [ 50.017961, 36.284993 ], [ 50.018049, 36.284961 ], [ 50.018136, 36.284927 ], [ 50.018223, 36.284891 ], [ 50.018309, 36.284855 ], [ 50.018395, 36.284817 ], [ 50.018479, 36.284778 ], [ 50.018563, 36.284738 ], [ 50.018646, 36.284697 ], [ 50.01874, 36.284648 ], [ 50.0197, 36.283987 ] ] ] ] } },
{ "type": "Feature", "properties": { "fid": 52, "dauid": "82", "zones_areas_Mantagheh": "یخچال (پنج)", "j_col001_sum": 4615.0 }, "geometry": { "type": "MultiPolygon", "coordinates": [ [ [ [ 50.016645, 36.285368 ], [ 50.016061, 36.284415 ], [ 50.016038, 36.284378 ], [ 50.015719, 36.283867 ], [ 50.015589, 36.283658 ], [ 50.015544, 36.283587 ], [ 50.015349, 36.283272 ], [ 50.015283, 36.283166 ], [ 50.01506, 36.282806 ], [ 50.014953, 36.282633 ], [ 50.014759, 36.282322 ], [ 50.014704, 36.282233 ], [ 50.014358, 36.281674 ], [ 50.01428, 36.281548 ], [ 50.014144, 36.28133 ], [ 50.014076, 36.28122 ], [ 50.013911, 36.280954 ], [ 50.013837, 36.280836 ], [ 50.013577, 36.280415 ], [ 50.012813, 36.280727 ], [ 50.012621, 36.280805 ], [ 50.012329, 36.280925 ], [ 50.011756, 36.28116 ], [ 50.010706, 36.281576 ], [ 50.010148, 36.281777 ], [ 50.009626, 36.281965 ], [ 50.009268, 36.282094 ], [ 50.008391, 36.282401 ], [ 50.008708, 36.282868 ], [ 50.008736, 36.282909 ], [ 50.009015, 36.283349 ], [ 50.009169, 36.283593 ], [ 50.009177, 36.283605 ], [ 50.009298, 36.283796 ], [ 50.009381, 36.283927 ], [ 50.00953, 36.284162 ], [ 50.00958, 36.284239 ], [ 50.009787, 36.284566 ], [ 50.009817, 36.284613 ], [ 50.010038, 36.284974 ], [ 50.010268, 36.285349 ], [ 50.010354, 36.28549 ], [ 50.011282, 36.287006 ], [ 50.011706, 36.286846 ], [ 50.012068, 36.28671 ], [ 50.012605, 36.286525 ], [ 50.013145, 36.286348 ], [ 50.013689, 36.286178 ], [ 50.014236, 36.286016 ], [ 50.015041, 36.285793 ], [ 50.015947, 36.285553 ], [ 50.016327, 36.285452 ], [ 50.016645, 36.285368 ] ] ] ] } },
{ "type": "Feature", "properties": { "fid": 53, "dauid": "83", "zones_areas_Mantagheh": "یخچال (پنج)", "j_col001_sum": 1911.0 }, "geometry": { "type": "MultiPolygon", "coordinates": [ [ [ [ 50.011282, 36.287006 ], [ 50.010354, 36.28549 ], [ 50.010268, 36.285349 ], [ 50.010038, 36.284974 ], [ 50.009817, 36.284613 ], [ 50.009787, 36.284566 ], [ 50.00958, 36.284239 ], [ 50.00953, 36.284162 ], [ 50.009381, 36.283927 ], [ 50.009298, 36.283796 ], [ 50.009177, 36.283605 ], [ 50.009169, 36.283593 ], [ 50.009015, 36.283349 ], [ 50.008736, 36.282909 ], [ 50.008708, 36.282868 ], [ 50.008391, 36.282401 ], [ 50.007821, 36.282623 ], [ 50.006996, 36.282944 ], [ 50.006296, 36.283271 ], [ 50.005579, 36.28357 ], [ 50.004999, 36.283741 ], [ 50.005431, 36.28451 ], [ 50.005741, 36.285062 ], [ 50.005779, 36.285129 ], [ 50.005968, 36.28549 ], [ 50.006198, 36.285928 ], [ 50.006265, 36.286056 ], [ 50.006597, 36.286814 ], [ 50.006822, 36.287444 ], [ 50.007146, 36.288565 ], [ 50.008167, 36.288178 ], [ 50.009031, 36.287851 ], [ 50.011282, 36.287006 ] ] ] ] } },
{ "type": "Feature", "properties": { "fid": 54, "dauid": "84", "zones_areas_Mantagheh": "ملاصدرای جنوبی (شش)", "j_col001_sum": 1850.0 }, "geometry": { "type": "MultiPolygon", "coordinates": [ [ [ [ 50.019613, 36.28987 ], [ 50.020118, 36.289617 ], [ 50.020296, 36.289495 ], [ 50.020357, 36.289414 ], [ 50.020395, 36.289207 ], [ 50.020385, 36.289053 ], [ 50.020361, 36.288874 ], [ 50.02029, 36.288346 ], [ 50.020225, 36.287838 ], [ 50.020143, 36.287309 ], [ 50.020071, 36.286793 ], [ 50.019995, 36.28627 ], [ 50.019961, 36.286031 ], [ 50.019918, 36.285736 ], [ 50.019844, 36.285214 ], [ 50.019756, 36.284908 ], [ 50.0197, 36.283987 ], [ 50.01874, 36.284648 ], [ 50.018646, 36.284697 ], [ 50.018563, 36.284738 ], [ 50.018479, 36.284778 ], [ 50.018395, 36.284817 ], [ 50.018309, 36.284855 ], [ 50.018223, 36.284891 ], [ 50.018136, 36.284927 ], [ 50.018049, 36.284961 ], [ 50.017961, 36.284993 ], [ 50.017872, 36.285025 ], [ 50.017782, 36.285055 ], [ 50.017692, 36.285084 ], [ 50.017601, 36.285112 ], [ 50.017509, 36.285138 ], [ 50.017417, 36.285163 ], [ 50.017343, 36.285183 ], [ 50.017216, 36.285217 ], [ 50.016645, 36.285368 ], [ 50.018279, 36.288203 ], [ 50.018308, 36.288251 ], [ 50.018339, 36.288298 ], [ 50.018415, 36.288415 ], [ 50.018457, 36.288477 ], [ 50.01849, 36.288524 ], [ 50.018525, 36.288572 ], [ 50.018561, 36.288619 ], [ 50.018597, 36.288665 ], [ 50.018635, 36.288711 ], [ 50.019498, 36.28974 ], [ 50.019573, 36.289825 ], [ 50.019613, 36.289869 ], [ 50.019613, 36.28987 ] ] ] ] } },
{ "type": "Feature", "properties": { "fid": 55, "dauid": "85", "zones_areas_Mantagheh": "نواب شمالی (چهار)", "j_col001_sum": 2766.0 }, "geometry": { "type": "MultiPolygon", "coordinates": [ [ [ [ 50.007146, 36.288565 ], [ 50.006822, 36.287444 ], [ 50.006597, 36.286814 ], [ 50.006265, 36.286056 ], [ 50.006198, 36.285928 ], [ 50.005968, 36.28549 ], [ 50.005779, 36.285129 ], [ 50.005741, 36.285062 ], [ 50.005431, 36.28451 ], [ 50.004999, 36.283741 ], [ 50.001965, 36.284149 ], [ 50.001108, 36.284247 ], [ 50.001121, 36.284319 ], [ 50.001224, 36.284883 ], [ 50.001251, 36.285028 ], [ 50.001311, 36.285361 ], [ 50.001328, 36.285452 ], [ 50.001362, 36.285636 ], [ 50.001386, 36.285767 ], [ 50.001406, 36.285881 ], [ 50.001409, 36.285898 ], [ 50.00144, 36.286064 ], [ 50.001504, 36.286442 ], [ 50.00153, 36.28659 ], [ 50.001589, 36.286938 ], [ 50.001595, 36.286966 ], [ 50.001666, 36.287115 ], [ 50.001711, 36.287208 ], [ 50.001945, 36.287389 ], [ 50.001836, 36.287571 ], [ 50.001748, 36.287716 ], [ 50.001715, 36.288057 ], [ 50.001672, 36.288498 ], [ 50.00166, 36.28862 ], [ 50.001635, 36.288868 ], [ 50.001632, 36.288902 ], [ 50.001619, 36.289035 ], [ 50.001609, 36.28931 ], [ 50.001599, 36.289595 ], [ 50.001594, 36.289742 ], [ 50.00158, 36.290122 ], [ 50.001574, 36.290298 ], [ 50.001561, 36.290384 ], [ 50.001532, 36.290574 ], [ 50.00151, 36.290719 ], [ 50.001491, 36.290844 ], [ 50.001413, 36.290852 ], [ 50.00137, 36.291135 ], [ 50.001313, 36.291508 ], [ 50.00127, 36.291793 ], [ 50.001251, 36.291914 ], [ 50.001174, 36.29232 ], [ 50.001216, 36.292285 ], [ 50.001663, 36.291906 ], [ 50.002277, 36.291386 ], [ 50.004606, 36.289332 ], [ 50.00513, 36.289027 ], [ 50.005869, 36.288959 ], [ 50.006467, 36.288814 ], [ 50.007146, 36.288565 ] ] ] ] } },
{ "type": "Feature", "properties": { "fid": 56, "dauid": "86", "zones_areas_Mantagheh": "ملاصدرای جنوبی (شش)", "j_col001_sum": 214.0 }, "geometry": { "type": "MultiPolygon", "coordinates": [ [ [ [ 50.011282, 36.287006 ], [ 50.009031, 36.287851 ], [ 50.008167, 36.288178 ], [ 50.007146, 36.288565 ], [ 50.008108, 36.291095 ], [ 50.008304, 36.291631 ], [ 50.00846, 36.292056 ], [ 50.008572, 36.292363 ], [ 50.009066, 36.293481 ], [ 50.010483, 36.293541 ], [ 50.010537, 36.293099 ], [ 50.010603, 36.292561 ], [ 50.010667, 36.292033 ], [ 50.010732, 36.291498 ], [ 50.010798, 36.290951 ], [ 50.010856, 36.290479 ], [ 50.01091, 36.290031 ], [ 50.010976, 36.289484 ], [ 50.010978, 36.28947 ], [ 50.011014, 36.289175 ], [ 50.011046, 36.288914 ], [ 50.011075, 36.28867 ], [ 50.011109, 36.288392 ], [ 50.011282, 36.287006 ] ] ] ] } },
{ "type": "Feature", "properties": { "fid": 57, "dauid": "87", "zones_areas_Mantagheh": "ملاصدرای جنوبی (شش)", "j_col001_sum": 3334.0 }, "geometry": { "type": "MultiPolygon", "coordinates": [ [ [ [ 50.011282, 36.287006 ], [ 50.011109, 36.288392 ], [ 50.011075, 36.28867 ], [ 50.011046, 36.288914 ], [ 50.011014, 36.289175 ], [ 50.010978, 36.28947 ], [ 50.010976, 36.289484 ], [ 50.01091, 36.290031 ], [ 50.010856, 36.290479 ], [ 50.010798, 36.290951 ], [ 50.010732, 36.291498 ], [ 50.010667, 36.292033 ], [ 50.010603, 36.292561 ], [ 50.010537, 36.293099 ], [ 50.010483, 36.293541 ], [ 50.012445, 36.293624 ], [ 50.012847, 36.293641 ], [ 50.01458, 36.293714 ], [ 50.014805, 36.293724 ], [ 50.016344, 36.293788 ], [ 50.016225, 36.293636 ], [ 50.015947, 36.293302 ], [ 50.015852, 36.293189 ], [ 50.015701, 36.293007 ], [ 50.015326, 36.292644 ], [ 50.014976, 36.292305 ], [ 50.014773, 36.292107 ], [ 50.014626, 36.291965 ], [ 50.014543, 36.291885 ], [ 50.014193, 36.291545 ], [ 50.014081, 36.291437 ], [ 50.014045, 36.291382 ], [ 50.013848, 36.291075 ], [ 50.013648, 36.290765 ], [ 50.01354, 36.290598 ], [ 50.013318, 36.290252 ], [ 50.013299, 36.290223 ], [ 50.013257, 36.290156 ], [ 50.013142, 36.28997 ], [ 50.013012, 36.289761 ], [ 50.012703, 36.289261 ], [ 50.012051, 36.288224 ], [ 50.011282, 36.287006 ] ] ] ] } },
{ "type": "Feature", "properties": { "fid": 58, "dauid": "88", "zones_areas_Mantagheh": "ملاصدرای جنوبی (شش)", "j_col001_sum": 2362.0 }, "geometry": { "type": "MultiPolygon", "coordinates": [ [ [ [ 50.011282, 36.287006 ], [ 50.012051, 36.288224 ], [ 50.012703, 36.289261 ], [ 50.013012, 36.289761 ], [ 50.013142, 36.28997 ], [ 50.013257, 36.290156 ], [ 50.013299, 36.290223 ], [ 50.013318, 36.290252 ], [ 50.01354, 36.290598 ], [ 50.013648, 36.290765 ], [ 50.013848, 36.291075 ], [ 50.014045, 36.291382 ], [ 50.014081, 36.291437 ], [ 50.014193, 36.291545 ], [ 50.014543, 36.291885 ], [ 50.014626, 36.291965 ], [ 50.014773, 36.292107 ], [ 50.014976, 36.292305 ], [ 50.015823, 36.291803 ], [ 50.016487, 36.29141 ], [ 50.017287, 36.29101 ], [ 50.018139, 36.290594 ], [ 50.019613, 36.289869 ], [ 50.019573, 36.289825 ], [ 50.019498, 36.28974 ], [ 50.018635, 36.288711 ], [ 50.018597, 36.288665 ], [ 50.018561, 36.288619 ], [ 50.018525, 36.288572 ], [ 50.01849, 36.288524 ], [ 50.018457, 36.288477 ], [ 50.018415, 36.288415 ], [ 50.018339, 36.288298 ], [ 50.018308, 36.288251 ], [ 50.018279, 36.288203 ], [ 50.016645, 36.285368 ], [ 50.016327, 36.285452 ], [ 50.015947, 36.285553 ], [ 50.015041, 36.285793 ], [ 50.014236, 36.286016 ], [ 50.013689, 36.286178 ], [ 50.013145, 36.286348 ], [ 50.012605, 36.286525 ], [ 50.012068, 36.28671 ], [ 50.011706, 36.286846 ], [ 50.011282, 36.287006 ] ] ] ] } },
{ "type": "Feature", "properties": { "fid": 59, "dauid": "89", "zones_areas_Mantagheh": "نواب شمالی (چهار)", "j_col001_sum": 3214.0 }, "geometry": { "type": "MultiPolygon", "coordinates": [ [ [ [ 50.009066, 36.293481 ], [ 50.008572, 36.292363 ], [ 50.00846, 36.292056 ], [ 50.008304, 36.291631 ], [ 50.008108, 36.291095 ], [ 50.007146, 36.288565 ], [ 50.006467, 36.288814 ], [ 50.005869, 36.288959 ], [ 50.00513, 36.289027 ], [ 50.004606, 36.289332 ], [ 50.004732, 36.29005 ], [ 50.004841, 36.290665 ], [ 50.00491, 36.291053 ], [ 50.004937, 36.291204 ], [ 50.004968, 36.291477 ], [ 50.004996, 36.291722 ], [ 50.004904, 36.291929 ], [ 50.004837, 36.29208 ], [ 50.004822, 36.292109 ], [ 50.004634, 36.292477 ], [ 50.004535, 36.292672 ], [ 50.004375, 36.292986 ], [ 50.004248, 36.293235 ], [ 50.004044, 36.293635 ], [ 50.003782, 36.294147 ], [ 50.003592, 36.294521 ], [ 50.004391, 36.29436 ], [ 50.006085, 36.294019 ], [ 50.006451, 36.293945 ], [ 50.007152, 36.293804 ], [ 50.007315, 36.293771 ], [ 50.00873, 36.293486 ], [ 50.00874, 36.293484 ], [ 50.00875, 36.293483 ], [ 50.008759, 36.293481 ], [ 50.008769, 36.29348 ], [ 50.008778, 36.293478 ], [ 50.008788, 36.293477 ], [ 50.008798, 36.293476 ], [ 50.008807, 36.293475 ], [ 50.008817, 36.293475 ], [ 50.008827, 36.293474 ], [ 50.008836, 36.293474 ], [ 50.008846, 36.293473 ], [ 50.008856, 36.293473 ], [ 50.008865, 36.293473 ], [ 50.008875, 36.293473 ], [ 50.008885, 36.293473 ], [ 50.008895, 36.293474 ], [ 50.009066, 36.293481 ] ] ] ] } },
{ "type": "Feature", "properties": { "fid": 60, "dauid": "90", "zones_areas_Mantagheh": "نواب شمالی (چهار)", "j_col001_sum": 5099.0 }, "geometry": { "type": "MultiPolygon", "coordinates": [ [ [ [ 49.989687078901646, 36.293902975715554 ], [ 49.989675626629754, 36.293959789113352 ], [ 49.991486, 36.29448 ], [ 49.992995, 36.294914 ], [ 49.994175, 36.295253 ], [ 49.994657, 36.295392 ], [ 49.994684, 36.295399 ], [ 49.9947, 36.295403 ], [ 49.994717, 36.295406 ], [ 49.994733, 36.29541 ], [ 49.994749, 36.295413 ], [ 49.994766, 36.295416 ], [ 49.994782, 36.295418 ], [ 49.994799, 36.295421 ], [ 49.994816, 36.295423 ], [ 49.994832, 36.295425 ], [ 49.994849, 36.295426 ], [ 49.994866, 36.295428 ], [ 49.994883, 36.295429 ], [ 49.994899, 36.29543 ], [ 49.994916, 36.295431 ], [ 49.994933, 36.295431 ], [ 49.99495, 36.295431 ], [ 49.994967, 36.295431 ], [ 49.994984, 36.295431 ], [ 49.995001, 36.295431 ], [ 49.995017, 36.29543 ], [ 49.996719, 36.295459 ], [ 49.996709, 36.295236 ], [ 49.996703, 36.29513 ], [ 49.996673, 36.294647 ], [ 49.996647, 36.294214 ], [ 49.996615, 36.293754 ], [ 49.996599, 36.29354 ], [ 49.996591, 36.293428 ], [ 49.996582, 36.293319 ], [ 49.996567, 36.293116 ], [ 49.996552, 36.292877 ], [ 49.996551, 36.292868 ], [ 49.996524, 36.292453 ], [ 49.996522, 36.292418 ], [ 49.996511, 36.292251 ], [ 49.996502, 36.2921 ], [ 49.996492, 36.291963 ], [ 49.996462, 36.29151 ], [ 49.996456, 36.291421 ], [ 49.996432, 36.291066 ], [ 49.996423, 36.290941 ], [ 49.996388, 36.290596 ], [ 49.996383, 36.290547 ], [ 49.996381, 36.290529 ], [ 49.996355, 36.290269 ], [ 49.996346, 36.290184 ], [ 49.996331, 36.290037 ], [ 49.996303, 36.289759 ], [ 49.996298, 36.28971 ], [ 49.996267, 36.289409 ], [ 49.996246, 36.289279 ], [ 49.996226, 36.289159 ], [ 49.996177, 36.288862 ], [ 49.996165, 36.28879 ], [ 49.996124, 36.288534 ], [ 49.996089, 36.288321 ], [ 49.996055, 36.28813 ], [ 49.996042, 36.288053 ], [ 49.996007, 36.287852 ], [ 49.995996, 36.287788 ], [ 49.995928, 36.287398 ], [ 49.995911, 36.287298 ], [ 49.99587, 36.287065 ], [ 49.995829, 36.286826 ], [ 49.995824, 36.286799 ], [ 49.995806, 36.286695 ], [ 49.995788, 36.286593 ], [ 49.99578, 36.286549 ], [ 49.995746, 36.286358 ], [ 49.995737, 36.286312 ], [ 49.995677, 36.285978 ], [ 49.995668, 36.285927 ], [ 49.99565, 36.285828 ], [ 49.995616, 36.285642 ], [ 49.995592, 36.285512 ], [ 49.995518, 36.285099 ], [ 49.995476, 36.28487 ], [ 49.995157, 36.284989 ], [ 49.995015, 36.284887 ], [ 49.994697, 36.284659 ], [ 49.994561, 36.284562 ], [ 49.993798, 36.28403 ], [ 49.992984, 36.283463 ], [ 49.992239, 36.282943 ], [ 49.991984, 36.28286 ], [ 49.99193, 36.282843 ], [ 49.991563, 36.282816 ], [ 49.991613, 36.283587 ], [ 49.991666, 36.284416 ], [ 49.991757, 36.285521 ], [ 49.991774, 36.285719 ], [ 49.991777, 36.285762 ], [ 49.991778, 36.285795 ], [ 49.991779, 36.285828 ], [ 49.991779, 36.285861 ], [ 49.991778, 36.285894 ], [ 49.991777, 36.285927 ], [ 49.991775, 36.28596 ], [ 49.991772, 36.285993 ], [ 49.991768, 36.286026 ], [ 49.991764, 36.286059 ], [ 49.991759, 36.286092 ], [ 49.991753, 36.286125 ], [ 49.991737, 36.286212 ], [ 49.991708, 36.286398 ], [ 49.991607, 36.287024 ], [ 49.991448, 36.288019 ], [ 49.991187, 36.289816 ], [ 49.990973, 36.290474 ], [ 49.990611, 36.291585 ], [ 49.990603, 36.29161 ], [ 49.990388, 36.292119 ], [ 49.990144, 36.292698 ], [ 49.989703449595041, 36.293821761703704 ], [ 49.989687078901646, 36.293902975715554 ] ] ] ] } },
{ "type": "Feature", "properties": { "fid": 61, "dauid": "91", "zones_areas_Mantagheh": "نواب شمالی (چهار)", "j_col001_sum": 6616.0 }, "geometry": { "type": "MultiPolygon", "coordinates": [ [ [ [ 49.997867, 36.284595 ], [ 49.997474, 36.28464 ], [ 49.997249, 36.284666 ], [ 49.99657, 36.284744 ], [ 49.995476, 36.28487 ], [ 49.995518, 36.285099 ], [ 49.995592, 36.285512 ], [ 49.995616, 36.285642 ], [ 49.99565, 36.285828 ], [ 49.995668, 36.285927 ], [ 49.995677, 36.285978 ], [ 49.995737, 36.286312 ], [ 49.995746, 36.286358 ], [ 49.99578, 36.286549 ], [ 49.995788, 36.286593 ], [ 49.995806, 36.286695 ], [ 49.995824, 36.286799 ], [ 49.995829, 36.286826 ], [ 49.99587, 36.287065 ], [ 49.995911, 36.287298 ], [ 49.995928, 36.287398 ], [ 49.995996, 36.287788 ], [ 49.996007, 36.287852 ], [ 49.996042, 36.288053 ], [ 49.996055, 36.28813 ], [ 49.996089, 36.288321 ], [ 49.996124, 36.288534 ], [ 49.996165, 36.28879 ], [ 49.996177, 36.288862 ], [ 49.996226, 36.289159 ], [ 49.996246, 36.289279 ], [ 49.996267, 36.289409 ], [ 49.996298, 36.28971 ], [ 49.996303, 36.289759 ], [ 49.996331, 36.290037 ], [ 49.996346, 36.290184 ], [ 49.996355, 36.290269 ], [ 49.996381, 36.290529 ], [ 49.996383, 36.290547 ], [ 49.996388, 36.290596 ], [ 49.996423, 36.290941 ], [ 49.996432, 36.291066 ], [ 49.996456, 36.291421 ], [ 49.996462, 36.29151 ], [ 49.996492, 36.291963 ], [ 49.996502, 36.2921 ], [ 49.996511, 36.292251 ], [ 49.996522, 36.292418 ], [ 49.996524, 36.292453 ], [ 49.996551, 36.292868 ], [ 49.996552, 36.292877 ], [ 49.996567, 36.293116 ], [ 49.996582, 36.293319 ], [ 49.996591, 36.293428 ], [ 49.996599, 36.29354 ], [ 49.996615, 36.293754 ], [ 49.996647, 36.294214 ], [ 49.996673, 36.294647 ], [ 49.996703, 36.29513 ], [ 49.996709, 36.295236 ], [ 49.996719, 36.295459 ], [ 49.997439, 36.295471 ], [ 49.998641, 36.294467 ], [ 49.999489, 36.293749 ], [ 49.999743, 36.293533 ], [ 50.000167, 36.293174 ], [ 50.000028, 36.292748 ], [ 49.999958, 36.29252 ], [ 49.999892, 36.292307 ], [ 49.999823, 36.292082 ], [ 49.999781, 36.291946 ], [ 49.999773, 36.291919 ], [ 49.999729, 36.291776 ], [ 49.999699, 36.291678 ], [ 49.99969, 36.291651 ], [ 49.999656, 36.291429 ], [ 49.999649, 36.291389 ], [ 49.999624, 36.291229 ], [ 49.999611, 36.291146 ], [ 49.999594, 36.291034 ], [ 49.999571, 36.290892 ], [ 49.999554, 36.290783 ], [ 49.999538, 36.290679 ], [ 49.999534, 36.290652 ], [ 49.999492, 36.290385 ], [ 49.999479, 36.290306 ], [ 49.999426, 36.290043 ], [ 49.999421, 36.290018 ], [ 49.9994, 36.289928 ], [ 49.999356, 36.289727 ], [ 49.999348, 36.289692 ], [ 49.999294, 36.289447 ], [ 49.999268, 36.28933 ], [ 49.999218, 36.289106 ], [ 49.999155, 36.28895 ], [ 49.999058, 36.288707 ], [ 49.99898, 36.288513 ], [ 49.998908, 36.288335 ], [ 49.998873, 36.288248 ], [ 49.998842, 36.288171 ], [ 49.998745, 36.287928 ], [ 49.998711, 36.287844 ], [ 49.998678, 36.287762 ], [ 49.998632, 36.287648 ], [ 49.998599, 36.287564 ], [ 49.998535, 36.287407 ], [ 49.998473, 36.287252 ], [ 49.998451, 36.287138 ], [ 49.998442, 36.287095 ], [ 49.998411, 36.286937 ], [ 49.998361, 36.286683 ], [ 49.998313, 36.286437 ], [ 49.998306, 36.286405 ], [ 49.998288, 36.286309 ], [ 49.998282, 36.28623 ], [ 49.998273, 36.286075 ], [ 49.998261, 36.285897 ], [ 49.998255, 36.285808 ], [ 49.998251, 36.28574 ], [ 49.998231, 36.285681 ], [ 49.998206, 36.285606 ], [ 49.998161, 36.285471 ], [ 49.998092, 36.285267 ], [ 49.998031, 36.285084 ], [ 49.998002, 36.284997 ], [ 49.997958, 36.284866 ], [ 49.997944, 36.284825 ], [ 49.997867, 36.284595 ] ] ] ] } },
{ "type": "Feature", "properties": { "fid": 62, "dauid": "92", "zones_areas_Mantagheh": "ملاصدرای جنوبی (شش)", "j_col001_sum": 1516.0 }, "geometry": { "type": "MultiPolygon", "coordinates": [ [ [ [ 50.025722, 36.298545 ], [ 50.027883, 36.297099 ], [ 50.027824, 36.297008 ], [ 50.027763, 36.296919 ], [ 50.0277, 36.29683 ], [ 50.027635, 36.296743 ], [ 50.027568, 36.296656 ], [ 50.027499, 36.29657 ], [ 50.027429, 36.296485 ], [ 50.027356, 36.296401 ], [ 50.027282, 36.296318 ], [ 50.027206, 36.296237 ], [ 50.027129, 36.296156 ], [ 50.027049, 36.296077 ], [ 50.026945, 36.295976 ], [ 50.026732, 36.295776 ], [ 50.026463, 36.295523 ], [ 50.025684, 36.29479 ], [ 50.025126, 36.294276 ], [ 50.024531, 36.29373 ], [ 50.024206, 36.293438 ], [ 50.023685, 36.29383 ], [ 50.023671, 36.29384 ], [ 50.023657, 36.29385 ], [ 50.023643, 36.29386 ], [ 50.023628, 36.29387 ], [ 50.023614, 36.293879 ], [ 50.023599, 36.293889 ], [ 50.023583, 36.293898 ], [ 50.023568, 36.293906 ], [ 50.023553, 36.293915 ], [ 50.023537, 36.293923 ], [ 50.023521, 36.293932 ], [ 50.023505, 36.29394 ], [ 50.023489, 36.293947 ], [ 50.023472, 36.293955 ], [ 50.023456, 36.293962 ], [ 50.023439, 36.293969 ], [ 50.023422, 36.293976 ], [ 50.023405, 36.293982 ], [ 50.023388, 36.293989 ], [ 50.02337, 36.293995 ], [ 50.023353, 36.294001 ], [ 50.023335, 36.294006 ], [ 50.023318, 36.294012 ], [ 50.0233, 36.294017 ], [ 50.023282, 36.294021 ], [ 50.023264, 36.294026 ], [ 50.023246, 36.29403 ], [ 50.023228, 36.294034 ], [ 50.02321, 36.294038 ], [ 50.023191, 36.294042 ], [ 50.023173, 36.294045 ], [ 50.023154, 36.294048 ], [ 50.023136, 36.294051 ], [ 50.023117, 36.294053 ], [ 50.023099, 36.294056 ], [ 50.02308, 36.294057 ], [ 50.023061, 36.294059 ], [ 50.023042, 36.294061 ], [ 50.023024, 36.294062 ], [ 50.023005, 36.294063 ], [ 50.022986, 36.294063 ], [ 50.022967, 36.294064 ], [ 50.022948, 36.294064 ], [ 50.022929, 36.294064 ], [ 50.022895, 36.294063 ], [ 50.022864, 36.294061 ], [ 50.022121, 36.294031 ], [ 50.022346, 36.29455 ], [ 50.022355, 36.294569 ], [ 50.022543, 36.294949 ], [ 50.022578, 36.29502 ], [ 50.022628, 36.295079 ], [ 50.022988, 36.295494 ], [ 50.023164, 36.295691 ], [ 50.023383, 36.295935 ], [ 50.02356, 36.296133 ], [ 50.023712, 36.296303 ], [ 50.023781, 36.296379 ], [ 50.023874, 36.296483 ], [ 50.024099, 36.296733 ], [ 50.024154, 36.296795 ], [ 50.024496, 36.297177 ], [ 50.024544, 36.29723 ], [ 50.024651, 36.297349 ], [ 50.024784, 36.297498 ], [ 50.024931, 36.297662 ], [ 50.025174, 36.297933 ], [ 50.025188, 36.297949 ], [ 50.025722, 36.298545 ] ] ] ] } },
{ "type": "Feature", "properties": { "fid": 63, "dauid": "93", "zones_areas_Mantagheh": "ملاصدرای جنوبی (شش)", "j_col001_sum": 7291.0 }, "geometry": { "type": "MultiPolygon", "coordinates": [ [ [ [ 50.025722, 36.298545 ], [ 50.025188, 36.297949 ], [ 50.025174, 36.297933 ], [ 50.024931, 36.297662 ], [ 50.024784, 36.297498 ], [ 50.024651, 36.297349 ], [ 50.024544, 36.29723 ], [ 50.024496, 36.297177 ], [ 50.024154, 36.296795 ], [ 50.024099, 36.296733 ], [ 50.023874, 36.296483 ], [ 50.023781, 36.296379 ], [ 50.023712, 36.296303 ], [ 50.02356, 36.296133 ], [ 50.023383, 36.295935 ], [ 50.023164, 36.295691 ], [ 50.022988, 36.295494 ], [ 50.022628, 36.295079 ], [ 50.022578, 36.29502 ], [ 50.022543, 36.294949 ], [ 50.022355, 36.294569 ], [ 50.022346, 36.29455 ], [ 50.022121, 36.294031 ], [ 50.020726, 36.293984 ], [ 50.020706, 36.293983 ], [ 50.018357, 36.293878 ], [ 50.016344, 36.293788 ], [ 50.016671, 36.294232 ], [ 50.016896, 36.294538 ], [ 50.017173, 36.294915 ], [ 50.017393, 36.295212 ], [ 50.017597, 36.295482 ], [ 50.017871, 36.295842 ], [ 50.018039, 36.296065 ], [ 50.018351, 36.296475 ], [ 50.018467, 36.296628 ], [ 50.018578, 36.296775 ], [ 50.018836, 36.29712 ], [ 50.018957, 36.297281 ], [ 50.019216, 36.297627 ], [ 50.019417, 36.297895 ], [ 50.019592, 36.298128 ], [ 50.019733, 36.298317 ], [ 50.019919, 36.298564 ], [ 50.020302, 36.299076 ], [ 50.020633, 36.299517 ], [ 50.020925, 36.299906 ], [ 50.021188, 36.300257 ], [ 50.021386, 36.300522 ], [ 50.02186, 36.30117 ], [ 50.023327, 36.300173 ], [ 50.024343, 36.299482 ], [ 50.025651, 36.298594 ], [ 50.025722, 36.298545 ] ] ] ] } },
{ "type": "Feature", "properties": { "fid": 64, "dauid": "94", "zones_areas_Mantagheh": "نواب شمالی (چهار)", "j_col001_sum": 5407.0 }, "geometry": { "type": "MultiPolygon", "coordinates": [ [ [ [ 50.003592, 36.294521 ], [ 50.003782, 36.294147 ], [ 50.004044, 36.293635 ], [ 50.004248, 36.293235 ], [ 50.004375, 36.292986 ], [ 50.004535, 36.292672 ], [ 50.004634, 36.292477 ], [ 50.004822, 36.292109 ], [ 50.004837, 36.29208 ], [ 50.004904, 36.291929 ], [ 50.004996, 36.291722 ], [ 50.004968, 36.291477 ], [ 50.004937, 36.291204 ], [ 50.00491, 36.291053 ], [ 50.004841, 36.290665 ], [ 50.004732, 36.29005 ], [ 50.004606, 36.289332 ], [ 50.002277, 36.291386 ], [ 50.001663, 36.291906 ], [ 50.001216, 36.292285 ], [ 50.001174, 36.29232 ], [ 50.000167, 36.293174 ], [ 49.999743, 36.293533 ], [ 49.999489, 36.293749 ], [ 49.998641, 36.294467 ], [ 49.997439, 36.295471 ], [ 49.996719, 36.295459 ], [ 49.996724, 36.295572 ], [ 49.996887, 36.296323 ], [ 49.997027, 36.29669 ], [ 49.997184, 36.296986 ], [ 49.997292, 36.297191 ], [ 49.997436, 36.297385 ], [ 49.99773, 36.297782 ], [ 49.998236, 36.298267 ], [ 49.998352, 36.298379 ], [ 49.998621, 36.298675 ], [ 49.999135, 36.299243 ], [ 49.999637, 36.299797 ], [ 50.000846, 36.301129 ], [ 50.000809, 36.300063 ], [ 50.000881, 36.299835 ], [ 50.001019, 36.299563 ], [ 50.001223, 36.299164 ], [ 50.001477, 36.298667 ], [ 50.001486, 36.298649 ], [ 50.001737, 36.298156 ], [ 50.001985, 36.297671 ], [ 50.002246, 36.297159 ], [ 50.00245, 36.296759 ], [ 50.00271, 36.29625 ], [ 50.002737, 36.296197 ], [ 50.002988, 36.295704 ], [ 50.003267, 36.295157 ], [ 50.003523, 36.294655 ], [ 50.003531, 36.29464 ], [ 50.003592, 36.294521 ] ] ] ] } },
{ "type": "Feature", "properties": { "fid": 65, "dauid": "95", "zones_areas_Mantagheh": "نواب شمالی (چهار)", "j_col001_sum": 5503.0 }, "geometry": { "type": "MultiPolygon", "coordinates": [ [ [ [ 50.00245, 36.296759 ], [ 50.002246, 36.297159 ], [ 50.001985, 36.297671 ], [ 50.001737, 36.298156 ], [ 50.001486, 36.298649 ], [ 50.001477, 36.298667 ], [ 50.001223, 36.299164 ], [ 50.001019, 36.299563 ], [ 50.000881, 36.299835 ], [ 50.000809, 36.300063 ], [ 50.000846, 36.301129 ], [ 50.00166, 36.300785 ], [ 50.00202, 36.300665 ], [ 50.002138, 36.300626 ], [ 50.002473, 36.300572 ], [ 50.002887, 36.300564 ], [ 50.003389, 36.300641 ], [ 50.004018, 36.300845 ], [ 50.00607, 36.301542 ], [ 50.006427, 36.301642 ], [ 50.006978, 36.301698 ], [ 50.00809, 36.301762 ], [ 50.008403, 36.30178 ], [ 50.009563, 36.301846 ], [ 50.010114, 36.301919 ], [ 50.00989, 36.300987 ], [ 50.009796, 36.300599 ], [ 50.009787, 36.30056 ], [ 50.009686, 36.300138 ], [ 50.009667, 36.300062 ], [ 50.009662, 36.30002 ], [ 50.009625, 36.299708 ], [ 50.009573, 36.299279 ], [ 50.009528, 36.298901 ], [ 50.009527, 36.298898 ], [ 50.009496, 36.298642 ], [ 50.008688, 36.298669 ], [ 50.008302, 36.298681 ], [ 50.008012, 36.298586 ], [ 50.006267, 36.298013 ], [ 50.004381, 36.297394 ], [ 50.003609, 36.29714 ], [ 50.00245, 36.296759 ] ] ] ] } },
{ "type": "Feature", "properties": { "fid": 66, "dauid": "96", "zones_areas_Mantagheh": "ملاصدرای جنوبی (شش)", "j_col001_sum": 6566.0 }, "geometry": { "type": "MultiPolygon", "coordinates": [ [ [ [ 50.009496, 36.298642 ], [ 50.009527, 36.298898 ], [ 50.009528, 36.298901 ], [ 50.009573, 36.299279 ], [ 50.009625, 36.299708 ], [ 50.009662, 36.30002 ], [ 50.009667, 36.300062 ], [ 50.009686, 36.300138 ], [ 50.009787, 36.30056 ], [ 50.009796, 36.300599 ], [ 50.00989, 36.300987 ], [ 50.010114, 36.301919 ], [ 50.010732, 36.30195 ], [ 50.012363, 36.302029 ], [ 50.018817, 36.302343 ], [ 50.01966, 36.30234 ], [ 50.020151, 36.302223 ], [ 50.020835, 36.301862 ], [ 50.021161, 36.301642 ], [ 50.02186, 36.30117 ], [ 50.021386, 36.300522 ], [ 50.021188, 36.300257 ], [ 50.020925, 36.299906 ], [ 50.020633, 36.299517 ], [ 50.020302, 36.299076 ], [ 50.019919, 36.298564 ], [ 50.019733, 36.298317 ], [ 50.019592, 36.298128 ], [ 50.019417, 36.297895 ], [ 50.019216, 36.297627 ], [ 50.018957, 36.297281 ], [ 50.018836, 36.29712 ], [ 50.018578, 36.296775 ], [ 50.018467, 36.296628 ], [ 50.018351, 36.296475 ], [ 50.017038, 36.297203 ], [ 50.015969, 36.297808 ], [ 50.015441, 36.298072 ], [ 50.014769, 36.298256 ], [ 50.012136, 36.298355 ], [ 50.011513, 36.298383 ], [ 50.01104, 36.298409 ], [ 50.009476, 36.298474 ], [ 50.009496, 36.298642 ] ] ] ] } },
{ "type": "Feature", "properties": { "fid": 67, "dauid": "97", "zones_areas_Mantagheh": "نواب شمالی (چهار)", "j_col001_sum": 2003.0 }, "geometry": { "type": "MultiPolygon", "coordinates": [ [ [ [ 49.989673555289315, 36.293970064793967 ], [ 49.989242884568824, 36.296106503077965 ], [ 49.989239, 36.296142 ], [ 49.989216, 36.296408 ], [ 49.989205, 36.29653 ], [ 49.989194, 36.296619 ], [ 49.989182, 36.296707 ], [ 49.989168, 36.296795 ], [ 49.989151, 36.296884 ], [ 49.989133, 36.296971 ], [ 49.989113, 36.297059 ], [ 49.989091, 36.297146 ], [ 49.989067, 36.297233 ], [ 49.989042, 36.29732 ], [ 49.989014, 36.297406 ], [ 49.988985, 36.297492 ], [ 49.988709, 36.298256 ], [ 49.988635, 36.298453 ], [ 49.988572, 36.298615 ], [ 49.98845, 36.298917 ], [ 49.988322, 36.299214 ], [ 49.988187, 36.299509 ], [ 49.988033, 36.29983 ], [ 49.987337, 36.301237 ], [ 49.987203, 36.301529 ], [ 49.987425, 36.301632 ], [ 49.987597, 36.30168 ], [ 49.987763, 36.301743 ], [ 49.987901, 36.301794 ], [ 49.988003, 36.301844 ], [ 49.988096, 36.301891 ], [ 49.988171, 36.30193 ], [ 49.988188, 36.301939 ], [ 49.988279, 36.301989 ], [ 49.988369, 36.30204 ], [ 49.988458, 36.302092 ], [ 49.988914, 36.302344 ], [ 49.989372, 36.302594 ], [ 49.989382, 36.3026 ], [ 49.989842, 36.302859 ], [ 49.990182, 36.303049 ], [ 49.990426, 36.30283 ], [ 49.991956, 36.301501 ], [ 49.994563, 36.299226 ], [ 49.995976, 36.298005 ], [ 49.997184, 36.296986 ], [ 49.997027, 36.29669 ], [ 49.996887, 36.296323 ], [ 49.996724, 36.295572 ], [ 49.996719, 36.295459 ], [ 49.995017, 36.29543 ], [ 49.995001, 36.295431 ], [ 49.994984, 36.295431 ], [ 49.994967, 36.295431 ], [ 49.99495, 36.295431 ], [ 49.994933, 36.295431 ], [ 49.994916, 36.295431 ], [ 49.994899, 36.29543 ], [ 49.994883, 36.295429 ], [ 49.994866, 36.295428 ], [ 49.994849, 36.295426 ], [ 49.994832, 36.295425 ], [ 49.994816, 36.295423 ], [ 49.994799, 36.295421 ], [ 49.994782, 36.295418 ], [ 49.994766, 36.295416 ], [ 49.994749, 36.295413 ], [ 49.994733, 36.29541 ], [ 49.994717, 36.295406 ], [ 49.9947, 36.295403 ], [ 49.994684, 36.295399 ], [ 49.994657, 36.295392 ], [ 49.994175, 36.295253 ], [ 49.992995, 36.294914 ], [ 49.991486, 36.29448 ], [ 49.989675626629754, 36.293959789113352 ], [ 49.989673555289315, 36.293970064793967 ] ] ] ] } },
{ "type": "Feature", "properties": { "fid": 68, "dauid": "99", "zones_areas_Mantagheh": "ملاصدرای جنوبی (شش)", "j_col001_sum": 2283.0 }, "geometry": { "type": "MultiPolygon", "coordinates": [ [ [ [ 50.02186, 36.30117 ], [ 50.021161, 36.301642 ], [ 50.020835, 36.301862 ], [ 50.020151, 36.302223 ], [ 50.01966, 36.30234 ], [ 50.018817, 36.302343 ], [ 50.012363, 36.302029 ], [ 50.010732, 36.30195 ], [ 50.010114, 36.301919 ], [ 50.01139, 36.305239 ], [ 50.012843, 36.305186 ], [ 50.014521, 36.305124 ], [ 50.015028, 36.305106 ], [ 50.015037, 36.305105 ], [ 50.015047, 36.305105 ], [ 50.016081, 36.305037 ], [ 50.016476, 36.305011 ], [ 50.016493, 36.30501 ], [ 50.016509, 36.30501 ], [ 50.016526, 36.305009 ], [ 50.016542, 36.305009 ], [ 50.016559, 36.305009 ], [ 50.016575, 36.305009 ], [ 50.016592, 36.305009 ], [ 50.016608, 36.30501 ], [ 50.016625, 36.305011 ], [ 50.016641, 36.305012 ], [ 50.016658, 36.305014 ], [ 50.016674, 36.305015 ], [ 50.01669, 36.305017 ], [ 50.016707, 36.305019 ], [ 50.016723, 36.305021 ], [ 50.016746, 36.305025 ], [ 50.017093, 36.305084 ], [ 50.017137, 36.305091 ], [ 50.018886, 36.305387 ], [ 50.019387, 36.305472 ], [ 50.020569, 36.305689 ], [ 50.020949, 36.305758 ], [ 50.021958, 36.305944 ], [ 50.024052, 36.306328 ], [ 50.025866, 36.30666 ], [ 50.026566, 36.306788 ], [ 50.027333, 36.306939 ], [ 50.026613, 36.306526 ], [ 50.025983, 36.305876 ], [ 50.024768, 36.30463 ], [ 50.023304, 36.303128 ], [ 50.022815, 36.302536 ], [ 50.022263, 36.301709 ], [ 50.02186, 36.30117 ] ] ] ] } },
{ "type": "Feature", "properties": { "fid": 69, "dauid": "100", "zones_areas_Mantagheh": "نواب شمالی (چهار)", "j_col001_sum": 3264.0 }, "geometry": { "type": "MultiPolygon", "coordinates": [ [ [ [ 49.986281543958349, 36.303397892011866 ], [ 49.986291324461668, 36.303476069340917 ], [ 49.986292303372977, 36.303554641935555 ], [ 49.986284473399373, 36.303632963207114 ], [ 49.986267898654233, 36.303710384419325 ], [ 49.986242716462506, 36.303786272861529 ], [ 49.986117787757046, 36.304115038355071 ], [ 49.986000538884539, 36.304445651597803 ], [ 49.985959329327308, 36.304573301683767 ], [ 49.98592271821412, 36.304701865083977 ], [ 49.985890732799156, 36.304831233637678 ], [ 49.985821580506844, 36.305129631741927 ], [ 49.985638699257215, 36.30566444167944 ], [ 49.985382951275511, 36.306539006342277 ], [ 49.985382951275511, 36.306539006342277 ], [ 49.987209, 36.306441 ], [ 49.991157, 36.306221 ], [ 49.991446, 36.306205 ], [ 49.991456, 36.304061 ], [ 49.991458, 36.303558 ], [ 49.991077, 36.303474 ], [ 49.991059, 36.30347 ], [ 49.991041, 36.303466 ], [ 49.991023, 36.303462 ], [ 49.991005, 36.303457 ], [ 49.990987, 36.303452 ], [ 49.990969, 36.303447 ], [ 49.990952, 36.303442 ], [ 49.990934, 36.303436 ], [ 49.990917, 36.30343 ], [ 49.9909, 36.303424 ], [ 49.990883, 36.303418 ], [ 49.990866, 36.303411 ], [ 49.990842, 36.303402 ], [ 49.990474, 36.303208 ], [ 49.990393, 36.303166 ], [ 49.990313, 36.303122 ], [ 49.990182, 36.303049 ], [ 49.989842, 36.302859 ], [ 49.989382, 36.3026 ], [ 49.989372, 36.302594 ], [ 49.988914, 36.302344 ], [ 49.988458, 36.302092 ], [ 49.988369, 36.30204 ], [ 49.988279, 36.301989 ], [ 49.988188, 36.301939 ], [ 49.988171, 36.30193 ], [ 49.988096, 36.301891 ], [ 49.988003, 36.301844 ], [ 49.987901, 36.301794 ], [ 49.987763, 36.301743 ], [ 49.987597, 36.30168 ], [ 49.987425, 36.301632 ], [ 49.987203, 36.301529 ], [ 49.98719, 36.301558 ], [ 49.987132, 36.301685 ], [ 49.986557, 36.302641 ], [ 49.986406, 36.303018 ], [ 49.986267954481697, 36.303341228530662 ], [ 49.986281543958349, 36.303397892011866 ] ] ] ] } },
{ "type": "Feature", "properties": { "fid": 70, "dauid": "98", "zones_areas_Mantagheh": "نواب شمالی (چهار)", "j_col001_sum": 0.0 }, "geometry": { "type": "MultiPolygon", "coordinates": [ [ [ [ 49.991458, 36.303558 ], [ 49.991456, 36.304061 ], [ 49.991446, 36.306205 ], [ 49.996166, 36.305944 ], [ 49.996166, 36.305943 ], [ 49.996167, 36.305943 ], [ 49.998981, 36.305865 ], [ 50.001458, 36.305748 ], [ 50.002882, 36.305672 ], [ 50.002882, 36.305671 ], [ 50.002813, 36.304108 ], [ 50.002678, 36.303619 ], [ 50.002497, 36.303237 ], [ 50.002133, 36.302721 ], [ 50.001708, 36.302196 ], [ 50.000846, 36.301129 ], [ 50.000477, 36.301288 ], [ 49.998297, 36.302226 ], [ 49.997106, 36.302747 ], [ 49.99591, 36.303257 ], [ 49.99533, 36.303507 ], [ 49.994746, 36.30375 ], [ 49.994693, 36.303772 ], [ 49.994639, 36.303792 ], [ 49.994585, 36.303812 ], [ 49.994531, 36.303831 ], [ 49.994476, 36.303849 ], [ 49.994421, 36.303866 ], [ 49.994366, 36.303883 ], [ 49.99431, 36.303899 ], [ 49.994254, 36.303914 ], [ 49.994197, 36.303928 ], [ 49.994108, 36.303949 ], [ 49.994053, 36.303956 ], [ 49.993997, 36.303963 ], [ 49.993942, 36.303968 ], [ 49.993886, 36.303973 ], [ 49.99383, 36.303977 ], [ 49.993774, 36.303981 ], [ 49.993718, 36.303983 ], [ 49.993662, 36.303985 ], [ 49.993568, 36.303986 ], [ 49.993528, 36.303984 ], [ 49.993488, 36.303982 ], [ 49.993448, 36.303979 ], [ 49.993408, 36.303975 ], [ 49.993369, 36.303971 ], [ 49.993329, 36.303967 ], [ 49.993289, 36.303961 ], [ 49.99325, 36.303956 ], [ 49.993211, 36.303949 ], [ 49.993172, 36.303943 ], [ 49.993133, 36.303935 ], [ 49.993094, 36.303927 ], [ 49.993036, 36.303914 ], [ 49.992918, 36.303892 ], [ 49.992802, 36.303868 ], [ 49.992685, 36.303843 ], [ 49.99257, 36.303816 ], [ 49.992411, 36.303776 ], [ 49.991458, 36.303558 ] ] ] ] } },
{ "type": "Feature", "properties": { "fid": 71, "dauid": "101", "zones_areas_Mantagheh": "ملاصدرای جنوبی (شش)", "j_col001_sum": 3265.0 }, "geometry": { "type": "MultiPolygon", "coordinates": [ [ [ [ 50.024768, 36.30463 ], [ 50.025983, 36.305876 ], [ 50.026613, 36.306526 ], [ 50.027333, 36.306939 ], [ 50.02988, 36.307439 ], [ 50.031139, 36.307675 ], [ 50.034607, 36.308337 ], [ 50.033873, 36.307428 ], [ 50.032905, 36.306122 ], [ 50.030661, 36.303097 ], [ 50.030661, 36.303096 ], [ 50.029636, 36.301783 ], [ 50.029611, 36.301751 ], [ 50.029587, 36.301718 ], [ 50.029564, 36.301686 ], [ 50.029541, 36.301653 ], [ 50.029518, 36.301619 ], [ 50.029497, 36.301586 ], [ 50.029464, 36.301531 ], [ 50.024768, 36.30463 ] ] ] ] } },
{ "type": "Feature", "properties": { "fid": 72, "dauid": "102", "zones_areas_Mantagheh": "ملاصدرای شمالی (هفت)", "j_col001_sum": 1872.0 }, "geometry": { "type": "MultiPolygon", "coordinates": [ [ [ [ 50.037462, 36.311935 ], [ 50.03625, 36.310395 ], [ 50.035032, 36.308862 ], [ 50.034607, 36.308337 ], [ 50.031139, 36.307675 ], [ 50.02988, 36.307439 ], [ 50.027333, 36.306939 ], [ 50.029427, 36.308743 ], [ 50.030698, 36.309838 ], [ 50.031672, 36.310703 ], [ 50.032102, 36.311113 ], [ 50.032218, 36.311221 ], [ 50.032462, 36.311447 ], [ 50.032806, 36.311765 ], [ 50.033124, 36.31206 ], [ 50.033283, 36.312205 ], [ 50.0337, 36.312587 ], [ 50.03374, 36.312624 ], [ 50.034073, 36.312993 ], [ 50.034436, 36.313357 ], [ 50.034698, 36.313278 ], [ 50.035257, 36.31311 ], [ 50.03642, 36.312495 ], [ 50.037462, 36.311935 ] ] ] ] } },
{ "type": "Feature", "properties": { "fid": 73, "dauid": "103", "zones_areas_Mantagheh": "ملاصدرای شمالی (هفت)", "j_col001_sum": 3672.0 }, "geometry": { "type": "MultiPolygon", "coordinates": [ [ [ [ 50.034436, 36.313357 ], [ 50.034073, 36.312993 ], [ 50.03374, 36.312624 ], [ 50.0337, 36.312587 ], [ 50.033283, 36.312205 ], [ 50.033124, 36.31206 ], [ 50.032806, 36.311765 ], [ 50.032462, 36.311447 ], [ 50.032218, 36.311221 ], [ 50.032102, 36.311113 ], [ 50.031672, 36.310703 ], [ 50.030698, 36.309838 ], [ 50.029427, 36.308743 ], [ 50.027333, 36.306939 ], [ 50.027712, 36.307739 ], [ 50.027806, 36.308268 ], [ 50.02777, 36.309141 ], [ 50.027627, 36.310247 ], [ 50.027558, 36.310645 ], [ 50.027523, 36.310848 ], [ 50.027475, 36.311127 ], [ 50.027389, 36.311628 ], [ 50.027386, 36.311644 ], [ 50.027315, 36.312056 ], [ 50.027307, 36.312098 ], [ 50.027249, 36.312434 ], [ 50.027214, 36.312635 ], [ 50.027191, 36.312803 ], [ 50.027141, 36.313156 ], [ 50.027136, 36.313189 ], [ 50.027079, 36.313591 ], [ 50.027067, 36.313679 ], [ 50.027035, 36.3139 ], [ 50.02703, 36.314029 ], [ 50.027075, 36.314317 ], [ 50.027221, 36.314886 ], [ 50.027315, 36.315123 ], [ 50.02747, 36.315462 ], [ 50.028336, 36.315196 ], [ 50.029474, 36.314853 ], [ 50.02978, 36.314761 ], [ 50.031242, 36.31432 ], [ 50.032405, 36.313969 ], [ 50.032623, 36.313904 ], [ 50.033282, 36.313705 ], [ 50.034351, 36.313382 ], [ 50.034436, 36.313357 ] ] ] ] } },
{ "type": "Feature", "properties": { "fid": 74, "dauid": "104", "zones_areas_Mantagheh": "ملاصدرای شمالی (هفت)", "j_col001_sum": 94.0 }, "geometry": { "type": "MultiPolygon", "coordinates": [ [ [ [ 50.036279422814353, 36.316941168181948 ], [ 50.037974360370939, 36.316217755981995 ], [ 50.038065154919202, 36.316086981854234 ], [ 50.038109778277871, 36.315954018672201 ], [ 50.038122045413985, 36.315843383298343 ], [ 50.038098774875166, 36.315648470200991 ], [ 50.037946422353805, 36.314836275833621 ], [ 50.037924840611296, 36.314086277702749 ], [ 50.037924840611296, 36.314086277702749 ], [ 50.037834379990436, 36.313302491853655 ], [ 50.037647108997596, 36.312669553080489 ], [ 50.037462, 36.311935 ], [ 50.03642, 36.312495 ], [ 50.035257, 36.31311 ], [ 50.034698, 36.313278 ], [ 50.034436, 36.313357 ], [ 50.034536, 36.313486 ], [ 50.034732, 36.313815 ], [ 50.034982, 36.314233 ], [ 50.035147, 36.314509 ], [ 50.035211, 36.314651 ], [ 50.035325, 36.314902 ], [ 50.035463, 36.315208 ], [ 50.035569, 36.315443 ], [ 50.035631, 36.315511 ], [ 50.035799, 36.315699 ], [ 50.036279422814353, 36.316941168181948 ] ] ] ] } },
{ "type": "Feature", "properties": { "fid": 75, "dauid": "105", "zones_areas_Mantagheh": "ملاصدرای شمالی (هفت)", "j_col001_sum": 7800.0 }, "geometry": { "type": "MultiPolygon", "coordinates": [ [ [ [ 50.02747, 36.315462 ], [ 50.027315, 36.315123 ], [ 50.027221, 36.314886 ], [ 50.027075, 36.314317 ], [ 50.02703, 36.314029 ], [ 50.027035, 36.3139 ], [ 50.027067, 36.313679 ], [ 50.027079, 36.313591 ], [ 50.027136, 36.313189 ], [ 50.027141, 36.313156 ], [ 50.027191, 36.312803 ], [ 50.027214, 36.312635 ], [ 50.027249, 36.312434 ], [ 50.027307, 36.312098 ], [ 50.027315, 36.312056 ], [ 50.027386, 36.311644 ], [ 50.027389, 36.311628 ], [ 50.027475, 36.311127 ], [ 50.027523, 36.310848 ], [ 50.027558, 36.310645 ], [ 50.027627, 36.310247 ], [ 50.026175, 36.310053 ], [ 50.025303, 36.309937 ], [ 50.023937, 36.309755 ], [ 50.02274, 36.309596 ], [ 50.021, 36.309364 ], [ 50.020853, 36.309421 ], [ 50.020702, 36.30945 ], [ 50.020088, 36.309594 ], [ 50.018138, 36.310052 ], [ 50.018311, 36.310506 ], [ 50.018378, 36.310743 ], [ 50.018538, 36.311307 ], [ 50.018605, 36.311544 ], [ 50.018671, 36.311779 ], [ 50.01877, 36.312129 ], [ 50.018959, 36.312794 ], [ 50.019388, 36.314212 ], [ 50.019844, 36.315611 ], [ 50.020489, 36.317576 ], [ 50.022366, 36.317034 ], [ 50.022424, 36.317017 ], [ 50.024739, 36.316294 ], [ 50.025814, 36.315959 ], [ 50.02747, 36.315462 ] ] ] ] } },
{ "type": "Feature", "properties": { "fid": 76, "dauid": "107", "zones_areas_Mantagheh": "کوثر (هشت)", "j_col001_sum": 3956.0 }, "geometry": { "type": "MultiPolygon", "coordinates": [ [ [ [ 49.985380741390721, 36.306547529810722 ], [ 49.985179753847653, 36.307990290740925 ], [ 49.985179753847653, 36.307990290740925 ], [ 49.985179753847653, 36.307990290740925 ], [ 49.985097636704324, 36.308475750003346 ], [ 49.98493966654744, 36.309362761049911 ], [ 49.984750982517596, 36.310338327053863 ], [ 49.98458361306961, 36.311151908967389 ], [ 49.98440984804035, 36.311950224385257 ], [ 49.984406357158143, 36.31196461129494 ], [ 49.986239, 36.311981 ], [ 49.98624, 36.311918 ], [ 49.986241, 36.311875 ], [ 49.986243, 36.311851 ], [ 49.986245, 36.311828 ], [ 49.986247, 36.311804 ], [ 49.98625, 36.311781 ], [ 49.986254, 36.311757 ], [ 49.986258, 36.311734 ], [ 49.986262, 36.311711 ], [ 49.986267, 36.311687 ], [ 49.986273, 36.311664 ], [ 49.98628, 36.311637 ], [ 49.986287, 36.311614 ], [ 49.986294, 36.311591 ], [ 49.986301, 36.311568 ], [ 49.986309, 36.311546 ], [ 49.986318, 36.311523 ], [ 49.986327, 36.311501 ], [ 49.986336, 36.311478 ], [ 49.986346, 36.311456 ], [ 49.986357, 36.311434 ], [ 49.986367, 36.311412 ], [ 49.986379, 36.311391 ], [ 49.986391, 36.311369 ], [ 49.986403, 36.311348 ], [ 49.986416, 36.311326 ], [ 49.986429, 36.311305 ], [ 49.986443, 36.311285 ], [ 49.986457, 36.311264 ], [ 49.986471, 36.311244 ], [ 49.986486, 36.311223 ], [ 49.986502, 36.311203 ], [ 49.986517, 36.311184 ], [ 49.986534, 36.311164 ], [ 49.98655, 36.311145 ], [ 49.986568, 36.311126 ], [ 49.986585, 36.311107 ], [ 49.986603, 36.311088 ], [ 49.986621, 36.31107 ], [ 49.98664, 36.311052 ], [ 49.986659, 36.311034 ], [ 49.986679, 36.311017 ], [ 49.986698, 36.310999 ], [ 49.986719, 36.310982 ], [ 49.986739, 36.310966 ], [ 49.98676, 36.310949 ], [ 49.986781, 36.310933 ], [ 49.986803, 36.310917 ], [ 49.986825, 36.310902 ], [ 49.986847, 36.310887 ], [ 49.98687, 36.310872 ], [ 49.986893, 36.310857 ], [ 49.986916, 36.310843 ], [ 49.98694, 36.310829 ], [ 49.986964, 36.310816 ], [ 49.986988, 36.310803 ], [ 49.987012, 36.31079 ], [ 49.987037, 36.310777 ], [ 49.987062, 36.310765 ], [ 49.987087, 36.310753 ], [ 49.987113, 36.310742 ], [ 49.987138, 36.310731 ], [ 49.987164, 36.31072 ], [ 49.98719, 36.31071 ], [ 49.987217, 36.3107 ], [ 49.987243, 36.31069 ], [ 49.98727, 36.310681 ], [ 49.987297, 36.310672 ], [ 49.987324, 36.310664 ], [ 49.987352, 36.310656 ], [ 49.987379, 36.310648 ], [ 49.987407, 36.310641 ], [ 49.987435, 36.310634 ], [ 49.987463, 36.310627 ], [ 49.987491, 36.310621 ], [ 49.987519, 36.310615 ], [ 49.987548, 36.31061 ], [ 49.987576, 36.310605 ], [ 49.987605, 36.310601 ], [ 49.987633, 36.310597 ], [ 49.987662, 36.310593 ], [ 49.987691, 36.31059 ], [ 49.98772, 36.310587 ], [ 49.987733, 36.310586 ], [ 49.987745, 36.310584 ], [ 49.987778, 36.310582 ], [ 49.987807, 36.310581 ], [ 49.987836, 36.310579 ], [ 49.987865, 36.310579 ], [ 49.987894, 36.310578 ], [ 49.987923, 36.310578 ], [ 49.98896, 36.310587 ], [ 49.99111, 36.310604 ], [ 49.991404, 36.310606 ], [ 49.991416, 36.309252 ], [ 49.99144, 36.306797 ], [ 49.991446, 36.306205 ], [ 49.991157, 36.306221 ], [ 49.987209, 36.306441 ], [ 49.985382951275511, 36.306539006342277 ], [ 49.985380741390721, 36.306547529810722 ] ] ] ] } },
{ "type": "Feature", "properties": { "fid": 77, "dauid": "108", "zones_areas_Mantagheh": "کوثر (هشت)", "j_col001_sum": 7510.0 }, "geometry": { "type": "MultiPolygon", "coordinates": [ [ [ [ 49.991404, 36.310606 ], [ 49.991355, 36.315417 ], [ 49.991354, 36.315559 ], [ 49.991354, 36.315606 ], [ 49.991355, 36.315653 ], [ 49.991357, 36.3157 ], [ 49.99136, 36.315748 ], [ 49.991364, 36.315795 ], [ 49.991373, 36.315868 ], [ 49.991379, 36.315915 ], [ 49.991387, 36.315962 ], [ 49.991395, 36.316008 ], [ 49.991405, 36.316055 ], [ 49.991416, 36.316101 ], [ 49.991427, 36.316148 ], [ 49.99144, 36.316194 ], [ 49.991453, 36.31624 ], [ 49.991468, 36.316285 ], [ 49.991484, 36.316331 ], [ 49.9915, 36.316376 ], [ 49.991518, 36.316421 ], [ 49.991536, 36.316466 ], [ 49.991555, 36.31651 ], [ 49.991576, 36.316555 ], [ 49.991597, 36.316599 ], [ 49.99162, 36.316642 ], [ 49.991643, 36.316685 ], [ 49.991678, 36.316747 ], [ 49.991681, 36.316753 ], [ 49.992358, 36.317908 ], [ 49.99279, 36.318643 ], [ 49.996292, 36.318672 ], [ 49.997789, 36.318685 ], [ 49.999722, 36.318701 ], [ 49.999741, 36.316718 ], [ 49.999744, 36.316247 ], [ 49.999747, 36.315815 ], [ 49.999751, 36.314676 ], [ 49.99975, 36.314652 ], [ 49.99975, 36.314628 ], [ 49.999748, 36.314605 ], [ 49.999747, 36.314581 ], [ 49.999744, 36.314557 ], [ 49.999742, 36.314534 ], [ 49.999738, 36.31451 ], [ 49.999735, 36.314487 ], [ 49.99973, 36.314463 ], [ 49.999726, 36.31444 ], [ 49.99972, 36.314416 ], [ 49.999715, 36.314393 ], [ 49.999708, 36.31437 ], [ 49.999701, 36.314347 ], [ 49.999694, 36.314324 ], [ 49.999686, 36.314301 ], [ 49.999678, 36.314278 ], [ 49.999669, 36.314255 ], [ 49.99966, 36.314233 ], [ 49.99965, 36.314211 ], [ 49.99964, 36.314188 ], [ 49.999629, 36.314166 ], [ 49.999618, 36.314144 ], [ 49.999607, 36.314122 ], [ 49.999595, 36.314101 ], [ 49.999582, 36.314079 ], [ 49.999569, 36.314058 ], [ 49.999555, 36.314037 ], [ 49.999542, 36.314016 ], [ 49.999527, 36.313995 ], [ 49.999512, 36.313975 ], [ 49.999497, 36.313955 ], [ 49.999481, 36.313935 ], [ 49.999465, 36.313915 ], [ 49.999444, 36.31389 ], [ 49.999427, 36.313871 ], [ 49.99941, 36.313852 ], [ 49.999392, 36.313833 ], [ 49.999374, 36.313814 ], [ 49.999356, 36.313796 ], [ 49.999337, 36.313778 ], [ 49.999318, 36.31376 ], [ 49.999298, 36.313743 ], [ 49.999278, 36.313726 ], [ 49.999258, 36.313709 ], [ 49.999237, 36.313692 ], [ 49.999216, 36.313676 ], [ 49.999195, 36.31366 ], [ 49.999173, 36.313644 ], [ 49.999151, 36.313628 ], [ 49.999129, 36.313613 ], [ 49.999106, 36.313598 ], [ 49.999083, 36.313584 ], [ 49.999058, 36.313569 ], [ 49.999035, 36.313555 ], [ 49.999011, 36.313542 ], [ 49.998987, 36.313529 ], [ 49.998962, 36.313516 ], [ 49.99892, 36.313495 ], [ 49.998033, 36.31307 ], [ 49.998008, 36.313058 ], [ 49.997984, 36.313045 ], [ 49.997959, 36.313033 ], [ 49.997935, 36.313019 ], [ 49.997911, 36.313006 ], [ 49.997887, 36.312992 ], [ 49.997864, 36.312978 ], [ 49.997841, 36.312963 ], [ 49.997818, 36.312948 ], [ 49.997796, 36.312933 ], [ 49.997773, 36.312917 ], [ 49.997752, 36.312901 ], [ 49.99773, 36.312885 ], [ 49.997709, 36.312869 ], [ 49.997689, 36.312852 ], [ 49.997668, 36.312835 ], [ 49.997648, 36.312818 ], [ 49.997629, 36.3128 ], [ 49.997609, 36.312782 ], [ 49.997591, 36.312764 ], [ 49.997572, 36.312746 ], [ 49.997554, 36.312727 ], [ 49.997537, 36.312708 ], [ 49.997519, 36.312689 ], [ 49.997503, 36.31267 ], [ 49.997486, 36.31265 ], [ 49.99747, 36.31263 ], [ 49.997455, 36.31261 ], [ 49.99744, 36.31259 ], [ 49.997425, 36.312569 ], [ 49.997411, 36.312548 ], [ 49.997397, 36.312528 ], [ 49.997375, 36.312492 ], [ 49.997362, 36.312471 ], [ 49.99735, 36.312449 ], [ 49.997338, 36.312427 ], [ 49.997327, 36.312405 ], [ 49.997316, 36.312383 ], [ 49.997305, 36.312361 ], [ 49.997295, 36.312339 ], [ 49.997286, 36.312316 ], [ 49.997277, 36.312294 ], [ 49.997269, 36.312271 ], [ 49.99726, 36.312248 ], [ 49.997253, 36.312225 ], [ 49.997246, 36.312202 ], [ 49.997239, 36.312179 ], [ 49.997233, 36.312156 ], [ 49.997228, 36.312132 ], [ 49.997223, 36.312109 ], [ 49.997218, 36.312085 ], [ 49.997214, 36.312062 ], [ 49.997211, 36.312038 ], [ 49.997208, 36.312015 ], [ 49.997205, 36.311991 ], [ 49.997203, 36.311967 ], [ 49.997202, 36.311944 ], [ 49.997201, 36.31192 ], [ 49.997201, 36.311888 ], [ 49.997199, 36.311728 ], [ 49.997199, 36.311709 ], [ 49.997198, 36.31169 ], [ 49.997197, 36.311671 ], [ 49.997196, 36.311652 ], [ 49.997194, 36.311633 ], [ 49.997191, 36.311614 ], [ 49.997189, 36.311595 ], [ 49.997185, 36.311576 ], [ 49.997182, 36.311557 ], [ 49.997178, 36.311539 ], [ 49.997173, 36.31152 ], [ 49.997169, 36.311501 ], [ 49.997163, 36.311483 ], [ 49.997158, 36.311464 ], [ 49.997152, 36.311446 ], [ 49.997145, 36.311427 ], [ 49.997139, 36.311409 ], [ 49.997131, 36.311391 ], [ 49.99712, 36.311365 ], [ 49.997112, 36.311347 ], [ 49.997104, 36.311329 ], [ 49.997095, 36.311311 ], [ 49.997086, 36.311294 ], [ 49.997077, 36.311276 ], [ 49.997067, 36.311259 ], [ 49.997057, 36.311242 ], [ 49.997046, 36.311225 ], [ 49.997036, 36.311208 ], [ 49.997024, 36.311192 ], [ 49.997013, 36.311175 ], [ 49.997001, 36.311159 ], [ 49.996988, 36.311143 ], [ 49.996976, 36.311127 ], [ 49.996963, 36.311111 ], [ 49.996949, 36.311095 ], [ 49.996936, 36.31108 ], [ 49.996922, 36.311065 ], [ 49.996907, 36.31105 ], [ 49.996893, 36.311035 ], [ 49.996878, 36.31102 ], [ 49.996863, 36.311006 ], [ 49.996841, 36.310987 ], [ 49.996826, 36.310973 ], [ 49.99681, 36.310959 ], [ 49.996793, 36.310946 ], [ 49.996777, 36.310933 ], [ 49.99676, 36.31092 ], [ 49.996743, 36.310907 ], [ 49.996725, 36.310894 ], [ 49.996708, 36.310882 ], [ 49.99669, 36.31087 ], [ 49.996653, 36.310847 ], [ 49.996634, 36.310836 ], [ 49.996616, 36.310825 ], [ 49.996597, 36.310815 ], [ 49.996578, 36.310805 ], [ 49.996558, 36.310795 ], [ 49.996538, 36.310785 ], [ 49.996519, 36.310776 ], [ 49.996498, 36.310766 ], [ 49.996478, 36.310758 ], [ 49.996458, 36.310749 ], [ 49.996437, 36.310741 ], [ 49.996416, 36.310733 ], [ 49.996395, 36.310725 ], [ 49.996374, 36.310718 ], [ 49.996353, 36.310711 ], [ 49.996332, 36.310704 ], [ 49.99631, 36.310697 ], [ 49.996288, 36.310691 ], [ 49.996266, 36.310685 ], [ 49.996244, 36.31068 ], [ 49.996222, 36.310674 ], [ 49.9962, 36.31067 ], [ 49.996178, 36.310665 ], [ 49.996155, 36.310661 ], [ 49.996133, 36.310657 ], [ 49.99611, 36.310653 ], [ 49.996066, 36.310647 ], [ 49.996043, 36.310644 ], [ 49.99602, 36.310642 ], [ 49.995997, 36.31064 ], [ 49.995974, 36.310638 ], [ 49.995952, 36.310637 ], [ 49.995929, 36.310636 ], [ 49.995906, 36.310635 ], [ 49.995878, 36.310635 ], [ 49.993619, 36.310621 ], [ 49.991698, 36.310608 ], [ 49.991404, 36.310606 ] ] ] ] } },
{ "type": "Feature", "properties": { "fid": 78, "dauid": "109", "zones_areas_Mantagheh": "کوثر (هشت)", "j_col001_sum": 3732.0 }, "geometry": { "type": "MultiPolygon", "coordinates": [ [ [ [ 49.99279, 36.318643 ], [ 49.992358, 36.317908 ], [ 49.991681, 36.316753 ], [ 49.991678, 36.316747 ], [ 49.991643, 36.316685 ], [ 49.99162, 36.316642 ], [ 49.991597, 36.316599 ], [ 49.991576, 36.316555 ], [ 49.991555, 36.31651 ], [ 49.991536, 36.316466 ], [ 49.991518, 36.316421 ], [ 49.9915, 36.316376 ], [ 49.991484, 36.316331 ], [ 49.991468, 36.316285 ], [ 49.991453, 36.31624 ], [ 49.99144, 36.316194 ], [ 49.991427, 36.316148 ], [ 49.991416, 36.316101 ], [ 49.991405, 36.316055 ], [ 49.991395, 36.316008 ], [ 49.991387, 36.315962 ], [ 49.991379, 36.315915 ], [ 49.991373, 36.315868 ], [ 49.991364, 36.315795 ], [ 49.99136, 36.315748 ], [ 49.991357, 36.3157 ], [ 49.991355, 36.315653 ], [ 49.991354, 36.315606 ], [ 49.991354, 36.315559 ], [ 49.991355, 36.315417 ], [ 49.991404, 36.310606 ], [ 49.99111, 36.310604 ], [ 49.98896, 36.310587 ], [ 49.987923, 36.310578 ], [ 49.987894, 36.310578 ], [ 49.987865, 36.310579 ], [ 49.987836, 36.310579 ], [ 49.987807, 36.310581 ], [ 49.987778, 36.310582 ], [ 49.987745, 36.310584 ], [ 49.987733, 36.310586 ], [ 49.98772, 36.310587 ], [ 49.987691, 36.31059 ], [ 49.987662, 36.310593 ], [ 49.987633, 36.310597 ], [ 49.987605, 36.310601 ], [ 49.987576, 36.310605 ], [ 49.987548, 36.31061 ], [ 49.987519, 36.310615 ], [ 49.987491, 36.310621 ], [ 49.987463, 36.310627 ], [ 49.987435, 36.310634 ], [ 49.987407, 36.310641 ], [ 49.987379, 36.310648 ], [ 49.987352, 36.310656 ], [ 49.987324, 36.310664 ], [ 49.987297, 36.310672 ], [ 49.98727, 36.310681 ], [ 49.987243, 36.31069 ], [ 49.987217, 36.3107 ], [ 49.98719, 36.31071 ], [ 49.987164, 36.31072 ], [ 49.987138, 36.310731 ], [ 49.987113, 36.310742 ], [ 49.987087, 36.310753 ], [ 49.987062, 36.310765 ], [ 49.987037, 36.310777 ], [ 49.987012, 36.31079 ], [ 49.986988, 36.310803 ], [ 49.986964, 36.310816 ], [ 49.98694, 36.310829 ], [ 49.986916, 36.310843 ], [ 49.986893, 36.310857 ], [ 49.98687, 36.310872 ], [ 49.986847, 36.310887 ], [ 49.986825, 36.310902 ], [ 49.986803, 36.310917 ], [ 49.986781, 36.310933 ], [ 49.98676, 36.310949 ], [ 49.986739, 36.310966 ], [ 49.986719, 36.310982 ], [ 49.986698, 36.310999 ], [ 49.986679, 36.311017 ], [ 49.986659, 36.311034 ], [ 49.98664, 36.311052 ], [ 49.986621, 36.31107 ], [ 49.986603, 36.311088 ], [ 49.986585, 36.311107 ], [ 49.986568, 36.311126 ], [ 49.98655, 36.311145 ], [ 49.986534, 36.311164 ], [ 49.986517, 36.311184 ], [ 49.986502, 36.311203 ], [ 49.986486, 36.311223 ], [ 49.986471, 36.311244 ], [ 49.986457, 36.311264 ], [ 49.986443, 36.311285 ], [ 49.986429, 36.311305 ], [ 49.986416, 36.311326 ], [ 49.986403, 36.311348 ], [ 49.986391, 36.311369 ], [ 49.986379, 36.311391 ], [ 49.986367, 36.311412 ], [ 49.986357, 36.311434 ], [ 49.986346, 36.311456 ], [ 49.986336, 36.311478 ], [ 49.986327, 36.311501 ], [ 49.986318, 36.311523 ], [ 49.986309, 36.311546 ], [ 49.986301, 36.311568 ], [ 49.986294, 36.311591 ], [ 49.986287, 36.311614 ], [ 49.98628, 36.311637 ], [ 49.986273, 36.311664 ], [ 49.986267, 36.311687 ], [ 49.986262, 36.311711 ], [ 49.986258, 36.311734 ], [ 49.986254, 36.311757 ], [ 49.98625, 36.311781 ], [ 49.986247, 36.311804 ], [ 49.986245, 36.311828 ], [ 49.986243, 36.311851 ], [ 49.986241, 36.311875 ], [ 49.98624, 36.311918 ], [ 49.986239, 36.311981 ], [ 49.986225, 36.312999 ], [ 49.986216, 36.313644 ], [ 49.986216, 36.313696 ], [ 49.986217, 36.313726 ], [ 49.986218, 36.313757 ], [ 49.98622, 36.313787 ], [ 49.986223, 36.313817 ], [ 49.986226, 36.313848 ], [ 49.986231, 36.313878 ], [ 49.986235, 36.313908 ], [ 49.986241, 36.313938 ], [ 49.986247, 36.313968 ], [ 49.986253, 36.313998 ], [ 49.986261, 36.314028 ], [ 49.986269, 36.314058 ], [ 49.986277, 36.314087 ], [ 49.986286, 36.314117 ], [ 49.986296, 36.314146 ], [ 49.986307, 36.314175 ], [ 49.986318, 36.314204 ], [ 49.98633, 36.314233 ], [ 49.986342, 36.314262 ], [ 49.986388, 36.314369 ], [ 49.986436, 36.314479 ], [ 49.986629, 36.314922 ], [ 49.986963, 36.315689 ], [ 49.986987, 36.315746 ], [ 49.987089, 36.315979 ], [ 49.987102, 36.316011 ], [ 49.987114, 36.316041 ], [ 49.987126, 36.316071 ], [ 49.987136, 36.316101 ], [ 49.987146, 36.316132 ], [ 49.987156, 36.316162 ], [ 49.987164, 36.316193 ], [ 49.987178, 36.316247 ], [ 49.987185, 36.316278 ], [ 49.987191, 36.316309 ], [ 49.987196, 36.31634 ], [ 49.987201, 36.316371 ], [ 49.987205, 36.316402 ], [ 49.987209, 36.316434 ], [ 49.987212, 36.316465 ], [ 49.987214, 36.316497 ], [ 49.987215, 36.316534 ], [ 49.987216, 36.316566 ], [ 49.987216, 36.316597 ], [ 49.987214, 36.316713 ], [ 49.987211, 36.31703 ], [ 49.987191, 36.318595 ], [ 49.987394, 36.318597 ], [ 49.988513, 36.318607 ], [ 49.989282, 36.318613 ], [ 49.990651, 36.318625 ], [ 49.99187, 36.318636 ], [ 49.99279, 36.318643 ] ] ] ] } },
{ "type": "Feature", "properties": { "fid": 79, "dauid": "110", "zones_areas_Mantagheh": "کوثر (هشت)", "j_col001_sum": 5164.0 }, "geometry": { "type": "MultiPolygon", "coordinates": [ [ [ [ 49.996066, 36.310647 ], [ 49.99611, 36.310653 ], [ 49.996133, 36.310657 ], [ 49.996155, 36.310661 ], [ 49.996178, 36.310665 ], [ 49.9962, 36.31067 ], [ 49.996222, 36.310674 ], [ 49.996244, 36.31068 ], [ 49.996266, 36.310685 ], [ 49.996288, 36.310691 ], [ 49.99631, 36.310697 ], [ 49.996332, 36.310704 ], [ 49.996353, 36.310711 ], [ 49.996374, 36.310718 ], [ 49.996395, 36.310725 ], [ 49.996416, 36.310733 ], [ 49.996437, 36.310741 ], [ 49.996458, 36.310749 ], [ 49.996478, 36.310758 ], [ 49.996498, 36.310766 ], [ 49.996519, 36.310776 ], [ 49.996538, 36.310785 ], [ 49.996558, 36.310795 ], [ 49.996578, 36.310805 ], [ 49.996597, 36.310815 ], [ 49.996616, 36.310825 ], [ 49.996634, 36.310836 ], [ 49.996653, 36.310847 ], [ 49.99669, 36.31087 ], [ 49.996708, 36.310882 ], [ 49.996725, 36.310894 ], [ 49.996743, 36.310907 ], [ 49.99676, 36.31092 ], [ 49.996777, 36.310933 ], [ 49.996793, 36.310946 ], [ 49.99681, 36.310959 ], [ 49.996826, 36.310973 ], [ 49.996841, 36.310987 ], [ 49.996863, 36.311006 ], [ 49.996878, 36.31102 ], [ 49.996893, 36.311035 ], [ 49.996907, 36.31105 ], [ 49.996922, 36.311065 ], [ 49.996936, 36.31108 ], [ 49.996949, 36.311095 ], [ 49.996963, 36.311111 ], [ 49.996976, 36.311127 ], [ 49.996988, 36.311143 ], [ 49.997001, 36.311159 ], [ 49.997013, 36.311175 ], [ 49.997024, 36.311192 ], [ 49.997036, 36.311208 ], [ 49.997046, 36.311225 ], [ 49.997057, 36.311242 ], [ 49.997067, 36.311259 ], [ 49.997077, 36.311276 ], [ 49.997086, 36.311294 ], [ 49.997095, 36.311311 ], [ 49.997104, 36.311329 ], [ 49.997112, 36.311347 ], [ 49.99712, 36.311365 ], [ 49.998613, 36.311376 ], [ 49.999539, 36.311386 ], [ 49.999607, 36.311387 ], [ 50.000819, 36.3114 ], [ 50.000876, 36.311411 ], [ 50.000942, 36.311439 ], [ 50.00207, 36.311448 ], [ 50.002071, 36.311409 ], [ 50.002598, 36.311414 ], [ 50.002604, 36.310867 ], [ 50.002761, 36.309422 ], [ 50.002787, 36.308697 ], [ 50.002839, 36.307273 ], [ 50.002882, 36.305672 ], [ 50.001458, 36.305748 ], [ 49.998981, 36.305865 ], [ 49.996167, 36.305943 ], [ 49.996166, 36.305943 ], [ 49.996166, 36.305944 ], [ 49.996066, 36.310647 ] ] ] ] } },
{ "type": "Feature", "properties": { "fid": 80, "dauid": "111", "zones_areas_Mantagheh": "کوثر (هشت)", "j_col001_sum": 466.0 }, "geometry": { "type": "MultiPolygon", "coordinates": [ [ [ [ 50.002882, 36.305671 ], [ 50.002882, 36.305672 ], [ 50.002839, 36.307273 ], [ 50.002787, 36.308697 ], [ 50.002761, 36.309422 ], [ 50.005066, 36.309442 ], [ 50.006091, 36.30945 ], [ 50.006091, 36.309451 ], [ 50.010014, 36.309087 ], [ 50.010356, 36.309011 ], [ 50.011891, 36.308885 ], [ 50.012755, 36.308816 ], [ 50.012756, 36.308816 ], [ 50.012756, 36.308815 ], [ 50.01266, 36.308562 ], [ 50.012511, 36.308169 ], [ 50.012286, 36.307574 ], [ 50.012203, 36.307355 ], [ 50.012072, 36.307015 ], [ 50.011959, 36.306721 ], [ 50.011824, 36.306369 ], [ 50.011424, 36.305327 ], [ 50.01139, 36.30524 ], [ 50.002882, 36.305671 ] ] ] ] } },
{ "type": "Feature", "properties": { "fid": 81, "dauid": "112", "zones_areas_Mantagheh": "ملاصدرای شمالی (هفت)", "j_col001_sum": 5643.0 }, "geometry": { "type": "MultiPolygon", "coordinates": [ [ [ [ 50.020489, 36.317576 ], [ 50.019844, 36.315611 ], [ 50.019388, 36.314212 ], [ 50.018959, 36.312794 ], [ 50.01877, 36.312129 ], [ 50.018671, 36.311779 ], [ 50.018605, 36.311544 ], [ 50.018538, 36.311307 ], [ 50.018378, 36.310743 ], [ 50.018311, 36.310506 ], [ 50.017245, 36.3107 ], [ 50.016605, 36.310816 ], [ 50.015781, 36.310966 ], [ 50.01512, 36.311086 ], [ 50.013552, 36.311371 ], [ 50.013646, 36.311706 ], [ 50.013682, 36.311852 ], [ 50.013838, 36.312472 ], [ 50.014019, 36.313189 ], [ 50.01415, 36.313709 ], [ 50.014218, 36.31398 ], [ 50.01429, 36.314318 ], [ 50.014428, 36.314969 ], [ 50.01447, 36.315171 ], [ 50.014464, 36.315636 ], [ 50.014457, 36.316251 ], [ 50.014413, 36.3165 ], [ 50.014004, 36.318824 ], [ 50.016028, 36.318887 ], [ 50.016861, 36.318653 ], [ 50.017732, 36.318394 ], [ 50.017754, 36.318387 ], [ 50.01888, 36.318049 ], [ 50.018937, 36.318031 ], [ 50.020489, 36.317576 ] ] ] ] } },
{ "type": "Feature", "properties": { "fid": 82, "dauid": "113", "zones_areas_Mantagheh": "ملاصدرای شمالی (هفت)", "j_col001_sum": 1897.0 }, "geometry": { "type": "MultiPolygon", "coordinates": [ [ [ [ 50.030026, 36.319305 ], [ 50.036279422814353, 36.316941168181948 ], [ 50.035799, 36.315699 ], [ 50.035631, 36.315511 ], [ 50.035569, 36.315443 ], [ 50.035463, 36.315208 ], [ 50.034153, 36.315602 ], [ 50.033263, 36.31587 ], [ 50.032104, 36.316222 ], [ 50.030699, 36.316649 ], [ 50.029707, 36.316951 ], [ 50.029116, 36.31713 ], [ 50.028601, 36.317257 ], [ 50.028861, 36.317544 ], [ 50.028886, 36.317572 ], [ 50.029231, 36.317951 ], [ 50.029472, 36.318328 ], [ 50.029606, 36.318539 ], [ 50.029713, 36.318734 ], [ 50.029835, 36.318956 ], [ 50.030026, 36.319305 ] ] ] ] } },
{ "type": "Feature", "properties": { "fid": 83, "dauid": "114", "zones_areas_Mantagheh": "ملاصدرای شمالی (هفت)", "j_col001_sum": 22.0 }, "geometry": { "type": "MultiPolygon", "coordinates": [ [ [ [ 50.014242, 36.323307 ], [ 50.024155329520688, 36.320793496151687 ], [ 50.024033, 36.320546 ], [ 50.023903, 36.320274 ], [ 50.023712, 36.319875 ], [ 50.023544, 36.319524 ], [ 50.023511, 36.319449 ], [ 50.023403, 36.319201 ], [ 50.023267, 36.318888 ], [ 50.023116, 36.318567 ], [ 50.022982, 36.318283 ], [ 50.02293, 36.318173 ], [ 50.022424, 36.317017 ], [ 50.022366, 36.317034 ], [ 50.020489, 36.317576 ], [ 50.018937, 36.318031 ], [ 50.01888, 36.318049 ], [ 50.017754, 36.318387 ], [ 50.017732, 36.318394 ], [ 50.016861, 36.318653 ], [ 50.016028, 36.318887 ], [ 50.014004, 36.318824 ], [ 50.013953, 36.31911 ], [ 50.013658, 36.321323 ], [ 50.013976, 36.322568 ], [ 50.014242, 36.323307 ] ] ] ] } },
{ "type": "Feature", "properties": { "fid": 84, "dauid": "115", "zones_areas_Mantagheh": "کوثر (هشت)", "j_col001_sum": 2812.0 }, "geometry": { "type": "MultiPolygon", "coordinates": [ [ [ [ 49.99279, 36.318643 ], [ 49.99187, 36.318636 ], [ 49.990651, 36.318625 ], [ 49.989282, 36.318613 ], [ 49.988513, 36.318607 ], [ 49.987394, 36.318597 ], [ 49.987191, 36.318595 ], [ 49.987188, 36.31884 ], [ 49.987177, 36.319745 ], [ 49.987164, 36.320817 ], [ 49.987159, 36.321182 ], [ 49.987159, 36.321221 ], [ 49.98716, 36.321253 ], [ 49.987161, 36.321284 ], [ 49.987164, 36.321316 ], [ 49.987166, 36.321347 ], [ 49.98717, 36.321378 ], [ 49.987174, 36.32141 ], [ 49.987179, 36.321441 ], [ 49.987185, 36.321472 ], [ 49.987191, 36.321503 ], [ 49.987198, 36.321534 ], [ 49.987205, 36.321565 ], [ 49.987213, 36.321596 ], [ 49.987222, 36.321626 ], [ 49.987232, 36.321657 ], [ 49.987242, 36.321687 ], [ 49.987253, 36.321718 ], [ 49.987264, 36.321748 ], [ 49.987276, 36.321778 ], [ 49.987289, 36.321807 ], [ 49.987303, 36.321837 ], [ 49.987317, 36.321866 ], [ 49.987331, 36.321895 ], [ 49.987347, 36.321924 ], [ 49.987363, 36.321953 ], [ 49.987379, 36.321982 ], [ 49.987396, 36.32201 ], [ 49.987414, 36.322038 ], [ 49.987433, 36.322066 ], [ 49.987452, 36.322093 ], [ 49.987471, 36.32212 ], [ 49.987491, 36.322147 ], [ 49.987512, 36.322174 ], [ 49.987533, 36.3222 ], [ 49.987555, 36.322226 ], [ 49.987578, 36.322252 ], [ 49.987601, 36.322277 ], [ 49.987624, 36.322302 ], [ 49.987648, 36.322327 ], [ 49.987673, 36.322352 ], [ 49.987698, 36.322376 ], [ 49.987723, 36.322399 ], [ 49.98775, 36.322423 ], [ 49.987776, 36.322446 ], [ 49.987803, 36.322468 ], [ 49.987831, 36.32249 ], [ 49.987859, 36.322512 ], [ 49.987887, 36.322534 ], [ 49.987916, 36.322555 ], [ 49.987946, 36.322575 ], [ 49.987976, 36.322595 ], [ 49.988006, 36.322615 ], [ 49.988037, 36.322634 ], [ 49.988068, 36.322653 ], [ 49.988099, 36.322672 ], [ 49.988131, 36.32269 ], [ 49.988163, 36.322707 ], [ 49.988196, 36.322724 ], [ 49.988229, 36.322741 ], [ 49.988263, 36.322757 ], [ 49.988296, 36.322773 ], [ 49.98833, 36.322788 ], [ 49.988365, 36.322803 ], [ 49.988399, 36.322817 ], [ 49.988434, 36.32283 ], [ 49.98847, 36.322844 ], [ 49.988505, 36.322856 ], [ 49.988541, 36.322869 ], [ 49.988577, 36.32288 ], [ 49.988614, 36.322892 ], [ 49.98865, 36.322902 ], [ 49.988687, 36.322912 ], [ 49.988724, 36.322922 ], [ 49.988761, 36.322931 ], [ 49.988799, 36.32294 ], [ 49.988836, 36.322948 ], [ 49.988874, 36.322955 ], [ 49.988929, 36.322965 ], [ 49.988968, 36.322972 ], [ 49.989006, 36.322977 ], [ 49.989044, 36.322982 ], [ 49.989083, 36.322987 ], [ 49.989121, 36.322991 ], [ 49.98916, 36.322995 ], [ 49.989199, 36.322998 ], [ 49.989238, 36.323 ], [ 49.989277, 36.323002 ], [ 49.989316, 36.323003 ], [ 49.989355, 36.323004 ], [ 49.989394, 36.323004 ], [ 49.989433, 36.323004 ], [ 49.989498, 36.323002 ], [ 49.989537, 36.323 ], [ 49.989576, 36.322998 ], [ 49.989614, 36.322995 ], [ 49.989653, 36.322991 ], [ 49.989692, 36.322987 ], [ 49.98973, 36.322983 ], [ 49.989768, 36.322978 ], [ 49.989807, 36.322972 ], [ 49.989845, 36.322966 ], [ 49.989883, 36.322959 ], [ 49.989921, 36.322952 ], [ 49.989958, 36.322944 ], [ 49.989996, 36.322936 ], [ 49.990033, 36.322927 ], [ 49.99007, 36.322918 ], [ 49.990107, 36.322908 ], [ 49.990144, 36.322897 ], [ 49.990188, 36.322884 ], [ 49.990221, 36.322874 ], [ 49.990254, 36.322865 ], [ 49.990287, 36.322856 ], [ 49.99032, 36.322847 ], [ 49.990354, 36.322839 ], [ 49.990388, 36.322832 ], [ 49.990421, 36.322825 ], [ 49.990455, 36.322818 ], [ 49.99049, 36.322812 ], [ 49.990524, 36.322806 ], [ 49.990558, 36.322801 ], [ 49.990593, 36.322796 ], [ 49.990627, 36.322792 ], [ 49.990662, 36.322788 ], [ 49.990697, 36.322785 ], [ 49.990731, 36.322782 ], [ 49.990766, 36.32278 ], [ 49.990801, 36.322779 ], [ 49.990836, 36.322777 ], [ 49.990871, 36.322777 ], [ 49.990906, 36.322776 ], [ 49.990941, 36.322777 ], [ 49.990976, 36.322777 ], [ 49.991011, 36.322778 ], [ 49.991046, 36.32278 ], [ 49.991081, 36.322782 ], [ 49.991116, 36.322785 ], [ 49.99115, 36.322788 ], [ 49.991185, 36.322792 ], [ 49.99122, 36.322796 ], [ 49.991254, 36.322801 ], [ 49.991288, 36.322806 ], [ 49.991323, 36.322812 ], [ 49.991357, 36.322818 ], [ 49.991391, 36.322824 ], [ 49.991425, 36.322831 ], [ 49.991458, 36.322839 ], [ 49.991492, 36.322847 ], [ 49.991525, 36.322855 ], [ 49.991559, 36.322864 ], [ 49.991591, 36.322874 ], [ 49.991624, 36.322884 ], [ 49.991657, 36.322894 ], [ 49.991689, 36.322905 ], [ 49.991721, 36.322916 ], [ 49.991753, 36.322928 ], [ 49.991785, 36.32294 ], [ 49.991816, 36.322953 ], [ 49.991847, 36.322966 ], [ 49.991878, 36.322979 ], [ 49.991908, 36.322993 ], [ 49.991938, 36.323008 ], [ 49.991968, 36.323022 ], [ 49.991998, 36.323038 ], [ 49.992027, 36.323053 ], [ 49.992056, 36.323069 ], [ 49.992084, 36.323086 ], [ 49.992112, 36.323102 ], [ 49.99214, 36.32312 ], [ 49.992167, 36.323137 ], [ 49.992194, 36.323155 ], [ 49.992221, 36.323174 ], [ 49.992247, 36.323192 ], [ 49.992273, 36.323212 ], [ 49.992298, 36.323231 ], [ 49.992323, 36.323251 ], [ 49.992348, 36.323271 ], [ 49.992372, 36.323292 ], [ 49.992395, 36.323312 ], [ 49.992419, 36.323334 ], [ 49.992444, 36.323358 ], [ 49.992486, 36.323399 ], [ 49.992507, 36.323422 ], [ 49.992528, 36.323445 ], [ 49.992548, 36.323468 ], [ 49.992568, 36.323491 ], [ 49.992587, 36.323515 ], [ 49.992606, 36.323539 ], [ 49.992624, 36.323563 ], [ 49.992642, 36.323587 ], [ 49.992659, 36.323612 ], [ 49.992676, 36.323637 ], [ 49.992692, 36.323662 ], [ 49.992707, 36.323687 ], [ 49.992723, 36.323713 ], [ 49.992737, 36.323738 ], [ 49.992751, 36.323764 ], [ 49.992764, 36.323791 ], [ 49.992777, 36.323817 ], [ 49.992789, 36.323843 ], [ 49.992801, 36.32387 ], [ 49.992812, 36.323897 ], [ 49.992823, 36.323924 ], [ 49.992832, 36.323951 ], [ 49.992842, 36.323976 ], [ 49.992848, 36.323991 ], [ 49.992854, 36.324006 ], [ 49.992861, 36.32402 ], [ 49.992868, 36.324035 ], [ 49.992875, 36.32405 ], [ 49.992883, 36.324064 ], [ 49.992891, 36.324078 ], [ 49.992899, 36.324093 ], [ 49.992907, 36.324107 ], [ 49.992916, 36.324121 ], [ 49.992925, 36.324135 ], [ 49.992935, 36.324148 ], [ 49.992945, 36.324162 ], [ 49.992955, 36.324176 ], [ 49.992966, 36.32419 ], [ 49.992976, 36.324203 ], [ 49.992987, 36.324216 ], [ 49.992998, 36.324229 ], [ 49.99301, 36.324241 ], [ 49.993022, 36.324254 ], [ 49.993034, 36.324266 ], [ 49.993046, 36.324278 ], [ 49.993058, 36.32429 ], [ 49.993071, 36.324302 ], [ 49.993084, 36.324314 ], [ 49.993098, 36.324325 ], [ 49.993111, 36.324337 ], [ 49.993125, 36.324348 ], [ 49.993149, 36.324366 ], [ 49.993164, 36.324377 ], [ 49.993178, 36.324387 ], [ 49.993193, 36.324397 ], [ 49.993208, 36.324407 ], [ 49.993224, 36.324417 ], [ 49.993239, 36.324426 ], [ 49.993255, 36.324436 ], [ 49.993271, 36.324445 ], [ 49.993287, 36.324454 ], [ 49.993303, 36.324462 ], [ 49.99332, 36.324471 ], [ 49.993336, 36.324479 ], [ 49.993353, 36.324487 ], [ 49.99337, 36.324494 ], [ 49.993387, 36.324502 ], [ 49.993405, 36.324509 ], [ 49.993422, 36.324516 ], [ 49.99344, 36.324522 ], [ 49.993457, 36.324529 ], [ 49.993475, 36.324535 ], [ 49.993493, 36.324541 ], [ 49.993511, 36.324546 ], [ 49.99353, 36.324552 ], [ 49.993548, 36.324557 ], [ 49.993585, 36.324566 ], [ 49.993603, 36.324571 ], [ 49.993622, 36.324575 ], [ 49.993641, 36.324579 ], [ 49.99366, 36.324582 ], [ 49.993679, 36.324586 ], [ 49.993698, 36.324589 ], [ 49.993717, 36.324591 ], [ 49.993736, 36.324594 ], [ 49.993756, 36.324596 ], [ 49.993775, 36.324598 ], [ 49.993794, 36.3246 ], [ 49.993813, 36.324601 ], [ 49.993833, 36.324602 ], [ 49.993852, 36.324603 ], [ 49.993872, 36.324604 ], [ 49.993891, 36.324604 ], [ 49.995309, 36.324616 ], [ 49.995605, 36.324618 ], [ 49.995511, 36.323635 ], [ 49.995507, 36.323596 ], [ 49.995502, 36.323557 ], [ 49.995496, 36.323518 ], [ 49.995489, 36.323479 ], [ 49.995482, 36.32344 ], [ 49.995473, 36.323401 ], [ 49.995464, 36.323363 ], [ 49.995454, 36.323324 ], [ 49.995443, 36.323286 ], [ 49.995432, 36.323248 ], [ 49.995419, 36.32321 ], [ 49.995406, 36.323172 ], [ 49.995392, 36.323134 ], [ 49.995377, 36.323097 ], [ 49.995361, 36.32306 ], [ 49.995345, 36.323023 ], [ 49.995327, 36.322986 ], [ 49.995309, 36.322949 ], [ 49.99529, 36.322913 ], [ 49.99525, 36.322842 ], [ 49.99475, 36.321986 ], [ 49.993214, 36.319369 ], [ 49.993024, 36.319045 ], [ 49.99279, 36.318643 ] ] ] ] } },
{ "type": "Feature", "properties": { "fid": 85, "dauid": "116", "zones_areas_Mantagheh": "کوثر (هشت)", "j_col001_sum": 4469.0 }, "geometry": { "type": "MultiPolygon", "coordinates": [ [ [ [ 49.999722, 36.318701 ], [ 49.997789, 36.318685 ], [ 49.996292, 36.318672 ], [ 49.99279, 36.318643 ], [ 49.993024, 36.319045 ], [ 49.993214, 36.319369 ], [ 49.99475, 36.321986 ], [ 49.99525, 36.322842 ], [ 49.99529, 36.322913 ], [ 49.995309, 36.322949 ], [ 49.995327, 36.322986 ], [ 49.995345, 36.323023 ], [ 49.995361, 36.32306 ], [ 49.995377, 36.323097 ], [ 49.995392, 36.323134 ], [ 49.995406, 36.323172 ], [ 49.995419, 36.32321 ], [ 49.995432, 36.323248 ], [ 49.995443, 36.323286 ], [ 49.995454, 36.323324 ], [ 49.995464, 36.323363 ], [ 49.995473, 36.323401 ], [ 49.995482, 36.32344 ], [ 49.995489, 36.323479 ], [ 49.995496, 36.323518 ], [ 49.995502, 36.323557 ], [ 49.995507, 36.323596 ], [ 49.995511, 36.323635 ], [ 49.995605, 36.324618 ], [ 49.995901, 36.324621 ], [ 49.997423, 36.324634 ], [ 49.997429, 36.324634 ], [ 49.997435, 36.324634 ], [ 49.997479, 36.324634 ], [ 49.997518, 36.324633 ], [ 49.997556, 36.324632 ], [ 49.997595, 36.32463 ], [ 49.997634, 36.324627 ], [ 49.997673, 36.324625 ], [ 49.997711, 36.324621 ], [ 49.99775, 36.324617 ], [ 49.997789, 36.324612 ], [ 49.997827, 36.324607 ], [ 49.997865, 36.324602 ], [ 49.997903, 36.324596 ], [ 49.997941, 36.324589 ], [ 49.997979, 36.324582 ], [ 49.997999, 36.324578 ], [ 49.998019, 36.324573 ], [ 49.998074, 36.324561 ], [ 49.998111, 36.324552 ], [ 49.998148, 36.324542 ], [ 49.998185, 36.324532 ], [ 49.998222, 36.324521 ], [ 49.998258, 36.32451 ], [ 49.998294, 36.324498 ], [ 49.99833, 36.324486 ], [ 49.998365, 36.324473 ], [ 49.998415, 36.324454 ], [ 49.99845, 36.324441 ], [ 49.998485, 36.324426 ], [ 49.998519, 36.324411 ], [ 49.998553, 36.324396 ], [ 49.998586, 36.32438 ], [ 49.99862, 36.324364 ], [ 49.998653, 36.324347 ], [ 49.998685, 36.32433 ], [ 49.998717, 36.324312 ], [ 49.998749, 36.324294 ], [ 49.99878, 36.324275 ], [ 49.998811, 36.324256 ], [ 49.998842, 36.324237 ], [ 49.998872, 36.324217 ], [ 49.998902, 36.324196 ], [ 49.998931, 36.324175 ], [ 49.99896, 36.324154 ], [ 49.998988, 36.324133 ], [ 49.999016, 36.324111 ], [ 49.999043, 36.324088 ], [ 49.99907, 36.324066 ], [ 49.999096, 36.324043 ], [ 49.999122, 36.324019 ], [ 49.999148, 36.323995 ], [ 49.999172, 36.323971 ], [ 49.999215, 36.323928 ], [ 49.999238, 36.323902 ], [ 49.999261, 36.323877 ], [ 49.999283, 36.323851 ], [ 49.999323, 36.323802 ], [ 49.999344, 36.323776 ], [ 49.999364, 36.323749 ], [ 49.999384, 36.323721 ], [ 49.999402, 36.323694 ], [ 49.999421, 36.323666 ], [ 49.999438, 36.323638 ], [ 49.999456, 36.32361 ], [ 49.999472, 36.323581 ], [ 49.999488, 36.323553 ], [ 49.999503, 36.323524 ], [ 49.999518, 36.323495 ], [ 49.999532, 36.323465 ], [ 49.999545, 36.323436 ], [ 49.999558, 36.323406 ], [ 49.99957, 36.323376 ], [ 49.999581, 36.323346 ], [ 49.999592, 36.323316 ], [ 49.999602, 36.323285 ], [ 49.999612, 36.323255 ], [ 49.99962, 36.323224 ], [ 49.999628, 36.323193 ], [ 49.999636, 36.323163 ], [ 49.999643, 36.323132 ], [ 49.999649, 36.3231 ], [ 49.999654, 36.323069 ], [ 49.999659, 36.323038 ], [ 49.999663, 36.323007 ], [ 49.999667, 36.322975 ], [ 49.999669, 36.322944 ], [ 49.999671, 36.322913 ], [ 49.999673, 36.322881 ], [ 49.999674, 36.32285 ], [ 49.999675, 36.32276 ], [ 49.999682, 36.322131 ], [ 49.99969, 36.32147 ], [ 49.999722, 36.318701 ] ] ] ] } },
{ "type": "Feature", "properties": { "fid": 86, "dauid": "117", "zones_areas_Mantagheh": "کوثر (هشت)", "j_col001_sum": 0.0 }, "geometry": { "type": "MultiPolygon", "coordinates": [ [ [ [ 50.014242, 36.323307 ], [ 50.013976, 36.322568 ], [ 50.013658, 36.321323 ], [ 50.013953, 36.31911 ], [ 50.014004, 36.318824 ], [ 50.012422, 36.3188 ], [ 50.0094, 36.318775 ], [ 50.009396, 36.318775 ], [ 50.008436, 36.318767 ], [ 50.007203, 36.318758 ], [ 50.006402, 36.318752 ], [ 50.004297, 36.318738 ], [ 50.004775, 36.320145 ], [ 50.004818, 36.320277 ], [ 50.004845, 36.320369 ], [ 50.00487, 36.320461 ], [ 50.004893, 36.320553 ], [ 50.004915, 36.320646 ], [ 50.004934, 36.320739 ], [ 50.004951, 36.320833 ], [ 50.004966, 36.320926 ], [ 50.004979, 36.32102 ], [ 50.00499, 36.321114 ], [ 50.004999, 36.321208 ], [ 50.005006, 36.321303 ], [ 50.005009, 36.321345 ], [ 50.005049, 36.323647 ], [ 50.004821, 36.325544 ], [ 50.014242, 36.323307 ] ] ] ] } },
{ "type": "Feature", "properties": { "fid": 87, "dauid": "106", "zones_areas_Mantagheh": "کوثر (هشت)", "j_col001_sum": 6607.0 }, "geometry": { "type": "MultiPolygon", "coordinates": [ [ [ [ 50.004297, 36.318738 ], [ 50.006402, 36.318752 ], [ 50.007203, 36.318758 ], [ 50.008436, 36.318767 ], [ 50.009396, 36.318775 ], [ 50.0094, 36.318775 ], [ 50.012422, 36.3188 ], [ 50.012402, 36.317416 ], [ 50.012397, 36.316894 ], [ 50.012393, 36.316456 ], [ 50.012391, 36.316233 ], [ 50.012349, 36.316023 ], [ 50.012266, 36.315606 ], [ 50.012205, 36.315305 ], [ 50.01219, 36.315247 ], [ 50.011363, 36.315245 ], [ 50.010156, 36.315226 ], [ 50.008638, 36.315216 ], [ 50.008246, 36.314856 ], [ 50.008037, 36.314643 ], [ 50.007604, 36.314158 ], [ 50.007352, 36.313989 ], [ 50.007142, 36.313954 ], [ 50.006021, 36.313944 ], [ 50.004712, 36.313933 ], [ 50.002597, 36.313915 ], [ 50.002608, 36.313974 ], [ 50.002616, 36.314005 ], [ 50.002623, 36.314036 ], [ 50.002632, 36.314067 ], [ 50.002641, 36.314098 ], [ 50.00265, 36.314128 ], [ 50.003275, 36.316021 ], [ 50.003471, 36.316596 ], [ 50.003669, 36.31717 ], [ 50.004293, 36.318738 ], [ 50.004297, 36.318738 ] ] ] ] } },
{ "type": "Feature", "properties": { "fid": 88, "dauid": "118", "zones_areas_Mantagheh": "کوثر (هشت)", "j_col001_sum": 1887.0 }, "geometry": { "type": "MultiPolygon", "coordinates": [ [ [ [ 50.004821, 36.325544 ], [ 50.005049, 36.323647 ], [ 50.005009, 36.321345 ], [ 50.005006, 36.321303 ], [ 50.004999, 36.321208 ], [ 50.00499, 36.321114 ], [ 50.004979, 36.32102 ], [ 50.004966, 36.320926 ], [ 50.004951, 36.320833 ], [ 50.004934, 36.320739 ], [ 50.004915, 36.320646 ], [ 50.004893, 36.320553 ], [ 50.00487, 36.320461 ], [ 50.004845, 36.320369 ], [ 50.004818, 36.320277 ], [ 50.004775, 36.320145 ], [ 50.004297, 36.318738 ], [ 50.004293, 36.318738 ], [ 50.003433, 36.318733 ], [ 50.003432, 36.318733 ], [ 49.999722, 36.318701 ], [ 49.99969, 36.32147 ], [ 49.999682, 36.322131 ], [ 49.999675, 36.32276 ], [ 49.999674, 36.32285 ], [ 49.999673, 36.322881 ], [ 49.999671, 36.322913 ], [ 49.999669, 36.322944 ], [ 49.999667, 36.322975 ], [ 49.999663, 36.323007 ], [ 49.999659, 36.323038 ], [ 49.999654, 36.323069 ], [ 49.999649, 36.3231 ], [ 49.999643, 36.323132 ], [ 49.999636, 36.323163 ], [ 49.999628, 36.323193 ], [ 49.99962, 36.323224 ], [ 49.999612, 36.323255 ], [ 49.999602, 36.323285 ], [ 49.999592, 36.323316 ], [ 49.999581, 36.323346 ], [ 49.99957, 36.323376 ], [ 49.999558, 36.323406 ], [ 49.999545, 36.323436 ], [ 49.999532, 36.323465 ], [ 49.999518, 36.323495 ], [ 49.999503, 36.323524 ], [ 49.999488, 36.323553 ], [ 49.999472, 36.323581 ], [ 49.999456, 36.32361 ], [ 49.999438, 36.323638 ], [ 49.999421, 36.323666 ], [ 49.999402, 36.323694 ], [ 49.999384, 36.323721 ], [ 49.999364, 36.323749 ], [ 49.999344, 36.323776 ], [ 49.999323, 36.323802 ], [ 49.999283, 36.323851 ], [ 49.999261, 36.323877 ], [ 49.999238, 36.323902 ], [ 49.999215, 36.323928 ], [ 49.999172, 36.323971 ], [ 49.999148, 36.323995 ], [ 49.999122, 36.324019 ], [ 49.999096, 36.324043 ], [ 49.99907, 36.324066 ], [ 49.999043, 36.324088 ], [ 49.999016, 36.324111 ], [ 49.998988, 36.324133 ], [ 49.99896, 36.324154 ], [ 49.998931, 36.324175 ], [ 49.998902, 36.324196 ], [ 49.998872, 36.324217 ], [ 49.998842, 36.324237 ], [ 49.998811, 36.324256 ], [ 49.99878, 36.324275 ], [ 49.998749, 36.324294 ], [ 49.998717, 36.324312 ], [ 49.998685, 36.32433 ], [ 49.998653, 36.324347 ], [ 49.99862, 36.324364 ], [ 49.998586, 36.32438 ], [ 49.998553, 36.324396 ], [ 49.998519, 36.324411 ], [ 49.998485, 36.324426 ], [ 49.99845, 36.324441 ], [ 49.998415, 36.324454 ], [ 49.998365, 36.324473 ], [ 49.99833, 36.324486 ], [ 49.998294, 36.324498 ], [ 49.998258, 36.32451 ], [ 49.998222, 36.324521 ], [ 49.998185, 36.324532 ], [ 49.998148, 36.324542 ], [ 49.998111, 36.324552 ], [ 49.998074, 36.324561 ], [ 49.998019, 36.324573 ], [ 49.997999, 36.324578 ], [ 49.997979, 36.324582 ], [ 49.997941, 36.324589 ], [ 49.997903, 36.324596 ], [ 49.997865, 36.324602 ], [ 49.997827, 36.324607 ], [ 49.997789, 36.324612 ], [ 49.99775, 36.324617 ], [ 49.997711, 36.324621 ], [ 49.997673, 36.324625 ], [ 49.997634, 36.324627 ], [ 49.997595, 36.32463 ], [ 49.997556, 36.324632 ], [ 49.997518, 36.324633 ], [ 49.997479, 36.324634 ], [ 49.997435, 36.324634 ], [ 49.997429, 36.324634 ], [ 49.997423, 36.324634 ], [ 49.995901, 36.324621 ], [ 49.995605, 36.324618 ], [ 49.995607, 36.324645 ], [ 49.995866, 36.327342 ], [ 49.995898, 36.327688 ], [ 49.995904, 36.327745 ], [ 49.996193, 36.327673 ], [ 49.998266, 36.327158 ], [ 50.002363, 36.326139 ], [ 50.002438, 36.32612 ], [ 50.002503, 36.326102 ], [ 50.002567, 36.326083 ], [ 50.002631, 36.326064 ], [ 50.004821, 36.325544 ] ] ] ] } },
{ "type": "Feature", "properties": { "fid": 89, "dauid": "119", "zones_areas_Mantagheh": "کوثر (هشت)", "j_col001_sum": 12857.0 }, "geometry": { "type": "MultiPolygon", "coordinates": [ [ [ [ 49.981587, 36.326462 ], [ 49.982253, 36.326744 ], [ 49.985231, 36.328004 ], [ 49.985421, 36.328079 ], [ 49.985612, 36.328152 ], [ 49.985805, 36.328222 ], [ 49.985999, 36.328289 ], [ 49.986195, 36.328354 ], [ 49.986392, 36.328415 ], [ 49.986591, 36.328474 ], [ 49.986791, 36.32853 ], [ 49.986991, 36.328584 ], [ 49.987193, 36.328634 ], [ 49.987397, 36.328682 ], [ 49.987601, 36.328726 ], [ 49.987806, 36.328768 ], [ 49.988011, 36.328807 ], [ 49.988218, 36.328843 ], [ 49.988426, 36.328876 ], [ 49.988634, 36.328906 ], [ 49.988842, 36.328933 ], [ 49.989052, 36.328958 ], [ 49.989261, 36.328979 ], [ 49.989503, 36.329 ], [ 49.9896, 36.329005 ], [ 49.989697, 36.32901 ], [ 49.989794, 36.329013 ], [ 49.989891, 36.329014 ], [ 49.989988, 36.329015 ], [ 49.990086, 36.329014 ], [ 49.990183, 36.329011 ], [ 49.99028, 36.329007 ], [ 49.990377, 36.329002 ], [ 49.990474, 36.328995 ], [ 49.99057, 36.328987 ], [ 49.990667, 36.328978 ], [ 49.990763, 36.328967 ], [ 49.990859, 36.328955 ], [ 49.990955, 36.328942 ], [ 49.99105, 36.328927 ], [ 49.991146, 36.328911 ], [ 49.99124, 36.328894 ], [ 49.991335, 36.328875 ], [ 49.991429, 36.328855 ], [ 49.991522, 36.328833 ], [ 49.991674, 36.328795 ], [ 49.993897, 36.328213 ], [ 49.995459, 36.327804 ], [ 49.99561, 36.327764 ], [ 49.995898, 36.327688 ], [ 49.995866, 36.327342 ], [ 49.995607, 36.324645 ], [ 49.995605, 36.324618 ], [ 49.995309, 36.324616 ], [ 49.993891, 36.324604 ], [ 49.993872, 36.324604 ], [ 49.993852, 36.324603 ], [ 49.993833, 36.324602 ], [ 49.993813, 36.324601 ], [ 49.993794, 36.3246 ], [ 49.993775, 36.324598 ], [ 49.993756, 36.324596 ], [ 49.993736, 36.324594 ], [ 49.993717, 36.324591 ], [ 49.993698, 36.324589 ], [ 49.993679, 36.324586 ], [ 49.99366, 36.324582 ], [ 49.993641, 36.324579 ], [ 49.993622, 36.324575 ], [ 49.993603, 36.324571 ], [ 49.993585, 36.324566 ], [ 49.993548, 36.324557 ], [ 49.99353, 36.324552 ], [ 49.993511, 36.324546 ], [ 49.993493, 36.324541 ], [ 49.993475, 36.324535 ], [ 49.993457, 36.324529 ], [ 49.99344, 36.324522 ], [ 49.993422, 36.324516 ], [ 49.993405, 36.324509 ], [ 49.993387, 36.324502 ], [ 49.99337, 36.324494 ], [ 49.993353, 36.324487 ], [ 49.993336, 36.324479 ], [ 49.99332, 36.324471 ], [ 49.993303, 36.324462 ], [ 49.993287, 36.324454 ], [ 49.993271, 36.324445 ], [ 49.993255, 36.324436 ], [ 49.993239, 36.324426 ], [ 49.993224, 36.324417 ], [ 49.993208, 36.324407 ], [ 49.993193, 36.324397 ], [ 49.993178, 36.324387 ], [ 49.993164, 36.324377 ], [ 49.993149, 36.324366 ], [ 49.993125, 36.324348 ], [ 49.993111, 36.324337 ], [ 49.993098, 36.324325 ], [ 49.993084, 36.324314 ], [ 49.993071, 36.324302 ], [ 49.993058, 36.32429 ], [ 49.993046, 36.324278 ], [ 49.993034, 36.324266 ], [ 49.993022, 36.324254 ], [ 49.99301, 36.324241 ], [ 49.992998, 36.324229 ], [ 49.992987, 36.324216 ], [ 49.992976, 36.324203 ], [ 49.992966, 36.32419 ], [ 49.992955, 36.324176 ], [ 49.992945, 36.324162 ], [ 49.992935, 36.324148 ], [ 49.992925, 36.324135 ], [ 49.992916, 36.324121 ], [ 49.992907, 36.324107 ], [ 49.992899, 36.324093 ], [ 49.992891, 36.324078 ], [ 49.992883, 36.324064 ], [ 49.992875, 36.32405 ], [ 49.992868, 36.324035 ], [ 49.992861, 36.32402 ], [ 49.992854, 36.324006 ], [ 49.992848, 36.323991 ], [ 49.992842, 36.323976 ], [ 49.992832, 36.323951 ], [ 49.992823, 36.323924 ], [ 49.992812, 36.323897 ], [ 49.992801, 36.32387 ], [ 49.992789, 36.323843 ], [ 49.992777, 36.323817 ], [ 49.992764, 36.323791 ], [ 49.992751, 36.323764 ], [ 49.992737, 36.323738 ], [ 49.992723, 36.323713 ], [ 49.992707, 36.323687 ], [ 49.992692, 36.323662 ], [ 49.992676, 36.323637 ], [ 49.992659, 36.323612 ], [ 49.992642, 36.323587 ], [ 49.992624, 36.323563 ], [ 49.992606, 36.323539 ], [ 49.992587, 36.323515 ], [ 49.992568, 36.323491 ], [ 49.992548, 36.323468 ], [ 49.992528, 36.323445 ], [ 49.992507, 36.323422 ], [ 49.992486, 36.323399 ], [ 49.992444, 36.323358 ], [ 49.992419, 36.323334 ], [ 49.992395, 36.323312 ], [ 49.992372, 36.323292 ], [ 49.992348, 36.323271 ], [ 49.992323, 36.323251 ], [ 49.992298, 36.323231 ], [ 49.992273, 36.323212 ], [ 49.992247, 36.323192 ], [ 49.992221, 36.323174 ], [ 49.992194, 36.323155 ], [ 49.992167, 36.323137 ], [ 49.99214, 36.32312 ], [ 49.992112, 36.323102 ], [ 49.992084, 36.323086 ], [ 49.992056, 36.323069 ], [ 49.992027, 36.323053 ], [ 49.991998, 36.323038 ], [ 49.991968, 36.323022 ], [ 49.991938, 36.323008 ], [ 49.991908, 36.322993 ], [ 49.991878, 36.322979 ], [ 49.991847, 36.322966 ], [ 49.991816, 36.322953 ], [ 49.991785, 36.32294 ], [ 49.991753, 36.322928 ], [ 49.991721, 36.322916 ], [ 49.991689, 36.322905 ], [ 49.991657, 36.322894 ], [ 49.991624, 36.322884 ], [ 49.991591, 36.322874 ], [ 49.991559, 36.322864 ], [ 49.991525, 36.322855 ], [ 49.991492, 36.322847 ], [ 49.991458, 36.322839 ], [ 49.991425, 36.322831 ], [ 49.991391, 36.322824 ], [ 49.991357, 36.322818 ], [ 49.991323, 36.322812 ], [ 49.991288, 36.322806 ], [ 49.991254, 36.322801 ], [ 49.99122, 36.322796 ], [ 49.991185, 36.322792 ], [ 49.99115, 36.322788 ], [ 49.991116, 36.322785 ], [ 49.991081, 36.322782 ], [ 49.991046, 36.32278 ], [ 49.991011, 36.322778 ], [ 49.990976, 36.322777 ], [ 49.990941, 36.322777 ], [ 49.990906, 36.322776 ], [ 49.990871, 36.322777 ], [ 49.990836, 36.322777 ], [ 49.990801, 36.322779 ], [ 49.990766, 36.32278 ], [ 49.990731, 36.322782 ], [ 49.990697, 36.322785 ], [ 49.990662, 36.322788 ], [ 49.990627, 36.322792 ], [ 49.990593, 36.322796 ], [ 49.990558, 36.322801 ], [ 49.990524, 36.322806 ], [ 49.99049, 36.322812 ], [ 49.990455, 36.322818 ], [ 49.990421, 36.322825 ], [ 49.990388, 36.322832 ], [ 49.990354, 36.322839 ], [ 49.99032, 36.322847 ], [ 49.990287, 36.322856 ], [ 49.990254, 36.322865 ], [ 49.990221, 36.322874 ], [ 49.990188, 36.322884 ], [ 49.990144, 36.322897 ], [ 49.990107, 36.322908 ], [ 49.99007, 36.322918 ], [ 49.990033, 36.322927 ], [ 49.989996, 36.322936 ], [ 49.989958, 36.322944 ], [ 49.989921, 36.322952 ], [ 49.989883, 36.322959 ], [ 49.989845, 36.322966 ], [ 49.989807, 36.322972 ], [ 49.989768, 36.322978 ], [ 49.98973, 36.322983 ], [ 49.989692, 36.322987 ], [ 49.989653, 36.322991 ], [ 49.989614, 36.322995 ], [ 49.989576, 36.322998 ], [ 49.989537, 36.323 ], [ 49.989498, 36.323002 ], [ 49.989433, 36.323004 ], [ 49.989394, 36.323004 ], [ 49.989355, 36.323004 ], [ 49.989316, 36.323003 ], [ 49.989277, 36.323002 ], [ 49.989238, 36.323 ], [ 49.989199, 36.322998 ], [ 49.98916, 36.322995 ], [ 49.989121, 36.322991 ], [ 49.989083, 36.322987 ], [ 49.989044, 36.322982 ], [ 49.989006, 36.322977 ], [ 49.988968, 36.322972 ], [ 49.988929, 36.322965 ], [ 49.988874, 36.322955 ], [ 49.988836, 36.322948 ], [ 49.988799, 36.32294 ], [ 49.988761, 36.322931 ], [ 49.988724, 36.322922 ], [ 49.988687, 36.322912 ], [ 49.98865, 36.322902 ], [ 49.988614, 36.322892 ], [ 49.988577, 36.32288 ], [ 49.988541, 36.322869 ], [ 49.988505, 36.322856 ], [ 49.98847, 36.322844 ], [ 49.988434, 36.32283 ], [ 49.988399, 36.322817 ], [ 49.988365, 36.322803 ], [ 49.98833, 36.322788 ], [ 49.988296, 36.322773 ], [ 49.988263, 36.322757 ], [ 49.988229, 36.322741 ], [ 49.988196, 36.322724 ], [ 49.988163, 36.322707 ], [ 49.988131, 36.32269 ], [ 49.988099, 36.322672 ], [ 49.988068, 36.322653 ], [ 49.988037, 36.322634 ], [ 49.988006, 36.322615 ], [ 49.987976, 36.322595 ], [ 49.987946, 36.322575 ], [ 49.987916, 36.322555 ], [ 49.987887, 36.322534 ], [ 49.987859, 36.322512 ], [ 49.987831, 36.32249 ], [ 49.987803, 36.322468 ], [ 49.987776, 36.322446 ], [ 49.987085, 36.322759 ], [ 49.986939, 36.322803 ], [ 49.986758, 36.322813 ], [ 49.985332, 36.322801 ], [ 49.984242, 36.322791 ], [ 49.983064, 36.322782 ], [ 49.982981, 36.323089 ], [ 49.982891, 36.323395 ], [ 49.982795, 36.3237 ], [ 49.982692, 36.324004 ], [ 49.982583, 36.324305 ], [ 49.982467, 36.324606 ], [ 49.982345, 36.324905 ], [ 49.982216, 36.325201 ], [ 49.982081, 36.325496 ], [ 49.98194, 36.32579 ], [ 49.981792, 36.326081 ], [ 49.981587, 36.326462 ] ] ] ] } },
{ "type": "Feature", "properties": { "fid": 90, "dauid": "120", "zones_areas_Mantagheh": "یخچال (پنج)", "j_col001_sum": 2615.0 }, "geometry": { "type": "MultiPolygon", "coordinates": [ [ [ [ 50.017426, 36.272496 ], [ 50.018146, 36.272641 ], [ 50.019681, 36.272942 ], [ 50.020265, 36.272941 ], [ 50.020541, 36.2729 ], [ 50.020742, 36.272852 ], [ 50.021012, 36.272762 ], [ 50.021393, 36.272596 ], [ 50.02225, 36.272218 ], [ 50.022883, 36.271939 ], [ 50.022647, 36.271559 ], [ 50.022598, 36.271481 ], [ 50.022073, 36.270822 ], [ 50.021755, 36.270423 ], [ 50.021754, 36.270422 ], [ 50.021208, 36.269912 ], [ 50.020993, 36.269711 ], [ 50.020793, 36.269539 ], [ 50.02063, 36.269399 ], [ 50.020459, 36.269252 ], [ 50.020077, 36.268925 ], [ 50.019898, 36.268768 ], [ 50.019589, 36.2685 ], [ 50.019022, 36.268007 ], [ 50.018899, 36.268377 ], [ 50.018771, 36.268756 ], [ 50.018699, 36.268944 ], [ 50.01857, 36.269382 ], [ 50.018464, 36.269756 ], [ 50.018387, 36.270029 ], [ 50.018287, 36.27038 ], [ 50.018129, 36.270937 ], [ 50.017982, 36.271457 ], [ 50.017709, 36.271429 ], [ 50.017706, 36.271441 ], [ 50.017575, 36.271936 ], [ 50.017437, 36.272455 ], [ 50.017426, 36.272496 ] ] ] ] } },
{ "type": "Feature", "properties": { "fid": 91, "dauid": "121", "zones_areas_Mantagheh": "یخچال (پنج)", "j_col001_sum": 2958.0 }, "geometry": { "type": "MultiPolygon", "coordinates": [ [ [ [ 50.014541, 36.272462 ], [ 50.01729, 36.273009 ], [ 50.017426, 36.272496 ], [ 50.017437, 36.272455 ], [ 50.017575, 36.271936 ], [ 50.017706, 36.271441 ], [ 50.017709, 36.271429 ], [ 50.017982, 36.271457 ], [ 50.018129, 36.270937 ], [ 50.018287, 36.27038 ], [ 50.018387, 36.270029 ], [ 50.018464, 36.269756 ], [ 50.01857, 36.269382 ], [ 50.018699, 36.268944 ], [ 50.018771, 36.268756 ], [ 50.018899, 36.268377 ], [ 50.019022, 36.268007 ], [ 50.018916, 36.267915 ], [ 50.018326, 36.267337 ], [ 50.017809, 36.26683 ], [ 50.017165, 36.266947 ], [ 50.016836, 36.267004 ], [ 50.016522, 36.267058 ], [ 50.015406, 36.267251 ], [ 50.015826, 36.268776 ], [ 50.015878, 36.268962 ], [ 50.015881, 36.268975 ], [ 50.015884, 36.268988 ], [ 50.015887, 36.269001 ], [ 50.01589, 36.269014 ], [ 50.015892, 36.269028 ], [ 50.015894, 36.269041 ], [ 50.015896, 36.269054 ], [ 50.015897, 36.269068 ], [ 50.015898, 36.269081 ], [ 50.015899, 36.269094 ], [ 50.0159, 36.269108 ], [ 50.0159, 36.269121 ], [ 50.0159, 36.269134 ], [ 50.0159, 36.269148 ], [ 50.015899, 36.269161 ], [ 50.015899, 36.269174 ], [ 50.015897, 36.269188 ], [ 50.015896, 36.269201 ], [ 50.015894, 36.269214 ], [ 50.015891, 36.269233 ], [ 50.015889, 36.269247 ], [ 50.015886, 36.26926 ], [ 50.015883, 36.269273 ], [ 50.01588, 36.269288 ], [ 50.01585, 36.269396 ], [ 50.015818, 36.269503 ], [ 50.015784, 36.269611 ], [ 50.015714, 36.269811 ], [ 50.015673, 36.269916 ], [ 50.01563, 36.270021 ], [ 50.015577, 36.270144 ], [ 50.015558, 36.270186 ], [ 50.015537, 36.270227 ], [ 50.015516, 36.270269 ], [ 50.015494, 36.27031 ], [ 50.015471, 36.270351 ], [ 50.015443, 36.270398 ], [ 50.01543, 36.270419 ], [ 50.015417, 36.270441 ], [ 50.015121, 36.270905 ], [ 50.014906, 36.271244 ], [ 50.014895, 36.271261 ], [ 50.014886, 36.271277 ], [ 50.014876, 36.271293 ], [ 50.014867, 36.27131 ], [ 50.014859, 36.271327 ], [ 50.01485, 36.271343 ], [ 50.014843, 36.27136 ], [ 50.014835, 36.271377 ], [ 50.014821, 36.271411 ], [ 50.014815, 36.271429 ], [ 50.014809, 36.271446 ], [ 50.014803, 36.271464 ], [ 50.014798, 36.271481 ], [ 50.014791, 36.271505 ], [ 50.014681, 36.271928 ], [ 50.014541, 36.272462 ] ] ] ] } },
{ "type": "Feature", "properties": { "fid": 92, "dauid": "122", "zones_areas_Mantagheh": "نواب شمالی (چهار)", "j_col001_sum": 6119.0 }, "geometry": { "type": "MultiPolygon", "coordinates": [ [ [ [ 50.001108, 36.284247 ], [ 50.000276, 36.284342 ], [ 50.000236, 36.284346 ], [ 49.999538, 36.284415 ], [ 49.999453, 36.284423 ], [ 49.99911, 36.284457 ], [ 49.99881, 36.284486 ], [ 49.998552, 36.284516 ], [ 49.997935, 36.284587 ], [ 49.997867, 36.284595 ], [ 49.997944, 36.284825 ], [ 49.997958, 36.284866 ], [ 49.998002, 36.284997 ], [ 49.998031, 36.285084 ], [ 49.998092, 36.285267 ], [ 49.998161, 36.285471 ], [ 49.998206, 36.285606 ], [ 49.998231, 36.285681 ], [ 49.998251, 36.28574 ], [ 49.998255, 36.285808 ], [ 49.998261, 36.285897 ], [ 49.998273, 36.286075 ], [ 49.998282, 36.28623 ], [ 49.998288, 36.286309 ], [ 49.998306, 36.286405 ], [ 49.998313, 36.286437 ], [ 49.998361, 36.286683 ], [ 49.998411, 36.286937 ], [ 49.998442, 36.287095 ], [ 49.998451, 36.287138 ], [ 49.998473, 36.287252 ], [ 49.998535, 36.287407 ], [ 49.998599, 36.287564 ], [ 49.998632, 36.287648 ], [ 49.998678, 36.287762 ], [ 49.998711, 36.287844 ], [ 49.998745, 36.287928 ], [ 49.998842, 36.288171 ], [ 49.998873, 36.288248 ], [ 49.998908, 36.288335 ], [ 49.99898, 36.288513 ], [ 49.999058, 36.288707 ], [ 49.999155, 36.28895 ], [ 49.999218, 36.289106 ], [ 49.999268, 36.28933 ], [ 49.999294, 36.289447 ], [ 49.999348, 36.289692 ], [ 49.999356, 36.289727 ], [ 49.9994, 36.289928 ], [ 49.999421, 36.290018 ], [ 49.999426, 36.290043 ], [ 49.999479, 36.290306 ], [ 49.999492, 36.290385 ], [ 49.999534, 36.290652 ], [ 49.999538, 36.290679 ], [ 49.999554, 36.290783 ], [ 49.999571, 36.290892 ], [ 49.999594, 36.291034 ], [ 49.999611, 36.291146 ], [ 49.999624, 36.291229 ], [ 49.999649, 36.291389 ], [ 49.999656, 36.291429 ], [ 49.99969, 36.291651 ], [ 49.999699, 36.291678 ], [ 49.999729, 36.291776 ], [ 49.999773, 36.291919 ], [ 49.999781, 36.291946 ], [ 49.999823, 36.292082 ], [ 49.999892, 36.292307 ], [ 49.999958, 36.29252 ], [ 50.000028, 36.292748 ], [ 50.000167, 36.293174 ], [ 50.001174, 36.29232 ], [ 50.001251, 36.291914 ], [ 50.00127, 36.291793 ], [ 50.001313, 36.291508 ], [ 50.00137, 36.291135 ], [ 50.001413, 36.290852 ], [ 50.001491, 36.290844 ], [ 50.00151, 36.290719 ], [ 50.001532, 36.290574 ], [ 50.001561, 36.290384 ], [ 50.001574, 36.290298 ], [ 50.00158, 36.290122 ], [ 50.001594, 36.289742 ], [ 50.001599, 36.289595 ], [ 50.001609, 36.28931 ], [ 50.001619, 36.289035 ], [ 50.001632, 36.288902 ], [ 50.001635, 36.288868 ], [ 50.00166, 36.28862 ], [ 50.001672, 36.288498 ], [ 50.001715, 36.288057 ], [ 50.001748, 36.287716 ], [ 50.001836, 36.287571 ], [ 50.001945, 36.287389 ], [ 50.001711, 36.287208 ], [ 50.001666, 36.287115 ], [ 50.001595, 36.286966 ], [ 50.001589, 36.286938 ], [ 50.00153, 36.28659 ], [ 50.001504, 36.286442 ], [ 50.00144, 36.286064 ], [ 50.001409, 36.285898 ], [ 50.001406, 36.285881 ], [ 50.001386, 36.285767 ], [ 50.001362, 36.285636 ], [ 50.001328, 36.285452 ], [ 50.001311, 36.285361 ], [ 50.001251, 36.285028 ], [ 50.001224, 36.284883 ], [ 50.001121, 36.284319 ], [ 50.001108, 36.284247 ] ] ] ] } },
{ "type": "Feature", "properties": { "fid": 93, "dauid": "123", "zones_areas_Mantagheh": "نواب شمالی (چهار)", "j_col001_sum": 1041.0 }, "geometry": { "type": "MultiPolygon", "coordinates": [ [ [ [ 49.990182, 36.303049 ], [ 49.990313, 36.303122 ], [ 49.990393, 36.303166 ], [ 49.990474, 36.303208 ], [ 49.990842, 36.303402 ], [ 49.990866, 36.303411 ], [ 49.990883, 36.303418 ], [ 49.9909, 36.303424 ], [ 49.990917, 36.30343 ], [ 49.990934, 36.303436 ], [ 49.990952, 36.303442 ], [ 49.990969, 36.303447 ], [ 49.990987, 36.303452 ], [ 49.991005, 36.303457 ], [ 49.991023, 36.303462 ], [ 49.991041, 36.303466 ], [ 49.991059, 36.30347 ], [ 49.991077, 36.303474 ], [ 49.991458, 36.303558 ], [ 49.992411, 36.303776 ], [ 49.99257, 36.303816 ], [ 49.992685, 36.303843 ], [ 49.992802, 36.303868 ], [ 49.992918, 36.303892 ], [ 49.993036, 36.303914 ], [ 49.993094, 36.303927 ], [ 49.993133, 36.303935 ], [ 49.993172, 36.303943 ], [ 49.993211, 36.303949 ], [ 49.99325, 36.303956 ], [ 49.993289, 36.303961 ], [ 49.993329, 36.303967 ], [ 49.993369, 36.303971 ], [ 49.993408, 36.303975 ], [ 49.993448, 36.303979 ], [ 49.993488, 36.303982 ], [ 49.993528, 36.303984 ], [ 49.993568, 36.303986 ], [ 49.993662, 36.303985 ], [ 49.993718, 36.303983 ], [ 49.993774, 36.303981 ], [ 49.99383, 36.303977 ], [ 49.993886, 36.303973 ], [ 49.993942, 36.303968 ], [ 49.993997, 36.303963 ], [ 49.994053, 36.303956 ], [ 49.994108, 36.303949 ], [ 49.994197, 36.303928 ], [ 49.994254, 36.303914 ], [ 49.99431, 36.303899 ], [ 49.994366, 36.303883 ], [ 49.994421, 36.303866 ], [ 49.994476, 36.303849 ], [ 49.994531, 36.303831 ], [ 49.994585, 36.303812 ], [ 49.994639, 36.303792 ], [ 49.994693, 36.303772 ], [ 49.994746, 36.30375 ], [ 49.99533, 36.303507 ], [ 49.99591, 36.303257 ], [ 49.997106, 36.302747 ], [ 49.998297, 36.302226 ], [ 50.000477, 36.301288 ], [ 50.000846, 36.301129 ], [ 49.999637, 36.299797 ], [ 49.999135, 36.299243 ], [ 49.998621, 36.298675 ], [ 49.998352, 36.298379 ], [ 49.998236, 36.298267 ], [ 49.99773, 36.297782 ], [ 49.997436, 36.297385 ], [ 49.997292, 36.297191 ], [ 49.997184, 36.296986 ], [ 49.995976, 36.298005 ], [ 49.994563, 36.299226 ], [ 49.991956, 36.301501 ], [ 49.990426, 36.30283 ], [ 49.990182, 36.303049 ] ] ] ] } },
{ "type": "Feature", "properties": { "fid": 94, "dauid": "124", "zones_areas_Mantagheh": "نواب شمالی (چهار)", "j_col001_sum": 5318.0 }, "geometry": { "type": "MultiPolygon", "coordinates": [ [ [ [ 50.003592, 36.294521 ], [ 50.003531, 36.29464 ], [ 50.003523, 36.294655 ], [ 50.003267, 36.295157 ], [ 50.002988, 36.295704 ], [ 50.002737, 36.296197 ], [ 50.00271, 36.29625 ], [ 50.00245, 36.296759 ], [ 50.003609, 36.29714 ], [ 50.004381, 36.297394 ], [ 50.006267, 36.298013 ], [ 50.008012, 36.298586 ], [ 50.008302, 36.298681 ], [ 50.008688, 36.298669 ], [ 50.009496, 36.298642 ], [ 50.009476, 36.298474 ], [ 50.009439, 36.298166 ], [ 50.009375, 36.297623 ], [ 50.009337, 36.297295 ], [ 50.009263, 36.29667 ], [ 50.009246, 36.296527 ], [ 50.009221, 36.296178 ], [ 50.009189, 36.295749 ], [ 50.00918, 36.295619 ], [ 50.009172, 36.295506 ], [ 50.009146, 36.295147 ], [ 50.009116, 36.294742 ], [ 50.009093, 36.294427 ], [ 50.009092, 36.294374 ], [ 50.009081, 36.294006 ], [ 50.009073, 36.293734 ], [ 50.009066, 36.293481 ], [ 50.008895, 36.293474 ], [ 50.008885, 36.293473 ], [ 50.008875, 36.293473 ], [ 50.008865, 36.293473 ], [ 50.008856, 36.293473 ], [ 50.008846, 36.293473 ], [ 50.008836, 36.293474 ], [ 50.008827, 36.293474 ], [ 50.008817, 36.293475 ], [ 50.008807, 36.293475 ], [ 50.008798, 36.293476 ], [ 50.008788, 36.293477 ], [ 50.008778, 36.293478 ], [ 50.008769, 36.29348 ], [ 50.008759, 36.293481 ], [ 50.00875, 36.293483 ], [ 50.00874, 36.293484 ], [ 50.00873, 36.293486 ], [ 50.007315, 36.293771 ], [ 50.007152, 36.293804 ], [ 50.006451, 36.293945 ], [ 50.006085, 36.294019 ], [ 50.004391, 36.29436 ], [ 50.003592, 36.294521 ] ] ] ] } },
{ "type": "Feature", "properties": { "fid": 95, "dauid": "125", "zones_areas_Mantagheh": "ملاصدرای جنوبی (شش)", "j_col001_sum": 8415.0 }, "geometry": { "type": "MultiPolygon", "coordinates": [ [ [ [ 50.009476, 36.298474 ], [ 50.01104, 36.298409 ], [ 50.011513, 36.298383 ], [ 50.012136, 36.298355 ], [ 50.014769, 36.298256 ], [ 50.015441, 36.298072 ], [ 50.015969, 36.297808 ], [ 50.017038, 36.297203 ], [ 50.018351, 36.296475 ], [ 50.018039, 36.296065 ], [ 50.017871, 36.295842 ], [ 50.017597, 36.295482 ], [ 50.017393, 36.295212 ], [ 50.017173, 36.294915 ], [ 50.016896, 36.294538 ], [ 50.016671, 36.294232 ], [ 50.016344, 36.293788 ], [ 50.014805, 36.293724 ], [ 50.01458, 36.293714 ], [ 50.012847, 36.293641 ], [ 50.012445, 36.293624 ], [ 50.010483, 36.293541 ], [ 50.009066, 36.293481 ], [ 50.009073, 36.293734 ], [ 50.009081, 36.294006 ], [ 50.009092, 36.294374 ], [ 50.009093, 36.294427 ], [ 50.009116, 36.294742 ], [ 50.009146, 36.295147 ], [ 50.009172, 36.295506 ], [ 50.00918, 36.295619 ], [ 50.009189, 36.295749 ], [ 50.009221, 36.296178 ], [ 50.009246, 36.296527 ], [ 50.009263, 36.29667 ], [ 50.009337, 36.297295 ], [ 50.009375, 36.297623 ], [ 50.009439, 36.298166 ], [ 50.009476, 36.298474 ] ] ] ] } },
{ "type": "Feature", "properties": { "fid": 96, "dauid": "126", "zones_areas_Mantagheh": "ملاصدرای جنوبی (شش)", "j_col001_sum": 3971.0 }, "geometry": { "type": "MultiPolygon", "coordinates": [ [ [ [ 50.02186, 36.30117 ], [ 50.022263, 36.301709 ], [ 50.022815, 36.302536 ], [ 50.023304, 36.303128 ], [ 50.024768, 36.30463 ], [ 50.029464, 36.301531 ], [ 50.029435, 36.301485 ], [ 50.029406, 36.301438 ], [ 50.029379, 36.301391 ], [ 50.029353, 36.301344 ], [ 50.029328, 36.301296 ], [ 50.029303, 36.301248 ], [ 50.02928, 36.3012 ], [ 50.029258, 36.301151 ], [ 50.029237, 36.301102 ], [ 50.029217, 36.301053 ], [ 50.029198, 36.301003 ], [ 50.02918, 36.300954 ], [ 50.029163, 36.300904 ], [ 50.029147, 36.300853 ], [ 50.029123, 36.300766 ], [ 50.028779, 36.299479 ], [ 50.028533, 36.298559 ], [ 50.028505, 36.298459 ], [ 50.028475, 36.29836 ], [ 50.028443, 36.298261 ], [ 50.028409, 36.298162 ], [ 50.028373, 36.298064 ], [ 50.028334, 36.297967 ], [ 50.028294, 36.29787 ], [ 50.028251, 36.297774 ], [ 50.028206, 36.297678 ], [ 50.02816, 36.297583 ], [ 50.028111, 36.297489 ], [ 50.02806, 36.297395 ], [ 50.028007, 36.297302 ], [ 50.027952, 36.29721 ], [ 50.027883, 36.297099 ], [ 50.025722, 36.298545 ], [ 50.025651, 36.298594 ], [ 50.024343, 36.299482 ], [ 50.023327, 36.300173 ], [ 50.02186, 36.30117 ] ] ] ] } },
{ "type": "Feature", "properties": { "fid": 97, "dauid": "127", "zones_areas_Mantagheh": "ملاصدرای شمالی (هفت)", "j_col001_sum": 5416.0 }, "geometry": { "type": "MultiPolygon", "coordinates": [ [ [ [ 50.027333, 36.306939 ], [ 50.026566, 36.306788 ], [ 50.025866, 36.30666 ], [ 50.024052, 36.306328 ], [ 50.021958, 36.305944 ], [ 50.020949, 36.305758 ], [ 50.020569, 36.305689 ], [ 50.019387, 36.305472 ], [ 50.018886, 36.305387 ], [ 50.017137, 36.305091 ], [ 50.017093, 36.305084 ], [ 50.01678, 36.306491 ], [ 50.017857, 36.309315 ], [ 50.018138, 36.310052 ], [ 50.020088, 36.309594 ], [ 50.020702, 36.30945 ], [ 50.020853, 36.309421 ], [ 50.021, 36.309364 ], [ 50.02274, 36.309596 ], [ 50.023937, 36.309755 ], [ 50.025303, 36.309937 ], [ 50.026175, 36.310053 ], [ 50.027627, 36.310247 ], [ 50.02777, 36.309141 ], [ 50.027806, 36.308268 ], [ 50.027712, 36.307739 ], [ 50.027333, 36.306939 ] ] ] ] } },
{ "type": "Feature", "properties": { "fid": 98, "dauid": "128", "zones_areas_Mantagheh": "ملاصدرای شمالی (هفت)", "j_col001_sum": 3828.0 }, "geometry": { "type": "MultiPolygon", "coordinates": [ [ [ [ 50.01139, 36.30524 ], [ 50.011424, 36.305327 ], [ 50.011824, 36.306369 ], [ 50.011959, 36.306721 ], [ 50.012072, 36.307015 ], [ 50.012203, 36.307355 ], [ 50.012286, 36.307574 ], [ 50.012511, 36.308169 ], [ 50.01266, 36.308562 ], [ 50.012756, 36.308815 ], [ 50.012756, 36.308816 ], [ 50.012867, 36.30911 ], [ 50.013061, 36.309623 ], [ 50.013071, 36.309649 ], [ 50.013182, 36.310045 ], [ 50.013318, 36.310532 ], [ 50.01338, 36.310754 ], [ 50.013412, 36.310868 ], [ 50.013439, 36.310967 ], [ 50.013536, 36.311313 ], [ 50.013552, 36.311371 ], [ 50.01512, 36.311086 ], [ 50.015781, 36.310966 ], [ 50.016605, 36.310816 ], [ 50.017245, 36.3107 ], [ 50.018311, 36.310506 ], [ 50.018138, 36.310052 ], [ 50.017857, 36.309315 ], [ 50.01678, 36.306491 ], [ 50.017093, 36.305084 ], [ 50.016746, 36.305025 ], [ 50.016723, 36.305021 ], [ 50.016707, 36.305019 ], [ 50.01669, 36.305017 ], [ 50.016674, 36.305015 ], [ 50.016658, 36.305014 ], [ 50.016641, 36.305012 ], [ 50.016625, 36.305011 ], [ 50.016608, 36.30501 ], [ 50.016592, 36.305009 ], [ 50.016575, 36.305009 ], [ 50.016559, 36.305009 ], [ 50.016542, 36.305009 ], [ 50.016526, 36.305009 ], [ 50.016509, 36.30501 ], [ 50.016493, 36.30501 ], [ 50.016476, 36.305011 ], [ 50.016081, 36.305037 ], [ 50.015047, 36.305105 ], [ 50.015037, 36.305105 ], [ 50.015028, 36.305106 ], [ 50.014521, 36.305124 ], [ 50.012843, 36.305186 ], [ 50.01139, 36.305239 ], [ 50.01139, 36.30524 ] ] ] ] } },
{ "type": "Feature", "properties": { "fid": 99, "dauid": "129", "zones_areas_Mantagheh": "ملاصدرای شمالی (هفت)", "j_col001_sum": 2189.0 }, "geometry": { "type": "MultiPolygon", "coordinates": [ [ [ [ 50.028601, 36.317257 ], [ 50.029116, 36.31713 ], [ 50.029707, 36.316951 ], [ 50.030699, 36.316649 ], [ 50.032104, 36.316222 ], [ 50.033263, 36.31587 ], [ 50.034153, 36.315602 ], [ 50.035463, 36.315208 ], [ 50.035325, 36.314902 ], [ 50.035211, 36.314651 ], [ 50.035147, 36.314509 ], [ 50.034982, 36.314233 ], [ 50.034732, 36.313815 ], [ 50.034536, 36.313486 ], [ 50.034436, 36.313357 ], [ 50.034351, 36.313382 ], [ 50.033282, 36.313705 ], [ 50.032623, 36.313904 ], [ 50.032405, 36.313969 ], [ 50.031242, 36.31432 ], [ 50.02978, 36.314761 ], [ 50.029474, 36.314853 ], [ 50.028336, 36.315196 ], [ 50.02747, 36.315462 ], [ 50.02773, 36.315988 ], [ 50.027744, 36.316018 ], [ 50.027823, 36.316177 ], [ 50.028002, 36.316456 ], [ 50.028035, 36.316509 ], [ 50.028148, 36.316685 ], [ 50.028361, 36.316954 ], [ 50.028375, 36.316972 ], [ 50.028601, 36.317257 ] ] ] ] } },
{ "type": "Feature", "properties": { "fid": 100, "dauid": "130", "zones_areas_Mantagheh": "ملاصدرای شمالی (هفت)", "j_col001_sum": 1371.0 }, "geometry": { "type": "MultiPolygon", "coordinates": [ [ [ [ 50.022424, 36.317017 ], [ 50.02293, 36.318173 ], [ 50.022982, 36.318283 ], [ 50.023116, 36.318567 ], [ 50.023267, 36.318888 ], [ 50.024512, 36.318521 ], [ 50.026663, 36.317859 ], [ 50.027672, 36.317545 ], [ 50.028057, 36.317426 ], [ 50.028601, 36.317257 ], [ 50.028375, 36.316972 ], [ 50.028361, 36.316954 ], [ 50.028148, 36.316685 ], [ 50.028035, 36.316509 ], [ 50.028002, 36.316456 ], [ 50.027823, 36.316177 ], [ 50.027744, 36.316018 ], [ 50.02773, 36.315988 ], [ 50.02747, 36.315462 ], [ 50.025814, 36.315959 ], [ 50.024739, 36.316294 ], [ 50.022424, 36.317017 ] ] ] ] } },
{ "type": "Feature", "properties": { "fid": 101, "dauid": "131", "zones_areas_Mantagheh": "ملاصدرای شمالی (هفت)", "j_col001_sum": 1717.0 }, "geometry": { "type": "MultiPolygon", "coordinates": [ [ [ [ 50.024155329520688, 36.320793496151687 ], [ 50.030026, 36.319305 ], [ 50.029835, 36.318956 ], [ 50.029713, 36.318734 ], [ 50.029606, 36.318539 ], [ 50.029472, 36.318328 ], [ 50.029231, 36.317951 ], [ 50.028886, 36.317572 ], [ 50.028861, 36.317544 ], [ 50.028601, 36.317257 ], [ 50.028057, 36.317426 ], [ 50.027672, 36.317545 ], [ 50.026663, 36.317859 ], [ 50.024512, 36.318521 ], [ 50.023267, 36.318888 ], [ 50.023403, 36.319201 ], [ 50.023511, 36.319449 ], [ 50.023544, 36.319524 ], [ 50.023712, 36.319875 ], [ 50.023903, 36.320274 ], [ 50.024033, 36.320546 ], [ 50.024155329520688, 36.320793496151687 ] ] ] ] } },
{ "type": "Feature", "properties": { "fid": 102, "dauid": "132", "zones_areas_Mantagheh": "کوثر (هشت)", "j_col001_sum": 3004.0 }, "geometry": { "type": "MultiPolygon", "coordinates": [ [ [ [ 50.002761, 36.309422 ], [ 50.002604, 36.310867 ], [ 50.002598, 36.311414 ], [ 50.00259, 36.312219 ], [ 50.00258, 36.313782 ], [ 50.002581, 36.313806 ], [ 50.002582, 36.313822 ], [ 50.002584, 36.313837 ], [ 50.002586, 36.313853 ], [ 50.002588, 36.313869 ], [ 50.002591, 36.313884 ], [ 50.002594, 36.3139 ], [ 50.002597, 36.313915 ], [ 50.004712, 36.313933 ], [ 50.006021, 36.313944 ], [ 50.007142, 36.313954 ], [ 50.007352, 36.313989 ], [ 50.007604, 36.314158 ], [ 50.008037, 36.314643 ], [ 50.008246, 36.314856 ], [ 50.008638, 36.315216 ], [ 50.010156, 36.315226 ], [ 50.011363, 36.315245 ], [ 50.01219, 36.315247 ], [ 50.011363, 36.314427 ], [ 50.010618, 36.313613 ], [ 50.009351, 36.312381 ], [ 50.008232, 36.311294 ], [ 50.007915, 36.310985 ], [ 50.006903, 36.310002 ], [ 50.006527, 36.309637 ], [ 50.006091, 36.309451 ], [ 50.006091, 36.30945 ], [ 50.005066, 36.309442 ], [ 50.002761, 36.309422 ] ] ] ] } },
{ "type": "Feature", "properties": { "fid": 103, "dauid": "133", "zones_areas_Mantagheh": "کوثر (هشت)", "j_col001_sum": 5531.0 }, "geometry": { "type": "MultiPolygon", "coordinates": [ [ [ [ 49.99712, 36.311365 ], [ 49.997131, 36.311391 ], [ 49.997139, 36.311409 ], [ 49.997145, 36.311427 ], [ 49.997152, 36.311446 ], [ 49.997158, 36.311464 ], [ 49.997163, 36.311483 ], [ 49.997169, 36.311501 ], [ 49.997173, 36.31152 ], [ 49.997178, 36.311539 ], [ 49.997182, 36.311557 ], [ 49.997185, 36.311576 ], [ 49.997189, 36.311595 ], [ 49.997191, 36.311614 ], [ 49.997194, 36.311633 ], [ 49.997196, 36.311652 ], [ 49.997197, 36.311671 ], [ 49.997198, 36.31169 ], [ 49.997199, 36.311709 ], [ 49.997199, 36.311728 ], [ 49.997201, 36.311888 ], [ 49.997201, 36.31192 ], [ 49.997202, 36.311944 ], [ 49.997203, 36.311967 ], [ 49.997205, 36.311991 ], [ 49.997208, 36.312015 ], [ 49.997211, 36.312038 ], [ 49.997214, 36.312062 ], [ 49.997218, 36.312085 ], [ 49.997223, 36.312109 ], [ 49.997228, 36.312132 ], [ 49.997233, 36.312156 ], [ 49.997239, 36.312179 ], [ 49.997246, 36.312202 ], [ 49.997253, 36.312225 ], [ 49.99726, 36.312248 ], [ 49.997269, 36.312271 ], [ 49.997277, 36.312294 ], [ 49.997286, 36.312316 ], [ 49.997295, 36.312339 ], [ 49.997305, 36.312361 ], [ 49.997316, 36.312383 ], [ 49.997327, 36.312405 ], [ 49.997338, 36.312427 ], [ 49.99735, 36.312449 ], [ 49.997362, 36.312471 ], [ 49.997375, 36.312492 ], [ 49.997397, 36.312528 ], [ 49.997411, 36.312548 ], [ 49.997425, 36.312569 ], [ 49.99744, 36.31259 ], [ 49.997455, 36.31261 ], [ 49.99747, 36.31263 ], [ 49.997486, 36.31265 ], [ 49.997503, 36.31267 ], [ 49.997519, 36.312689 ], [ 49.997537, 36.312708 ], [ 49.997554, 36.312727 ], [ 49.997572, 36.312746 ], [ 49.997591, 36.312764 ], [ 49.997609, 36.312782 ], [ 49.997629, 36.3128 ], [ 49.997648, 36.312818 ], [ 49.997668, 36.312835 ], [ 49.997689, 36.312852 ], [ 49.997709, 36.312869 ], [ 49.99773, 36.312885 ], [ 49.997752, 36.312901 ], [ 49.997773, 36.312917 ], [ 49.997796, 36.312933 ], [ 49.997818, 36.312948 ], [ 49.997841, 36.312963 ], [ 49.997864, 36.312978 ], [ 49.997887, 36.312992 ], [ 49.997911, 36.313006 ], [ 49.997935, 36.313019 ], [ 49.997959, 36.313033 ], [ 49.997984, 36.313045 ], [ 49.998008, 36.313058 ], [ 49.998033, 36.31307 ], [ 49.99892, 36.313495 ], [ 49.998962, 36.313516 ], [ 49.998987, 36.313529 ], [ 49.999011, 36.313542 ], [ 49.999035, 36.313555 ], [ 49.999058, 36.313569 ], [ 49.999083, 36.313584 ], [ 49.999106, 36.313598 ], [ 49.999129, 36.313613 ], [ 49.999151, 36.313628 ], [ 49.999173, 36.313644 ], [ 49.999195, 36.31366 ], [ 49.999216, 36.313676 ], [ 49.999237, 36.313692 ], [ 49.999258, 36.313709 ], [ 49.999278, 36.313726 ], [ 49.999298, 36.313743 ], [ 49.999318, 36.31376 ], [ 49.999337, 36.313778 ], [ 49.999356, 36.313796 ], [ 49.999374, 36.313814 ], [ 49.999392, 36.313833 ], [ 49.99941, 36.313852 ], [ 49.999427, 36.313871 ], [ 49.999444, 36.31389 ], [ 49.999465, 36.313915 ], [ 49.999481, 36.313935 ], [ 49.999497, 36.313955 ], [ 49.999512, 36.313975 ], [ 49.999527, 36.313995 ], [ 49.999542, 36.314016 ], [ 49.999555, 36.314037 ], [ 49.999569, 36.314058 ], [ 49.999582, 36.314079 ], [ 49.999595, 36.314101 ], [ 49.999607, 36.314122 ], [ 49.999618, 36.314144 ], [ 49.999629, 36.314166 ], [ 49.99964, 36.314188 ], [ 49.99965, 36.314211 ], [ 49.99966, 36.314233 ], [ 49.999669, 36.314255 ], [ 49.999678, 36.314278 ], [ 49.999686, 36.314301 ], [ 49.999694, 36.314324 ], [ 49.999701, 36.314347 ], [ 49.999708, 36.31437 ], [ 49.999715, 36.314393 ], [ 49.99972, 36.314416 ], [ 49.999726, 36.31444 ], [ 49.99973, 36.314463 ], [ 49.999735, 36.314487 ], [ 49.999738, 36.31451 ], [ 49.999742, 36.314534 ], [ 49.999744, 36.314557 ], [ 49.999747, 36.314581 ], [ 49.999748, 36.314605 ], [ 49.99975, 36.314628 ], [ 49.99975, 36.314652 ], [ 49.999751, 36.314676 ], [ 49.999747, 36.315815 ], [ 49.999744, 36.316247 ], [ 49.999741, 36.316718 ], [ 49.999722, 36.318701 ], [ 50.003432, 36.318733 ], [ 50.003433, 36.318733 ], [ 50.004293, 36.318738 ], [ 50.003669, 36.31717 ], [ 50.003471, 36.316596 ], [ 50.003275, 36.316021 ], [ 50.00265, 36.314128 ], [ 50.002641, 36.314098 ], [ 50.002632, 36.314067 ], [ 50.002623, 36.314036 ], [ 50.002616, 36.314005 ], [ 50.002608, 36.313974 ], [ 50.002597, 36.313915 ], [ 50.002594, 36.3139 ], [ 50.002591, 36.313884 ], [ 50.002588, 36.313869 ], [ 50.002586, 36.313853 ], [ 50.002584, 36.313837 ], [ 50.002582, 36.313822 ], [ 50.002581, 36.313806 ], [ 50.00258, 36.313782 ], [ 50.00259, 36.312219 ], [ 50.002598, 36.311414 ], [ 50.002071, 36.311409 ], [ 50.00207, 36.311448 ], [ 50.000942, 36.311439 ], [ 50.000876, 36.311411 ], [ 50.000819, 36.3114 ], [ 49.999607, 36.311387 ], [ 49.999539, 36.311386 ], [ 49.998613, 36.311376 ], [ 49.99712, 36.311365 ] ] ] ] } },
{ "type": "Feature", "properties": { "fid": 104, "dauid": "134", "zones_areas_Mantagheh": "کوثر (هشت)", "j_col001_sum": 4500.0 }, "geometry": { "type": "MultiPolygon", "coordinates": [ [ [ [ 49.991446, 36.306205 ], [ 49.99144, 36.306797 ], [ 49.991416, 36.309252 ], [ 49.991404, 36.310606 ], [ 49.991698, 36.310608 ], [ 49.993619, 36.310621 ], [ 49.995878, 36.310635 ], [ 49.995906, 36.310635 ], [ 49.995929, 36.310636 ], [ 49.995952, 36.310637 ], [ 49.995974, 36.310638 ], [ 49.995997, 36.31064 ], [ 49.99602, 36.310642 ], [ 49.996043, 36.310644 ], [ 49.996066, 36.310647 ], [ 49.996166, 36.305944 ], [ 49.991446, 36.306205 ] ] ] ] } },
{ "type": "Feature", "properties": { "fid": 105, "dauid": "135", "zones_areas_Mantagheh": "کوثر (هشت)", "j_col001_sum": 5488.0 }, "geometry": { "type": "MultiPolygon", "coordinates": [ [ [ [ 49.984386284069643, 36.312047338151501 ], [ 49.984367041409214, 36.312175887773876 ], [ 49.984322314742023, 36.312481357374992 ], [ 49.984245210890393, 36.313037426369625 ], [ 49.98408682569216, 36.314188031744195 ], [ 49.984061539508041, 36.314371721727177 ], [ 49.983911341688561, 36.315485950891869 ], [ 49.9837, 36.317233 ], [ 49.983653, 36.317597 ], [ 49.983613, 36.317961 ], [ 49.98356, 36.318632 ], [ 49.983535, 36.319421 ], [ 49.983524, 36.319735 ], [ 49.983507, 36.32005 ], [ 49.983482, 36.320364 ], [ 49.983451, 36.320678 ], [ 49.983413, 36.320991 ], [ 49.983368, 36.321303 ], [ 49.983317, 36.321615 ], [ 49.983259, 36.321926 ], [ 49.983194, 36.322237 ], [ 49.983064, 36.322782 ], [ 49.984242, 36.322791 ], [ 49.985332, 36.322801 ], [ 49.986758, 36.322813 ], [ 49.986939, 36.322803 ], [ 49.987085, 36.322759 ], [ 49.987776, 36.322446 ], [ 49.98775, 36.322423 ], [ 49.987723, 36.322399 ], [ 49.987698, 36.322376 ], [ 49.987673, 36.322352 ], [ 49.987648, 36.322327 ], [ 49.987624, 36.322302 ], [ 49.987601, 36.322277 ], [ 49.987578, 36.322252 ], [ 49.987555, 36.322226 ], [ 49.987533, 36.3222 ], [ 49.987512, 36.322174 ], [ 49.987491, 36.322147 ], [ 49.987471, 36.32212 ], [ 49.987452, 36.322093 ], [ 49.987433, 36.322066 ], [ 49.987414, 36.322038 ], [ 49.987396, 36.32201 ], [ 49.987379, 36.321982 ], [ 49.987363, 36.321953 ], [ 49.987347, 36.321924 ], [ 49.987331, 36.321895 ], [ 49.987317, 36.321866 ], [ 49.987303, 36.321837 ], [ 49.987289, 36.321807 ], [ 49.987276, 36.321778 ], [ 49.987264, 36.321748 ], [ 49.987253, 36.321718 ], [ 49.987242, 36.321687 ], [ 49.987232, 36.321657 ], [ 49.987222, 36.321626 ], [ 49.987213, 36.321596 ], [ 49.987205, 36.321565 ], [ 49.987198, 36.321534 ], [ 49.987191, 36.321503 ], [ 49.987185, 36.321472 ], [ 49.987179, 36.321441 ], [ 49.987174, 36.32141 ], [ 49.98717, 36.321378 ], [ 49.987166, 36.321347 ], [ 49.987164, 36.321316 ], [ 49.987161, 36.321284 ], [ 49.98716, 36.321253 ], [ 49.987159, 36.321221 ], [ 49.987159, 36.321182 ], [ 49.987164, 36.320817 ], [ 49.987177, 36.319745 ], [ 49.987188, 36.31884 ], [ 49.987191, 36.318595 ], [ 49.987211, 36.31703 ], [ 49.987214, 36.316713 ], [ 49.987216, 36.316597 ], [ 49.987216, 36.316566 ], [ 49.987215, 36.316534 ], [ 49.987214, 36.316497 ], [ 49.987212, 36.316465 ], [ 49.987209, 36.316434 ], [ 49.987205, 36.316402 ], [ 49.987201, 36.316371 ], [ 49.987196, 36.31634 ], [ 49.987191, 36.316309 ], [ 49.987185, 36.316278 ], [ 49.987178, 36.316247 ], [ 49.987164, 36.316193 ], [ 49.987156, 36.316162 ], [ 49.987146, 36.316132 ], [ 49.987136, 36.316101 ], [ 49.987126, 36.316071 ], [ 49.987114, 36.316041 ], [ 49.987102, 36.316011 ], [ 49.987089, 36.315979 ], [ 49.986987, 36.315746 ], [ 49.986963, 36.315689 ], [ 49.986629, 36.314922 ], [ 49.986436, 36.314479 ], [ 49.986388, 36.314369 ], [ 49.986342, 36.314262 ], [ 49.98633, 36.314233 ], [ 49.986318, 36.314204 ], [ 49.986307, 36.314175 ], [ 49.986296, 36.314146 ], [ 49.986286, 36.314117 ], [ 49.986277, 36.314087 ], [ 49.986269, 36.314058 ], [ 49.986261, 36.314028 ], [ 49.986253, 36.313998 ], [ 49.986247, 36.313968 ], [ 49.986241, 36.313938 ], [ 49.986235, 36.313908 ], [ 49.986231, 36.313878 ], [ 49.986226, 36.313848 ], [ 49.986223, 36.313817 ], [ 49.98622, 36.313787 ], [ 49.986218, 36.313757 ], [ 49.986217, 36.313726 ], [ 49.986216, 36.313696 ], [ 49.986216, 36.313644 ], [ 49.986225, 36.312999 ], [ 49.986239, 36.311981 ], [ 49.984406357158143, 36.31196461129494 ], [ 49.984386284069643, 36.312047338151501 ] ] ] ] } },
{ "type": "Feature", "properties": { "fid": 109, "dauid": "157", "zones_areas_Mantagheh": "ملاصدرای جنوبی (شش)", "j_col001_sum": 3108.0 }, "geometry": { "type": "MultiPolygon", "coordinates": [ [ [ [ 50.014976, 36.292305 ], [ 50.015326, 36.292644 ], [ 50.015701, 36.293007 ], [ 50.015852, 36.293189 ], [ 50.015947, 36.293302 ], [ 50.016225, 36.293636 ], [ 50.016344, 36.293788 ], [ 50.018357, 36.293878 ], [ 50.020706, 36.293983 ], [ 50.020726, 36.293984 ], [ 50.022121, 36.294031 ], [ 50.022864, 36.294061 ], [ 50.022895, 36.294063 ], [ 50.022929, 36.294064 ], [ 50.022948, 36.294064 ], [ 50.022967, 36.294064 ], [ 50.022986, 36.294063 ], [ 50.023005, 36.294063 ], [ 50.023024, 36.294062 ], [ 50.023042, 36.294061 ], [ 50.023061, 36.294059 ], [ 50.02308, 36.294057 ], [ 50.023099, 36.294056 ], [ 50.023117, 36.294053 ], [ 50.023136, 36.294051 ], [ 50.023154, 36.294048 ], [ 50.023173, 36.294045 ], [ 50.023191, 36.294042 ], [ 50.02321, 36.294038 ], [ 50.023228, 36.294034 ], [ 50.023246, 36.29403 ], [ 50.023264, 36.294026 ], [ 50.023282, 36.294021 ], [ 50.0233, 36.294017 ], [ 50.023318, 36.294012 ], [ 50.023335, 36.294006 ], [ 50.023353, 36.294001 ], [ 50.02337, 36.293995 ], [ 50.023388, 36.293989 ], [ 50.023405, 36.293982 ], [ 50.023422, 36.293976 ], [ 50.023439, 36.293969 ], [ 50.023456, 36.293962 ], [ 50.023472, 36.293955 ], [ 50.023489, 36.293947 ], [ 50.023505, 36.29394 ], [ 50.023521, 36.293932 ], [ 50.023537, 36.293923 ], [ 50.023553, 36.293915 ], [ 50.023568, 36.293906 ], [ 50.023583, 36.293898 ], [ 50.023599, 36.293889 ], [ 50.023614, 36.293879 ], [ 50.023628, 36.29387 ], [ 50.023643, 36.29386 ], [ 50.023657, 36.29385 ], [ 50.023671, 36.29384 ], [ 50.023685, 36.29383 ], [ 50.024206, 36.293438 ], [ 50.022923, 36.292286 ], [ 50.022537, 36.291982 ], [ 50.022488, 36.291944 ], [ 50.022438, 36.291907 ], [ 50.022387, 36.29187 ], [ 50.022321, 36.291824 ], [ 50.020617, 36.29067 ], [ 50.02015, 36.290337 ], [ 50.020099, 36.290301 ], [ 50.020049, 36.290263 ], [ 50.02, 36.290225 ], [ 50.019952, 36.290186 ], [ 50.019904, 36.290147 ], [ 50.019858, 36.290107 ], [ 50.019812, 36.290066 ], [ 50.019767, 36.290024 ], [ 50.019723, 36.289982 ], [ 50.01968, 36.28994 ], [ 50.019613, 36.28987 ], [ 50.019613, 36.289869 ], [ 50.018139, 36.290594 ], [ 50.017287, 36.29101 ], [ 50.016487, 36.29141 ], [ 50.015823, 36.291803 ], [ 50.014976, 36.292305 ] ] ] ] } },
{ "type": "Feature", "properties": { "fid": 110, "dauid": "158", "zones_areas_Mantagheh": "کوثر (هشت)", "j_col001_sum": 1512.0 }, "geometry": { "type": "MultiPolygon", "coordinates": [ [ [ [ 50.006091, 36.309451 ], [ 50.006527, 36.309637 ], [ 50.006903, 36.310002 ], [ 50.007915, 36.310985 ], [ 50.008232, 36.311294 ], [ 50.009351, 36.312381 ], [ 50.010618, 36.313613 ], [ 50.011363, 36.314427 ], [ 50.01219, 36.315247 ], [ 50.012205, 36.315305 ], [ 50.012266, 36.315606 ], [ 50.012349, 36.316023 ], [ 50.012391, 36.316233 ], [ 50.012393, 36.316456 ], [ 50.012397, 36.316894 ], [ 50.012402, 36.317416 ], [ 50.012422, 36.3188 ], [ 50.014004, 36.318824 ], [ 50.014413, 36.3165 ], [ 50.014457, 36.316251 ], [ 50.014464, 36.315636 ], [ 50.01447, 36.315171 ], [ 50.014428, 36.314969 ], [ 50.01429, 36.314318 ], [ 50.014218, 36.31398 ], [ 50.01415, 36.313709 ], [ 50.014019, 36.313189 ], [ 50.013838, 36.312472 ], [ 50.013682, 36.311852 ], [ 50.013646, 36.311706 ], [ 50.013552, 36.311371 ], [ 50.013536, 36.311313 ], [ 50.013439, 36.310967 ], [ 50.013412, 36.310868 ], [ 50.01338, 36.310754 ], [ 50.013318, 36.310532 ], [ 50.013182, 36.310045 ], [ 50.013071, 36.309649 ], [ 50.013061, 36.309623 ], [ 50.012867, 36.30911 ], [ 50.012756, 36.308816 ], [ 50.012755, 36.308816 ], [ 50.011891, 36.308885 ], [ 50.010356, 36.309011 ], [ 50.010014, 36.309087 ], [ 50.006091, 36.309451 ] ] ] ] } },
{ "type": "Feature", "properties": { "fid": 111, "dauid": "160", "zones_areas_Mantagheh": "نواب شمالی (چهار)", "j_col001_sum": 783.0 }, "geometry": { "type": "MultiPolygon", "coordinates": [ [ [ [ 50.000846, 36.301129 ], [ 50.001708, 36.302196 ], [ 50.002133, 36.302721 ], [ 50.002497, 36.303237 ], [ 50.002678, 36.303619 ], [ 50.002813, 36.304108 ], [ 50.002882, 36.305671 ], [ 50.01139, 36.30524 ], [ 50.01139, 36.305239 ], [ 50.010114, 36.301919 ], [ 50.009563, 36.301846 ], [ 50.008403, 36.30178 ], [ 50.00809, 36.301762 ], [ 50.006978, 36.301698 ], [ 50.006427, 36.301642 ], [ 50.00607, 36.301542 ], [ 50.004018, 36.300845 ], [ 50.003389, 36.300641 ], [ 50.002887, 36.300564 ], [ 50.002473, 36.300572 ], [ 50.002138, 36.300626 ], [ 50.00202, 36.300665 ], [ 50.00166, 36.300785 ], [ 50.000846, 36.301129 ] ] ] ] } }
]
}
