from_id,to_id,travel_time
22,01_Sajadiye Mosque,37
22,02_Halime khatun,38
22,03_Masjed Hazrate Fateme Zahra,40
22,04_Molabashi,40
22,05_Hoseynie Razavi,39
22,06_Soukhte chenar Mosque,37
22,07_Sotudeh Mosque,37
22,08_Agha seyed Ali Mosque,38
22,09_Shishegar Mosque,35
22,10_Emamzadeh Ali,36
22,11_Fatemeh AlZahra Mosque,38
22,12_Haj Mousa,37
22,13_Haj Kazem Mosque,38
22,14_Imamا Hasan Asgari Mosque,36
22,15_Emamzadeh Esmaeil,49
22,16_Sar Allah Masque,39
22,17_Ameneh Khatoon,40
22,18_Mohammadie Mosque,43
22,19_Sabz Mosque,51
22,20_,40
22,21_,45
22,22_Imam Jafar Sadegh Mosque,36
22,23_Javad Aemmeh Mosque,37
22,24_Imam Hossein Mosque,33
22,25_Abolfazl Mosque,27
22,26_Maktab Zehra,21
22,27_Ahmad Beik Mosque,38
22,28_Almahdi Mosque,37
22,29_Fateme Zahra Mosque,47
22,30_Rah Chaman Mosque,36
22,31_Haft Dar Mosque,47
22,32_Mosque,33
22,33_Laal Mosque,52
22,34_Imam Hassan Mosque,40
22,35_14th Masoom Mosque,40
22,36_,53
22,37_Emam Ali Mosque,64
22,38_,29
22,39_,44
22,40_,51
22,41_,40
22,42_,45
22,43_,37
22,44_,47
22,45_,40
22,46_Qadir mosque,32
22,47_Imam Reza Mosque,31
22,48_Velayat,22
22,49_Mohammad Rasolallah Mosque,28
22,50_Emamzadeh Hossein shrine,51
22,51_Sanjideh Mosque,42
22,52_Panje Ali Mosque,46
22,53_Hazrat Abolfazl,30
22,54_Tomb of The Four Prophets,41
22,55_Emam Khomeini Mosque,30
22,56_Emamzadeh Soltan Seyed Mohamad,51
22,57_Al Mahdi Mosque,44
22,58_,36
22,59_,28
22,60_Nabi Mosque,42
22,61_Jameh Mosque of Qazvin,49
22,62_Sheykhol Eslam Mosque,47
22,63_Valiasr Mosque,27
22,64_JavadolAemmeh Mosque,37
22,65_Teflane Moslem Mosque,52
22,66_Tagh Bohloul Mosque,45
22,67_Shahid Sales Mosque,47
22,68_Dabbaghan Mosque,50
22,69_Haj Molla Aqa Mosque,39
22,70_Karim Ahle Beyt Mosque,28
22,71_Ghods Razavi Mosque,28
22,72_Adl Ghaem Mosque,40
22,73_Hazrat Abolfazl Mosque,44
22,74_Imam Musa Bn Ja'far Mosque,35
22,75_Seyedoshohada Mosque,40
22,76_Sahebazaman Mosque,39
22,77_Imam Hosein Mosque,39
22,78_Hazrat Mahdi Mosque,29
22,79_Sahebazaman Mosque,29
22,80_Moslem ebn Aghil Mosque,55
22,81_Imam Hadi Mosque,47
22,82_Fatemeh Al-Zahra Mosque,39
22,83_Sahebazaman Mosque,39
22,84_Imam Hasan Asgari Mosque,43
22,85_Imam Hosein Mosque,50
22,86_JavadoAemeh Mosque,48
22,87_Hossein Mosque,50
22,88_Khajeh Shohada Mosque,55
22,89_Fatemeh Zahra Mosque,59
22,90_AghaMirAbdolSamad Taghavi Mosque,52
22,91_Shahid thales Mosque,42
22,92_Chahardah Masoum Mosque,48
22,93_Haj GholamHosein Mosque,46
22,94_Hojjati Mosque,39
22,95_Mohammad Khan Beg Mosque,32
22,96_Maleki Jonoubi Mosque,35
22,97_Maleki Shomali Mosque,35
22,98_Molem ebn Aghil Hosseinieh,44
22,99_Yadegar Imam Hosseinieh,48
22,100_Dastgheyb Mosque,43
22,101_Agha Seyyed Jamal Hosseinieh,52
31,01_Sajadiye Mosque,27
31,02_Halime khatun,37
31,03_Masjed Hazrate Fateme Zahra,33
31,04_Molabashi,30
31,05_Hoseynie Razavi,36
31,06_Soukhte chenar Mosque,32
31,07_Sotudeh Mosque,33
31,08_Agha seyed Ali Mosque,34
31,09_Shishegar Mosque,40
31,10_Emamzadeh Ali,29
31,11_Fatemeh AlZahra Mosque,61
31,12_Haj Mousa,39
31,13_Haj Kazem Mosque,40
31,14_Imamا Hasan Asgari Mosque,56
31,15_Emamzadeh Esmaeil,25
31,16_Sar Allah Masque,44
31,17_Ameneh Khatoon,34
31,18_Mohammadie Mosque,27
31,19_Sabz Mosque,36
31,20_,46
31,21_,33
31,22_Imam Jafar Sadegh Mosque,57
31,23_Javad Aemmeh Mosque,60
31,24_Imam Hossein Mosque,35
31,25_Abolfazl Mosque,38
31,26_Maktab Zehra,45
31,27_Ahmad Beik Mosque,46
31,28_Almahdi Mosque,36
31,29_Fateme Zahra Mosque,67
31,30_Rah Chaman Mosque,21
31,31_Haft Dar Mosque,28
31,32_Mosque,43
31,33_Laal Mosque,30
31,34_Imam Hassan Mosque,37
31,35_14th Masoom Mosque,57
31,36_,34
31,37_Emam Ali Mosque,84
31,38_,60
31,39_,38
31,40_,33
31,41_,63
31,42_,30
31,43_,58
31,44_,67
31,45_,30
31,46_Qadir mosque,55
31,47_Imam Reza Mosque,55
31,48_Velayat,45
31,49_Mohammad Rasolallah Mosque,50
31,50_Emamzadeh Hossein shrine,24
31,51_Sanjideh Mosque,23
31,52_Panje Ali Mosque,27
31,53_Hazrat Abolfazl,51
31,54_Tomb of The Four Prophets,29
31,55_Emam Khomeini Mosque,50
31,56_Emamzadeh Soltan Seyed Mohamad,40
31,57_Al Mahdi Mosque,64
31,58_,57
31,59_,51
31,60_Nabi Mosque,36
31,61_Jameh Mosque of Qazvin,25
31,62_Sheykhol Eslam Mosque,24
31,63_Valiasr Mosque,25
31,64_JavadolAemmeh Mosque,40
31,65_Teflane Moslem Mosque,16
31,66_Tagh Bohloul Mosque,19
31,67_Shahid Sales Mosque,23
31,68_Dabbaghan Mosque,27
31,69_Haj Molla Aqa Mosque,32
31,70_Karim Ahle Beyt Mosque,47
31,71_Ghods Razavi Mosque,42
31,72_Adl Ghaem Mosque,44
31,73_Hazrat Abolfazl Mosque,50
31,74_Imam Musa Bn Ja'far Mosque,52
31,75_Seyedoshohada Mosque,59
31,76_Sahebazaman Mosque,59
31,77_Imam Hosein Mosque,59
31,78_Hazrat Mahdi Mosque,49
31,79_Sahebazaman Mosque,49
31,80_Moslem ebn Aghil Mosque,75
31,81_Imam Hadi Mosque,68
31,82_Fatemeh Al-Zahra Mosque,62
31,83_Sahebazaman Mosque,62
31,84_Imam Hasan Asgari Mosque,66
31,85_Imam Hosein Mosque,9
31,86_JavadoAemeh Mosque,6
31,87_Hossein Mosque,10
31,88_Khajeh Shohada Mosque,39
31,89_Fatemeh Zahra Mosque,45
31,90_AghaMirAbdolSamad Taghavi Mosque,32
31,91_Shahid thales Mosque,37
31,92_Chahardah Masoum Mosque,38
31,93_Haj GholamHosein Mosque,42
31,94_Hojjati Mosque,40
31,95_Mohammad Khan Beg Mosque,46
31,96_Maleki Jonoubi Mosque,42
31,97_Maleki Shomali Mosque,42
31,98_Molem ebn Aghil Hosseinieh,63
31,99_Yadegar Imam Hosseinieh,71
31,100_Dastgheyb Mosque,39
31,101_Agha Seyyed Jamal Hosseinieh,28
32,01_Sajadiye Mosque,25
32,02_Halime khatun,37
32,03_Masjed Hazrate Fateme Zahra,33
32,04_Molabashi,30
32,05_Hoseynie Razavi,36
32,06_Soukhte chenar Mosque,32
32,07_Sotudeh Mosque,33
32,08_Agha seyed Ali Mosque,34
32,09_Shishegar Mosque,40
32,10_Emamzadeh Ali,29
32,11_Fatemeh AlZahra Mosque,61
32,12_Haj Mousa,39
32,13_Haj Kazem Mosque,40
32,14_Imamا Hasan Asgari Mosque,56
32,15_Emamzadeh Esmaeil,25
32,16_Sar Allah Masque,44
32,17_Ameneh Khatoon,34
32,18_Mohammadie Mosque,27
32,19_Sabz Mosque,34
32,20_,46
32,21_,33
32,22_Imam Jafar Sadegh Mosque,57
32,23_Javad Aemmeh Mosque,60
32,24_Imam Hossein Mosque,35
32,25_Abolfazl Mosque,38
32,26_Maktab Zehra,45
32,27_Ahmad Beik Mosque,46
32,28_Almahdi Mosque,36
32,29_Fateme Zahra Mosque,66
32,30_Rah Chaman Mosque,21
32,31_Haft Dar Mosque,28
32,32_Mosque,43
32,33_Laal Mosque,28
32,34_Imam Hassan Mosque,37
32,35_14th Masoom Mosque,55
32,36_,31
32,37_Emam Ali Mosque,82
32,38_,60
32,39_,38
32,40_,32
32,41_,63
32,42_,30
32,43_,58
32,44_,67
32,45_,30
32,46_Qadir mosque,55
32,47_Imam Reza Mosque,55
32,48_Velayat,45
32,49_Mohammad Rasolallah Mosque,50
32,50_Emamzadeh Hossein shrine,20
32,51_Sanjideh Mosque,20
32,52_Panje Ali Mosque,27
32,53_Hazrat Abolfazl,51
32,54_Tomb of The Four Prophets,29
32,55_Emam Khomeini Mosque,50
32,56_Emamzadeh Soltan Seyed Mohamad,38
32,57_Al Mahdi Mosque,64
32,58_,57
32,59_,51
32,60_Nabi Mosque,36
32,61_Jameh Mosque of Qazvin,25
32,62_Sheykhol Eslam Mosque,24
32,63_Valiasr Mosque,25
32,64_JavadolAemmeh Mosque,40
32,65_Teflane Moslem Mosque,7
32,66_Tagh Bohloul Mosque,19
32,67_Shahid Sales Mosque,21
32,68_Dabbaghan Mosque,25
32,69_Haj Molla Aqa Mosque,32
32,70_Karim Ahle Beyt Mosque,45
32,71_Ghods Razavi Mosque,42
32,72_Adl Ghaem Mosque,44
32,73_Hazrat Abolfazl Mosque,49
32,74_Imam Musa Bn Ja'far Mosque,52
32,75_Seyedoshohada Mosque,57
32,76_Sahebazaman Mosque,57
32,77_Imam Hosein Mosque,57
32,78_Hazrat Mahdi Mosque,49
32,79_Sahebazaman Mosque,49
32,80_Moslem ebn Aghil Mosque,73
32,81_Imam Hadi Mosque,68
32,82_Fatemeh Al-Zahra Mosque,62
32,83_Sahebazaman Mosque,62
32,84_Imam Hasan Asgari Mosque,66
32,85_Imam Hosein Mosque,13
32,86_JavadoAemeh Mosque,6
32,87_Hossein Mosque,2
32,88_Khajeh Shohada Mosque,37
32,89_Fatemeh Zahra Mosque,41
32,90_AghaMirAbdolSamad Taghavi Mosque,30
32,91_Shahid thales Mosque,37
32,92_Chahardah Masoum Mosque,38
32,93_Haj GholamHosein Mosque,42
32,94_Hojjati Mosque,40
32,95_Mohammad Khan Beg Mosque,45
32,96_Maleki Jonoubi Mosque,42
32,97_Maleki Shomali Mosque,42
32,98_Molem ebn Aghil Hosseinieh,61
32,99_Yadegar Imam Hosseinieh,71
32,100_Dastgheyb Mosque,39
32,101_Agha Seyyed Jamal Hosseinieh,26
33,01_Sajadiye Mosque,24
33,02_Halime khatun,40
33,03_Masjed Hazrate Fateme Zahra,36
33,04_Molabashi,33
33,05_Hoseynie Razavi,39
33,06_Soukhte chenar Mosque,35
33,07_Sotudeh Mosque,36
33,08_Agha seyed Ali Mosque,37
33,09_Shishegar Mosque,43
33,10_Emamzadeh Ali,32
33,11_Fatemeh AlZahra Mosque,66
33,12_Haj Mousa,42
33,13_Haj Kazem Mosque,43
33,14_Imamا Hasan Asgari Mosque,62
33,15_Emamzadeh Esmaeil,27
33,16_Sar Allah Masque,47
33,17_Ameneh Khatoon,35
33,18_Mohammadie Mosque,28
33,19_Sabz Mosque,27
33,20_,47
33,21_,33
33,22_Imam Jafar Sadegh Mosque,62
33,23_Javad Aemmeh Mosque,65
33,24_Imam Hossein Mosque,40
33,25_Abolfazl Mosque,44
33,26_Maktab Zehra,51
33,27_Ahmad Beik Mosque,47
33,28_Almahdi Mosque,39
33,29_Fateme Zahra Mosque,62
33,30_Rah Chaman Mosque,26
33,31_Haft Dar Mosque,28
33,32_Mosque,49
33,33_Laal Mosque,21
33,34_Imam Hassan Mosque,40
33,35_14th Masoom Mosque,55
33,36_,22
33,37_Emam Ali Mosque,78
33,38_,65
33,39_,35
33,40_,28
33,41_,68
33,42_,32
33,43_,63
33,44_,69
33,45_,33
33,46_Qadir mosque,60
33,47_Imam Reza Mosque,60
33,48_Velayat,50
33,49_Mohammad Rasolallah Mosque,55
33,50_Emamzadeh Hossein shrine,11
33,51_Sanjideh Mosque,19
33,52_Panje Ali Mosque,30
33,53_Hazrat Abolfazl,56
33,54_Tomb of The Four Prophets,32
33,55_Emam Khomeini Mosque,56
33,56_Emamzadeh Soltan Seyed Mohamad,32
33,57_Al Mahdi Mosque,65
33,58_,62
33,59_,56
33,60_Nabi Mosque,38
33,61_Jameh Mosque of Qazvin,23
33,62_Sheykhol Eslam Mosque,27
33,63_Valiasr Mosque,31
33,64_JavadolAemmeh Mosque,43
33,65_Teflane Moslem Mosque,8
33,66_Tagh Bohloul Mosque,16
33,67_Shahid Sales Mosque,13
33,68_Dabbaghan Mosque,17
33,69_Haj Molla Aqa Mosque,35
33,70_Karim Ahle Beyt Mosque,41
33,71_Ghods Razavi Mosque,48
33,72_Adl Ghaem Mosque,47
33,73_Hazrat Abolfazl Mosque,48
33,74_Imam Musa Bn Ja'far Mosque,55
33,75_Seyedoshohada Mosque,53
33,76_Sahebazaman Mosque,56
33,77_Imam Hosein Mosque,57
33,78_Hazrat Mahdi Mosque,54
33,79_Sahebazaman Mosque,54
33,80_Moslem ebn Aghil Mosque,74
33,81_Imam Hadi Mosque,73
33,82_Fatemeh Al-Zahra Mosque,67
33,83_Sahebazaman Mosque,67
33,84_Imam Hasan Asgari Mosque,71
33,85_Imam Hosein Mosque,19
33,86_JavadoAemeh Mosque,16
33,87_Hossein Mosque,11
33,88_Khajeh Shohada Mosque,26
33,89_Fatemeh Zahra Mosque,29
33,90_AghaMirAbdolSamad Taghavi Mosque,25
33,91_Shahid thales Mosque,35
33,92_Chahardah Masoum Mosque,33
33,93_Haj GholamHosein Mosque,39
33,94_Hojjati Mosque,42
33,95_Mohammad Khan Beg Mosque,45
33,96_Maleki Jonoubi Mosque,44
33,97_Maleki Shomali Mosque,44
33,98_Molem ebn Aghil Hosseinieh,57
33,99_Yadegar Imam Hosseinieh,76
33,100_Dastgheyb Mosque,36
33,101_Agha Seyyed Jamal Hosseinieh,21
36,01_Sajadiye Mosque,3
36,02_Halime khatun,35
36,03_Masjed Hazrate Fateme Zahra,31
36,04_Molabashi,28
36,05_Hoseynie Razavi,34
36,06_Soukhte chenar Mosque,30
36,07_Sotudeh Mosque,31
36,08_Agha seyed Ali Mosque,32
36,09_Shishegar Mosque,38
36,10_Emamzadeh Ali,14
36,11_Fatemeh AlZahra Mosque,51
36,12_Haj Mousa,37
36,13_Haj Kazem Mosque,38
36,14_Imamا Hasan Asgari Mosque,51
36,15_Emamzadeh Esmaeil,22
36,16_Sar Allah Masque,42
36,17_Ameneh Khatoon,20
36,18_Mohammadie Mosque,17
36,19_Sabz Mosque,29
36,20_,43
36,21_,30
36,22_Imam Jafar Sadegh Mosque,47
36,23_Javad Aemmeh Mosque,50
36,24_Imam Hossein Mosque,26
36,25_Abolfazl Mosque,31
36,26_Maktab Zehra,33
36,27_Ahmad Beik Mosque,42
36,28_Almahdi Mosque,34
36,29_Fateme Zahra Mosque,60
36,30_Rah Chaman Mosque,6
36,31_Haft Dar Mosque,25
36,32_Mosque,35
36,33_Laal Mosque,23
36,34_Imam Hassan Mosque,35
36,35_14th Masoom Mosque,48
36,36_,26
36,37_Emam Ali Mosque,76
36,38_,50
36,39_,35
36,40_,27
36,41_,53
36,42_,27
36,43_,48
36,44_,62
36,45_,28
36,46_Qadir mosque,45
36,47_Imam Reza Mosque,45
36,48_Velayat,35
36,49_Mohammad Rasolallah Mosque,37
36,50_Emamzadeh Hossein shrine,18
36,51_Sanjideh Mosque,2
36,52_Panje Ali Mosque,25
36,53_Hazrat Abolfazl,41
36,54_Tomb of The Four Prophets,27
36,55_Emam Khomeini Mosque,45
36,56_Emamzadeh Soltan Seyed Mohamad,34
36,57_Al Mahdi Mosque,59
36,58_,47
36,59_,41
36,60_Nabi Mosque,34
36,61_Jameh Mosque of Qazvin,18
36,62_Sheykhol Eslam Mosque,20
36,63_Valiasr Mosque,19
36,64_JavadolAemmeh Mosque,38
36,65_Teflane Moslem Mosque,24
36,66_Tagh Bohloul Mosque,12
36,67_Shahid Sales Mosque,16
36,68_Dabbaghan Mosque,19
36,69_Haj Molla Aqa Mosque,30
36,70_Karim Ahle Beyt Mosque,39
36,71_Ghods Razavi Mosque,38
36,72_Adl Ghaem Mosque,42
36,73_Hazrat Abolfazl Mosque,45
36,74_Imam Musa Bn Ja'far Mosque,45
36,75_Seyedoshohada Mosque,50
36,76_Sahebazaman Mosque,50
36,77_Imam Hosein Mosque,50
36,78_Hazrat Mahdi Mosque,40
36,79_Sahebazaman Mosque,40
36,80_Moslem ebn Aghil Mosque,68
36,81_Imam Hadi Mosque,59
36,82_Fatemeh Al-Zahra Mosque,52
36,83_Sahebazaman Mosque,52
36,84_Imam Hasan Asgari Mosque,56
36,85_Imam Hosein Mosque,23
36,86_JavadoAemeh Mosque,20
36,87_Hossein Mosque,21
36,88_Khajeh Shohada Mosque,31
36,89_Fatemeh Zahra Mosque,38
36,90_AghaMirAbdolSamad Taghavi Mosque,24
36,91_Shahid thales Mosque,34
36,92_Chahardah Masoum Mosque,34
36,93_Haj GholamHosein Mosque,39
36,94_Hojjati Mosque,38
36,95_Mohammad Khan Beg Mosque,42
36,96_Maleki Jonoubi Mosque,39
36,97_Maleki Shomali Mosque,39
36,98_Molem ebn Aghil Hosseinieh,50
36,99_Yadegar Imam Hosseinieh,61
36,100_Dastgheyb Mosque,36
36,101_Agha Seyyed Jamal Hosseinieh,20
37,01_Sajadiye Mosque,15
37,02_Halime khatun,30
37,03_Masjed Hazrate Fateme Zahra,26
37,04_Molabashi,23
37,05_Hoseynie Razavi,29
37,06_Soukhte chenar Mosque,25
37,07_Sotudeh Mosque,26
37,08_Agha seyed Ali Mosque,27
37,09_Shishegar Mosque,33
37,10_Emamzadeh Ali,21
37,11_Fatemeh AlZahra Mosque,56
37,12_Haj Mousa,32
37,13_Haj Kazem Mosque,33
37,14_Imamا Hasan Asgari Mosque,52
37,15_Emamzadeh Esmaeil,18
37,16_Sar Allah Masque,37
37,17_Ameneh Khatoon,25
37,18_Mohammadie Mosque,17
37,19_Sabz Mosque,21
37,20_,37
37,21_,25
37,22_Imam Jafar Sadegh Mosque,52
37,23_Javad Aemmeh Mosque,55
37,24_Imam Hossein Mosque,30
37,25_Abolfazl Mosque,34
37,26_Maktab Zehra,41
37,27_Ahmad Beik Mosque,36
37,28_Almahdi Mosque,29
37,29_Fateme Zahra Mosque,54
37,30_Rah Chaman Mosque,15
37,31_Haft Dar Mosque,20
37,32_Mosque,39
37,33_Laal Mosque,15
37,34_Imam Hassan Mosque,30
37,35_14th Masoom Mosque,46
37,36_,18
37,37_Emam Ali Mosque,70
37,38_,55
37,39_,29
37,40_,20
37,41_,58
37,42_,23
37,43_,53
37,44_,59
37,45_,23
37,46_Qadir mosque,50
37,47_Imam Reza Mosque,50
37,48_Velayat,40
37,49_Mohammad Rasolallah Mosque,45
37,50_Emamzadeh Hossein shrine,6
37,51_Sanjideh Mosque,10
37,52_Panje Ali Mosque,20
37,53_Hazrat Abolfazl,46
37,54_Tomb of The Four Prophets,22
37,55_Emam Khomeini Mosque,46
37,56_Emamzadeh Soltan Seyed Mohamad,26
37,57_Al Mahdi Mosque,56
37,58_,52
37,59_,46
37,60_Nabi Mosque,29
37,61_Jameh Mosque of Qazvin,13
37,62_Sheykhol Eslam Mosque,17
37,63_Valiasr Mosque,21
37,64_JavadolAemmeh Mosque,33
37,65_Teflane Moslem Mosque,15
37,66_Tagh Bohloul Mosque,4
37,67_Shahid Sales Mosque,5
37,68_Dabbaghan Mosque,9
37,69_Haj Molla Aqa Mosque,25
37,70_Karim Ahle Beyt Mosque,33
37,71_Ghods Razavi Mosque,38
37,72_Adl Ghaem Mosque,37
37,73_Hazrat Abolfazl Mosque,39
37,74_Imam Musa Bn Ja'far Mosque,47
37,75_Seyedoshohada Mosque,45
37,76_Sahebazaman Mosque,47
37,77_Imam Hosein Mosque,48
37,78_Hazrat Mahdi Mosque,44
37,79_Sahebazaman Mosque,44
37,80_Moslem ebn Aghil Mosque,65
37,81_Imam Hadi Mosque,63
37,82_Fatemeh Al-Zahra Mosque,57
37,83_Sahebazaman Mosque,57
37,84_Imam Hasan Asgari Mosque,61
37,85_Imam Hosein Mosque,17
37,86_JavadoAemeh Mosque,14
37,87_Hossein Mosque,16
37,88_Khajeh Shohada Mosque,24
37,89_Fatemeh Zahra Mosque,31
37,90_AghaMirAbdolSamad Taghavi Mosque,17
37,91_Shahid thales Mosque,29
37,92_Chahardah Masoum Mosque,28
37,93_Haj GholamHosein Mosque,33
37,94_Hojjati Mosque,33
37,95_Mohammad Khan Beg Mosque,36
37,96_Maleki Jonoubi Mosque,34
37,97_Maleki Shomali Mosque,34
37,98_Molem ebn Aghil Hosseinieh,49
37,99_Yadegar Imam Hosseinieh,66
37,100_Dastgheyb Mosque,30
37,101_Agha Seyyed Jamal Hosseinieh,13
38,01_Sajadiye Mosque,24
38,02_Halime khatun,31
38,03_Masjed Hazrate Fateme Zahra,27
38,04_Molabashi,24
38,05_Hoseynie Razavi,30
38,06_Soukhte chenar Mosque,27
38,07_Sotudeh Mosque,27
38,08_Agha seyed Ali Mosque,28
38,09_Shishegar Mosque,33
38,10_Emamzadeh Ali,24
38,11_Fatemeh AlZahra Mosque,55
38,12_Haj Mousa,28
38,13_Haj Kazem Mosque,34
38,14_Imamا Hasan Asgari Mosque,52
38,15_Emamzadeh Esmaeil,14
38,16_Sar Allah Masque,36
38,17_Ameneh Khatoon,27
38,18_Mohammadie Mosque,20
38,19_Sabz Mosque,14
38,20_,36
38,21_,20
38,22_Imam Jafar Sadegh Mosque,51
38,23_Javad Aemmeh Mosque,56
38,24_Imam Hossein Mosque,32
38,25_Abolfazl Mosque,40
38,26_Maktab Zehra,46
38,27_Ahmad Beik Mosque,35
38,28_Almahdi Mosque,30
38,29_Fateme Zahra Mosque,50
38,30_Rah Chaman Mosque,19
38,31_Haft Dar Mosque,15
38,32_Mosque,43
38,33_Laal Mosque,7
38,34_Imam Hassan Mosque,31
38,35_14th Masoom Mosque,43
38,36_,10
38,37_Emam Ali Mosque,66
38,38_,54
38,39_,22
38,40_,13
38,41_,59
38,42_,20
38,43_,52
38,44_,59
38,45_,24
38,46_Qadir mosque,51
38,47_Imam Reza Mosque,50
38,48_Velayat,41
38,49_Mohammad Rasolallah Mosque,45
38,50_Emamzadeh Hossein shrine,9
38,51_Sanjideh Mosque,21
38,52_Panje Ali Mosque,19
38,53_Hazrat Abolfazl,45
38,54_Tomb of The Four Prophets,22
38,55_Emam Khomeini Mosque,46
38,56_Emamzadeh Soltan Seyed Mohamad,19
38,57_Al Mahdi Mosque,55
38,58_,51
38,59_,46
38,60_Nabi Mosque,26
38,61_Jameh Mosque of Qazvin,14
38,62_Sheykhol Eslam Mosque,20
38,63_Valiasr Mosque,28
38,64_JavadolAemmeh Mosque,31
38,65_Teflane Moslem Mosque,22
38,66_Tagh Bohloul Mosque,12
38,67_Shahid Sales Mosque,6
38,68_Dabbaghan Mosque,5
38,69_Haj Molla Aqa Mosque,26
38,70_Karim Ahle Beyt Mosque,29
38,71_Ghods Razavi Mosque,43
38,72_Adl Ghaem Mosque,36
38,73_Hazrat Abolfazl Mosque,37
38,74_Imam Musa Bn Ja'far Mosque,43
38,75_Seyedoshohada Mosque,41
38,76_Sahebazaman Mosque,44
38,77_Imam Hosein Mosque,45
38,78_Hazrat Mahdi Mosque,43
38,79_Sahebazaman Mosque,43
38,80_Moslem ebn Aghil Mosque,62
38,81_Imam Hadi Mosque,62
38,82_Fatemeh Al-Zahra Mosque,58
38,83_Sahebazaman Mosque,58
38,84_Imam Hasan Asgari Mosque,62
38,85_Imam Hosein Mosque,27
38,86_JavadoAemeh Mosque,24
38,87_Hossein Mosque,24
38,88_Khajeh Shohada Mosque,17
38,89_Fatemeh Zahra Mosque,24
38,90_AghaMirAbdolSamad Taghavi Mosque,10
38,91_Shahid thales Mosque,22
38,92_Chahardah Masoum Mosque,20
38,93_Haj GholamHosein Mosque,26
38,94_Hojjati Mosque,29
38,95_Mohammad Khan Beg Mosque,33
38,96_Maleki Jonoubi Mosque,33
38,97_Maleki Shomali Mosque,34
38,98_Molem ebn Aghil Hosseinieh,45
38,99_Yadegar Imam Hosseinieh,65
38,100_Dastgheyb Mosque,23
38,101_Agha Seyyed Jamal Hosseinieh,8
39,01_Sajadiye Mosque,33
39,02_Halime khatun,31
39,03_Masjed Hazrate Fateme Zahra,29
39,04_Molabashi,27
39,05_Hoseynie Razavi,31
39,06_Soukhte chenar Mosque,30
39,07_Sotudeh Mosque,30
39,08_Agha seyed Ali Mosque,30
39,09_Shishegar Mosque,32
39,10_Emamzadeh Ali,29
39,11_Fatemeh AlZahra Mosque,56
39,12_Haj Mousa,30
39,13_Haj Kazem Mosque,34
39,14_Imamا Hasan Asgari Mosque,48
39,15_Emamzadeh Esmaeil,22
39,16_Sar Allah Masque,37
39,17_Ameneh Khatoon,31
39,18_Mohammadie Mosque,25
39,19_Sabz Mosque,15
39,20_,34
39,21_,25
39,22_Imam Jafar Sadegh Mosque,52
39,23_Javad Aemmeh Mosque,57
39,24_Imam Hossein Mosque,35
39,25_Abolfazl Mosque,47
39,26_Maktab Zehra,55
39,27_Ahmad Beik Mosque,33
39,28_Almahdi Mosque,32
39,29_Fateme Zahra Mosque,46
39,30_Rah Chaman Mosque,27
39,31_Haft Dar Mosque,22
39,32_Mosque,50
39,33_Laal Mosque,10
39,34_Imam Hassan Mosque,32
39,35_14th Masoom Mosque,39
39,36_,7
39,37_Emam Ali Mosque,62
39,38_,55
39,39_,21
39,40_,18
39,41_,61
39,42_,26
39,43_,53
39,44_,55
39,45_,27
39,46_Qadir mosque,52
39,47_Imam Reza Mosque,51
39,48_Velayat,43
39,49_Mohammad Rasolallah Mosque,47
39,50_Emamzadeh Hossein shrine,18
39,51_Sanjideh Mosque,30
39,52_Panje Ali Mosque,23
39,53_Hazrat Abolfazl,46
39,54_Tomb of The Four Prophets,26
39,55_Emam Khomeini Mosque,42
39,56_Emamzadeh Soltan Seyed Mohamad,12
39,57_Al Mahdi Mosque,51
39,58_,52
39,59_,47
39,60_Nabi Mosque,29
39,61_Jameh Mosque of Qazvin,24
39,62_Sheykhol Eslam Mosque,22
39,63_Valiasr Mosque,35
39,64_JavadolAemmeh Mosque,32
39,65_Teflane Moslem Mosque,27
39,66_Tagh Bohloul Mosque,21
39,67_Shahid Sales Mosque,18
39,68_Dabbaghan Mosque,18
39,69_Haj Molla Aqa Mosque,28
39,70_Karim Ahle Beyt Mosque,25
39,71_Ghods Razavi Mosque,51
39,72_Adl Ghaem Mosque,37
39,73_Hazrat Abolfazl Mosque,35
39,74_Imam Musa Bn Ja'far Mosque,43
39,75_Seyedoshohada Mosque,37
39,76_Sahebazaman Mosque,40
39,77_Imam Hosein Mosque,41
39,78_Hazrat Mahdi Mosque,41
39,79_Sahebazaman Mosque,42
39,80_Moslem ebn Aghil Mosque,58
39,81_Imam Hadi Mosque,60
39,82_Fatemeh Al-Zahra Mosque,60
39,83_Sahebazaman Mosque,60
39,84_Imam Hasan Asgari Mosque,64
39,85_Imam Hosein Mosque,36
39,86_JavadoAemeh Mosque,33
39,87_Hossein Mosque,29
39,88_Khajeh Shohada Mosque,5
39,89_Fatemeh Zahra Mosque,13
39,90_AghaMirAbdolSamad Taghavi Mosque,15
39,91_Shahid thales Mosque,24
39,92_Chahardah Masoum Mosque,17
39,93_Haj GholamHosein Mosque,20
39,94_Hojjati Mosque,28
39,95_Mohammad Khan Beg Mosque,29
39,96_Maleki Jonoubi Mosque,31
39,97_Maleki Shomali Mosque,32
39,98_Molem ebn Aghil Hosseinieh,41
39,99_Yadegar Imam Hosseinieh,66
39,100_Dastgheyb Mosque,24
39,101_Agha Seyyed Jamal Hosseinieh,18
40,01_Sajadiye Mosque,41
40,02_Halime khatun,36
40,03_Masjed Hazrate Fateme Zahra,36
40,04_Molabashi,35
40,05_Hoseynie Razavi,37
40,06_Soukhte chenar Mosque,38
40,07_Sotudeh Mosque,37
40,08_Agha seyed Ali Mosque,36
40,09_Shishegar Mosque,36
40,10_Emamzadeh Ali,37
40,11_Fatemeh AlZahra Mosque,64
40,12_Haj Mousa,37
40,13_Haj Kazem Mosque,39
40,14_Imamا Hasan Asgari Mosque,52
40,15_Emamzadeh Esmaeil,30
40,16_Sar Allah Masque,43
40,17_Ameneh Khatoon,39
40,18_Mohammadie Mosque,33
40,19_Sabz Mosque,23
40,20_,38
40,21_,33
40,22_Imam Jafar Sadegh Mosque,60
40,23_Javad Aemmeh Mosque,65
40,24_Imam Hossein Mosque,43
40,25_Abolfazl Mosque,55
40,26_Maktab Zehra,62
40,27_Ahmad Beik Mosque,37
40,28_Almahdi Mosque,40
40,29_Fateme Zahra Mosque,50
40,30_Rah Chaman Mosque,35
40,31_Haft Dar Mosque,32
40,32_Mosque,58
40,33_Laal Mosque,22
40,34_Imam Hassan Mosque,37
40,35_14th Masoom Mosque,43
40,36_,19
40,37_Emam Ali Mosque,66
40,38_,63
40,39_,28
40,40_,27
40,41_,69
40,42_,34
40,43_,61
40,44_,59
40,45_,35
40,46_Qadir mosque,60
40,47_Imam Reza Mosque,59
40,48_Velayat,51
40,49_Mohammad Rasolallah Mosque,55
40,50_Emamzadeh Hossein shrine,28
40,51_Sanjideh Mosque,38
40,52_Panje Ali Mosque,31
40,53_Hazrat Abolfazl,53
40,54_Tomb of The Four Prophets,34
40,55_Emam Khomeini Mosque,46
40,56_Emamzadeh Soltan Seyed Mohamad,19
40,57_Al Mahdi Mosque,55
40,58_,60
40,59_,55
40,60_Nabi Mosque,36
40,61_Jameh Mosque of Qazvin,32
40,62_Sheykhol Eslam Mosque,30
40,63_Valiasr Mosque,43
40,64_JavadolAemmeh Mosque,37
40,65_Teflane Moslem Mosque,37
40,66_Tagh Bohloul Mosque,29
40,67_Shahid Sales Mosque,26
40,68_Dabbaghan Mosque,26
40,69_Haj Molla Aqa Mosque,35
40,70_Karim Ahle Beyt Mosque,29
40,71_Ghods Razavi Mosque,59
40,72_Adl Ghaem Mosque,45
40,73_Hazrat Abolfazl Mosque,39
40,74_Imam Musa Bn Ja'far Mosque,48
40,75_Seyedoshohada Mosque,41
40,76_Sahebazaman Mosque,44
40,77_Imam Hosein Mosque,45
40,78_Hazrat Mahdi Mosque,45
40,79_Sahebazaman Mosque,48
40,80_Moslem ebn Aghil Mosque,62
40,81_Imam Hadi Mosque,64
40,82_Fatemeh Al-Zahra Mosque,68
40,83_Sahebazaman Mosque,68
40,84_Imam Hasan Asgari Mosque,70
40,85_Imam Hosein Mosque,45
40,86_JavadoAemeh Mosque,42
40,87_Hossein Mosque,39
40,88_Khajeh Shohada Mosque,14
40,89_Fatemeh Zahra Mosque,1
40,90_AghaMirAbdolSamad Taghavi Mosque,25
40,91_Shahid thales Mosque,31
40,92_Chahardah Masoum Mosque,24
40,93_Haj GholamHosein Mosque,25
40,94_Hojjati Mosque,32
40,95_Mohammad Khan Beg Mosque,33
40,96_Maleki Jonoubi Mosque,35
40,97_Maleki Shomali Mosque,36
40,98_Molem ebn Aghil Hosseinieh,45
40,99_Yadegar Imam Hosseinieh,74
40,100_Dastgheyb Mosque,31
40,101_Agha Seyyed Jamal Hosseinieh,28
41,01_Sajadiye Mosque,14
41,02_Halime khatun,31
41,03_Masjed Hazrate Fateme Zahra,28
41,04_Molabashi,25
41,05_Hoseynie Razavi,31
41,06_Soukhte chenar Mosque,28
41,07_Sotudeh Mosque,28
41,08_Agha seyed Ali Mosque,29
41,09_Shishegar Mosque,34
41,10_Emamzadeh Ali,3
41,11_Fatemeh AlZahra Mosque,49
41,12_Haj Mousa,34
41,13_Haj Kazem Mosque,35
41,14_Imamا Hasan Asgari Mosque,50
41,15_Emamzadeh Esmaeil,19
41,16_Sar Allah Masque,39
41,17_Ameneh Khatoon,10
41,18_Mohammadie Mosque,9
41,19_Sabz Mosque,28
41,20_,41
41,21_,26
41,22_Imam Jafar Sadegh Mosque,45
41,23_Javad Aemmeh Mosque,48
41,24_Imam Hossein Mosque,16
41,25_Abolfazl Mosque,29
41,26_Maktab Zehra,31
41,27_Ahmad Beik Mosque,40
41,28_Almahdi Mosque,24
41,29_Fateme Zahra Mosque,60
41,30_Rah Chaman Mosque,6
41,31_Haft Dar Mosque,21
41,32_Mosque,32
41,33_Laal Mosque,22
41,34_Imam Hassan Mosque,32
41,35_14th Masoom Mosque,46
41,36_,26
41,37_Emam Ali Mosque,76
41,38_,48
41,39_,32
41,40_,27
41,41_,51
41,42_,23
41,43_,46
41,44_,60
41,45_,25
41,46_Qadir mosque,43
41,47_Imam Reza Mosque,43
41,48_Velayat,33
41,49_Mohammad Rasolallah Mosque,34
41,50_Emamzadeh Hossein shrine,20
41,51_Sanjideh Mosque,14
41,52_Panje Ali Mosque,20
41,53_Hazrat Abolfazl,39
41,54_Tomb of The Four Prophets,23
41,55_Emam Khomeini Mosque,43
41,56_Emamzadeh Soltan Seyed Mohamad,33
41,57_Al Mahdi Mosque,58
41,58_,45
41,59_,39
41,60_Nabi Mosque,31
41,61_Jameh Mosque of Qazvin,17
41,62_Sheykhol Eslam Mosque,12
41,63_Valiasr Mosque,18
41,64_JavadolAemmeh Mosque,34
41,65_Teflane Moslem Mosque,26
41,66_Tagh Bohloul Mosque,13
41,67_Shahid Sales Mosque,16
41,68_Dabbaghan Mosque,19
41,69_Haj Molla Aqa Mosque,27
41,70_Karim Ahle Beyt Mosque,39
41,71_Ghods Razavi Mosque,32
41,72_Adl Ghaem Mosque,38
41,73_Hazrat Abolfazl Mosque,44
41,74_Imam Musa Bn Ja'far Mosque,42
41,75_Seyedoshohada Mosque,48
41,76_Sahebazaman Mosque,48
41,77_Imam Hosein Mosque,48
41,78_Hazrat Mahdi Mosque,38
41,79_Sahebazaman Mosque,38
41,80_Moslem ebn Aghil Mosque,67
41,81_Imam Hadi Mosque,57
41,82_Fatemeh Al-Zahra Mosque,50
41,83_Sahebazaman Mosque,50
41,84_Imam Hasan Asgari Mosque,54
41,85_Imam Hosein Mosque,24
41,86_JavadoAemeh Mosque,22
41,87_Hossein Mosque,24
41,88_Khajeh Shohada Mosque,31
41,89_Fatemeh Zahra Mosque,38
41,90_AghaMirAbdolSamad Taghavi Mosque,24
41,91_Shahid thales Mosque,30
41,92_Chahardah Masoum Mosque,32
41,93_Haj GholamHosein Mosque,36
41,94_Hojjati Mosque,34
41,95_Mohammad Khan Beg Mosque,40
41,96_Maleki Jonoubi Mosque,36
41,97_Maleki Shomali Mosque,37
41,98_Molem ebn Aghil Hosseinieh,48
41,99_Yadegar Imam Hosseinieh,59
41,100_Dastgheyb Mosque,32
41,101_Agha Seyyed Jamal Hosseinieh,20
42,01_Sajadiye Mosque,24
42,02_Halime khatun,24
42,03_Masjed Hazrate Fateme Zahra,22
42,04_Molabashi,20
42,05_Hoseynie Razavi,26
42,06_Soukhte chenar Mosque,23
42,07_Sotudeh Mosque,23
42,08_Agha seyed Ali Mosque,19
42,09_Shishegar Mosque,28
42,10_Emamzadeh Ali,23
42,11_Fatemeh AlZahra Mosque,55
42,12_Haj Mousa,21
42,13_Haj Kazem Mosque,30
42,14_Imamا Hasan Asgari Mosque,51
42,15_Emamzadeh Esmaeil,7
42,16_Sar Allah Masque,36
42,17_Ameneh Khatoon,22
42,18_Mohammadie Mosque,16
42,19_Sabz Mosque,9
42,20_,35
42,21_,10
42,22_Imam Jafar Sadegh Mosque,51
42,23_Javad Aemmeh Mosque,56
42,24_Imam Hossein Mosque,28
42,25_Abolfazl Mosque,40
42,26_Maktab Zehra,42
42,27_Ahmad Beik Mosque,33
42,28_Almahdi Mosque,26
42,29_Fateme Zahra Mosque,51
42,30_Rah Chaman Mosque,18
42,31_Haft Dar Mosque,5
42,32_Mosque,40
42,33_Laal Mosque,8
42,34_Imam Hassan Mosque,23
42,35_14th Masoom Mosque,42
42,36_,10
42,37_Emam Ali Mosque,68
42,38_,54
42,39_,14
42,40_,5
42,41_,59
42,42_,10
42,43_,52
42,44_,59
42,45_,20
42,46_Qadir mosque,51
42,47_Imam Reza Mosque,50
42,48_Velayat,41
42,49_Mohammad Rasolallah Mosque,44
42,50_Emamzadeh Hossein shrine,13
42,51_Sanjideh Mosque,21
42,52_Panje Ali Mosque,10
42,53_Hazrat Abolfazl,45
42,54_Tomb of The Four Prophets,13
42,55_Emam Khomeini Mosque,45
42,56_Emamzadeh Soltan Seyed Mohamad,14
42,57_Al Mahdi Mosque,56
42,58_,51
42,59_,46
42,60_Nabi Mosque,16
42,61_Jameh Mosque of Qazvin,9
42,62_Sheykhol Eslam Mosque,13
42,63_Valiasr Mosque,28
42,64_JavadolAemmeh Mosque,24
42,65_Teflane Moslem Mosque,26
42,66_Tagh Bohloul Mosque,12
42,67_Shahid Sales Mosque,9
42,68_Dabbaghan Mosque,8
42,69_Haj Molla Aqa Mosque,18
42,70_Karim Ahle Beyt Mosque,31
42,71_Ghods Razavi Mosque,39
42,72_Adl Ghaem Mosque,35
42,73_Hazrat Abolfazl Mosque,36
42,74_Imam Musa Bn Ja'far Mosque,39
42,75_Seyedoshohada Mosque,41
42,76_Sahebazaman Mosque,43
42,77_Imam Hosein Mosque,44
42,78_Hazrat Mahdi Mosque,43
42,79_Sahebazaman Mosque,43
42,80_Moslem ebn Aghil Mosque,64
42,81_Imam Hadi Mosque,62
42,82_Fatemeh Al-Zahra Mosque,58
42,83_Sahebazaman Mosque,58
42,84_Imam Hasan Asgari Mosque,62
42,85_Imam Hosein Mosque,26
42,86_JavadoAemeh Mosque,23
42,87_Hossein Mosque,25
42,88_Khajeh Shohada Mosque,15
42,89_Fatemeh Zahra Mosque,28
42,90_AghaMirAbdolSamad Taghavi Mosque,4
42,91_Shahid thales Mosque,14
42,92_Chahardah Masoum Mosque,14
42,93_Haj GholamHosein Mosque,19
42,94_Hojjati Mosque,21
42,95_Mohammad Khan Beg Mosque,29
42,96_Maleki Jonoubi Mosque,28
42,97_Maleki Shomali Mosque,29
42,98_Molem ebn Aghil Hosseinieh,46
42,99_Yadegar Imam Hosseinieh,65
42,100_Dastgheyb Mosque,16
42,101_Agha Seyyed Jamal Hosseinieh,1
44,01_Sajadiye Mosque,36
44,02_Halime khatun,26
44,03_Masjed Hazrate Fateme Zahra,28
44,04_Molabashi,30
44,05_Hoseynie Razavi,28
44,06_Soukhte chenar Mosque,32
44,07_Sotudeh Mosque,33
44,08_Agha seyed Ali Mosque,21
44,09_Shishegar Mosque,27
44,10_Emamzadeh Ali,33
44,11_Fatemeh AlZahra Mosque,60
44,12_Haj Mousa,20
44,13_Haj Kazem Mosque,31
44,14_Imamا Hasan Asgari Mosque,49
44,15_Emamzadeh Esmaeil,20
44,16_Sar Allah Masque,37
44,17_Ameneh Khatoon,33
44,18_Mohammadie Mosque,28
44,19_Sabz Mosque,6
44,20_,34
44,21_,16
44,22_Imam Jafar Sadegh Mosque,56
44,23_Javad Aemmeh Mosque,61
44,24_Imam Hossein Mosque,38
44,25_Abolfazl Mosque,50
44,26_Maktab Zehra,53
44,27_Ahmad Beik Mosque,32
44,28_Almahdi Mosque,36
44,29_Fateme Zahra Mosque,48
44,30_Rah Chaman Mosque,30
44,31_Haft Dar Mosque,16
44,32_Mosque,49
44,33_Laal Mosque,12
44,34_Imam Hassan Mosque,25
44,35_14th Masoom Mosque,41
44,36_,10
44,37_Emam Ali Mosque,64
44,38_,59
44,39_,11
44,40_,11
44,41_,65
44,42_,20
44,43_,57
44,44_,56
44,45_,30
44,46_Qadir mosque,56
44,47_Imam Reza Mosque,55
44,48_Velayat,47
44,49_Mohammad Rasolallah Mosque,46
44,50_Emamzadeh Hossein shrine,24
44,51_Sanjideh Mosque,33
44,52_Panje Ali Mosque,22
44,53_Hazrat Abolfazl,49
44,54_Tomb of The Four Prophets,25
44,55_Emam Khomeini Mosque,43
44,56_Emamzadeh Soltan Seyed Mohamad,1
44,57_Al Mahdi Mosque,52
44,58_,56
44,59_,51
44,60_Nabi Mosque,19
44,61_Jameh Mosque of Qazvin,24
44,62_Sheykhol Eslam Mosque,25
44,63_Valiasr Mosque,39
44,64_JavadolAemmeh Mosque,23
44,65_Teflane Moslem Mosque,35
44,66_Tagh Bohloul Mosque,24
44,67_Shahid Sales Mosque,20
44,68_Dabbaghan Mosque,18
44,69_Haj Molla Aqa Mosque,23
44,70_Karim Ahle Beyt Mosque,26
44,71_Ghods Razavi Mosque,49
44,72_Adl Ghaem Mosque,40
44,73_Hazrat Abolfazl Mosque,36
44,74_Imam Musa Bn Ja'far Mosque,39
44,75_Seyedoshohada Mosque,39
44,76_Sahebazaman Mosque,42
44,77_Imam Hosein Mosque,43
44,78_Hazrat Mahdi Mosque,42
44,79_Sahebazaman Mosque,44
44,80_Moslem ebn Aghil Mosque,60
44,81_Imam Hadi Mosque,61
44,82_Fatemeh Al-Zahra Mosque,64
44,83_Sahebazaman Mosque,64
44,84_Imam Hasan Asgari Mosque,67
44,85_Imam Hosein Mosque,39
44,86_JavadoAemeh Mosque,36
44,87_Hossein Mosque,37
44,88_Khajeh Shohada Mosque,5
44,89_Fatemeh Zahra Mosque,17
44,90_AghaMirAbdolSamad Taghavi Mosque,11
44,91_Shahid thales Mosque,13
44,92_Chahardah Masoum Mosque,7
44,93_Haj GholamHosein Mosque,12
44,94_Hojjati Mosque,19
44,95_Mohammad Khan Beg Mosque,26
44,96_Maleki Jonoubi Mosque,27
44,97_Maleki Shomali Mosque,28
44,98_Molem ebn Aghil Hosseinieh,43
44,99_Yadegar Imam Hosseinieh,70
44,100_Dastgheyb Mosque,14
44,101_Agha Seyyed Jamal Hosseinieh,15
45,01_Sajadiye Mosque,19
45,02_Halime khatun,30
45,03_Masjed Hazrate Fateme Zahra,29
45,04_Molabashi,26
45,05_Hoseynie Razavi,33
45,06_Soukhte chenar Mosque,30
45,07_Sotudeh Mosque,30
45,08_Agha seyed Ali Mosque,25
45,09_Shishegar Mosque,33
45,10_Emamzadeh Ali,8
45,11_Fatemeh AlZahra Mosque,41
45,12_Haj Mousa,30
45,13_Haj Kazem Mosque,36
45,14_Imamا Hasan Asgari Mosque,40
45,15_Emamzadeh Esmaeil,24
45,16_Sar Allah Masque,36
45,17_Ameneh Khatoon,11
45,18_Mohammadie Mosque,15
45,19_Sabz Mosque,34
45,20_,38
45,21_,31
45,22_Imam Jafar Sadegh Mosque,37
45,23_Javad Aemmeh Mosque,40
45,24_Imam Hossein Mosque,9
45,25_Abolfazl Mosque,19
45,26_Maktab Zehra,23
45,27_Ahmad Beik Mosque,36
45,28_Almahdi Mosque,21
45,29_Fateme Zahra Mosque,51
45,30_Rah Chaman Mosque,15
45,31_Haft Dar Mosque,27
45,32_Mosque,24
45,33_Laal Mosque,29
45,34_Imam Hassan Mosque,29
45,35_14th Masoom Mosque,38
45,36_,32
45,37_Emam Ali Mosque,68
45,38_,40
45,39_,34
45,40_,33
45,41_,43
45,42_,29
45,43_,38
45,44_,51
45,45_,27
45,46_Qadir mosque,35
45,47_Imam Reza Mosque,35
45,48_Velayat,25
45,49_Mohammad Rasolallah Mosque,27
45,50_Emamzadeh Hossein shrine,26
45,51_Sanjideh Mosque,23
45,52_Panje Ali Mosque,26
45,53_Hazrat Abolfazl,31
45,54_Tomb of The Four Prophets,25
45,55_Emam Khomeini Mosque,34
45,56_Emamzadeh Soltan Seyed Mohamad,38
45,57_Al Mahdi Mosque,48
45,58_,37
45,59_,31
45,60_Nabi Mosque,29
45,61_Jameh Mosque of Qazvin,24
45,62_Sheykhol Eslam Mosque,18
45,63_Valiasr Mosque,6
45,64_JavadolAemmeh Mosque,32
45,65_Teflane Moslem Mosque,27
45,66_Tagh Bohloul Mosque,20
45,67_Shahid Sales Mosque,23
45,68_Dabbaghan Mosque,26
45,69_Haj Molla Aqa Mosque,27
45,70_Karim Ahle Beyt Mosque,31
45,71_Ghods Razavi Mosque,24
45,72_Adl Ghaem Mosque,33
45,73_Hazrat Abolfazl Mosque,40
45,74_Imam Musa Bn Ja'far Mosque,35
45,75_Seyedoshohada Mosque,40
45,76_Sahebazaman Mosque,40
45,77_Imam Hosein Mosque,40
45,78_Hazrat Mahdi Mosque,30
45,79_Sahebazaman Mosque,30
45,80_Moslem ebn Aghil Mosque,59
45,81_Imam Hadi Mosque,48
45,82_Fatemeh Al-Zahra Mosque,42
45,83_Sahebazaman Mosque,42
45,84_Imam Hasan Asgari Mosque,46
45,85_Imam Hosein Mosque,25
45,86_JavadoAemeh Mosque,23
45,87_Hossein Mosque,25
45,88_Khajeh Shohada Mosque,36
45,89_Fatemeh Zahra Mosque,43
45,90_AghaMirAbdolSamad Taghavi Mosque,30
45,91_Shahid thales Mosque,32
45,92_Chahardah Masoum Mosque,36
45,93_Haj GholamHosein Mosque,38
45,94_Hojjati Mosque,30
45,95_Mohammad Khan Beg Mosque,33
45,96_Maleki Jonoubi Mosque,33
45,97_Maleki Shomali Mosque,33
45,98_Molem ebn Aghil Hosseinieh,40
45,99_Yadegar Imam Hosseinieh,51
45,100_Dastgheyb Mosque,33
45,101_Agha Seyyed Jamal Hosseinieh,27
46,01_Sajadiye Mosque,24
46,02_Halime khatun,43
46,03_Masjed Hazrate Fateme Zahra,42
46,04_Molabashi,39
46,05_Hoseynie Razavi,45
46,06_Soukhte chenar Mosque,42
46,07_Sotudeh Mosque,41
46,08_Agha seyed Ali Mosque,38
46,09_Shishegar Mosque,42
46,10_Emamzadeh Ali,20
46,11_Fatemeh AlZahra Mosque,44
46,12_Haj Mousa,42
46,13_Haj Kazem Mosque,44
46,14_Imamا Hasan Asgari Mosque,44
46,15_Emamzadeh Esmaeil,37
46,16_Sar Allah Masque,40
46,17_Ameneh Khatoon,24
46,18_Mohammadie Mosque,27
46,19_Sabz Mosque,46
46,20_,45
46,21_,43
46,22_Imam Jafar Sadegh Mosque,40
46,23_Javad Aemmeh Mosque,43
46,24_Imam Hossein Mosque,22
46,25_Abolfazl Mosque,26
46,26_Maktab Zehra,27
46,27_Ahmad Beik Mosque,45
46,28_Almahdi Mosque,34
46,29_Fateme Zahra Mosque,55
46,30_Rah Chaman Mosque,23
46,31_Haft Dar Mosque,40
46,32_Mosque,30
46,33_Laal Mosque,40
46,34_Imam Hassan Mosque,42
46,35_14th Masoom Mosque,42
46,36_,43
46,37_Emam Ali Mosque,72
46,38_,43
46,39_,47
46,40_,44
46,41_,46
46,42_,41
46,43_,41
46,44_,55
46,45_,40
46,46_Qadir mosque,38
46,47_Imam Reza Mosque,38
46,48_Velayat,28
46,49_Mohammad Rasolallah Mosque,31
46,50_Emamzadeh Hossein shrine,37
46,51_Sanjideh Mosque,30
46,52_Panje Ali Mosque,39
46,53_Hazrat Abolfazl,34
46,54_Tomb of The Four Prophets,37
46,55_Emam Khomeini Mosque,38
46,56_Emamzadeh Soltan Seyed Mohamad,50
46,57_Al Mahdi Mosque,52
46,58_,40
46,59_,34
46,60_Nabi Mosque,42
46,61_Jameh Mosque of Qazvin,35
46,62_Sheykhol Eslam Mosque,31
46,63_Valiasr Mosque,12
46,64_JavadolAemmeh Mosque,44
46,65_Teflane Moslem Mosque,38
46,66_Tagh Bohloul Mosque,31
46,67_Shahid Sales Mosque,33
46,68_Dabbaghan Mosque,36
46,69_Haj Molla Aqa Mosque,39
46,70_Karim Ahle Beyt Mosque,36
46,71_Ghods Razavi Mosque,32
46,72_Adl Ghaem Mosque,42
46,73_Hazrat Abolfazl Mosque,45
46,74_Imam Musa Bn Ja'far Mosque,38
46,75_Seyedoshohada Mosque,44
46,76_Sahebazaman Mosque,43
46,77_Imam Hosein Mosque,43
46,78_Hazrat Mahdi Mosque,33
46,79_Sahebazaman Mosque,33
46,80_Moslem ebn Aghil Mosque,63
46,81_Imam Hadi Mosque,52
46,82_Fatemeh Al-Zahra Mosque,45
46,83_Sahebazaman Mosque,45
46,84_Imam Hasan Asgari Mosque,49
46,85_Imam Hosein Mosque,36
46,86_JavadoAemeh Mosque,34
46,87_Hossein Mosque,36
46,88_Khajeh Shohada Mosque,47
46,89_Fatemeh Zahra Mosque,54
46,90_AghaMirAbdolSamad Taghavi Mosque,41
46,91_Shahid thales Mosque,45
46,92_Chahardah Masoum Mosque,48
46,93_Haj GholamHosein Mosque,51
46,94_Hojjati Mosque,43
46,95_Mohammad Khan Beg Mosque,40
46,96_Maleki Jonoubi Mosque,42
46,97_Maleki Shomali Mosque,42
46,98_Molem ebn Aghil Hosseinieh,44
46,99_Yadegar Imam Hosseinieh,54
46,100_Dastgheyb Mosque,46
46,101_Agha Seyyed Jamal Hosseinieh,38
47,01_Sajadiye Mosque,24
47,02_Halime khatun,25
47,03_Masjed Hazrate Fateme Zahra,21
47,04_Molabashi,19
47,05_Hoseynie Razavi,25
47,06_Soukhte chenar Mosque,21
47,07_Sotudeh Mosque,22
47,08_Agha seyed Ali Mosque,21
47,09_Shishegar Mosque,28
47,10_Emamzadeh Ali,9
47,11_Fatemeh AlZahra Mosque,53
47,12_Haj Mousa,26
47,13_Haj Kazem Mosque,29
47,14_Imamا Hasan Asgari Mosque,51
47,15_Emamzadeh Esmaeil,11
47,16_Sar Allah Masque,34
47,17_Ameneh Khatoon,3
47,18_Mohammadie Mosque,7
47,19_Sabz Mosque,24
47,20_,35
47,21_,18
47,22_Imam Jafar Sadegh Mosque,49
47,23_Javad Aemmeh Mosque,52
47,24_Imam Hossein Mosque,12
47,25_Abolfazl Mosque,31
47,26_Maktab Zehra,33
47,27_Ahmad Beik Mosque,34
47,28_Almahdi Mosque,16
47,29_Fateme Zahra Mosque,56
47,30_Rah Chaman Mosque,16
47,31_Haft Dar Mosque,14
47,32_Mosque,29
47,33_Laal Mosque,25
47,34_Imam Hassan Mosque,25
47,35_14th Masoom Mosque,44
47,36_,27
47,37_Emam Ali Mosque,72
47,38_,48
47,39_,25
47,40_,20
47,41_,55
47,42_,16
47,43_,50
47,44_,60
47,45_,19
47,46_Qadir mosque,47
47,47_Imam Reza Mosque,46
47,48_Velayat,37
47,49_Mohammad Rasolallah Mosque,35
47,50_Emamzadeh Hossein shrine,26
47,51_Sanjideh Mosque,24
47,52_Panje Ali Mosque,13
47,53_Hazrat Abolfazl,43
47,54_Tomb of The Four Prophets,15
47,55_Emam Khomeini Mosque,45
47,56_Emamzadeh Soltan Seyed Mohamad,28
47,57_Al Mahdi Mosque,57
47,58_,49
47,59_,43
47,60_Nabi Mosque,23
47,61_Jameh Mosque of Qazvin,21
47,62_Sheykhol Eslam Mosque,9
47,63_Valiasr Mosque,19
47,64_JavadolAemmeh Mosque,28
47,65_Teflane Moslem Mosque,32
47,66_Tagh Bohloul Mosque,20
47,67_Shahid Sales Mosque,22
47,68_Dabbaghan Mosque,24
47,69_Haj Molla Aqa Mosque,19
47,70_Karim Ahle Beyt Mosque,35
47,71_Ghods Razavi Mosque,30
47,72_Adl Ghaem Mosque,29
47,73_Hazrat Abolfazl Mosque,37
47,74_Imam Musa Bn Ja'far Mosque,41
47,75_Seyedoshohada Mosque,45
47,76_Sahebazaman Mosque,46
47,77_Imam Hosein Mosque,46
47,78_Hazrat Mahdi Mosque,41
47,79_Sahebazaman Mosque,41
47,80_Moslem ebn Aghil Mosque,66
47,81_Imam Hadi Mosque,60
47,82_Fatemeh Al-Zahra Mosque,54
47,83_Sahebazaman Mosque,54
47,84_Imam Hasan Asgari Mosque,58
47,85_Imam Hosein Mosque,31
47,86_JavadoAemeh Mosque,28
47,87_Hossein Mosque,30
47,88_Khajeh Shohada Mosque,30
47,89_Fatemeh Zahra Mosque,37
47,90_AghaMirAbdolSamad Taghavi Mosque,20
47,91_Shahid thales Mosque,23
47,92_Chahardah Masoum Mosque,25
47,93_Haj GholamHosein Mosque,29
47,94_Hojjati Mosque,26
47,95_Mohammad Khan Beg Mosque,34
47,96_Maleki Jonoubi Mosque,30
47,97_Maleki Shomali Mosque,31
47,98_Molem ebn Aghil Hosseinieh,50
47,99_Yadegar Imam Hosseinieh,63
47,100_Dastgheyb Mosque,24
47,101_Agha Seyyed Jamal Hosseinieh,20
48,01_Sajadiye Mosque,30
48,02_Halime khatun,14
48,03_Masjed Hazrate Fateme Zahra,10
48,04_Molabashi,7
48,05_Hoseynie Razavi,14
48,06_Soukhte chenar Mosque,11
48,07_Sotudeh Mosque,11
48,08_Agha seyed Ali Mosque,10
48,09_Shishegar Mosque,17
48,10_Emamzadeh Ali,23
48,11_Fatemeh AlZahra Mosque,43
48,12_Haj Mousa,15
48,13_Haj Kazem Mosque,18
48,14_Imamا Hasan Asgari Mosque,45
48,15_Emamzadeh Esmaeil,12
48,16_Sar Allah Masque,24
48,17_Ameneh Khatoon,16
48,18_Mohammadie Mosque,16
48,19_Sabz Mosque,24
48,20_,23
48,21_,15
48,22_Imam Jafar Sadegh Mosque,39
48,23_Javad Aemmeh Mosque,44
48,24_Imam Hossein Mosque,16
48,25_Abolfazl Mosque,29
48,26_Maktab Zehra,29
48,27_Ahmad Beik Mosque,23
48,28_Almahdi Mosque,13
48,29_Fateme Zahra Mosque,46
48,30_Rah Chaman Mosque,24
48,31_Haft Dar Mosque,13
48,32_Mosque,27
48,33_Laal Mosque,22
48,34_Imam Hassan Mosque,14
48,35_14th Masoom Mosque,35
48,36_,24
48,37_Emam Ali Mosque,66
48,38_,42
48,39_,19
48,40_,20
48,41_,48
48,42_,11
48,43_,40
48,44_,54
48,45_,8
48,46_Qadir mosque,39
48,47_Imam Reza Mosque,38
48,48_Velayat,30
48,49_Mohammad Rasolallah Mosque,32
48,50_Emamzadeh Hossein shrine,24
48,51_Sanjideh Mosque,27
48,52_Panje Ali Mosque,10
48,53_Hazrat Abolfazl,33
48,54_Tomb of The Four Prophets,5
48,55_Emam Khomeini Mosque,37
48,56_Emamzadeh Soltan Seyed Mohamad,28
48,57_Al Mahdi Mosque,51
48,58_,39
48,59_,34
48,60_Nabi Mosque,12
48,61_Jameh Mosque of Qazvin,19
48,62_Sheykhol Eslam Mosque,15
48,63_Valiasr Mosque,20
48,64_JavadolAemmeh Mosque,17
48,65_Teflane Moslem Mosque,28
48,66_Tagh Bohloul Mosque,19
48,67_Shahid Sales Mosque,20
48,68_Dabbaghan Mosque,20
48,69_Haj Molla Aqa Mosque,7
48,70_Karim Ahle Beyt Mosque,27
48,71_Ghods Razavi Mosque,25
48,72_Adl Ghaem Mosque,21
48,73_Hazrat Abolfazl Mosque,27
48,74_Imam Musa Bn Ja'far Mosque,30
48,75_Seyedoshohada Mosque,36
48,76_Sahebazaman Mosque,36
48,77_Imam Hosein Mosque,36
48,78_Hazrat Mahdi Mosque,31
48,79_Sahebazaman Mosque,31
48,80_Moslem ebn Aghil Mosque,60
48,81_Imam Hadi Mosque,52
48,82_Fatemeh Al-Zahra Mosque,47
48,83_Sahebazaman Mosque,47
48,84_Imam Hasan Asgari Mosque,51
48,85_Imam Hosein Mosque,27
48,86_JavadoAemeh Mosque,24
48,87_Hossein Mosque,26
48,88_Khajeh Shohada Mosque,27
48,89_Fatemeh Zahra Mosque,34
48,90_AghaMirAbdolSamad Taghavi Mosque,20
48,91_Shahid thales Mosque,17
48,92_Chahardah Masoum Mosque,24
48,93_Haj GholamHosein Mosque,23
48,94_Hojjati Mosque,15
48,95_Mohammad Khan Beg Mosque,23
48,96_Maleki Jonoubi Mosque,19
48,97_Maleki Shomali Mosque,19
48,98_Molem ebn Aghil Hosseinieh,41
48,99_Yadegar Imam Hosseinieh,53
48,100_Dastgheyb Mosque,18
48,101_Agha Seyyed Jamal Hosseinieh,20
49,01_Sajadiye Mosque,32
49,02_Halime khatun,13
49,03_Masjed Hazrate Fateme Zahra,15
49,04_Molabashi,14
49,05_Hoseynie Razavi,16
49,06_Soukhte chenar Mosque,18
49,07_Sotudeh Mosque,18
49,08_Agha seyed Ali Mosque,8
49,09_Shishegar Mosque,17
49,10_Emamzadeh Ali,25
49,11_Fatemeh AlZahra Mosque,49
49,12_Haj Mousa,10
49,13_Haj Kazem Mosque,21
49,14_Imamا Hasan Asgari Mosque,41
49,15_Emamzadeh Esmaeil,9
49,16_Sar Allah Masque,27
49,17_Ameneh Khatoon,21
49,18_Mohammadie Mosque,16
49,19_Sabz Mosque,13
49,20_,24
49,21_,2
49,22_Imam Jafar Sadegh Mosque,45
49,23_Javad Aemmeh Mosque,50
49,24_Imam Hossein Mosque,25
49,25_Abolfazl Mosque,38
49,26_Maktab Zehra,38
49,27_Ahmad Beik Mosque,22
49,28_Almahdi Mosque,22
49,29_Fateme Zahra Mosque,41
49,30_Rah Chaman Mosque,27
49,31_Haft Dar Mosque,5
49,32_Mosque,36
49,33_Laal Mosque,18
49,34_Imam Hassan Mosque,12
49,35_14th Masoom Mosque,32
49,36_,19
49,37_Emam Ali Mosque,61
49,38_,48
49,39_,7
49,40_,12
49,41_,54
49,42_,2
49,43_,46
49,44_,50
49,45_,14
49,46_Qadir mosque,45
49,47_Imam Reza Mosque,44
49,48_Velayat,36
49,49_Mohammad Rasolallah Mosque,36
49,50_Emamzadeh Hossein shrine,24
49,51_Sanjideh Mosque,29
49,52_Panje Ali Mosque,6
49,53_Hazrat Abolfazl,39
49,54_Tomb of The Four Prophets,8
49,55_Emam Khomeini Mosque,35
49,56_Emamzadeh Soltan Seyed Mohamad,16
49,57_Al Mahdi Mosque,47
49,58_,45
49,59_,40
49,60_Nabi Mosque,5
49,61_Jameh Mosque of Qazvin,19
49,62_Sheykhol Eslam Mosque,12
49,63_Valiasr Mosque,29
49,64_JavadolAemmeh Mosque,13
49,65_Teflane Moslem Mosque,30
49,66_Tagh Bohloul Mosque,21
49,67_Shahid Sales Mosque,20
49,68_Dabbaghan Mosque,19
49,69_Haj Molla Aqa Mosque,9
49,70_Karim Ahle Beyt Mosque,23
49,71_Ghods Razavi Mosque,34
49,72_Adl Ghaem Mosque,30
49,73_Hazrat Abolfazl Mosque,27
49,74_Imam Musa Bn Ja'far Mosque,30
49,75_Seyedoshohada Mosque,32
49,76_Sahebazaman Mosque,33
49,77_Imam Hosein Mosque,34
49,78_Hazrat Mahdi Mosque,34
49,79_Sahebazaman Mosque,35
49,80_Moslem ebn Aghil Mosque,55
49,81_Imam Hadi Mosque,53
49,82_Fatemeh Al-Zahra Mosque,53
49,83_Sahebazaman Mosque,53
49,84_Imam Hasan Asgari Mosque,57
49,85_Imam Hosein Mosque,29
49,86_JavadoAemeh Mosque,26
49,87_Hossein Mosque,28
49,88_Khajeh Shohada Mosque,22
49,89_Fatemeh Zahra Mosque,34
49,90_AghaMirAbdolSamad Taghavi Mosque,12
49,91_Shahid thales Mosque,4
49,92_Chahardah Masoum Mosque,12
49,93_Haj GholamHosein Mosque,11
49,94_Hojjati Mosque,11
49,95_Mohammad Khan Beg Mosque,18
49,96_Maleki Jonoubi Mosque,18
49,97_Maleki Shomali Mosque,18
49,98_Molem ebn Aghil Hosseinieh,36
49,99_Yadegar Imam Hosseinieh,59
49,100_Dastgheyb Mosque,6
49,101_Agha Seyyed Jamal Hosseinieh,12
50,01_Sajadiye Mosque,28
50,02_Halime khatun,25
50,03_Masjed Hazrate Fateme Zahra,21
50,04_Molabashi,18
50,05_Hoseynie Razavi,24
50,06_Soukhte chenar Mosque,18
50,07_Sotudeh Mosque,21
50,08_Agha seyed Ali Mosque,20
50,09_Shishegar Mosque,27
50,10_Emamzadeh Ali,16
50,11_Fatemeh AlZahra Mosque,50
50,12_Haj Mousa,25
50,13_Haj Kazem Mosque,28
50,14_Imamا Hasan Asgari Mosque,47
50,15_Emamzadeh Esmaeil,19
50,16_Sar Allah Masque,32
50,17_Ameneh Khatoon,9
50,18_Mohammadie Mosque,16
50,19_Sabz Mosque,32
50,20_,34
50,21_,25
50,22_Imam Jafar Sadegh Mosque,46
50,23_Javad Aemmeh Mosque,48
50,24_Imam Hossein Mosque,6
50,25_Abolfazl Mosque,26
50,26_Maktab Zehra,28
50,27_Ahmad Beik Mosque,33
50,28_Almahdi Mosque,9
50,29_Fateme Zahra Mosque,53
50,30_Rah Chaman Mosque,22
50,31_Haft Dar Mosque,21
50,32_Mosque,19
50,33_Laal Mosque,29
50,34_Imam Hassan Mosque,24
50,35_14th Masoom Mosque,43
50,36_,31
50,37_Emam Ali Mosque,68
50,38_,42
50,39_,29
50,40_,28
50,41_,52
50,42_,22
50,43_,47
50,44_,56
50,45_,18
50,46_Qadir mosque,44
50,47_Imam Reza Mosque,41
50,48_Velayat,34
50,49_Mohammad Rasolallah Mosque,25
50,50_Emamzadeh Hossein shrine,30
50,51_Sanjideh Mosque,30
50,52_Panje Ali Mosque,21
50,53_Hazrat Abolfazl,40
50,54_Tomb of The Four Prophets,15
50,55_Emam Khomeini Mosque,41
50,56_Emamzadeh Soltan Seyed Mohamad,35
50,57_Al Mahdi Mosque,53
50,58_,46
50,59_,40
50,60_Nabi Mosque,22
50,61_Jameh Mosque of Qazvin,26
50,62_Sheykhol Eslam Mosque,19
50,63_Valiasr Mosque,15
50,64_JavadolAemmeh Mosque,28
50,65_Teflane Moslem Mosque,32
50,66_Tagh Bohloul Mosque,24
50,67_Shahid Sales Mosque,26
50,68_Dabbaghan Mosque,28
50,69_Haj Molla Aqa Mosque,18
50,70_Karim Ahle Beyt Mosque,32
50,71_Ghods Razavi Mosque,20
50,72_Adl Ghaem Mosque,24
50,73_Hazrat Abolfazl Mosque,37
50,74_Imam Musa Bn Ja'far Mosque,39
50,75_Seyedoshohada Mosque,44
50,76_Sahebazaman Mosque,44
50,77_Imam Hosein Mosque,44
50,78_Hazrat Mahdi Mosque,38
50,79_Sahebazaman Mosque,38
50,80_Moslem ebn Aghil Mosque,62
50,81_Imam Hadi Mosque,57
50,82_Fatemeh Al-Zahra Mosque,51
50,83_Sahebazaman Mosque,51
50,84_Imam Hasan Asgari Mosque,55
50,85_Imam Hosein Mosque,31
50,86_JavadoAemeh Mosque,28
50,87_Hossein Mosque,30
50,88_Khajeh Shohada Mosque,35
50,89_Fatemeh Zahra Mosque,42
50,90_AghaMirAbdolSamad Taghavi Mosque,28
50,91_Shahid thales Mosque,27
50,92_Chahardah Masoum Mosque,33
50,93_Haj GholamHosein Mosque,33
50,94_Hojjati Mosque,25
50,95_Mohammad Khan Beg Mosque,32
50,96_Maleki Jonoubi Mosque,29
50,97_Maleki Shomali Mosque,29
50,98_Molem ebn Aghil Hosseinieh,45
50,99_Yadegar Imam Hosseinieh,60
50,100_Dastgheyb Mosque,28
50,101_Agha Seyyed Jamal Hosseinieh,27
51,01_Sajadiye Mosque,29
51,02_Halime khatun,17
51,03_Masjed Hazrate Fateme Zahra,12
51,04_Molabashi,10
51,05_Hoseynie Razavi,16
51,06_Soukhte chenar Mosque,10
51,07_Sotudeh Mosque,11
51,08_Agha seyed Ali Mosque,14
51,09_Shishegar Mosque,19
51,10_Emamzadeh Ali,19
51,11_Fatemeh AlZahra Mosque,43
51,12_Haj Mousa,19
51,13_Haj Kazem Mosque,20
51,14_Imamا Hasan Asgari Mosque,48
51,15_Emamzadeh Esmaeil,14
51,16_Sar Allah Masque,24
51,17_Ameneh Khatoon,12
51,18_Mohammadie Mosque,16
51,19_Sabz Mosque,27
51,20_,25
51,21_,18
51,22_Imam Jafar Sadegh Mosque,39
51,23_Javad Aemmeh Mosque,44
51,24_Imam Hossein Mosque,12
51,25_Abolfazl Mosque,29
51,26_Maktab Zehra,29
51,27_Ahmad Beik Mosque,25
51,28_Almahdi Mosque,5
51,29_Fateme Zahra Mosque,49
51,30_Rah Chaman Mosque,24
51,31_Haft Dar Mosque,17
51,32_Mosque,24
51,33_Laal Mosque,21
51,34_Imam Hassan Mosque,17
51,35_14th Masoom Mosque,36
51,36_,23
51,37_Emam Ali Mosque,66
51,38_,42
51,39_,23
51,40_,23
51,41_,48
51,42_,15
51,43_,40
51,44_,55
51,45_,10
51,46_Qadir mosque,39
51,47_Imam Reza Mosque,38
51,48_Velayat,30
51,49_Mohammad Rasolallah Mosque,27
51,50_Emamzadeh Hossein shrine,26
51,51_Sanjideh Mosque,29
51,52_Panje Ali Mosque,14
51,53_Hazrat Abolfazl,33
51,54_Tomb of The Four Prophets,9
51,55_Emam Khomeini Mosque,38
51,56_Emamzadeh Soltan Seyed Mohamad,29
51,57_Al Mahdi Mosque,52
51,58_,39
51,59_,34
51,60_Nabi Mosque,16
51,61_Jameh Mosque of Qazvin,21
51,62_Sheykhol Eslam Mosque,15
51,63_Valiasr Mosque,20
51,64_JavadolAemmeh Mosque,19
51,65_Teflane Moslem Mosque,30
51,66_Tagh Bohloul Mosque,21
51,67_Shahid Sales Mosque,22
51,68_Dabbaghan Mosque,22
51,69_Haj Molla Aqa Mosque,11
51,70_Karim Ahle Beyt Mosque,28
51,71_Ghods Razavi Mosque,24
51,72_Adl Ghaem Mosque,17
51,73_Hazrat Abolfazl Mosque,29
51,74_Imam Musa Bn Ja'far Mosque,32
51,75_Seyedoshohada Mosque,38
51,76_Sahebazaman Mosque,38
51,77_Imam Hosein Mosque,38
51,78_Hazrat Mahdi Mosque,31
51,79_Sahebazaman Mosque,31
51,80_Moslem ebn Aghil Mosque,61
51,81_Imam Hadi Mosque,53
51,82_Fatemeh Al-Zahra Mosque,47
51,83_Sahebazaman Mosque,47
51,84_Imam Hasan Asgari Mosque,51
51,85_Imam Hosein Mosque,29
51,86_JavadoAemeh Mosque,26
51,87_Hossein Mosque,28
51,88_Khajeh Shohada Mosque,26
51,89_Fatemeh Zahra Mosque,33
51,90_AghaMirAbdolSamad Taghavi Mosque,23
51,91_Shahid thales Mosque,20
51,92_Chahardah Masoum Mosque,28
51,93_Haj GholamHosein Mosque,26
51,94_Hojjati Mosque,19
51,95_Mohammad Khan Beg Mosque,26
51,96_Maleki Jonoubi Mosque,21
51,97_Maleki Shomali Mosque,21
51,98_Molem ebn Aghil Hosseinieh,43
51,99_Yadegar Imam Hosseinieh,53
51,100_Dastgheyb Mosque,22
51,101_Agha Seyyed Jamal Hosseinieh,22
52,01_Sajadiye Mosque,42
52,02_Halime khatun,17
52,03_Masjed Hazrate Fateme Zahra,20
52,04_Molabashi,21
52,05_Hoseynie Razavi,19
52,06_Soukhte chenar Mosque,26
52,07_Sotudeh Mosque,25
52,08_Agha seyed Ali Mosque,12
52,09_Shishegar Mosque,19
52,10_Emamzadeh Ali,37
52,11_Fatemeh AlZahra Mosque,58
52,12_Haj Mousa,11
52,13_Haj Kazem Mosque,22
52,14_Imamا Hasan Asgari Mosque,39
52,15_Emamzadeh Esmaeil,20
52,16_Sar Allah Masque,32
52,17_Ameneh Khatoon,32
52,18_Mohammadie Mosque,27
52,19_Sabz Mosque,13
52,20_,25
52,21_,11
52,22_Imam Jafar Sadegh Mosque,54
52,23_Javad Aemmeh Mosque,58
52,24_Imam Hossein Mosque,32
52,25_Abolfazl Mosque,45
52,26_Maktab Zehra,46
52,27_Ahmad Beik Mosque,23
52,28_Almahdi Mosque,31
52,29_Fateme Zahra Mosque,40
52,30_Rah Chaman Mosque,36
52,31_Haft Dar Mosque,16
52,32_Mosque,45
52,33_Laal Mosque,21
52,34_Imam Hassan Mosque,16
52,35_14th Masoom Mosque,32
52,36_,22
52,37_Emam Ali Mosque,57
52,38_,57
52,39_,7
52,40_,16
52,41_,62
52,42_,13
52,43_,55
52,44_,46
52,45_,22
52,46_Qadir mosque,53
52,47_Imam Reza Mosque,53
52,48_Velayat,43
52,49_Mohammad Rasolallah Mosque,41
52,50_Emamzadeh Hossein shrine,33
52,51_Sanjideh Mosque,39
52,52_Panje Ali Mosque,17
52,53_Hazrat Abolfazl,45
52,54_Tomb of The Four Prophets,19
52,55_Emam Khomeini Mosque,33
52,56_Emamzadeh Soltan Seyed Mohamad,11
52,57_Al Mahdi Mosque,43
52,58_,54
52,59_,49
52,60_Nabi Mosque,11
52,61_Jameh Mosque of Qazvin,30
52,62_Sheykhol Eslam Mosque,24
52,63_Valiasr Mosque,36
52,64_JavadolAemmeh Mosque,14
52,65_Teflane Moslem Mosque,41
52,66_Tagh Bohloul Mosque,30
52,67_Shahid Sales Mosque,29
52,68_Dabbaghan Mosque,27
52,69_Haj Molla Aqa Mosque,14
52,70_Karim Ahle Beyt Mosque,18
52,71_Ghods Razavi Mosque,43
52,72_Adl Ghaem Mosque,34
52,73_Hazrat Abolfazl Mosque,28
52,74_Imam Musa Bn Ja'far Mosque,31
52,75_Seyedoshohada Mosque,31
52,76_Sahebazaman Mosque,33
52,77_Imam Hosein Mosque,34
52,78_Hazrat Mahdi Mosque,33
52,79_Sahebazaman Mosque,38
52,80_Moslem ebn Aghil Mosque,52
52,81_Imam Hadi Mosque,51
52,82_Fatemeh Al-Zahra Mosque,61
52,83_Sahebazaman Mosque,61
52,84_Imam Hasan Asgari Mosque,61
52,85_Imam Hosein Mosque,40
52,86_JavadoAemeh Mosque,37
52,87_Hossein Mosque,39
52,88_Khajeh Shohada Mosque,17
52,89_Fatemeh Zahra Mosque,25
52,90_AghaMirAbdolSamad Taghavi Mosque,19
52,91_Shahid thales Mosque,6
52,92_Chahardah Masoum Mosque,7
52,93_Haj GholamHosein Mosque,4
52,94_Hojjati Mosque,6
52,95_Mohammad Khan Beg Mosque,14
52,96_Maleki Jonoubi Mosque,18
52,97_Maleki Shomali Mosque,19
52,98_Molem ebn Aghil Hosseinieh,35
52,99_Yadegar Imam Hosseinieh,68
52,100_Dastgheyb Mosque,6
52,101_Agha Seyyed Jamal Hosseinieh,22
53,01_Sajadiye Mosque,41
53,02_Halime khatun,34
53,03_Masjed Hazrate Fateme Zahra,35
53,04_Molabashi,35
53,05_Hoseynie Razavi,34
53,06_Soukhte chenar Mosque,37
53,07_Sotudeh Mosque,36
53,08_Agha seyed Ali Mosque,32
53,09_Shishegar Mosque,31
53,10_Emamzadeh Ali,37
53,11_Fatemeh AlZahra Mosque,64
53,12_Haj Mousa,31
53,13_Haj Kazem Mosque,34
53,14_Imamا Hasan Asgari Mosque,47
53,15_Emamzadeh Esmaeil,30
53,16_Sar Allah Masque,40
53,17_Ameneh Khatoon,39
53,18_Mohammadie Mosque,33
53,19_Sabz Mosque,22
53,20_,33
53,21_,28
53,22_Imam Jafar Sadegh Mosque,60
53,23_Javad Aemmeh Mosque,65
53,24_Imam Hossein Mosque,43
53,25_Abolfazl Mosque,55
53,26_Maktab Zehra,60
53,27_Ahmad Beik Mosque,32
53,28_Almahdi Mosque,40
53,29_Fateme Zahra Mosque,45
53,30_Rah Chaman Mosque,35
53,31_Haft Dar Mosque,27
53,32_Mosque,58
53,33_Laal Mosque,23
53,34_Imam Hassan Mosque,35
53,35_14th Masoom Mosque,38
53,36_,21
53,37_Emam Ali Mosque,61
53,38_,63
53,39_,22
53,40_,25
53,41_,69
53,42_,31
53,43_,61
53,44_,54
53,45_,35
53,46_Qadir mosque,60
53,47_Imam Reza Mosque,59
53,48_Velayat,51
53,49_Mohammad Rasolallah Mosque,55
53,50_Emamzadeh Hossein shrine,29
53,51_Sanjideh Mosque,38
53,52_Panje Ali Mosque,31
53,53_Hazrat Abolfazl,51
53,54_Tomb of The Four Prophets,34
53,55_Emam Khomeini Mosque,41
53,56_Emamzadeh Soltan Seyed Mohamad,18
53,57_Al Mahdi Mosque,50
53,58_,60
53,59_,55
53,60_Nabi Mosque,30
53,61_Jameh Mosque of Qazvin,32
53,62_Sheykhol Eslam Mosque,30
53,63_Valiasr Mosque,43
53,64_JavadolAemmeh Mosque,32
53,65_Teflane Moslem Mosque,42
53,66_Tagh Bohloul Mosque,29
53,67_Shahid Sales Mosque,26
53,68_Dabbaghan Mosque,26
53,69_Haj Molla Aqa Mosque,32
53,70_Karim Ahle Beyt Mosque,24
53,71_Ghods Razavi Mosque,58
53,72_Adl Ghaem Mosque,44
53,73_Hazrat Abolfazl Mosque,34
53,74_Imam Musa Bn Ja'far Mosque,43
53,75_Seyedoshohada Mosque,36
53,76_Sahebazaman Mosque,39
53,77_Imam Hosein Mosque,40
53,78_Hazrat Mahdi Mosque,41
53,79_Sahebazaman Mosque,45
53,80_Moslem ebn Aghil Mosque,57
53,81_Imam Hadi Mosque,59
53,82_Fatemeh Al-Zahra Mosque,68
53,83_Sahebazaman Mosque,68
53,84_Imam Hasan Asgari Mosque,67
53,85_Imam Hosein Mosque,45
53,86_JavadoAemeh Mosque,42
53,87_Hossein Mosque,44
53,88_Khajeh Shohada Mosque,17
53,89_Fatemeh Zahra Mosque,18
53,90_AghaMirAbdolSamad Taghavi Mosque,27
53,91_Shahid thales Mosque,24
53,92_Chahardah Masoum Mosque,18
53,93_Haj GholamHosein Mosque,18
53,94_Hojjati Mosque,26
53,95_Mohammad Khan Beg Mosque,28
53,96_Maleki Jonoubi Mosque,30
53,97_Maleki Shomali Mosque,31
53,98_Molem ebn Aghil Hosseinieh,40
53,99_Yadegar Imam Hosseinieh,74
53,100_Dastgheyb Mosque,24
53,101_Agha Seyyed Jamal Hosseinieh,28
54,01_Sajadiye Mosque,28
54,02_Halime khatun,35
54,03_Masjed Hazrate Fateme Zahra,34
54,04_Molabashi,32
54,05_Hoseynie Razavi,37
54,06_Soukhte chenar Mosque,35
54,07_Sotudeh Mosque,34
54,08_Agha seyed Ali Mosque,30
54,09_Shishegar Mosque,34
54,10_Emamzadeh Ali,25
54,11_Fatemeh AlZahra Mosque,37
54,12_Haj Mousa,34
54,13_Haj Kazem Mosque,37
54,14_Imamا Hasan Asgari Mosque,35
54,15_Emamzadeh Esmaeil,37
54,16_Sar Allah Masque,32
54,17_Ameneh Khatoon,27
54,18_Mohammadie Mosque,31
54,19_Sabz Mosque,46
54,20_,36
54,21_,38
54,22_Imam Jafar Sadegh Mosque,34
54,23_Javad Aemmeh Mosque,36
54,24_Imam Hossein Mosque,18
54,25_Abolfazl Mosque,13
54,26_Maktab Zehra,18
54,27_Ahmad Beik Mosque,36
54,28_Almahdi Mosque,30
54,29_Fateme Zahra Mosque,46
54,30_Rah Chaman Mosque,25
54,31_Haft Dar Mosque,39
54,32_Mosque,18
54,33_Laal Mosque,41
54,34_Imam Hassan Mosque,34
54,35_14th Masoom Mosque,34
54,36_,44
54,37_Emam Ali Mosque,63
54,38_,36
54,39_,39
54,40_,45
54,41_,39
54,42_,37
54,43_,35
54,44_,46
54,45_,33
54,46_Qadir mosque,31
54,47_Imam Reza Mosque,31
54,48_Velayat,21
54,49_Mohammad Rasolallah Mosque,22
54,50_Emamzadeh Hossein shrine,38
54,51_Sanjideh Mosque,33
54,52_Panje Ali Mosque,37
54,53_Hazrat Abolfazl,28
54,54_Tomb of The Four Prophets,32
54,55_Emam Khomeini Mosque,29
54,56_Emamzadeh Soltan Seyed Mohamad,48
54,57_Al Mahdi Mosque,43
54,58_,34
54,59_,27
54,60_Nabi Mosque,34
54,61_Jameh Mosque of Qazvin,36
54,62_Sheykhol Eslam Mosque,34
54,63_Valiasr Mosque,10
54,64_JavadolAemmeh Mosque,36
54,65_Teflane Moslem Mosque,39
54,66_Tagh Bohloul Mosque,32
54,67_Shahid Sales Mosque,35
54,68_Dabbaghan Mosque,38
54,69_Haj Molla Aqa Mosque,32
54,70_Karim Ahle Beyt Mosque,27
54,71_Ghods Razavi Mosque,23
54,72_Adl Ghaem Mosque,34
54,73_Hazrat Abolfazl Mosque,36
54,74_Imam Musa Bn Ja'far Mosque,31
54,75_Seyedoshohada Mosque,36
54,76_Sahebazaman Mosque,36
54,77_Imam Hosein Mosque,37
54,78_Hazrat Mahdi Mosque,27
54,79_Sahebazaman Mosque,27
54,80_Moslem ebn Aghil Mosque,54
54,81_Imam Hadi Mosque,45
54,82_Fatemeh Al-Zahra Mosque,38
54,83_Sahebazaman Mosque,38
54,84_Imam Hasan Asgari Mosque,42
54,85_Imam Hosein Mosque,37
54,86_JavadoAemeh Mosque,35
54,87_Hossein Mosque,37
54,88_Khajeh Shohada Mosque,48
54,89_Fatemeh Zahra Mosque,55
54,90_AghaMirAbdolSamad Taghavi Mosque,42
54,91_Shahid thales Mosque,37
54,92_Chahardah Masoum Mosque,44
54,93_Haj GholamHosein Mosque,43
54,94_Hojjati Mosque,35
54,95_Mohammad Khan Beg Mosque,31
54,96_Maleki Jonoubi Mosque,34
54,97_Maleki Shomali Mosque,34
54,98_Molem ebn Aghil Hosseinieh,35
54,99_Yadegar Imam Hosseinieh,47
54,100_Dastgheyb Mosque,38
54,101_Agha Seyyed Jamal Hosseinieh,39
55,01_Sajadiye Mosque,36
55,02_Halime khatun,23
55,03_Masjed Hazrate Fateme Zahra,19
55,04_Molabashi,20
55,05_Hoseynie Razavi,20
55,06_Soukhte chenar Mosque,15
55,07_Sotudeh Mosque,15
55,08_Agha seyed Ali Mosque,25
55,09_Shishegar Mosque,20
55,10_Emamzadeh Ali,25
55,11_Fatemeh AlZahra Mosque,46
55,12_Haj Mousa,22
55,13_Haj Kazem Mosque,21
55,14_Imamا Hasan Asgari Mosque,46
55,15_Emamzadeh Esmaeil,28
55,16_Sar Allah Masque,25
55,17_Ameneh Khatoon,21
55,18_Mohammadie Mosque,27
55,19_Sabz Mosque,35
55,20_,26
55,21_,30
55,22_Imam Jafar Sadegh Mosque,47
55,23_Javad Aemmeh Mosque,46
55,24_Imam Hossein Mosque,12
55,25_Abolfazl Mosque,23
55,26_Maktab Zehra,23
55,27_Ahmad Beik Mosque,24
55,28_Almahdi Mosque,9
55,29_Fateme Zahra Mosque,46
55,30_Rah Chaman Mosque,30
55,31_Haft Dar Mosque,31
55,32_Mosque,15
55,33_Laal Mosque,36
55,34_Imam Hassan Mosque,23
55,35_14th Masoom Mosque,39
55,36_,38
55,37_Emam Ali Mosque,73
55,38_,40
55,39_,28
55,40_,35
55,41_,51
55,42_,29
55,43_,48
55,44_,57
55,45_,21
55,46_Qadir mosque,42
55,47_Imam Reza Mosque,39
55,48_Velayat,33
55,49_Mohammad Rasolallah Mosque,18
55,50_Emamzadeh Hossein shrine,37
55,51_Sanjideh Mosque,38
55,52_Panje Ali Mosque,29
55,53_Hazrat Abolfazl,41
55,54_Tomb of The Four Prophets,23
55,55_Emam Khomeini Mosque,40
55,56_Emamzadeh Soltan Seyed Mohamad,38
55,57_Al Mahdi Mosque,54
55,58_,47
55,59_,37
55,60_Nabi Mosque,28
55,61_Jameh Mosque of Qazvin,33
55,62_Sheykhol Eslam Mosque,29
55,63_Valiasr Mosque,22
55,64_JavadolAemmeh Mosque,21
55,65_Teflane Moslem Mosque,39
55,66_Tagh Bohloul Mosque,31
55,67_Shahid Sales Mosque,33
55,68_Dabbaghan Mosque,35
55,69_Haj Molla Aqa Mosque,24
55,70_Karim Ahle Beyt Mosque,31
55,71_Ghods Razavi Mosque,14
55,72_Adl Ghaem Mosque,17
55,73_Hazrat Abolfazl Mosque,31
55,74_Imam Musa Bn Ja'far Mosque,35
55,75_Seyedoshohada Mosque,41
55,76_Sahebazaman Mosque,40
55,77_Imam Hosein Mosque,40
55,78_Hazrat Mahdi Mosque,39
55,79_Sahebazaman Mosque,39
55,80_Moslem ebn Aghil Mosque,64
55,81_Imam Hadi Mosque,58
55,82_Fatemeh Al-Zahra Mosque,50
55,83_Sahebazaman Mosque,50
55,84_Imam Hasan Asgari Mosque,54
55,85_Imam Hosein Mosque,38
55,86_JavadoAemeh Mosque,35
55,87_Hossein Mosque,37
55,88_Khajeh Shohada Mosque,41
55,89_Fatemeh Zahra Mosque,48
55,90_AghaMirAbdolSamad Taghavi Mosque,36
55,91_Shahid thales Mosque,26
55,92_Chahardah Masoum Mosque,33
55,93_Haj GholamHosein Mosque,32
55,94_Hojjati Mosque,24
55,95_Mohammad Khan Beg Mosque,26
55,96_Maleki Jonoubi Mosque,20
55,97_Maleki Shomali Mosque,20
55,98_Molem ebn Aghil Hosseinieh,40
55,99_Yadegar Imam Hosseinieh,56
55,100_Dastgheyb Mosque,27
55,101_Agha Seyyed Jamal Hosseinieh,36
56,01_Sajadiye Mosque,33
56,02_Halime khatun,17
56,03_Masjed Hazrate Fateme Zahra,13
56,04_Molabashi,12
56,05_Hoseynie Razavi,15
56,06_Soukhte chenar Mosque,6
56,07_Sotudeh Mosque,9
56,08_Agha seyed Ali Mosque,18
56,09_Shishegar Mosque,16
56,10_Emamzadeh Ali,23
56,11_Fatemeh AlZahra Mosque,43
56,12_Haj Mousa,21
56,13_Haj Kazem Mosque,17
56,14_Imamا Hasan Asgari Mosque,47
56,15_Emamzadeh Esmaeil,18
56,16_Sar Allah Masque,21
56,17_Ameneh Khatoon,16
56,18_Mohammadie Mosque,20
56,19_Sabz Mosque,31
56,20_,22
56,21_,22
56,22_Imam Jafar Sadegh Mosque,42
56,23_Javad Aemmeh Mosque,44
56,24_Imam Hossein Mosque,14
56,25_Abolfazl Mosque,29
56,26_Maktab Zehra,29
56,27_Ahmad Beik Mosque,22
56,28_Almahdi Mosque,2
56,29_Fateme Zahra Mosque,48
56,30_Rah Chaman Mosque,28
56,31_Haft Dar Mosque,20
56,32_Mosque,21
56,33_Laal Mosque,25
56,34_Imam Hassan Mosque,17
56,35_14th Masoom Mosque,37
56,36_,27
56,37_Emam Ali Mosque,68
56,38_,42
56,39_,26
56,40_,27
56,41_,48
56,42_,19
56,43_,43
56,44_,56
56,45_,12
56,46_Qadir mosque,39
56,47_Imam Reza Mosque,38
56,48_Velayat,30
56,49_Mohammad Rasolallah Mosque,23
56,50_Emamzadeh Hossein shrine,30
56,51_Sanjideh Mosque,33
56,52_Panje Ali Mosque,18
56,53_Hazrat Abolfazl,36
56,54_Tomb of The Four Prophets,12
56,55_Emam Khomeini Mosque,39
56,56_Emamzadeh Soltan Seyed Mohamad,33
56,57_Al Mahdi Mosque,53
56,58_,42
56,59_,34
56,60_Nabi Mosque,20
56,61_Jameh Mosque of Qazvin,25
56,62_Sheykhol Eslam Mosque,19
56,63_Valiasr Mosque,24
56,64_JavadolAemmeh Mosque,19
56,65_Teflane Moslem Mosque,34
56,66_Tagh Bohloul Mosque,25
56,67_Shahid Sales Mosque,26
56,68_Dabbaghan Mosque,26
56,69_Haj Molla Aqa Mosque,15
56,70_Karim Ahle Beyt Mosque,29
56,71_Ghods Razavi Mosque,20
56,72_Adl Ghaem Mosque,13
56,73_Hazrat Abolfazl Mosque,27
56,74_Imam Musa Bn Ja'far Mosque,33
56,75_Seyedoshohada Mosque,39
56,76_Sahebazaman Mosque,39
56,77_Imam Hosein Mosque,39
56,78_Hazrat Mahdi Mosque,34
56,79_Sahebazaman Mosque,34
56,80_Moslem ebn Aghil Mosque,62
56,81_Imam Hadi Mosque,54
56,82_Fatemeh Al-Zahra Mosque,47
56,83_Sahebazaman Mosque,47
56,84_Imam Hasan Asgari Mosque,51
56,85_Imam Hosein Mosque,33
56,86_JavadoAemeh Mosque,30
56,87_Hossein Mosque,32
56,88_Khajeh Shohada Mosque,30
56,89_Fatemeh Zahra Mosque,37
56,90_AghaMirAbdolSamad Taghavi Mosque,27
56,91_Shahid thales Mosque,24
56,92_Chahardah Masoum Mosque,30
56,93_Haj GholamHosein Mosque,30
56,94_Hojjati Mosque,22
56,95_Mohammad Khan Beg Mosque,24
56,96_Maleki Jonoubi Mosque,18
56,97_Maleki Shomali Mosque,18
56,98_Molem ebn Aghil Hosseinieh,40
56,99_Yadegar Imam Hosseinieh,53
56,100_Dastgheyb Mosque,25
56,101_Agha Seyyed Jamal Hosseinieh,26
57,01_Sajadiye Mosque,30
57,02_Halime khatun,25
57,03_Masjed Hazrate Fateme Zahra,23
57,04_Molabashi,22
57,05_Hoseynie Razavi,26
57,06_Soukhte chenar Mosque,19
57,07_Sotudeh Mosque,20
57,08_Agha seyed Ali Mosque,23
57,09_Shishegar Mosque,25
57,10_Emamzadeh Ali,19
57,11_Fatemeh AlZahra Mosque,49
57,12_Haj Mousa,24
57,13_Haj Kazem Mosque,27
57,14_Imamا Hasan Asgari Mosque,48
57,15_Emamzadeh Esmaeil,25
57,16_Sar Allah Masque,29
57,17_Ameneh Khatoon,15
57,18_Mohammadie Mosque,23
57,19_Sabz Mosque,35
57,20_,31
57,21_,30
57,22_Imam Jafar Sadegh Mosque,45
57,23_Javad Aemmeh Mosque,46
57,24_Imam Hossein Mosque,6
57,25_Abolfazl Mosque,19
57,26_Maktab Zehra,23
57,27_Ahmad Beik Mosque,29
57,28_Almahdi Mosque,10
57,29_Fateme Zahra Mosque,51
57,30_Rah Chaman Mosque,24
57,31_Haft Dar Mosque,28
57,32_Mosque,11
57,33_Laal Mosque,31
57,34_Imam Hassan Mosque,25
57,35_14th Masoom Mosque,41
57,36_,34
57,37_Emam Ali Mosque,72
57,38_,37
57,39_,29
57,40_,34
57,41_,51
57,42_,27
57,43_,46
57,44_,59
57,45_,22
57,46_Qadir mosque,43
57,47_Imam Reza Mosque,38
57,48_Velayat,33
57,49_Mohammad Rasolallah Mosque,22
57,50_Emamzadeh Hossein shrine,32
57,51_Sanjideh Mosque,32
57,52_Panje Ali Mosque,26
57,53_Hazrat Abolfazl,39
57,54_Tomb of The Four Prophets,21
57,55_Emam Khomeini Mosque,42
57,56_Emamzadeh Soltan Seyed Mohamad,38
57,57_Al Mahdi Mosque,55
57,58_,45
57,59_,39
57,60_Nabi Mosque,27
57,61_Jameh Mosque of Qazvin,29
57,62_Sheykhol Eslam Mosque,25
57,63_Valiasr Mosque,14
57,64_JavadolAemmeh Mosque,25
57,65_Teflane Moslem Mosque,35
57,66_Tagh Bohloul Mosque,27
57,67_Shahid Sales Mosque,29
57,68_Dabbaghan Mosque,30
57,69_Haj Molla Aqa Mosque,23
57,70_Karim Ahle Beyt Mosque,32
57,71_Ghods Razavi Mosque,14
57,72_Adl Ghaem Mosque,21
57,73_Hazrat Abolfazl Mosque,35
57,74_Imam Musa Bn Ja'far Mosque,37
57,75_Seyedoshohada Mosque,42
57,76_Sahebazaman Mosque,43
57,77_Imam Hosein Mosque,43
57,78_Hazrat Mahdi Mosque,37
57,79_Sahebazaman Mosque,37
57,80_Moslem ebn Aghil Mosque,64
57,81_Imam Hadi Mosque,56
57,82_Fatemeh Al-Zahra Mosque,50
57,83_Sahebazaman Mosque,50
57,84_Imam Hasan Asgari Mosque,54
57,85_Imam Hosein Mosque,33
57,86_JavadoAemeh Mosque,31
57,87_Hossein Mosque,33
57,88_Khajeh Shohada Mosque,38
57,89_Fatemeh Zahra Mosque,45
57,90_AghaMirAbdolSamad Taghavi Mosque,33
57,91_Shahid thales Mosque,27
57,92_Chahardah Masoum Mosque,34
57,93_Haj GholamHosein Mosque,33
57,94_Hojjati Mosque,25
57,95_Mohammad Khan Beg Mosque,30
57,96_Maleki Jonoubi Mosque,25
57,97_Maleki Shomali Mosque,25
57,98_Molem ebn Aghil Hosseinieh,40
57,99_Yadegar Imam Hosseinieh,59
57,100_Dastgheyb Mosque,28
57,101_Agha Seyyed Jamal Hosseinieh,32
59,01_Sajadiye Mosque,28
59,02_Halime khatun,6
59,03_Masjed Hazrate Fateme Zahra,2
59,04_Molabashi,0
59,05_Hoseynie Razavi,6
59,06_Soukhte chenar Mosque,7
59,07_Sotudeh Mosque,6
59,08_Agha seyed Ali Mosque,9
59,09_Shishegar Mosque,9
59,10_Emamzadeh Ali,27
59,11_Fatemeh AlZahra Mosque,42
59,12_Haj Mousa,13
59,13_Haj Kazem Mosque,10
59,14_Imamا Hasan Asgari Mosque,40
59,15_Emamzadeh Esmaeil,14
59,16_Sar Allah Masque,20
59,17_Ameneh Khatoon,20
59,18_Mohammadie Mosque,19
59,19_Sabz Mosque,25
59,20_,15
59,21_,16
59,22_Imam Jafar Sadegh Mosque,38
59,23_Javad Aemmeh Mosque,43
59,24_Imam Hossein Mosque,20
59,25_Abolfazl Mosque,33
59,26_Maktab Zehra,33
59,27_Ahmad Beik Mosque,15
59,28_Almahdi Mosque,14
59,29_Fateme Zahra Mosque,45
59,30_Rah Chaman Mosque,23
59,31_Haft Dar Mosque,15
59,32_Mosque,31
59,33_Laal Mosque,20
59,34_Imam Hassan Mosque,6
59,35_14th Masoom Mosque,32
59,36_,23
59,37_Emam Ali Mosque,61
59,38_,41
59,39_,18
59,40_,21
59,41_,47
59,42_,12
59,43_,39
59,44_,49
59,45_,0
59,46_Qadir mosque,38
59,47_Imam Reza Mosque,37
59,48_Velayat,29
59,49_Mohammad Rasolallah Mosque,31
59,50_Emamzadeh Hossein shrine,22
59,51_Sanjideh Mosque,25
59,52_Panje Ali Mosque,12
59,53_Hazrat Abolfazl,32
59,54_Tomb of The Four Prophets,6
59,55_Emam Khomeini Mosque,34
59,56_Emamzadeh Soltan Seyed Mohamad,28
59,57_Al Mahdi Mosque,47
59,58_,38
59,59_,33
59,60_Nabi Mosque,11
59,61_Jameh Mosque of Qazvin,17
59,62_Sheykhol Eslam Mosque,16
59,63_Valiasr Mosque,24
59,64_JavadolAemmeh Mosque,9
59,65_Teflane Moslem Mosque,26
59,66_Tagh Bohloul Mosque,17
59,67_Shahid Sales Mosque,18
59,68_Dabbaghan Mosque,19
59,69_Haj Molla Aqa Mosque,7
59,70_Karim Ahle Beyt Mosque,22
59,71_Ghods Razavi Mosque,29
59,72_Adl Ghaem Mosque,19
59,73_Hazrat Abolfazl Mosque,21
59,74_Imam Musa Bn Ja'far Mosque,27
59,75_Seyedoshohada Mosque,32
59,76_Sahebazaman Mosque,33
59,77_Imam Hosein Mosque,33
59,78_Hazrat Mahdi Mosque,30
59,79_Sahebazaman Mosque,30
59,80_Moslem ebn Aghil Mosque,56
59,81_Imam Hadi Mosque,49
59,82_Fatemeh Al-Zahra Mosque,46
59,83_Sahebazaman Mosque,46
59,84_Imam Hasan Asgari Mosque,50
59,85_Imam Hosein Mosque,25
59,86_JavadoAemeh Mosque,22
59,87_Hossein Mosque,24
59,88_Khajeh Shohada Mosque,26
59,89_Fatemeh Zahra Mosque,33
59,90_AghaMirAbdolSamad Taghavi Mosque,21
59,91_Shahid thales Mosque,16
59,92_Chahardah Masoum Mosque,23
59,93_Haj GholamHosein Mosque,22
59,94_Hojjati Mosque,14
59,95_Mohammad Khan Beg Mosque,16
59,96_Maleki Jonoubi Mosque,11
59,97_Maleki Shomali Mosque,11
59,98_Molem ebn Aghil Hosseinieh,40
59,99_Yadegar Imam Hosseinieh,52
59,100_Dastgheyb Mosque,17
59,101_Agha Seyyed Jamal Hosseinieh,20
60,01_Sajadiye Mosque,34
60,02_Halime khatun,18
60,03_Masjed Hazrate Fateme Zahra,14
60,04_Molabashi,12
60,05_Hoseynie Razavi,16
60,06_Soukhte chenar Mosque,7
60,07_Sotudeh Mosque,10
60,08_Agha seyed Ali Mosque,17
60,09_Shishegar Mosque,17
60,10_Emamzadeh Ali,26
60,11_Fatemeh AlZahra Mosque,44
60,12_Haj Mousa,21
60,13_Haj Kazem Mosque,17
60,14_Imamا Hasan Asgari Mosque,47
60,15_Emamzadeh Esmaeil,17
60,16_Sar Allah Masque,22
60,17_Ameneh Khatoon,19
60,18_Mohammadie Mosque,19
60,19_Sabz Mosque,30
60,20_,23
60,21_,21
60,22_Imam Jafar Sadegh Mosque,41
60,23_Javad Aemmeh Mosque,45
60,24_Imam Hossein Mosque,17
60,25_Abolfazl Mosque,32
60,26_Maktab Zehra,32
60,27_Ahmad Beik Mosque,23
60,28_Almahdi Mosque,6
60,29_Fateme Zahra Mosque,49
60,30_Rah Chaman Mosque,28
60,31_Haft Dar Mosque,19
60,32_Mosque,26
60,33_Laal Mosque,24
60,34_Imam Hassan Mosque,18
60,35_14th Masoom Mosque,37
60,36_,26
60,37_Emam Ali Mosque,68
60,38_,43
60,39_,26
60,40_,26
60,41_,49
60,42_,18
60,43_,42
60,44_,56
60,45_,13
60,46_Qadir mosque,40
60,47_Imam Reza Mosque,39
60,48_Velayat,31
60,49_Mohammad Rasolallah Mosque,27
60,50_Emamzadeh Hossein shrine,29
60,51_Sanjideh Mosque,32
60,52_Panje Ali Mosque,17
60,53_Hazrat Abolfazl,35
60,54_Tomb of The Four Prophets,11
60,55_Emam Khomeini Mosque,39
60,56_Emamzadeh Soltan Seyed Mohamad,32
60,57_Al Mahdi Mosque,54
60,58_,41
60,59_,35
60,60_Nabi Mosque,19
60,61_Jameh Mosque of Qazvin,24
60,62_Sheykhol Eslam Mosque,18
60,63_Valiasr Mosque,23
60,64_JavadolAemmeh Mosque,20
60,65_Teflane Moslem Mosque,33
60,66_Tagh Bohloul Mosque,24
60,67_Shahid Sales Mosque,25
60,68_Dabbaghan Mosque,25
60,69_Haj Molla Aqa Mosque,14
60,70_Karim Ahle Beyt Mosque,29
60,71_Ghods Razavi Mosque,25
60,72_Adl Ghaem Mosque,14
60,73_Hazrat Abolfazl Mosque,28
60,74_Imam Musa Bn Ja'far Mosque,32
60,75_Seyedoshohada Mosque,39
60,76_Sahebazaman Mosque,38
60,77_Imam Hosein Mosque,38
60,78_Hazrat Mahdi Mosque,33
60,79_Sahebazaman Mosque,33
60,80_Moslem ebn Aghil Mosque,63
60,81_Imam Hadi Mosque,54
60,82_Fatemeh Al-Zahra Mosque,48
60,83_Sahebazaman Mosque,48
60,84_Imam Hasan Asgari Mosque,52
60,85_Imam Hosein Mosque,32
60,86_JavadoAemeh Mosque,29
60,87_Hossein Mosque,31
60,88_Khajeh Shohada Mosque,29
60,89_Fatemeh Zahra Mosque,36
60,90_AghaMirAbdolSamad Taghavi Mosque,26
60,91_Shahid thales Mosque,23
60,92_Chahardah Masoum Mosque,30
60,93_Haj GholamHosein Mosque,29
60,94_Hojjati Mosque,22
60,95_Mohammad Khan Beg Mosque,25
60,96_Maleki Jonoubi Mosque,19
60,97_Maleki Shomali Mosque,19
60,98_Molem ebn Aghil Hosseinieh,41
60,99_Yadegar Imam Hosseinieh,54
60,100_Dastgheyb Mosque,25
60,101_Agha Seyyed Jamal Hosseinieh,25
61,01_Sajadiye Mosque,33
61,02_Halime khatun,1
61,03_Masjed Hazrate Fateme Zahra,2
61,04_Molabashi,5
61,05_Hoseynie Razavi,4
61,06_Soukhte chenar Mosque,10
61,07_Sotudeh Mosque,7
61,08_Agha seyed Ali Mosque,5
61,09_Shishegar Mosque,5
61,10_Emamzadeh Ali,32
61,11_Fatemeh AlZahra Mosque,45
61,12_Haj Mousa,7
61,13_Haj Kazem Mosque,9
61,14_Imamا Hasan Asgari Mosque,35
61,15_Emamzadeh Esmaeil,19
61,16_Sar Allah Masque,21
61,17_Ameneh Khatoon,25
61,18_Mohammadie Mosque,25
61,19_Sabz Mosque,22
61,20_,12
61,21_,14
61,22_Imam Jafar Sadegh Mosque,43
61,23_Javad Aemmeh Mosque,46
61,24_Imam Hossein Mosque,25
61,25_Abolfazl Mosque,38
61,26_Maktab Zehra,38
61,27_Ahmad Beik Mosque,11
61,28_Almahdi Mosque,18
61,29_Fateme Zahra Mosque,40
61,30_Rah Chaman Mosque,28
61,31_Haft Dar Mosque,19
61,32_Mosque,32
61,33_Laal Mosque,25
61,34_Imam Hassan Mosque,1
61,35_14th Masoom Mosque,28
61,36_,28
61,37_Emam Ali Mosque,57
61,38_,44
61,39_,15
61,40_,22
61,41_,50
61,42_,16
61,43_,44
61,44_,45
61,45_,5
61,46_Qadir mosque,41
61,47_Imam Reza Mosque,40
61,48_Velayat,32
61,49_Mohammad Rasolallah Mosque,31
61,50_Emamzadeh Hossein shrine,27
61,51_Sanjideh Mosque,30
61,52_Panje Ali Mosque,17
61,53_Hazrat Abolfazl,37
61,54_Tomb of The Four Prophets,11
61,55_Emam Khomeini Mosque,29
61,56_Emamzadeh Soltan Seyed Mohamad,24
61,57_Al Mahdi Mosque,42
61,58_,43
61,59_,36
61,60_Nabi Mosque,10
61,61_Jameh Mosque of Qazvin,22
61,62_Sheykhol Eslam Mosque,22
61,63_Valiasr Mosque,29
61,64_JavadolAemmeh Mosque,4
61,65_Teflane Moslem Mosque,31
61,66_Tagh Bohloul Mosque,22
61,67_Shahid Sales Mosque,23
61,68_Dabbaghan Mosque,24
61,69_Haj Molla Aqa Mosque,8
61,70_Karim Ahle Beyt Mosque,18
61,71_Ghods Razavi Mosque,31
61,72_Adl Ghaem Mosque,20
61,73_Hazrat Abolfazl Mosque,18
61,74_Imam Musa Bn Ja'far Mosque,24
61,75_Seyedoshohada Mosque,28
61,76_Sahebazaman Mosque,29
61,77_Imam Hosein Mosque,29
61,78_Hazrat Mahdi Mosque,28
61,79_Sahebazaman Mosque,31
61,80_Moslem ebn Aghil Mosque,51
61,81_Imam Hadi Mosque,47
61,82_Fatemeh Al-Zahra Mosque,49
61,83_Sahebazaman Mosque,49
61,84_Imam Hasan Asgari Mosque,53
61,85_Imam Hosein Mosque,30
61,86_JavadoAemeh Mosque,27
61,87_Hossein Mosque,29
61,88_Khajeh Shohada Mosque,31
61,89_Fatemeh Zahra Mosque,36
61,90_AghaMirAbdolSamad Taghavi Mosque,25
61,91_Shahid thales Mosque,13
61,92_Chahardah Masoum Mosque,20
61,93_Haj GholamHosein Mosque,19
61,94_Hojjati Mosque,11
61,95_Mohammad Khan Beg Mosque,11
61,96_Maleki Jonoubi Mosque,6
61,97_Maleki Shomali Mosque,7
61,98_Molem ebn Aghil Hosseinieh,35
61,99_Yadegar Imam Hosseinieh,55
61,100_Dastgheyb Mosque,14
61,101_Agha Seyyed Jamal Hosseinieh,25
62,01_Sajadiye Mosque,42
62,02_Halime khatun,8
62,03_Masjed Hazrate Fateme Zahra,12
62,04_Molabashi,15
62,05_Hoseynie Razavi,10
62,06_Soukhte chenar Mosque,17
62,07_Sotudeh Mosque,16
62,08_Agha seyed Ali Mosque,9
62,09_Shishegar Mosque,8
62,10_Emamzadeh Ali,38
62,11_Fatemeh AlZahra Mosque,53
62,12_Haj Mousa,7
62,13_Haj Kazem Mosque,11
62,14_Imamا Hasan Asgari Mosque,33
62,15_Emamzadeh Esmaeil,24
62,16_Sar Allah Masque,23
62,17_Ameneh Khatoon,31
62,18_Mohammadie Mosque,31
62,19_Sabz Mosque,20
62,20_,14
62,21_,15
62,22_Imam Jafar Sadegh Mosque,49
62,23_Javad Aemmeh Mosque,54
62,24_Imam Hossein Mosque,30
62,25_Abolfazl Mosque,43
62,26_Maktab Zehra,42
62,27_Ahmad Beik Mosque,12
62,28_Almahdi Mosque,26
62,29_Fateme Zahra Mosque,38
62,30_Rah Chaman Mosque,37
62,31_Haft Dar Mosque,20
62,32_Mosque,40
62,33_Laal Mosque,26
62,34_Imam Hassan Mosque,9
62,35_14th Masoom Mosque,28
62,36_,27
62,37_Emam Ali Mosque,54
62,38_,52
62,39_,13
62,40_,20
62,41_,58
62,42_,16
62,43_,50
62,44_,42
62,45_,15
62,46_Qadir mosque,49
62,47_Imam Reza Mosque,48
62,48_Velayat,38
62,49_Mohammad Rasolallah Mosque,36
62,50_Emamzadeh Hossein shrine,35
62,51_Sanjideh Mosque,39
62,52_Panje Ali Mosque,21
62,53_Hazrat Abolfazl,40
62,54_Tomb of The Four Prophets,17
62,55_Emam Khomeini Mosque,27
62,56_Emamzadeh Soltan Seyed Mohamad,22
62,57_Al Mahdi Mosque,38
62,58_,49
62,59_,44
62,60_Nabi Mosque,13
62,61_Jameh Mosque of Qazvin,32
62,62_Sheykhol Eslam Mosque,27
62,63_Valiasr Mosque,35
62,64_JavadolAemmeh Mosque,5
62,65_Teflane Moslem Mosque,41
62,66_Tagh Bohloul Mosque,31
62,67_Shahid Sales Mosque,31
62,68_Dabbaghan Mosque,31
62,69_Haj Molla Aqa Mosque,11
62,70_Karim Ahle Beyt Mosque,13
62,71_Ghods Razavi Mosque,39
62,72_Adl Ghaem Mosque,26
62,73_Hazrat Abolfazl Mosque,20
62,74_Imam Musa Bn Ja'far Mosque,26
62,75_Seyedoshohada Mosque,27
62,76_Sahebazaman Mosque,29
62,77_Imam Hosein Mosque,30
62,78_Hazrat Mahdi Mosque,27
62,79_Sahebazaman Mosque,32
62,80_Moslem ebn Aghil Mosque,47
62,81_Imam Hadi Mosque,45
62,82_Fatemeh Al-Zahra Mosque,57
62,83_Sahebazaman Mosque,57
62,84_Imam Hasan Asgari Mosque,57
62,85_Imam Hosein Mosque,40
62,86_JavadoAemeh Mosque,37
62,87_Hossein Mosque,39
62,88_Khajeh Shohada Mosque,29
62,89_Fatemeh Zahra Mosque,31
62,90_AghaMirAbdolSamad Taghavi Mosque,23
62,91_Shahid thales Mosque,10
62,92_Chahardah Masoum Mosque,18
62,93_Haj GholamHosein Mosque,16
62,94_Hojjati Mosque,7
62,95_Mohammad Khan Beg Mosque,5
62,96_Maleki Jonoubi Mosque,6
62,97_Maleki Shomali Mosque,8
62,98_Molem ebn Aghil Hosseinieh,33
62,99_Yadegar Imam Hosseinieh,63
62,100_Dastgheyb Mosque,12
62,101_Agha Seyyed Jamal Hosseinieh,27
63,01_Sajadiye Mosque,43
63,02_Halime khatun,15
63,03_Masjed Hazrate Fateme Zahra,19
63,04_Molabashi,21
63,05_Hoseynie Razavi,16
63,06_Soukhte chenar Mosque,22
63,07_Sotudeh Mosque,20
63,08_Agha seyed Ali Mosque,15
63,09_Shishegar Mosque,12
63,10_Emamzadeh Ali,40
63,11_Fatemeh AlZahra Mosque,57
63,12_Haj Mousa,14
63,13_Haj Kazem Mosque,15
63,14_Imamا Hasan Asgari Mosque,29
63,15_Emamzadeh Esmaeil,29
63,16_Sar Allah Masque,27
63,17_Ameneh Khatoon,36
63,18_Mohammadie Mosque,35
63,19_Sabz Mosque,23
63,20_,16
63,21_,20
63,22_Imam Jafar Sadegh Mosque,45
63,23_Javad Aemmeh Mosque,57
63,24_Imam Hossein Mosque,34
63,25_Abolfazl Mosque,44
63,26_Maktab Zehra,42
63,27_Ahmad Beik Mosque,14
63,28_Almahdi Mosque,30
63,29_Fateme Zahra Mosque,34
63,30_Rah Chaman Mosque,38
63,31_Haft Dar Mosque,25
63,32_Mosque,44
63,33_Laal Mosque,27
63,34_Imam Hassan Mosque,16
63,35_14th Masoom Mosque,27
63,36_,25
63,37_Emam Ali Mosque,51
63,38_,49
63,39_,18
63,40_,26
63,41_,58
63,42_,22
63,43_,46
63,44_,39
63,45_,21
63,46_Qadir mosque,47
63,47_Imam Reza Mosque,46
63,48_Velayat,36
63,49_Mohammad Rasolallah Mosque,40
63,50_Emamzadeh Hossein shrine,33
63,51_Sanjideh Mosque,40
63,52_Panje Ali Mosque,26
63,53_Hazrat Abolfazl,36
63,54_Tomb of The Four Prophets,23
63,55_Emam Khomeini Mosque,23
63,56_Emamzadeh Soltan Seyed Mohamad,21
63,57_Al Mahdi Mosque,35
63,58_,45
63,59_,42
63,60_Nabi Mosque,18
63,61_Jameh Mosque of Qazvin,33
63,62_Sheykhol Eslam Mosque,32
63,63_Valiasr Mosque,38
63,64_JavadolAemmeh Mosque,13
63,65_Teflane Moslem Mosque,42
63,66_Tagh Bohloul Mosque,32
63,67_Shahid Sales Mosque,30
63,68_Dabbaghan Mosque,30
63,69_Haj Molla Aqa Mosque,16
63,70_Karim Ahle Beyt Mosque,9
63,71_Ghods Razavi Mosque,43
63,72_Adl Ghaem Mosque,29
63,73_Hazrat Abolfazl Mosque,22
63,74_Imam Musa Bn Ja'far Mosque,28
63,75_Seyedoshohada Mosque,25
63,76_Sahebazaman Mosque,27
63,77_Imam Hosein Mosque,28
63,78_Hazrat Mahdi Mosque,23
63,79_Sahebazaman Mosque,28
63,80_Moslem ebn Aghil Mosque,44
63,81_Imam Hadi Mosque,41
63,82_Fatemeh Al-Zahra Mosque,58
63,83_Sahebazaman Mosque,53
63,84_Imam Hasan Asgari Mosque,54
63,85_Imam Hosein Mosque,45
63,86_JavadoAemeh Mosque,42
63,87_Hossein Mosque,44
63,88_Khajeh Shohada Mosque,26
63,89_Fatemeh Zahra Mosque,27
63,90_AghaMirAbdolSamad Taghavi Mosque,29
63,91_Shahid thales Mosque,16
63,92_Chahardah Masoum Mosque,19
63,93_Haj GholamHosein Mosque,15
63,94_Hojjati Mosque,9
63,95_Mohammad Khan Beg Mosque,7
63,96_Maleki Jonoubi Mosque,10
63,97_Maleki Shomali Mosque,11
63,98_Molem ebn Aghil Hosseinieh,29
63,99_Yadegar Imam Hosseinieh,59
63,100_Dastgheyb Mosque,16
63,101_Agha Seyyed Jamal Hosseinieh,31
64,01_Sajadiye Mosque,37
64,02_Halime khatun,21
64,03_Masjed Hazrate Fateme Zahra,17
64,04_Molabashi,19
64,05_Hoseynie Razavi,19
64,06_Soukhte chenar Mosque,14
64,07_Sotudeh Mosque,13
64,08_Agha seyed Ali Mosque,25
64,09_Shishegar Mosque,19
64,10_Emamzadeh Ali,27
64,11_Fatemeh AlZahra Mosque,39
64,12_Haj Mousa,23
64,13_Haj Kazem Mosque,20
64,14_Imamا Hasan Asgari Mosque,47
64,15_Emamzadeh Esmaeil,27
64,16_Sar Allah Masque,19
64,17_Ameneh Khatoon,22
64,18_Mohammadie Mosque,26
64,19_Sabz Mosque,35
64,20_,26
64,21_,31
64,22_Imam Jafar Sadegh Mosque,42
64,23_Javad Aemmeh Mosque,40
64,24_Imam Hossein Mosque,13
64,25_Abolfazl Mosque,24
64,26_Maktab Zehra,22
64,27_Ahmad Beik Mosque,25
64,28_Almahdi Mosque,7
64,29_Fateme Zahra Mosque,47
64,30_Rah Chaman Mosque,31
64,31_Haft Dar Mosque,30
64,32_Mosque,15
64,33_Laal Mosque,34
64,34_Imam Hassan Mosque,22
64,35_14th Masoom Mosque,36
64,36_,36
64,37_Emam Ali Mosque,71
64,38_,38
64,39_,29
64,40_,35
64,41_,44
64,42_,28
64,43_,43
64,44_,57
64,45_,20
64,46_Qadir mosque,35
64,47_Imam Reza Mosque,34
64,48_Velayat,26
64,49_Mohammad Rasolallah Mosque,14
64,50_Emamzadeh Hossein shrine,36
64,51_Sanjideh Mosque,39
64,52_Panje Ali Mosque,27
64,53_Hazrat Abolfazl,36
64,54_Tomb of The Four Prophets,22
64,55_Emam Khomeini Mosque,39
64,56_Emamzadeh Soltan Seyed Mohamad,38
64,57_Al Mahdi Mosque,54
64,58_,42
64,59_,30
64,60_Nabi Mosque,27
64,61_Jameh Mosque of Qazvin,33
64,62_Sheykhol Eslam Mosque,28
64,63_Valiasr Mosque,24
64,64_JavadolAemmeh Mosque,22
64,65_Teflane Moslem Mosque,40
64,66_Tagh Bohloul Mosque,31
64,67_Shahid Sales Mosque,33
64,68_Dabbaghan Mosque,34
64,69_Haj Molla Aqa Mosque,23
64,70_Karim Ahle Beyt Mosque,32
64,71_Ghods Razavi Mosque,14
64,72_Adl Ghaem Mosque,10
64,73_Hazrat Abolfazl Mosque,26
64,74_Imam Musa Bn Ja'far Mosque,32
64,75_Seyedoshohada Mosque,39
64,76_Sahebazaman Mosque,39
64,77_Imam Hosein Mosque,39
64,78_Hazrat Mahdi Mosque,34
64,79_Sahebazaman Mosque,33
64,80_Moslem ebn Aghil Mosque,63
64,81_Imam Hadi Mosque,54
64,82_Fatemeh Al-Zahra Mosque,43
64,83_Sahebazaman Mosque,43
64,84_Imam Hasan Asgari Mosque,47
64,85_Imam Hosein Mosque,39
64,86_JavadoAemeh Mosque,36
64,87_Hossein Mosque,38
64,88_Khajeh Shohada Mosque,39
64,89_Fatemeh Zahra Mosque,46
64,90_AghaMirAbdolSamad Taghavi Mosque,35
64,91_Shahid thales Mosque,27
64,92_Chahardah Masoum Mosque,34
64,93_Haj GholamHosein Mosque,33
64,94_Hojjati Mosque,25
64,95_Mohammad Khan Beg Mosque,27
64,96_Maleki Jonoubi Mosque,21
64,97_Maleki Shomali Mosque,21
64,98_Molem ebn Aghil Hosseinieh,37
64,99_Yadegar Imam Hosseinieh,49
64,100_Dastgheyb Mosque,28
64,101_Agha Seyyed Jamal Hosseinieh,35
65,01_Sajadiye Mosque,31
65,02_Halime khatun,35
65,03_Masjed Hazrate Fateme Zahra,34
65,04_Molabashi,33
65,05_Hoseynie Razavi,36
65,06_Soukhte chenar Mosque,31
65,07_Sotudeh Mosque,30
65,08_Agha seyed Ali Mosque,34
65,09_Shishegar Mosque,33
65,10_Emamzadeh Ali,28
65,11_Fatemeh AlZahra Mosque,42
65,12_Haj Mousa,34
65,13_Haj Kazem Mosque,35
65,14_Imamا Hasan Asgari Mosque,40
65,15_Emamzadeh Esmaeil,41
65,16_Sar Allah Masque,31
65,17_Ameneh Khatoon,32
65,18_Mohammadie Mosque,36
65,19_Sabz Mosque,46
65,20_,35
65,21_,40
65,22_Imam Jafar Sadegh Mosque,39
65,23_Javad Aemmeh Mosque,41
65,24_Imam Hossein Mosque,22
65,25_Abolfazl Mosque,6
65,26_Maktab Zehra,13
65,27_Ahmad Beik Mosque,35
65,28_Almahdi Mosque,24
65,29_Fateme Zahra Mosque,48
65,30_Rah Chaman Mosque,28
65,31_Haft Dar Mosque,43
65,32_Mosque,5
65,33_Laal Mosque,45
65,34_Imam Hassan Mosque,35
65,35_14th Masoom Mosque,34
65,36_,48
65,37_Emam Ali Mosque,66
65,38_,37
65,39_,40
65,40_,46
65,41_,44
65,42_,41
65,43_,40
65,44_,51
65,45_,34
65,46_Qadir mosque,36
65,47_Imam Reza Mosque,35
65,48_Velayat,26
65,49_Mohammad Rasolallah Mosque,18
65,50_Emamzadeh Hossein shrine,42
65,51_Sanjideh Mosque,35
65,52_Panje Ali Mosque,41
65,53_Hazrat Abolfazl,33
65,54_Tomb of The Four Prophets,35
65,55_Emam Khomeini Mosque,34
65,56_Emamzadeh Soltan Seyed Mohamad,49
65,57_Al Mahdi Mosque,48
65,58_,39
65,59_,32
65,60_Nabi Mosque,37
65,61_Jameh Mosque of Qazvin,40
65,62_Sheykhol Eslam Mosque,39
65,63_Valiasr Mosque,19
65,64_JavadolAemmeh Mosque,34
65,65_Teflane Moslem Mosque,43
65,66_Tagh Bohloul Mosque,36
65,67_Shahid Sales Mosque,39
65,68_Dabbaghan Mosque,42
65,69_Haj Molla Aqa Mosque,35
65,70_Karim Ahle Beyt Mosque,32
65,71_Ghods Razavi Mosque,7
65,72_Adl Ghaem Mosque,28
65,73_Hazrat Abolfazl Mosque,32
65,74_Imam Musa Bn Ja'far Mosque,32
65,75_Seyedoshohada Mosque,38
65,76_Sahebazaman Mosque,39
65,77_Imam Hosein Mosque,41
65,78_Hazrat Mahdi Mosque,32
65,79_Sahebazaman Mosque,32
65,80_Moslem ebn Aghil Mosque,57
65,81_Imam Hadi Mosque,50
65,82_Fatemeh Al-Zahra Mosque,43
65,83_Sahebazaman Mosque,43
65,84_Imam Hasan Asgari Mosque,47
65,85_Imam Hosein Mosque,41
65,86_JavadoAemeh Mosque,39
65,87_Hossein Mosque,41
65,88_Khajeh Shohada Mosque,52
65,89_Fatemeh Zahra Mosque,59
65,90_AghaMirAbdolSamad Taghavi Mosque,46
65,91_Shahid thales Mosque,38
65,92_Chahardah Masoum Mosque,45
65,93_Haj GholamHosein Mosque,44
65,94_Hojjati Mosque,36
65,95_Mohammad Khan Beg Mosque,35
65,96_Maleki Jonoubi Mosque,33
65,97_Maleki Shomali Mosque,33
65,98_Molem ebn Aghil Hosseinieh,34
65,99_Yadegar Imam Hosseinieh,52
65,100_Dastgheyb Mosque,39
65,101_Agha Seyyed Jamal Hosseinieh,43
66,01_Sajadiye Mosque,39
66,02_Halime khatun,19
66,03_Masjed Hazrate Fateme Zahra,15
66,04_Molabashi,17
66,05_Hoseynie Razavi,17
66,06_Soukhte chenar Mosque,12
66,07_Sotudeh Mosque,11
66,08_Agha seyed Ali Mosque,23
66,09_Shishegar Mosque,18
66,10_Emamzadeh Ali,30
66,11_Fatemeh AlZahra Mosque,37
66,12_Haj Mousa,23
66,13_Haj Kazem Mosque,18
66,14_Imamا Hasan Asgari Mosque,47
66,15_Emamzadeh Esmaeil,26
66,16_Sar Allah Masque,16
66,17_Ameneh Khatoon,23
66,18_Mohammadie Mosque,27
66,19_Sabz Mosque,35
66,20_,22
66,21_,30
66,22_Imam Jafar Sadegh Mosque,38
66,23_Javad Aemmeh Mosque,38
66,24_Imam Hossein Mosque,18
66,25_Abolfazl Mosque,29
66,26_Maktab Zehra,24
66,27_Ahmad Beik Mosque,22
66,28_Almahdi Mosque,9
66,29_Fateme Zahra Mosque,48
66,30_Rah Chaman Mosque,34
66,31_Haft Dar Mosque,28
66,32_Mosque,20
66,33_Laal Mosque,33
66,34_Imam Hassan Mosque,20
66,35_14th Masoom Mosque,34
66,36_,35
66,37_Emam Ali Mosque,68
66,38_,36
66,39_,30
66,40_,34
66,41_,42
66,42_,26
66,43_,39
66,44_,55
66,45_,18
66,46_Qadir mosque,33
66,47_Imam Reza Mosque,32
66,48_Velayat,24
66,49_Mohammad Rasolallah Mosque,16
66,50_Emamzadeh Hossein shrine,38
66,51_Sanjideh Mosque,41
66,52_Panje Ali Mosque,26
66,53_Hazrat Abolfazl,32
66,54_Tomb of The Four Prophets,20
66,55_Emam Khomeini Mosque,37
66,56_Emamzadeh Soltan Seyed Mohamad,38
66,57_Al Mahdi Mosque,52
66,58_,38
66,59_,28
66,60_Nabi Mosque,25
66,61_Jameh Mosque of Qazvin,33
66,62_Sheykhol Eslam Mosque,26
66,63_Valiasr Mosque,28
66,64_JavadolAemmeh Mosque,21
66,65_Teflane Moslem Mosque,42
66,66_Tagh Bohloul Mosque,33
66,67_Shahid Sales Mosque,34
66,68_Dabbaghan Mosque,34
66,69_Haj Molla Aqa Mosque,21
66,70_Karim Ahle Beyt Mosque,31
66,71_Ghods Razavi Mosque,19
66,72_Adl Ghaem Mosque,7
66,73_Hazrat Abolfazl Mosque,22
66,74_Imam Musa Bn Ja'far Mosque,30
66,75_Seyedoshohada Mosque,37
66,76_Sahebazaman Mosque,37
66,77_Imam Hosein Mosque,37
66,78_Hazrat Mahdi Mosque,30
66,79_Sahebazaman Mosque,30
66,80_Moslem ebn Aghil Mosque,61
66,81_Imam Hadi Mosque,52
66,82_Fatemeh Al-Zahra Mosque,41
66,83_Sahebazaman Mosque,41
66,84_Imam Hasan Asgari Mosque,45
66,85_Imam Hosein Mosque,41
66,86_JavadoAemeh Mosque,38
66,87_Hossein Mosque,40
66,88_Khajeh Shohada Mosque,38
66,89_Fatemeh Zahra Mosque,45
66,90_AghaMirAbdolSamad Taghavi Mosque,34
66,91_Shahid thales Mosque,28
66,92_Chahardah Masoum Mosque,35
66,93_Haj GholamHosein Mosque,34
66,94_Hojjati Mosque,26
66,95_Mohammad Khan Beg Mosque,26
66,96_Maleki Jonoubi Mosque,20
66,97_Maleki Shomali Mosque,20
66,98_Molem ebn Aghil Hosseinieh,35
66,99_Yadegar Imam Hosseinieh,47
66,100_Dastgheyb Mosque,29
66,101_Agha Seyyed Jamal Hosseinieh,34
67,01_Sajadiye Mosque,34
67,02_Halime khatun,32
67,03_Masjed Hazrate Fateme Zahra,28
67,04_Molabashi,30
67,05_Hoseynie Razavi,30
67,06_Soukhte chenar Mosque,25
67,07_Sotudeh Mosque,24
67,08_Agha seyed Ali Mosque,34
67,09_Shishegar Mosque,29
67,10_Emamzadeh Ali,32
67,11_Fatemeh AlZahra Mosque,46
67,12_Haj Mousa,31
67,13_Haj Kazem Mosque,31
67,14_Imamا Hasan Asgari Mosque,42
67,15_Emamzadeh Esmaeil,38
67,16_Sar Allah Masque,31
67,17_Ameneh Khatoon,29
67,18_Mohammadie Mosque,36
67,19_Sabz Mosque,44
67,20_,35
67,21_,39
67,22_Imam Jafar Sadegh Mosque,43
67,23_Javad Aemmeh Mosque,43
67,24_Imam Hossein Mosque,19
67,25_Abolfazl Mosque,12
67,26_Maktab Zehra,11
67,27_Ahmad Beik Mosque,33
67,28_Almahdi Mosque,18
67,29_Fateme Zahra Mosque,50
67,30_Rah Chaman Mosque,32
67,31_Haft Dar Mosque,41
67,32_Mosque,3
67,33_Laal Mosque,44
67,34_Imam Hassan Mosque,33
67,35_14th Masoom Mosque,36
67,36_,47
67,37_Emam Ali Mosque,68
67,38_,31
67,39_,37
67,40_,45
67,41_,48
67,42_,39
67,43_,44
67,44_,53
67,45_,31
67,46_Qadir mosque,40
67,47_Imam Reza Mosque,34
67,48_Velayat,29
67,49_Mohammad Rasolallah Mosque,15
67,50_Emamzadeh Hossein shrine,45
67,51_Sanjideh Mosque,39
67,52_Panje Ali Mosque,39
67,53_Hazrat Abolfazl,37
67,54_Tomb of The Four Prophets,33
67,55_Emam Khomeini Mosque,36
67,56_Emamzadeh Soltan Seyed Mohamad,47
67,57_Al Mahdi Mosque,50
67,58_,43
67,59_,36
67,60_Nabi Mosque,37
67,61_Jameh Mosque of Qazvin,41
67,62_Sheykhol Eslam Mosque,38
67,63_Valiasr Mosque,22
67,64_JavadolAemmeh Mosque,30
67,65_Teflane Moslem Mosque,47
67,66_Tagh Bohloul Mosque,39
67,67_Shahid Sales Mosque,41
67,68_Dabbaghan Mosque,43
67,69_Haj Molla Aqa Mosque,34
67,70_Karim Ahle Beyt Mosque,33
67,71_Ghods Razavi Mosque,1
67,72_Adl Ghaem Mosque,22
67,73_Hazrat Abolfazl Mosque,34
67,74_Imam Musa Bn Ja'far Mosque,34
67,75_Seyedoshohada Mosque,40
67,76_Sahebazaman Mosque,41
67,77_Imam Hosein Mosque,43
67,78_Hazrat Mahdi Mosque,35
67,79_Sahebazaman Mosque,36
67,80_Moslem ebn Aghil Mosque,59
67,81_Imam Hadi Mosque,54
67,82_Fatemeh Al-Zahra Mosque,47
67,83_Sahebazaman Mosque,47
67,84_Imam Hasan Asgari Mosque,51
67,85_Imam Hosein Mosque,45
67,86_JavadoAemeh Mosque,43
67,87_Hossein Mosque,45
67,88_Khajeh Shohada Mosque,51
67,89_Fatemeh Zahra Mosque,58
67,90_AghaMirAbdolSamad Taghavi Mosque,45
67,91_Shahid thales Mosque,35
67,92_Chahardah Masoum Mosque,42
67,93_Haj GholamHosein Mosque,41
67,94_Hojjati Mosque,33
67,95_Mohammad Khan Beg Mosque,35
67,96_Maleki Jonoubi Mosque,29
67,97_Maleki Shomali Mosque,29
67,98_Molem ebn Aghil Hosseinieh,36
67,99_Yadegar Imam Hosseinieh,56
67,100_Dastgheyb Mosque,36
67,101_Agha Seyyed Jamal Hosseinieh,44
68,01_Sajadiye Mosque,39
68,02_Halime khatun,15
68,03_Masjed Hazrate Fateme Zahra,11
68,04_Molabashi,13
68,05_Hoseynie Razavi,13
68,06_Soukhte chenar Mosque,8
68,07_Sotudeh Mosque,7
68,08_Agha seyed Ali Mosque,19
68,09_Shishegar Mosque,14
68,10_Emamzadeh Ali,35
68,11_Fatemeh AlZahra Mosque,36
68,12_Haj Mousa,21
68,13_Haj Kazem Mosque,13
68,14_Imamا Hasan Asgari Mosque,42
68,15_Emamzadeh Esmaeil,22
68,16_Sar Allah Masque,11
68,17_Ameneh Khatoon,28
68,18_Mohammadie Mosque,28
68,19_Sabz Mosque,32
68,20_,17
68,21_,25
68,22_Imam Jafar Sadegh Mosque,34
68,23_Javad Aemmeh Mosque,37
68,24_Imam Hossein Mosque,23
68,25_Abolfazl Mosque,34
68,26_Maktab Zehra,29
68,27_Ahmad Beik Mosque,17
68,28_Almahdi Mosque,13
68,29_Fateme Zahra Mosque,46
68,30_Rah Chaman Mosque,34
68,31_Haft Dar Mosque,24
68,32_Mosque,25
68,33_Laal Mosque,31
68,34_Imam Hassan Mosque,16
68,35_14th Masoom Mosque,30
68,36_,34
68,37_Emam Ali Mosque,63
68,38_,35
68,39_,27
68,40_,30
68,41_,41
68,42_,22
68,43_,35
68,44_,51
68,45_,14
68,46_Qadir mosque,32
68,47_Imam Reza Mosque,31
68,48_Velayat,23
68,49_Mohammad Rasolallah Mosque,21
68,50_Emamzadeh Hossein shrine,33
68,51_Sanjideh Mosque,36
68,52_Panje Ali Mosque,21
68,53_Hazrat Abolfazl,28
68,54_Tomb of The Four Prophets,15
68,55_Emam Khomeini Mosque,34
68,56_Emamzadeh Soltan Seyed Mohamad,36
68,57_Al Mahdi Mosque,49
68,58_,34
68,59_,27
68,60_Nabi Mosque,21
68,61_Jameh Mosque of Qazvin,28
68,62_Sheykhol Eslam Mosque,25
68,63_Valiasr Mosque,32
68,64_JavadolAemmeh Mosque,17
68,65_Teflane Moslem Mosque,37
68,66_Tagh Bohloul Mosque,28
68,67_Shahid Sales Mosque,29
68,68_Dabbaghan Mosque,30
68,69_Haj Molla Aqa Mosque,17
68,70_Karim Ahle Beyt Mosque,27
68,71_Ghods Razavi Mosque,23
68,72_Adl Ghaem Mosque,6
68,73_Hazrat Abolfazl Mosque,17
68,74_Imam Musa Bn Ja'far Mosque,26
68,75_Seyedoshohada Mosque,33
68,76_Sahebazaman Mosque,32
68,77_Imam Hosein Mosque,32
68,78_Hazrat Mahdi Mosque,26
68,79_Sahebazaman Mosque,26
68,80_Moslem ebn Aghil Mosque,58
68,81_Imam Hadi Mosque,48
68,82_Fatemeh Al-Zahra Mosque,40
68,83_Sahebazaman Mosque,40
68,84_Imam Hasan Asgari Mosque,44
68,85_Imam Hosein Mosque,36
68,86_JavadoAemeh Mosque,33
68,87_Hossein Mosque,35
68,88_Khajeh Shohada Mosque,37
68,89_Fatemeh Zahra Mosque,44
68,90_AghaMirAbdolSamad Taghavi Mosque,30
68,91_Shahid thales Mosque,25
68,92_Chahardah Masoum Mosque,32
68,93_Haj GholamHosein Mosque,31
68,94_Hojjati Mosque,23
68,95_Mohammad Khan Beg Mosque,22
68,96_Maleki Jonoubi Mosque,16
68,97_Maleki Shomali Mosque,16
68,98_Molem ebn Aghil Hosseinieh,34
68,99_Yadegar Imam Hosseinieh,46
68,100_Dastgheyb Mosque,26
68,101_Agha Seyyed Jamal Hosseinieh,29
69,01_Sajadiye Mosque,41
69,02_Halime khatun,11
69,03_Masjed Hazrate Fateme Zahra,12
69,04_Molabashi,14
69,05_Hoseynie Razavi,10
69,06_Soukhte chenar Mosque,10
69,07_Sotudeh Mosque,9
69,08_Agha seyed Ali Mosque,16
69,09_Shishegar Mosque,7
69,10_Emamzadeh Ali,36
69,11_Fatemeh AlZahra Mosque,39
69,12_Haj Mousa,15
69,13_Haj Kazem Mosque,4
69,14_Imamا Hasan Asgari Mosque,36
69,15_Emamzadeh Esmaeil,23
69,16_Sar Allah Masque,9
69,17_Ameneh Khatoon,30
69,18_Mohammadie Mosque,29
69,19_Sabz Mosque,29
69,20_,8
69,21_,23
69,22_Imam Jafar Sadegh Mosque,37
69,23_Javad Aemmeh Mosque,40
69,24_Imam Hossein Mosque,29
69,25_Abolfazl Mosque,40
69,26_Maktab Zehra,36
69,27_Ahmad Beik Mosque,8
69,28_Almahdi Mosque,19
69,29_Fateme Zahra Mosque,42
69,30_Rah Chaman Mosque,36
69,31_Haft Dar Mosque,25
69,32_Mosque,32
69,33_Laal Mosque,32
69,34_Imam Hassan Mosque,12
69,35_14th Masoom Mosque,26
69,36_,34
69,37_Emam Ali Mosque,57
69,38_,38
69,39_,22
69,40_,29
69,41_,44
69,42_,23
69,43_,38
69,44_,46
69,45_,14
69,46_Qadir mosque,35
69,47_Imam Reza Mosque,34
69,48_Velayat,26
69,49_Mohammad Rasolallah Mosque,27
69,50_Emamzadeh Hossein shrine,35
69,51_Sanjideh Mosque,38
69,52_Panje Ali Mosque,22
69,53_Hazrat Abolfazl,31
69,54_Tomb of The Four Prophets,16
69,55_Emam Khomeini Mosque,30
69,56_Emamzadeh Soltan Seyed Mohamad,32
69,57_Al Mahdi Mosque,43
69,58_,37
69,59_,30
69,60_Nabi Mosque,21
69,61_Jameh Mosque of Qazvin,30
69,62_Sheykhol Eslam Mosque,26
69,63_Valiasr Mosque,35
69,64_JavadolAemmeh Mosque,11
69,65_Teflane Moslem Mosque,39
69,66_Tagh Bohloul Mosque,30
69,67_Shahid Sales Mosque,31
69,68_Dabbaghan Mosque,32
69,69_Haj Molla Aqa Mosque,17
69,70_Karim Ahle Beyt Mosque,20
69,71_Ghods Razavi Mosque,31
69,72_Adl Ghaem Mosque,11
69,73_Hazrat Abolfazl Mosque,12
69,74_Imam Musa Bn Ja'far Mosque,25
69,75_Seyedoshohada Mosque,29
69,76_Sahebazaman Mosque,29
69,77_Imam Hosein Mosque,30
69,78_Hazrat Mahdi Mosque,29
69,79_Sahebazaman Mosque,29
69,80_Moslem ebn Aghil Mosque,52
69,81_Imam Hadi Mosque,48
69,82_Fatemeh Al-Zahra Mosque,43
69,83_Sahebazaman Mosque,43
69,84_Imam Hasan Asgari Mosque,47
69,85_Imam Hosein Mosque,38
69,86_JavadoAemeh Mosque,35
69,87_Hossein Mosque,37
69,88_Khajeh Shohada Mosque,36
69,89_Fatemeh Zahra Mosque,42
69,90_AghaMirAbdolSamad Taghavi Mosque,31
69,91_Shahid thales Mosque,20
69,92_Chahardah Masoum Mosque,27
69,93_Haj GholamHosein Mosque,26
69,94_Hojjati Mosque,18
69,95_Mohammad Khan Beg Mosque,15
69,96_Maleki Jonoubi Mosque,9
69,97_Maleki Shomali Mosque,8
69,98_Molem ebn Aghil Hosseinieh,34
69,99_Yadegar Imam Hosseinieh,49
69,100_Dastgheyb Mosque,21
69,101_Agha Seyyed Jamal Hosseinieh,31
70,01_Sajadiye Mosque,36
70,02_Halime khatun,31
70,03_Masjed Hazrate Fateme Zahra,27
70,04_Molabashi,29
70,05_Hoseynie Razavi,28
70,06_Soukhte chenar Mosque,23
70,07_Sotudeh Mosque,23
70,08_Agha seyed Ali Mosque,34
70,09_Shishegar Mosque,29
70,10_Emamzadeh Ali,32
70,11_Fatemeh AlZahra Mosque,42
70,12_Haj Mousa,31
70,13_Haj Kazem Mosque,28
70,14_Imamا Hasan Asgari Mosque,43
70,15_Emamzadeh Esmaeil,36
70,16_Sar Allah Masque,22
70,17_Ameneh Khatoon,28
70,18_Mohammadie Mosque,35
70,19_Sabz Mosque,44
70,20_,31
70,21_,39
70,22_Imam Jafar Sadegh Mosque,43
70,23_Javad Aemmeh Mosque,41
70,24_Imam Hossein Mosque,19
70,25_Abolfazl Mosque,22
70,26_Maktab Zehra,12
70,27_Ahmad Beik Mosque,32
70,28_Almahdi Mosque,17
70,29_Fateme Zahra Mosque,49
70,30_Rah Chaman Mosque,33
70,31_Haft Dar Mosque,37
70,32_Mosque,14
70,33_Laal Mosque,43
70,34_Imam Hassan Mosque,31
70,35_14th Masoom Mosque,35
70,36_,46
70,37_Emam Ali Mosque,67
70,38_,35
70,39_,37
70,40_,44
70,41_,44
70,42_,36
70,43_,44
70,44_,54
70,45_,29
70,46_Qadir mosque,36
70,47_Imam Reza Mosque,34
70,48_Velayat,26
70,49_Mohammad Rasolallah Mosque,8
70,50_Emamzadeh Hossein shrine,44
70,51_Sanjideh Mosque,40
70,52_Panje Ali Mosque,35
70,53_Hazrat Abolfazl,37
70,54_Tomb of The Four Prophets,29
70,55_Emam Khomeini Mosque,37
70,56_Emamzadeh Soltan Seyed Mohamad,47
70,57_Al Mahdi Mosque,50
70,58_,43
70,59_,32
70,60_Nabi Mosque,36
70,61_Jameh Mosque of Qazvin,41
70,62_Sheykhol Eslam Mosque,37
70,63_Valiasr Mosque,25
70,64_JavadolAemmeh Mosque,30
70,65_Teflane Moslem Mosque,47
70,66_Tagh Bohloul Mosque,39
70,67_Shahid Sales Mosque,41
70,68_Dabbaghan Mosque,42
70,69_Haj Molla Aqa Mosque,32
70,70_Karim Ahle Beyt Mosque,34
70,71_Ghods Razavi Mosque,13
70,72_Adl Ghaem Mosque,14
70,73_Hazrat Abolfazl Mosque,29
70,74_Imam Musa Bn Ja'far Mosque,33
70,75_Seyedoshohada Mosque,39
70,76_Sahebazaman Mosque,40
70,77_Imam Hosein Mosque,42
70,78_Hazrat Mahdi Mosque,34
70,79_Sahebazaman Mosque,35
70,80_Moslem ebn Aghil Mosque,59
70,81_Imam Hadi Mosque,54
70,82_Fatemeh Al-Zahra Mosque,43
70,83_Sahebazaman Mosque,43
70,84_Imam Hasan Asgari Mosque,47
70,85_Imam Hosein Mosque,45
70,86_JavadoAemeh Mosque,43
70,87_Hossein Mosque,45
70,88_Khajeh Shohada Mosque,49
70,89_Fatemeh Zahra Mosque,56
70,90_AghaMirAbdolSamad Taghavi Mosque,43
70,91_Shahid thales Mosque,35
70,92_Chahardah Masoum Mosque,42
70,93_Haj GholamHosein Mosque,41
70,94_Hojjati Mosque,33
70,95_Mohammad Khan Beg Mosque,35
70,96_Maleki Jonoubi Mosque,29
70,97_Maleki Shomali Mosque,29
70,98_Molem ebn Aghil Hosseinieh,35
70,99_Yadegar Imam Hosseinieh,52
70,100_Dastgheyb Mosque,36
70,101_Agha Seyyed Jamal Hosseinieh,42
71,01_Sajadiye Mosque,37
71,02_Halime khatun,28
71,03_Masjed Hazrate Fateme Zahra,26
71,04_Molabashi,25
71,05_Hoseynie Razavi,27
71,06_Soukhte chenar Mosque,22
71,07_Sotudeh Mosque,22
71,08_Agha seyed Ali Mosque,30
71,09_Shishegar Mosque,26
71,10_Emamzadeh Ali,36
71,11_Fatemeh AlZahra Mosque,35
71,12_Haj Mousa,29
71,13_Haj Kazem Mosque,25
71,14_Imamا Hasan Asgari Mosque,43
71,15_Emamzadeh Esmaeil,33
71,16_Sar Allah Masque,19
71,17_Ameneh Khatoon,30
71,18_Mohammadie Mosque,34
71,19_Sabz Mosque,40
71,20_,28
71,21_,35
71,22_Imam Jafar Sadegh Mosque,42
71,23_Javad Aemmeh Mosque,36
71,24_Imam Hossein Mosque,23
71,25_Abolfazl Mosque,27
71,26_Maktab Zehra,17
71,27_Ahmad Beik Mosque,29
71,28_Almahdi Mosque,16
71,29_Fateme Zahra Mosque,46
71,30_Rah Chaman Mosque,36
71,31_Haft Dar Mosque,34
71,32_Mosque,22
71,33_Laal Mosque,43
71,34_Imam Hassan Mosque,29
71,35_14th Masoom Mosque,31
71,36_,45
71,37_Emam Ali Mosque,64
71,38_,34
71,39_,34
71,40_,41
71,41_,40
71,42_,32
71,43_,43
71,44_,52
71,45_,25
71,46_Qadir mosque,31
71,47_Imam Reza Mosque,30
71,48_Velayat,22
71,49_Mohammad Rasolallah Mosque,6
71,50_Emamzadeh Hossein shrine,45
71,51_Sanjideh Mosque,43
71,52_Panje Ali Mosque,31
71,53_Hazrat Abolfazl,36
71,54_Tomb of The Four Prophets,25
71,55_Emam Khomeini Mosque,37
71,56_Emamzadeh Soltan Seyed Mohamad,44
71,57_Al Mahdi Mosque,49
71,58_,42
71,59_,26
71,60_Nabi Mosque,32
71,61_Jameh Mosque of Qazvin,41
71,62_Sheykhol Eslam Mosque,36
71,63_Valiasr Mosque,27
71,64_JavadolAemmeh Mosque,28
71,65_Teflane Moslem Mosque,49
71,66_Tagh Bohloul Mosque,40
71,67_Shahid Sales Mosque,42
71,68_Dabbaghan Mosque,43
71,69_Haj Molla Aqa Mosque,28
71,70_Karim Ahle Beyt Mosque,34
71,71_Ghods Razavi Mosque,18
71,72_Adl Ghaem Mosque,10
71,73_Hazrat Abolfazl Mosque,26
71,74_Imam Musa Bn Ja'far Mosque,26
71,75_Seyedoshohada Mosque,33
71,76_Sahebazaman Mosque,33
71,77_Imam Hosein Mosque,35
71,78_Hazrat Mahdi Mosque,32
71,79_Sahebazaman Mosque,32
71,80_Moslem ebn Aghil Mosque,58
71,81_Imam Hadi Mosque,53
71,82_Fatemeh Al-Zahra Mosque,39
71,83_Sahebazaman Mosque,39
71,84_Imam Hasan Asgari Mosque,44
71,85_Imam Hosein Mosque,48
71,86_JavadoAemeh Mosque,45
71,87_Hossein Mosque,47
71,88_Khajeh Shohada Mosque,48
71,89_Fatemeh Zahra Mosque,55
71,90_AghaMirAbdolSamad Taghavi Mosque,40
71,91_Shahid thales Mosque,32
71,92_Chahardah Masoum Mosque,39
71,93_Haj GholamHosein Mosque,38
71,94_Hojjati Mosque,31
71,95_Mohammad Khan Beg Mosque,33
71,96_Maleki Jonoubi Mosque,27
71,97_Maleki Shomali Mosque,27
71,98_Molem ebn Aghil Hosseinieh,32
71,99_Yadegar Imam Hosseinieh,45
71,100_Dastgheyb Mosque,33
71,101_Agha Seyyed Jamal Hosseinieh,40
72,01_Sajadiye Mosque,40
72,02_Halime khatun,25
72,03_Masjed Hazrate Fateme Zahra,21
72,04_Molabashi,21
72,05_Hoseynie Razavi,23
72,06_Soukhte chenar Mosque,18
72,07_Sotudeh Mosque,17
72,08_Agha seyed Ali Mosque,26
72,09_Shishegar Mosque,23
72,10_Emamzadeh Ali,36
72,11_Fatemeh AlZahra Mosque,32
72,12_Haj Mousa,27
72,13_Haj Kazem Mosque,20
72,14_Imamا Hasan Asgari Mosque,40
72,15_Emamzadeh Esmaeil,28
72,16_Sar Allah Masque,15
72,17_Ameneh Khatoon,29
72,18_Mohammadie Mosque,33
72,19_Sabz Mosque,38
72,20_,23
72,21_,31
72,22_Imam Jafar Sadegh Mosque,39
72,23_Javad Aemmeh Mosque,33
72,24_Imam Hossein Mosque,23
72,25_Abolfazl Mosque,30
72,26_Maktab Zehra,21
72,27_Ahmad Beik Mosque,24
72,28_Almahdi Mosque,15
72,29_Fateme Zahra Mosque,44
72,30_Rah Chaman Mosque,37
72,31_Haft Dar Mosque,30
72,32_Mosque,24
72,33_Laal Mosque,38
72,34_Imam Hassan Mosque,26
72,35_14th Masoom Mosque,28
72,36_,40
72,37_Emam Ali Mosque,62
72,38_,31
72,39_,32
72,40_,37
72,41_,37
72,42_,28
72,43_,40
72,44_,50
72,45_,21
72,46_Qadir mosque,28
72,47_Imam Reza Mosque,27
72,48_Velayat,19
72,49_Mohammad Rasolallah Mosque,10
72,50_Emamzadeh Hossein shrine,43
72,51_Sanjideh Mosque,42
72,52_Panje Ali Mosque,27
72,53_Hazrat Abolfazl,33
72,54_Tomb of The Four Prophets,21
72,55_Emam Khomeini Mosque,34
72,56_Emamzadeh Soltan Seyed Mohamad,41
72,57_Al Mahdi Mosque,46
72,58_,39
72,59_,23
72,60_Nabi Mosque,28
72,61_Jameh Mosque of Qazvin,37
72,62_Sheykhol Eslam Mosque,31
72,63_Valiasr Mosque,29
72,64_JavadolAemmeh Mosque,26
72,65_Teflane Moslem Mosque,47
72,66_Tagh Bohloul Mosque,38
72,67_Shahid Sales Mosque,39
72,68_Dabbaghan Mosque,39
72,69_Haj Molla Aqa Mosque,24
72,70_Karim Ahle Beyt Mosque,31
72,71_Ghods Razavi Mosque,22
72,72_Adl Ghaem Mosque,6
72,73_Hazrat Abolfazl Mosque,22
72,74_Imam Musa Bn Ja'far Mosque,23
72,75_Seyedoshohada Mosque,30
72,76_Sahebazaman Mosque,30
72,77_Imam Hosein Mosque,32
72,78_Hazrat Mahdi Mosque,29
72,79_Sahebazaman Mosque,29
72,80_Moslem ebn Aghil Mosque,55
72,81_Imam Hadi Mosque,50
72,82_Fatemeh Al-Zahra Mosque,36
72,83_Sahebazaman Mosque,36
72,84_Imam Hasan Asgari Mosque,41
72,85_Imam Hosein Mosque,46
72,86_JavadoAemeh Mosque,43
72,87_Hossein Mosque,45
72,88_Khajeh Shohada Mosque,43
72,89_Fatemeh Zahra Mosque,50
72,90_AghaMirAbdolSamad Taghavi Mosque,36
72,91_Shahid thales Mosque,30
72,92_Chahardah Masoum Mosque,37
72,93_Haj GholamHosein Mosque,36
72,94_Hojjati Mosque,29
72,95_Mohammad Khan Beg Mosque,31
72,96_Maleki Jonoubi Mosque,25
72,97_Maleki Shomali Mosque,24
72,98_Molem ebn Aghil Hosseinieh,30
72,99_Yadegar Imam Hosseinieh,42
72,100_Dastgheyb Mosque,31
72,101_Agha Seyyed Jamal Hosseinieh,35
73,01_Sajadiye Mosque,45
73,02_Halime khatun,11
73,03_Masjed Hazrate Fateme Zahra,15
73,04_Molabashi,17
73,05_Hoseynie Razavi,12
73,06_Soukhte chenar Mosque,17
73,07_Sotudeh Mosque,16
73,08_Agha seyed Ali Mosque,17
73,09_Shishegar Mosque,8
73,10_Emamzadeh Ali,43
73,11_Fatemeh AlZahra Mosque,47
73,12_Haj Mousa,14
73,13_Haj Kazem Mosque,7
73,14_Imamا Hasan Asgari Mosque,32
73,15_Emamzadeh Esmaeil,30
73,16_Sar Allah Masque,14
73,17_Ameneh Khatoon,37
73,18_Mohammadie Mosque,36
73,19_Sabz Mosque,28
73,20_,1
73,21_,23
73,22_Imam Jafar Sadegh Mosque,45
73,23_Javad Aemmeh Mosque,48
73,24_Imam Hossein Mosque,36
73,25_Abolfazl Mosque,42
73,26_Maktab Zehra,38
73,27_Ahmad Beik Mosque,3
73,28_Almahdi Mosque,26
73,29_Fateme Zahra Mosque,33
73,30_Rah Chaman Mosque,40
73,31_Haft Dar Mosque,28
73,32_Mosque,40
73,33_Laal Mosque,33
73,34_Imam Hassan Mosque,13
73,35_14th Masoom Mosque,21
73,36_,34
73,37_Emam Ali Mosque,48
73,38_,46
73,39_,21
73,40_,29
73,41_,52
73,42_,25
73,43_,46
73,44_,40
73,45_,17
73,46_Qadir mosque,43
73,47_Imam Reza Mosque,42
73,48_Velayat,32
73,49_Mohammad Rasolallah Mosque,31
73,50_Emamzadeh Hossein shrine,39
73,51_Sanjideh Mosque,42
73,52_Panje Ali Mosque,28
73,53_Hazrat Abolfazl,37
73,54_Tomb of The Four Prophets,23
73,55_Emam Khomeini Mosque,26
73,56_Emamzadeh Soltan Seyed Mohamad,31
73,57_Al Mahdi Mosque,37
73,58_,45
73,59_,38
73,60_Nabi Mosque,21
73,61_Jameh Mosque of Qazvin,34
73,62_Sheykhol Eslam Mosque,33
73,63_Valiasr Mosque,38
73,64_JavadolAemmeh Mosque,11
73,65_Teflane Moslem Mosque,43
73,66_Tagh Bohloul Mosque,34
73,67_Shahid Sales Mosque,35
73,68_Dabbaghan Mosque,36
73,69_Haj Molla Aqa Mosque,19
73,70_Karim Ahle Beyt Mosque,17
73,71_Ghods Razavi Mosque,39
73,72_Adl Ghaem Mosque,19
73,73_Hazrat Abolfazl Mosque,9
73,74_Imam Musa Bn Ja'far Mosque,21
73,75_Seyedoshohada Mosque,22
73,76_Sahebazaman Mosque,24
73,77_Imam Hosein Mosque,25
73,78_Hazrat Mahdi Mosque,26
73,79_Sahebazaman Mosque,30
73,80_Moslem ebn Aghil Mosque,44
73,81_Imam Hadi Mosque,44
73,82_Fatemeh Al-Zahra Mosque,51
73,83_Sahebazaman Mosque,51
73,84_Imam Hasan Asgari Mosque,52
73,85_Imam Hosein Mosque,42
73,86_JavadoAemeh Mosque,39
73,87_Hossein Mosque,41
73,88_Khajeh Shohada Mosque,36
73,89_Fatemeh Zahra Mosque,43
73,90_AghaMirAbdolSamad Taghavi Mosque,32
73,91_Shahid thales Mosque,19
73,92_Chahardah Masoum Mosque,26
73,93_Haj GholamHosein Mosque,25
73,94_Hojjati Mosque,17
73,95_Mohammad Khan Beg Mosque,12
73,96_Maleki Jonoubi Mosque,8
73,97_Maleki Shomali Mosque,5
73,98_Molem ebn Aghil Hosseinieh,26
73,99_Yadegar Imam Hosseinieh,57
73,100_Dastgheyb Mosque,20
73,101_Agha Seyyed Jamal Hosseinieh,34
74,01_Sajadiye Mosque,51
74,02_Halime khatun,21
74,03_Masjed Hazrate Fateme Zahra,25
74,04_Molabashi,27
74,05_Hoseynie Razavi,22
74,06_Soukhte chenar Mosque,28
74,07_Sotudeh Mosque,26
74,08_Agha seyed Ali Mosque,25
74,09_Shishegar Mosque,18
74,10_Emamzadeh Ali,47
74,11_Fatemeh AlZahra Mosque,61
74,12_Haj Mousa,21
74,13_Haj Kazem Mosque,21
74,14_Imamا Hasan Asgari Mosque,28
74,15_Emamzadeh Esmaeil,38
74,16_Sar Allah Masque,33
74,17_Ameneh Khatoon,45
74,18_Mohammadie Mosque,43
74,19_Sabz Mosque,35
74,20_,22
74,21_,30
74,22_Imam Jafar Sadegh Mosque,44
74,23_Javad Aemmeh Mosque,60
74,24_Imam Hossein Mosque,44
74,25_Abolfazl Mosque,45
74,26_Maktab Zehra,44
74,27_Ahmad Beik Mosque,20
74,28_Almahdi Mosque,36
74,29_Fateme Zahra Mosque,37
74,30_Rah Chaman Mosque,45
74,31_Haft Dar Mosque,35
74,32_Mosque,49
74,33_Laal Mosque,34
74,34_Imam Hassan Mosque,22
74,35_14th Masoom Mosque,32
74,36_,32
74,37_Emam Ali Mosque,56
74,38_,49
74,39_,29
74,40_,36
74,41_,59
74,42_,32
74,43_,45
74,44_,39
74,45_,27
74,46_Qadir mosque,47
74,47_Imam Reza Mosque,47
74,48_Velayat,35
74,49_Mohammad Rasolallah Mosque,45
74,50_Emamzadeh Hossein shrine,40
74,51_Sanjideh Mosque,47
74,52_Panje Ali Mosque,36
74,53_Hazrat Abolfazl,35
74,54_Tomb of The Four Prophets,33
74,55_Emam Khomeini Mosque,22
74,56_Emamzadeh Soltan Seyed Mohamad,31
74,57_Al Mahdi Mosque,36
74,58_,44
74,59_,43
74,60_Nabi Mosque,29
74,61_Jameh Mosque of Qazvin,41
74,62_Sheykhol Eslam Mosque,40
74,63_Valiasr Mosque,46
74,64_JavadolAemmeh Mosque,19
74,65_Teflane Moslem Mosque,50
74,66_Tagh Bohloul Mosque,39
74,67_Shahid Sales Mosque,37
74,68_Dabbaghan Mosque,37
74,69_Haj Molla Aqa Mosque,27
74,70_Karim Ahle Beyt Mosque,4
74,71_Ghods Razavi Mosque,49
74,72_Adl Ghaem Mosque,35
74,73_Hazrat Abolfazl Mosque,27
74,74_Imam Musa Bn Ja'far Mosque,31
74,75_Seyedoshohada Mosque,30
74,76_Sahebazaman Mosque,31
74,77_Imam Hosein Mosque,32
74,78_Hazrat Mahdi Mosque,22
74,79_Sahebazaman Mosque,27
74,80_Moslem ebn Aghil Mosque,47
74,81_Imam Hadi Mosque,40
74,82_Fatemeh Al-Zahra Mosque,60
74,83_Sahebazaman Mosque,52
74,84_Imam Hasan Asgari Mosque,54
74,85_Imam Hosein Mosque,53
74,86_JavadoAemeh Mosque,50
74,87_Hossein Mosque,52
74,88_Khajeh Shohada Mosque,33
74,89_Fatemeh Zahra Mosque,34
74,90_AghaMirAbdolSamad Taghavi Mosque,37
74,91_Shahid thales Mosque,26
74,92_Chahardah Masoum Mosque,30
74,93_Haj GholamHosein Mosque,27
74,94_Hojjati Mosque,20
74,95_Mohammad Khan Beg Mosque,13
74,96_Maleki Jonoubi Mosque,16
74,97_Maleki Shomali Mosque,17
74,98_Molem ebn Aghil Hosseinieh,32
74,99_Yadegar Imam Hosseinieh,58
74,100_Dastgheyb Mosque,27
74,101_Agha Seyyed Jamal Hosseinieh,38
75,01_Sajadiye Mosque,25
75,02_Halime khatun,31
75,03_Masjed Hazrate Fateme Zahra,31
75,04_Molabashi,30
75,05_Hoseynie Razavi,32
75,06_Soukhte chenar Mosque,29
75,07_Sotudeh Mosque,29
75,08_Agha seyed Ali Mosque,29
75,09_Shishegar Mosque,28
75,10_Emamzadeh Ali,24
75,11_Fatemeh AlZahra Mosque,34
75,12_Haj Mousa,30
75,13_Haj Kazem Mosque,31
75,14_Imamا Hasan Asgari Mosque,32
75,15_Emamzadeh Esmaeil,38
75,16_Sar Allah Masque,29
75,17_Ameneh Khatoon,28
75,18_Mohammadie Mosque,32
75,19_Sabz Mosque,43
75,20_,32
75,21_,36
75,22_Imam Jafar Sadegh Mosque,31
75,23_Javad Aemmeh Mosque,33
75,24_Imam Hossein Mosque,22
75,25_Abolfazl Mosque,13
75,26_Maktab Zehra,2
75,27_Ahmad Beik Mosque,31
75,28_Almahdi Mosque,27
75,29_Fateme Zahra Mosque,43
75,30_Rah Chaman Mosque,24
75,31_Haft Dar Mosque,39
75,32_Mosque,10
75,33_Laal Mosque,42
75,34_Imam Hassan Mosque,31
75,35_14th Masoom Mosque,31
75,36_,44
75,37_Emam Ali Mosque,60
75,38_,29
75,39_,36
75,40_,43
75,41_,36
75,42_,36
75,43_,32
75,44_,43
75,45_,31
75,46_Qadir mosque,28
75,47_Imam Reza Mosque,27
75,48_Velayat,18
75,49_Mohammad Rasolallah Mosque,14
75,50_Emamzadeh Hossein shrine,39
75,51_Sanjideh Mosque,31
75,52_Panje Ali Mosque,37
75,53_Hazrat Abolfazl,25
75,54_Tomb of The Four Prophets,31
75,55_Emam Khomeini Mosque,26
75,56_Emamzadeh Soltan Seyed Mohamad,44
75,57_Al Mahdi Mosque,40
75,58_,31
75,59_,24
75,60_Nabi Mosque,33
75,61_Jameh Mosque of Qazvin,37
75,62_Sheykhol Eslam Mosque,35
75,63_Valiasr Mosque,15
75,64_JavadolAemmeh Mosque,30
75,65_Teflane Moslem Mosque,40
75,66_Tagh Bohloul Mosque,33
75,67_Shahid Sales Mosque,36
75,68_Dabbaghan Mosque,39
75,69_Haj Molla Aqa Mosque,31
75,70_Karim Ahle Beyt Mosque,24
75,71_Ghods Razavi Mosque,11
75,72_Adl Ghaem Mosque,28
75,73_Hazrat Abolfazl Mosque,32
75,74_Imam Musa Bn Ja'far Mosque,27
75,75_Seyedoshohada Mosque,33
75,76_Sahebazaman Mosque,33
75,77_Imam Hosein Mosque,34
75,78_Hazrat Mahdi Mosque,24
75,79_Sahebazaman Mosque,24
75,80_Moslem ebn Aghil Mosque,51
75,81_Imam Hadi Mosque,42
75,82_Fatemeh Al-Zahra Mosque,35
75,83_Sahebazaman Mosque,35
75,84_Imam Hasan Asgari Mosque,39
75,85_Imam Hosein Mosque,38
75,86_JavadoAemeh Mosque,36
75,87_Hossein Mosque,38
75,88_Khajeh Shohada Mosque,47
75,89_Fatemeh Zahra Mosque,52
75,90_AghaMirAbdolSamad Taghavi Mosque,42
75,91_Shahid thales Mosque,34
75,92_Chahardah Masoum Mosque,40
75,93_Haj GholamHosein Mosque,39
75,94_Hojjati Mosque,31
75,95_Mohammad Khan Beg Mosque,28
75,96_Maleki Jonoubi Mosque,28
75,97_Maleki Shomali Mosque,28
75,98_Molem ebn Aghil Hosseinieh,32
75,99_Yadegar Imam Hosseinieh,44
75,100_Dastgheyb Mosque,35
75,101_Agha Seyyed Jamal Hosseinieh,40
76,01_Sajadiye Mosque,53
76,02_Halime khatun,25
76,03_Masjed Hazrate Fateme Zahra,29
76,04_Molabashi,31
76,05_Hoseynie Razavi,26
76,06_Soukhte chenar Mosque,32
76,07_Sotudeh Mosque,30
76,08_Agha seyed Ali Mosque,27
76,09_Shishegar Mosque,22
76,10_Emamzadeh Ali,50
76,11_Fatemeh AlZahra Mosque,61
76,12_Haj Mousa,24
76,13_Haj Kazem Mosque,24
76,14_Imamا Hasan Asgari Mosque,30
76,15_Emamzadeh Esmaeil,41
76,16_Sar Allah Masque,27
76,17_Ameneh Khatoon,48
76,18_Mohammadie Mosque,45
76,19_Sabz Mosque,37
76,20_,19
76,21_,32
76,22_Imam Jafar Sadegh Mosque,46
76,23_Javad Aemmeh Mosque,60
76,24_Imam Hossein Mosque,47
76,25_Abolfazl Mosque,44
76,26_Maktab Zehra,41
76,27_Ahmad Beik Mosque,21
76,28_Almahdi Mosque,40
76,29_Fateme Zahra Mosque,32
76,30_Rah Chaman Mosque,49
76,31_Haft Dar Mosque,37
76,32_Mosque,47
76,33_Laal Mosque,37
76,34_Imam Hassan Mosque,27
76,35_14th Masoom Mosque,25
76,36_,36
76,37_Emam Ali Mosque,55
76,38_,51
76,39_,31
76,40_,38
76,41_,60
76,42_,34
76,43_,47
76,44_,41
76,45_,32
76,46_Qadir mosque,49
76,47_Imam Reza Mosque,49
76,48_Velayat,37
76,49_Mohammad Rasolallah Mosque,37
76,50_Emamzadeh Hossein shrine,45
76,51_Sanjideh Mosque,51
76,52_Panje Ali Mosque,38
76,53_Hazrat Abolfazl,37
76,54_Tomb of The Four Prophets,35
76,55_Emam Khomeini Mosque,24
76,56_Emamzadeh Soltan Seyed Mohamad,36
76,57_Al Mahdi Mosque,38
76,58_,46
76,59_,45
76,60_Nabi Mosque,31
76,61_Jameh Mosque of Qazvin,45
76,62_Sheykhol Eslam Mosque,42
76,63_Valiasr Mosque,44
76,64_JavadolAemmeh Mosque,24
76,65_Teflane Moslem Mosque,53
76,66_Tagh Bohloul Mosque,43
76,67_Shahid Sales Mosque,41
76,68_Dabbaghan Mosque,41
76,69_Haj Molla Aqa Mosque,29
76,70_Karim Ahle Beyt Mosque,13
76,71_Ghods Razavi Mosque,46
76,72_Adl Ghaem Mosque,33
76,73_Hazrat Abolfazl Mosque,18
76,74_Imam Musa Bn Ja'far Mosque,29
76,75_Seyedoshohada Mosque,25
76,76_Sahebazaman Mosque,28
76,77_Imam Hosein Mosque,29
76,78_Hazrat Mahdi Mosque,24
76,79_Sahebazaman Mosque,29
76,80_Moslem ebn Aghil Mosque,47
76,81_Imam Hadi Mosque,42
76,82_Fatemeh Al-Zahra Mosque,61
76,83_Sahebazaman Mosque,54
76,84_Imam Hasan Asgari Mosque,56
76,85_Imam Hosein Mosque,54
76,86_JavadoAemeh Mosque,51
76,87_Hossein Mosque,53
76,88_Khajeh Shohada Mosque,38
76,89_Fatemeh Zahra Mosque,40
76,90_AghaMirAbdolSamad Taghavi Mosque,39
76,91_Shahid thales Mosque,28
76,92_Chahardah Masoum Mosque,34
76,93_Haj GholamHosein Mosque,32
76,94_Hojjati Mosque,25
76,95_Mohammad Khan Beg Mosque,18
76,96_Maleki Jonoubi Mosque,21
76,97_Maleki Shomali Mosque,21
76,98_Molem ebn Aghil Hosseinieh,21
76,99_Yadegar Imam Hosseinieh,60
76,100_Dastgheyb Mosque,29
76,101_Agha Seyyed Jamal Hosseinieh,41
77,01_Sajadiye Mosque,40
77,02_Halime khatun,25
77,03_Masjed Hazrate Fateme Zahra,21
77,04_Molabashi,19
77,05_Hoseynie Razavi,23
77,06_Soukhte chenar Mosque,19
77,07_Sotudeh Mosque,18
77,08_Agha seyed Ali Mosque,24
77,09_Shishegar Mosque,22
77,10_Emamzadeh Ali,37
77,11_Fatemeh AlZahra Mosque,33
77,12_Haj Mousa,28
77,13_Haj Kazem Mosque,18
77,14_Imamا Hasan Asgari Mosque,38
77,15_Emamzadeh Esmaeil,27
77,16_Sar Allah Masque,10
77,17_Ameneh Khatoon,33
77,18_Mohammadie Mosque,33
77,19_Sabz Mosque,38
77,20_,21
77,21_,29
77,22_Imam Jafar Sadegh Mosque,34
77,23_Javad Aemmeh Mosque,34
77,24_Imam Hossein Mosque,29
77,25_Abolfazl Mosque,30
77,26_Maktab Zehra,25
77,27_Ahmad Beik Mosque,22
77,28_Almahdi Mosque,21
77,29_Fateme Zahra Mosque,43
77,30_Rah Chaman Mosque,38
77,31_Haft Dar Mosque,28
77,32_Mosque,30
77,33_Laal Mosque,38
77,34_Imam Hassan Mosque,26
77,35_14th Masoom Mosque,23
77,36_,40
77,37_Emam Ali Mosque,61
77,38_,32
77,39_,33
77,40_,35
77,41_,38
77,42_,26
77,43_,35
77,44_,48
77,45_,19
77,46_Qadir mosque,29
77,47_Imam Reza Mosque,28
77,48_Velayat,18
77,49_Mohammad Rasolallah Mosque,13
77,50_Emamzadeh Hossein shrine,43
77,51_Sanjideh Mosque,42
77,52_Panje Ali Mosque,25
77,53_Hazrat Abolfazl,28
77,54_Tomb of The Four Prophets,19
77,55_Emam Khomeini Mosque,31
77,56_Emamzadeh Soltan Seyed Mohamad,42
77,57_Al Mahdi Mosque,45
77,58_,34
77,59_,24
77,60_Nabi Mosque,26
77,61_Jameh Mosque of Qazvin,37
77,62_Sheykhol Eslam Mosque,30
77,63_Valiasr Mosque,30
77,64_JavadolAemmeh Mosque,25
77,65_Teflane Moslem Mosque,47
77,66_Tagh Bohloul Mosque,38
77,67_Shahid Sales Mosque,39
77,68_Dabbaghan Mosque,39
77,69_Haj Molla Aqa Mosque,22
77,70_Karim Ahle Beyt Mosque,31
77,71_Ghods Razavi Mosque,26
77,72_Adl Ghaem Mosque,9
77,73_Hazrat Abolfazl Mosque,18
77,74_Imam Musa Bn Ja'far Mosque,18
77,75_Seyedoshohada Mosque,25
77,76_Sahebazaman Mosque,25
77,77_Imam Hosein Mosque,28
77,78_Hazrat Mahdi Mosque,26
77,79_Sahebazaman Mosque,26
77,80_Moslem ebn Aghil Mosque,54
77,81_Imam Hadi Mosque,46
77,82_Fatemeh Al-Zahra Mosque,37
77,83_Sahebazaman Mosque,37
77,84_Imam Hasan Asgari Mosque,41
77,85_Imam Hosein Mosque,46
77,86_JavadoAemeh Mosque,43
77,87_Hossein Mosque,45
77,88_Khajeh Shohada Mosque,43
77,89_Fatemeh Zahra Mosque,50
77,90_AghaMirAbdolSamad Taghavi Mosque,35
77,91_Shahid thales Mosque,31
77,92_Chahardah Masoum Mosque,38
77,93_Haj GholamHosein Mosque,37
77,94_Hojjati Mosque,29
77,95_Mohammad Khan Beg Mosque,29
77,96_Maleki Jonoubi Mosque,23
77,97_Maleki Shomali Mosque,22
77,98_Molem ebn Aghil Hosseinieh,29
77,99_Yadegar Imam Hosseinieh,43
77,100_Dastgheyb Mosque,32
77,101_Agha Seyyed Jamal Hosseinieh,35
78,01_Sajadiye Mosque,42
78,02_Halime khatun,21
78,03_Masjed Hazrate Fateme Zahra,21
78,04_Molabashi,19
78,05_Hoseynie Razavi,19
78,06_Soukhte chenar Mosque,18
78,07_Sotudeh Mosque,17
78,08_Agha seyed Ali Mosque,23
78,09_Shishegar Mosque,17
78,10_Emamzadeh Ali,38
78,11_Fatemeh AlZahra Mosque,41
78,12_Haj Mousa,24
78,13_Haj Kazem Mosque,14
78,14_Imamا Hasan Asgari Mosque,32
78,15_Emamzadeh Esmaeil,27
78,16_Sar Allah Masque,3
78,17_Ameneh Khatoon,33
78,18_Mohammadie Mosque,33
78,19_Sabz Mosque,36
78,20_,12
78,21_,28
78,22_Imam Jafar Sadegh Mosque,35
78,23_Javad Aemmeh Mosque,42
78,24_Imam Hossein Mosque,32
78,25_Abolfazl Mosque,33
78,26_Maktab Zehra,29
78,27_Ahmad Beik Mosque,13
78,28_Almahdi Mosque,25
78,29_Fateme Zahra Mosque,38
78,30_Rah Chaman Mosque,39
78,31_Haft Dar Mosque,28
78,32_Mosque,33
78,33_Laal Mosque,36
78,34_Imam Hassan Mosque,22
78,35_14th Masoom Mosque,17
78,36_,38
78,37_Emam Ali Mosque,53
78,38_,39
78,39_,30
78,40_,34
78,41_,45
78,42_,26
78,43_,36
78,44_,43
78,45_,19
78,46_Qadir mosque,36
78,47_Imam Reza Mosque,36
78,48_Velayat,24
78,49_Mohammad Rasolallah Mosque,22
78,50_Emamzadeh Hossein shrine,42
78,51_Sanjideh Mosque,43
78,52_Panje Ali Mosque,25
78,53_Hazrat Abolfazl,29
78,54_Tomb of The Four Prophets,19
78,55_Emam Khomeini Mosque,30
78,56_Emamzadeh Soltan Seyed Mohamad,40
78,57_Al Mahdi Mosque,42
78,58_,35
78,59_,30
78,60_Nabi Mosque,25
78,61_Jameh Mosque of Qazvin,36
78,62_Sheykhol Eslam Mosque,30
78,63_Valiasr Mosque,32
78,64_JavadolAemmeh Mosque,21
78,65_Teflane Moslem Mosque,46
78,66_Tagh Bohloul Mosque,37
78,67_Shahid Sales Mosque,38
78,68_Dabbaghan Mosque,38
78,69_Haj Molla Aqa Mosque,22
78,70_Karim Ahle Beyt Mosque,26
78,71_Ghods Razavi Mosque,32
78,72_Adl Ghaem Mosque,11
78,73_Hazrat Abolfazl Mosque,7
78,74_Imam Musa Bn Ja'far Mosque,14
78,75_Seyedoshohada Mosque,21
78,76_Sahebazaman Mosque,21
78,77_Imam Hosein Mosque,24
78,78_Hazrat Mahdi Mosque,24
78,79_Sahebazaman Mosque,27
78,80_Moslem ebn Aghil Mosque,49
78,81_Imam Hadi Mosque,44
78,82_Fatemeh Al-Zahra Mosque,44
78,83_Sahebazaman Mosque,43
78,84_Imam Hasan Asgari Mosque,47
78,85_Imam Hosein Mosque,45
78,86_JavadoAemeh Mosque,42
78,87_Hossein Mosque,44
78,88_Khajeh Shohada Mosque,41
78,89_Fatemeh Zahra Mosque,48
78,90_AghaMirAbdolSamad Taghavi Mosque,34
78,91_Shahid thales Mosque,28
78,92_Chahardah Masoum Mosque,35
78,93_Haj GholamHosein Mosque,34
78,94_Hojjati Mosque,26
78,95_Mohammad Khan Beg Mosque,24
78,96_Maleki Jonoubi Mosque,19
78,97_Maleki Shomali Mosque,17
78,98_Molem ebn Aghil Hosseinieh,27
78,99_Yadegar Imam Hosseinieh,49
78,100_Dastgheyb Mosque,29
78,101_Agha Seyyed Jamal Hosseinieh,35
79,01_Sajadiye Mosque,45
79,02_Halime khatun,21
79,03_Masjed Hazrate Fateme Zahra,24
79,04_Molabashi,25
79,05_Hoseynie Razavi,21
79,06_Soukhte chenar Mosque,25
79,07_Sotudeh Mosque,24
79,08_Agha seyed Ali Mosque,23
79,09_Shishegar Mosque,17
79,10_Emamzadeh Ali,44
79,11_Fatemeh AlZahra Mosque,48
79,12_Haj Mousa,20
79,13_Haj Kazem Mosque,15
79,14_Imamا Hasan Asgari Mosque,30
79,15_Emamzadeh Esmaeil,34
79,16_Sar Allah Masque,10
79,17_Ameneh Khatoon,40
79,18_Mohammadie Mosque,40
79,19_Sabz Mosque,34
79,20_,12
79,21_,28
79,22_Imam Jafar Sadegh Mosque,40
79,23_Javad Aemmeh Mosque,47
79,24_Imam Hossein Mosque,39
79,25_Abolfazl Mosque,34
79,26_Maktab Zehra,31
79,27_Ahmad Beik Mosque,13
79,28_Almahdi Mosque,32
79,29_Fateme Zahra Mosque,31
79,30_Rah Chaman Mosque,44
79,31_Haft Dar Mosque,32
79,32_Mosque,36
79,33_Laal Mosque,38
79,34_Imam Hassan Mosque,22
79,35_14th Masoom Mosque,10
79,36_,40
79,37_Emam Ali Mosque,45
79,38_,45
79,39_,27
79,40_,34
79,41_,50
79,42_,30
79,43_,41
79,44_,38
79,45_,25
79,46_Qadir mosque,41
79,47_Imam Reza Mosque,41
79,48_Velayat,28
79,49_Mohammad Rasolallah Mosque,25
79,50_Emamzadeh Hossein shrine,47
79,51_Sanjideh Mosque,48
79,52_Panje Ali Mosque,32
79,53_Hazrat Abolfazl,34
79,54_Tomb of The Four Prophets,26
79,55_Emam Khomeini Mosque,27
79,56_Emamzadeh Soltan Seyed Mohamad,36
79,57_Al Mahdi Mosque,34
79,58_,40
79,59_,35
79,60_Nabi Mosque,27
79,61_Jameh Mosque of Qazvin,42
79,62_Sheykhol Eslam Mosque,37
79,63_Valiasr Mosque,34
79,64_JavadolAemmeh Mosque,21
79,65_Teflane Moslem Mosque,52
79,66_Tagh Bohloul Mosque,43
79,67_Shahid Sales Mosque,43
79,68_Dabbaghan Mosque,43
79,69_Haj Molla Aqa Mosque,25
79,70_Karim Ahle Beyt Mosque,20
79,71_Ghods Razavi Mosque,35
79,72_Adl Ghaem Mosque,19
79,73_Hazrat Abolfazl Mosque,4
79,74_Imam Musa Bn Ja'far Mosque,11
79,75_Seyedoshohada Mosque,14
79,76_Sahebazaman Mosque,15
79,77_Imam Hosein Mosque,17
79,78_Hazrat Mahdi Mosque,26
79,79_Sahebazaman Mosque,28
79,80_Moslem ebn Aghil Mosque,41
79,81_Imam Hadi Mosque,42
79,82_Fatemeh Al-Zahra Mosque,50
79,83_Sahebazaman Mosque,48
79,84_Imam Hasan Asgari Mosque,49
79,85_Imam Hosein Mosque,51
79,86_JavadoAemeh Mosque,48
79,87_Hossein Mosque,50
79,88_Khajeh Shohada Mosque,42
79,89_Fatemeh Zahra Mosque,48
79,90_AghaMirAbdolSamad Taghavi Mosque,37
79,91_Shahid thales Mosque,24
79,92_Chahardah Masoum Mosque,31
79,93_Haj GholamHosein Mosque,30
79,94_Hojjati Mosque,22
79,95_Mohammad Khan Beg Mosque,20
79,96_Maleki Jonoubi Mosque,18
79,97_Maleki Shomali Mosque,17
79,98_Molem ebn Aghil Hosseinieh,21
79,99_Yadegar Imam Hosseinieh,54
79,100_Dastgheyb Mosque,25
79,101_Agha Seyyed Jamal Hosseinieh,39
80,01_Sajadiye Mosque,53
80,02_Halime khatun,20
80,03_Masjed Hazrate Fateme Zahra,24
80,04_Molabashi,26
80,05_Hoseynie Razavi,21
80,06_Soukhte chenar Mosque,26
80,07_Sotudeh Mosque,25
80,08_Agha seyed Ali Mosque,23
80,09_Shishegar Mosque,17
80,10_Emamzadeh Ali,49
80,11_Fatemeh AlZahra Mosque,54
80,12_Haj Mousa,20
80,13_Haj Kazem Mosque,15
80,14_Imamا Hasan Asgari Mosque,32
80,15_Emamzadeh Esmaeil,36
80,16_Sar Allah Masque,19
80,17_Ameneh Khatoon,43
80,18_Mohammadie Mosque,43
80,19_Sabz Mosque,34
80,20_,10
80,21_,28
80,22_Imam Jafar Sadegh Mosque,48
80,23_Javad Aemmeh Mosque,55
80,24_Imam Hossein Mosque,43
80,25_Abolfazl Mosque,42
80,26_Maktab Zehra,40
80,27_Ahmad Beik Mosque,12
80,28_Almahdi Mosque,35
80,29_Fateme Zahra Mosque,31
80,30_Rah Chaman Mosque,48
80,31_Haft Dar Mosque,33
80,32_Mosque,44
80,33_Laal Mosque,37
80,34_Imam Hassan Mosque,21
80,35_14th Masoom Mosque,20
80,36_,39
80,37_Emam Ali Mosque,48
80,38_,51
80,39_,27
80,40_,34
80,41_,58
80,42_,30
80,43_,49
80,44_,39
80,45_,26
80,46_Qadir mosque,48
80,47_Imam Reza Mosque,47
80,48_Velayat,38
80,49_Mohammad Rasolallah Mosque,33
80,50_Emamzadeh Hossein shrine,47
80,51_Sanjideh Mosque,51
80,52_Panje Ali Mosque,34
80,53_Hazrat Abolfazl,39
80,54_Tomb of The Four Prophets,29
80,55_Emam Khomeini Mosque,25
80,56_Emamzadeh Soltan Seyed Mohamad,36
80,57_Al Mahdi Mosque,35
80,58_,48
80,59_,43
80,60_Nabi Mosque,27
80,61_Jameh Mosque of Qazvin,43
80,62_Sheykhol Eslam Mosque,40
80,63_Valiasr Mosque,43
80,64_JavadolAemmeh Mosque,20
80,65_Teflane Moslem Mosque,52
80,66_Tagh Bohloul Mosque,42
80,67_Shahid Sales Mosque,43
80,68_Dabbaghan Mosque,43
80,69_Haj Molla Aqa Mosque,25
80,70_Karim Ahle Beyt Mosque,16
80,71_Ghods Razavi Mosque,43
80,72_Adl Ghaem Mosque,26
80,73_Hazrat Abolfazl Mosque,10
80,74_Imam Musa Bn Ja'far Mosque,23
80,75_Seyedoshohada Mosque,21
80,76_Sahebazaman Mosque,24
80,77_Imam Hosein Mosque,26
80,78_Hazrat Mahdi Mosque,26
80,79_Sahebazaman Mosque,31
80,80_Moslem ebn Aghil Mosque,44
80,81_Imam Hadi Mosque,44
80,82_Fatemeh Al-Zahra Mosque,58
80,83_Sahebazaman Mosque,56
80,84_Imam Hasan Asgari Mosque,55
80,85_Imam Hosein Mosque,51
80,86_JavadoAemeh Mosque,48
80,87_Hossein Mosque,50
80,88_Khajeh Shohada Mosque,40
80,89_Fatemeh Zahra Mosque,43
80,90_AghaMirAbdolSamad Taghavi Mosque,37
80,91_Shahid thales Mosque,24
80,92_Chahardah Masoum Mosque,31
80,93_Haj GholamHosein Mosque,30
80,94_Hojjati Mosque,22
80,95_Mohammad Khan Beg Mosque,13
80,96_Maleki Jonoubi Mosque,16
80,97_Maleki Shomali Mosque,14
80,98_Molem ebn Aghil Hosseinieh,20
80,99_Yadegar Imam Hosseinieh,62
80,100_Dastgheyb Mosque,25
80,101_Agha Seyyed Jamal Hosseinieh,40
81,01_Sajadiye Mosque,32
81,02_Halime khatun,33
81,03_Masjed Hazrate Fateme Zahra,34
81,04_Molabashi,34
81,05_Hoseynie Razavi,34
81,06_Soukhte chenar Mosque,31
81,07_Sotudeh Mosque,31
81,08_Agha seyed Ali Mosque,34
81,09_Shishegar Mosque,30
81,10_Emamzadeh Ali,30
81,11_Fatemeh AlZahra Mosque,38
81,12_Haj Mousa,32
81,13_Haj Kazem Mosque,33
81,14_Imamا Hasan Asgari Mosque,35
81,15_Emamzadeh Esmaeil,43
81,16_Sar Allah Masque,33
81,17_Ameneh Khatoon,34
81,18_Mohammadie Mosque,38
81,19_Sabz Mosque,46
81,20_,35
81,21_,39
81,22_Imam Jafar Sadegh Mosque,35
81,23_Javad Aemmeh Mosque,35
81,24_Imam Hossein Mosque,28
81,25_Abolfazl Mosque,21
81,26_Maktab Zehra,13
81,27_Ahmad Beik Mosque,34
81,28_Almahdi Mosque,30
81,29_Fateme Zahra Mosque,46
81,30_Rah Chaman Mosque,31
81,31_Haft Dar Mosque,44
81,32_Mosque,22
81,33_Laal Mosque,47
81,34_Imam Hassan Mosque,34
81,35_14th Masoom Mosque,35
81,36_,49
81,37_Emam Ali Mosque,63
81,38_,28
81,39_,39
81,40_,46
81,41_,40
81,42_,41
81,43_,36
81,44_,46
81,45_,34
81,46_Qadir mosque,32
81,47_Imam Reza Mosque,28
81,48_Velayat,22
81,49_Mohammad Rasolallah Mosque,17
81,50_Emamzadeh Hossein shrine,45
81,51_Sanjideh Mosque,37
81,52_Panje Ali Mosque,41
81,53_Hazrat Abolfazl,29
81,54_Tomb of The Four Prophets,36
81,55_Emam Khomeini Mosque,29
81,56_Emamzadeh Soltan Seyed Mohamad,47
81,57_Al Mahdi Mosque,43
81,58_,35
81,59_,28
81,60_Nabi Mosque,37
81,61_Jameh Mosque of Qazvin,43
81,62_Sheykhol Eslam Mosque,42
81,63_Valiasr Mosque,22
81,64_JavadolAemmeh Mosque,32
81,65_Teflane Moslem Mosque,46
81,66_Tagh Bohloul Mosque,39
81,67_Shahid Sales Mosque,42
81,68_Dabbaghan Mosque,45
81,69_Haj Molla Aqa Mosque,35
81,70_Karim Ahle Beyt Mosque,27
81,71_Ghods Razavi Mosque,17
81,72_Adl Ghaem Mosque,32
81,73_Hazrat Abolfazl Mosque,37
81,74_Imam Musa Bn Ja'far Mosque,32
81,75_Seyedoshohada Mosque,37
81,76_Sahebazaman Mosque,37
81,77_Imam Hosein Mosque,38
81,78_Hazrat Mahdi Mosque,28
81,79_Sahebazaman Mosque,28
81,80_Moslem ebn Aghil Mosque,54
81,81_Imam Hadi Mosque,46
81,82_Fatemeh Al-Zahra Mosque,39
81,83_Sahebazaman Mosque,39
81,84_Imam Hasan Asgari Mosque,43
81,85_Imam Hosein Mosque,44
81,86_JavadoAemeh Mosque,42
81,87_Hossein Mosque,44
81,88_Khajeh Shohada Mosque,52
81,89_Fatemeh Zahra Mosque,56
81,90_AghaMirAbdolSamad Taghavi Mosque,47
81,91_Shahid thales Mosque,37
81,92_Chahardah Masoum Mosque,43
81,93_Haj GholamHosein Mosque,42
81,94_Hojjati Mosque,34
81,95_Mohammad Khan Beg Mosque,31
81,96_Maleki Jonoubi Mosque,30
81,97_Maleki Shomali Mosque,30
81,98_Molem ebn Aghil Hosseinieh,36
81,99_Yadegar Imam Hosseinieh,48
81,100_Dastgheyb Mosque,38
81,101_Agha Seyyed Jamal Hosseinieh,46
82,01_Sajadiye Mosque,35
82,02_Halime khatun,30
82,03_Masjed Hazrate Fateme Zahra,28
82,04_Molabashi,26
82,05_Hoseynie Razavi,30
82,06_Soukhte chenar Mosque,27
82,07_Sotudeh Mosque,26
82,08_Agha seyed Ali Mosque,29
82,09_Shishegar Mosque,28
82,10_Emamzadeh Ali,34
82,11_Fatemeh AlZahra Mosque,32
82,12_Haj Mousa,32
82,13_Haj Kazem Mosque,28
82,14_Imamا Hasan Asgari Mosque,32
82,15_Emamzadeh Esmaeil,34
82,16_Sar Allah Masque,21
82,17_Ameneh Khatoon,36
82,18_Mohammadie Mosque,38
82,19_Sabz Mosque,42
82,20_,30
82,21_,34
82,22_Imam Jafar Sadegh Mosque,33
82,23_Javad Aemmeh Mosque,31
82,24_Imam Hossein Mosque,31
82,25_Abolfazl Mosque,24
82,26_Maktab Zehra,20
82,27_Ahmad Beik Mosque,30
82,28_Almahdi Mosque,28
82,29_Fateme Zahra Mosque,42
82,30_Rah Chaman Mosque,34
82,31_Haft Dar Mosque,35
82,32_Mosque,26
82,33_Laal Mosque,44
82,34_Imam Hassan Mosque,31
82,35_14th Masoom Mosque,29
82,36_,46
82,37_Emam Ali Mosque,60
82,38_,31
82,39_,37
82,40_,40
82,41_,34
82,42_,33
82,43_,34
82,44_,43
82,45_,26
82,46_Qadir mosque,26
82,47_Imam Reza Mosque,26
82,48_Velayat,11
82,49_Mohammad Rasolallah Mosque,8
82,50_Emamzadeh Hossein shrine,46
82,51_Sanjideh Mosque,41
82,52_Panje Ali Mosque,32
82,53_Hazrat Abolfazl,27
82,54_Tomb of The Four Prophets,26
82,55_Emam Khomeini Mosque,26
82,56_Emamzadeh Soltan Seyed Mohamad,44
82,57_Al Mahdi Mosque,40
82,58_,33
82,59_,19
82,60_Nabi Mosque,32
82,61_Jameh Mosque of Qazvin,42
82,62_Sheykhol Eslam Mosque,37
82,63_Valiasr Mosque,25
82,64_JavadolAemmeh Mosque,31
82,65_Teflane Moslem Mosque,48
82,66_Tagh Bohloul Mosque,40
82,67_Shahid Sales Mosque,42
82,68_Dabbaghan Mosque,44
82,69_Haj Molla Aqa Mosque,28
82,70_Karim Ahle Beyt Mosque,24
82,71_Ghods Razavi Mosque,21
82,72_Adl Ghaem Mosque,19
82,73_Hazrat Abolfazl Mosque,28
82,74_Imam Musa Bn Ja'far Mosque,23
82,75_Seyedoshohada Mosque,30
82,76_Sahebazaman Mosque,30
82,77_Imam Hosein Mosque,30
82,78_Hazrat Mahdi Mosque,23
82,79_Sahebazaman Mosque,25
82,80_Moslem ebn Aghil Mosque,51
82,81_Imam Hadi Mosque,44
82,82_Fatemeh Al-Zahra Mosque,33
82,83_Sahebazaman Mosque,33
82,84_Imam Hasan Asgari Mosque,38
82,85_Imam Hosein Mosque,47
82,86_JavadoAemeh Mosque,44
82,87_Hossein Mosque,46
82,88_Khajeh Shohada Mosque,48
82,89_Fatemeh Zahra Mosque,52
82,90_AghaMirAbdolSamad Taghavi Mosque,41
82,91_Shahid thales Mosque,35
82,92_Chahardah Masoum Mosque,41
82,93_Haj GholamHosein Mosque,40
82,94_Hojjati Mosque,33
82,95_Mohammad Khan Beg Mosque,28
82,96_Maleki Jonoubi Mosque,29
82,97_Maleki Shomali Mosque,29
82,98_Molem ebn Aghil Hosseinieh,30
82,99_Yadegar Imam Hosseinieh,42
82,100_Dastgheyb Mosque,36
82,101_Agha Seyyed Jamal Hosseinieh,42
83,01_Sajadiye Mosque,34
83,02_Halime khatun,28
83,03_Masjed Hazrate Fateme Zahra,24
83,04_Molabashi,22
83,05_Hoseynie Razavi,27
83,06_Soukhte chenar Mosque,23
83,07_Sotudeh Mosque,22
83,08_Agha seyed Ali Mosque,26
83,09_Shishegar Mosque,26
83,10_Emamzadeh Ali,33
83,11_Fatemeh AlZahra Mosque,32
83,12_Haj Mousa,29
83,13_Haj Kazem Mosque,25
83,14_Imamا Hasan Asgari Mosque,30
83,15_Emamzadeh Esmaeil,30
83,16_Sar Allah Masque,16
83,17_Ameneh Khatoon,34
83,18_Mohammadie Mosque,36
83,19_Sabz Mosque,40
83,20_,26
83,21_,31
83,22_Imam Jafar Sadegh Mosque,30
83,23_Javad Aemmeh Mosque,31
83,24_Imam Hossein Mosque,31
83,25_Abolfazl Mosque,24
83,26_Maktab Zehra,22
83,27_Ahmad Beik Mosque,27
83,28_Almahdi Mosque,29
83,29_Fateme Zahra Mosque,41
83,30_Rah Chaman Mosque,33
83,31_Haft Dar Mosque,31
83,32_Mosque,29
83,33_Laal Mosque,40
83,34_Imam Hassan Mosque,28
83,35_14th Masoom Mosque,19
83,36_,42
83,37_Emam Ali Mosque,58
83,38_,31
83,39_,35
83,40_,37
83,41_,34
83,42_,29
83,43_,31
83,44_,41
83,45_,22
83,46_Qadir mosque,26
83,47_Imam Reza Mosque,26
83,48_Velayat,10
83,49_Mohammad Rasolallah Mosque,16
83,50_Emamzadeh Hossein shrine,42
83,51_Sanjideh Mosque,39
83,52_Panje Ali Mosque,28
83,53_Hazrat Abolfazl,24
83,54_Tomb of The Four Prophets,22
83,55_Emam Khomeini Mosque,24
83,56_Emamzadeh Soltan Seyed Mohamad,44
83,57_Al Mahdi Mosque,39
83,58_,30
83,59_,18
83,60_Nabi Mosque,29
83,61_Jameh Mosque of Qazvin,38
83,62_Sheykhol Eslam Mosque,33
83,63_Valiasr Mosque,24
83,64_JavadolAemmeh Mosque,29
83,65_Teflane Moslem Mosque,46
83,66_Tagh Bohloul Mosque,37
83,67_Shahid Sales Mosque,39
83,68_Dabbaghan Mosque,40
83,69_Haj Molla Aqa Mosque,25
83,70_Karim Ahle Beyt Mosque,23
83,71_Ghods Razavi Mosque,28
83,72_Adl Ghaem Mosque,18
83,73_Hazrat Abolfazl Mosque,21
83,74_Imam Musa Bn Ja'far Mosque,13
83,75_Seyedoshohada Mosque,20
83,76_Sahebazaman Mosque,20
83,77_Imam Hosein Mosque,22
83,78_Hazrat Mahdi Mosque,16
83,79_Sahebazaman Mosque,22
83,80_Moslem ebn Aghil Mosque,49
83,81_Imam Hadi Mosque,41
83,82_Fatemeh Al-Zahra Mosque,33
83,83_Sahebazaman Mosque,33
83,84_Imam Hasan Asgari Mosque,37
83,85_Imam Hosein Mosque,45
83,86_JavadoAemeh Mosque,42
83,87_Hossein Mosque,44
83,88_Khajeh Shohada Mosque,45
83,89_Fatemeh Zahra Mosque,51
83,90_AghaMirAbdolSamad Taghavi Mosque,38
83,91_Shahid thales Mosque,32
83,92_Chahardah Masoum Mosque,39
83,93_Haj GholamHosein Mosque,38
83,94_Hojjati Mosque,30
83,95_Mohammad Khan Beg Mosque,27
83,96_Maleki Jonoubi Mosque,27
83,97_Maleki Shomali Mosque,27
83,98_Molem ebn Aghil Hosseinieh,28
83,99_Yadegar Imam Hosseinieh,42
83,100_Dastgheyb Mosque,33
83,101_Agha Seyyed Jamal Hosseinieh,38
84,01_Sajadiye Mosque,36
84,02_Halime khatun,38
84,03_Masjed Hazrate Fateme Zahra,38
84,04_Molabashi,37
84,05_Hoseynie Razavi,39
84,06_Soukhte chenar Mosque,37
84,07_Sotudeh Mosque,36
84,08_Agha seyed Ali Mosque,37
84,09_Shishegar Mosque,35
84,10_Emamzadeh Ali,34
84,11_Fatemeh AlZahra Mosque,38
84,12_Haj Mousa,37
84,13_Haj Kazem Mosque,38
84,14_Imamا Hasan Asgari Mosque,36
84,15_Emamzadeh Esmaeil,45
84,16_Sar Allah Masque,37
84,17_Ameneh Khatoon,38
84,18_Mohammadie Mosque,42
84,19_Sabz Mosque,50
84,20_,40
84,21_,44
84,22_Imam Jafar Sadegh Mosque,35
84,23_Javad Aemmeh Mosque,34
84,24_Imam Hossein Mosque,32
84,25_Abolfazl Mosque,25
84,26_Maktab Zehra,20
84,27_Ahmad Beik Mosque,38
84,28_Almahdi Mosque,36
84,29_Fateme Zahra Mosque,47
84,30_Rah Chaman Mosque,35
84,31_Haft Dar Mosque,45
84,32_Mosque,31
84,33_Laal Mosque,50
84,34_Imam Hassan Mosque,39
84,35_14th Masoom Mosque,39
84,36_,52
84,37_Emam Ali Mosque,64
84,38_,19
84,39_,43
84,40_,50
84,41_,40
84,42_,43
84,43_,36
84,44_,47
84,45_,37
84,46_Qadir mosque,31
84,47_Imam Reza Mosque,25
84,48_Velayat,17
84,49_Mohammad Rasolallah Mosque,19
84,50_Emamzadeh Hossein shrine,49
84,51_Sanjideh Mosque,41
84,52_Panje Ali Mosque,42
84,53_Hazrat Abolfazl,29
84,54_Tomb of The Four Prophets,37
84,55_Emam Khomeini Mosque,30
84,56_Emamzadeh Soltan Seyed Mohamad,51
84,57_Al Mahdi Mosque,44
84,58_,35
84,59_,21
84,60_Nabi Mosque,41
84,61_Jameh Mosque of Qazvin,47
84,62_Sheykhol Eslam Mosque,46
84,63_Valiasr Mosque,26
84,64_JavadolAemmeh Mosque,37
84,65_Teflane Moslem Mosque,50
84,66_Tagh Bohloul Mosque,43
84,67_Shahid Sales Mosque,46
84,68_Dabbaghan Mosque,49
84,69_Haj Molla Aqa Mosque,38
84,70_Karim Ahle Beyt Mosque,28
84,71_Ghods Razavi Mosque,26
84,72_Adl Ghaem Mosque,34
84,73_Hazrat Abolfazl Mosque,43
84,74_Imam Musa Bn Ja'far Mosque,33
84,75_Seyedoshohada Mosque,39
84,76_Sahebazaman Mosque,38
84,77_Imam Hosein Mosque,38
84,78_Hazrat Mahdi Mosque,28
84,79_Sahebazaman Mosque,28
84,80_Moslem ebn Aghil Mosque,55
84,81_Imam Hadi Mosque,46
84,82_Fatemeh Al-Zahra Mosque,39
84,83_Sahebazaman Mosque,39
84,84_Imam Hasan Asgari Mosque,43
84,85_Imam Hosein Mosque,48
84,86_JavadoAemeh Mosque,46
84,87_Hossein Mosque,48
84,88_Khajeh Shohada Mosque,54
84,89_Fatemeh Zahra Mosque,59
84,90_AghaMirAbdolSamad Taghavi Mosque,50
84,91_Shahid thales Mosque,41
84,92_Chahardah Masoum Mosque,48
84,93_Haj GholamHosein Mosque,46
84,94_Hojjati Mosque,39
84,95_Mohammad Khan Beg Mosque,32
84,96_Maleki Jonoubi Mosque,35
84,97_Maleki Shomali Mosque,35
84,98_Molem ebn Aghil Hosseinieh,41
84,99_Yadegar Imam Hosseinieh,48
84,100_Dastgheyb Mosque,42
84,101_Agha Seyyed Jamal Hosseinieh,50
85,01_Sajadiye Mosque,36
85,02_Halime khatun,29
85,03_Masjed Hazrate Fateme Zahra,27
85,04_Molabashi,26
85,05_Hoseynie Razavi,30
85,06_Soukhte chenar Mosque,27
85,07_Sotudeh Mosque,26
85,08_Agha seyed Ali Mosque,30
85,09_Shishegar Mosque,25
85,10_Emamzadeh Ali,34
85,11_Fatemeh AlZahra Mosque,41
85,12_Haj Mousa,28
85,13_Haj Kazem Mosque,26
85,14_Imamا Hasan Asgari Mosque,26
85,15_Emamzadeh Esmaeil,34
85,16_Sar Allah Masque,17
85,17_Ameneh Khatoon,38
85,18_Mohammadie Mosque,39
85,19_Sabz Mosque,42
85,20_,22
85,21_,35
85,22_Imam Jafar Sadegh Mosque,30
85,23_Javad Aemmeh Mosque,40
85,24_Imam Hossein Mosque,32
85,25_Abolfazl Mosque,25
85,26_Maktab Zehra,24
85,27_Ahmad Beik Mosque,23
85,28_Almahdi Mosque,34
85,29_Fateme Zahra Mosque,36
85,30_Rah Chaman Mosque,35
85,31_Haft Dar Mosque,34
85,32_Mosque,31
85,33_Laal Mosque,40
85,34_Imam Hassan Mosque,30
85,35_14th Masoom Mosque,9
85,36_,42
85,37_Emam Ali Mosque,51
85,38_,36
85,39_,35
85,40_,41
85,41_,41
85,42_,32
85,43_,31
85,44_,38
85,45_,26
85,46_Qadir mosque,32
85,47_Imam Reza Mosque,33
85,48_Velayat,15
85,49_Mohammad Rasolallah Mosque,24
85,50_Emamzadeh Hossein shrine,45
85,51_Sanjideh Mosque,41
85,52_Panje Ali Mosque,32
85,53_Hazrat Abolfazl,24
85,54_Tomb of The Four Prophets,26
85,55_Emam Khomeini Mosque,21
85,56_Emamzadeh Soltan Seyed Mohamad,44
85,57_Al Mahdi Mosque,37
85,58_,30
85,59_,23
85,60_Nabi Mosque,32
85,61_Jameh Mosque of Qazvin,41
85,62_Sheykhol Eslam Mosque,37
85,63_Valiasr Mosque,26
85,64_JavadolAemmeh Mosque,29
85,65_Teflane Moslem Mosque,49
85,66_Tagh Bohloul Mosque,40
85,67_Shahid Sales Mosque,41
85,68_Dabbaghan Mosque,42
85,69_Haj Molla Aqa Mosque,28
85,70_Karim Ahle Beyt Mosque,27
85,71_Ghods Razavi Mosque,31
85,72_Adl Ghaem Mosque,21
85,73_Hazrat Abolfazl Mosque,17
85,74_Imam Musa Bn Ja'far Mosque,4
85,75_Seyedoshohada Mosque,11
85,76_Sahebazaman Mosque,11
85,77_Imam Hosein Mosque,13
85,78_Hazrat Mahdi Mosque,14
85,79_Sahebazaman Mosque,20
85,80_Moslem ebn Aghil Mosque,46
85,81_Imam Hadi Mosque,38
85,82_Fatemeh Al-Zahra Mosque,41
85,83_Sahebazaman Mosque,37
85,84_Imam Hasan Asgari Mosque,41
85,85_Imam Hosein Mosque,48
85,86_JavadoAemeh Mosque,45
85,87_Hossein Mosque,47
85,88_Khajeh Shohada Mosque,45
85,89_Fatemeh Zahra Mosque,52
85,90_AghaMirAbdolSamad Taghavi Mosque,41
85,91_Shahid thales Mosque,32
85,92_Chahardah Masoum Mosque,39
85,93_Haj GholamHosein Mosque,38
85,94_Hojjati Mosque,30
85,95_Mohammad Khan Beg Mosque,28
85,96_Maleki Jonoubi Mosque,26
85,97_Maleki Shomali Mosque,26
85,98_Molem ebn Aghil Hosseinieh,27
85,99_Yadegar Imam Hosseinieh,44
85,100_Dastgheyb Mosque,33
85,101_Agha Seyyed Jamal Hosseinieh,41
86,01_Sajadiye Mosque,36
86,02_Halime khatun,28
86,03_Masjed Hazrate Fateme Zahra,28
86,04_Molabashi,27
86,05_Hoseynie Razavi,29
86,06_Soukhte chenar Mosque,28
86,07_Sotudeh Mosque,27
86,08_Agha seyed Ali Mosque,29
86,09_Shishegar Mosque,27
86,10_Emamzadeh Ali,35
86,11_Fatemeh AlZahra Mosque,35
86,12_Haj Mousa,29
86,13_Haj Kazem Mosque,27
86,14_Imamا Hasan Asgari Mosque,28
86,15_Emamzadeh Esmaeil,35
86,16_Sar Allah Masque,24
86,17_Ameneh Khatoon,38
86,18_Mohammadie Mosque,39
86,19_Sabz Mosque,42
86,20_,30
86,21_,34
86,22_Imam Jafar Sadegh Mosque,26
86,23_Javad Aemmeh Mosque,34
86,24_Imam Hossein Mosque,33
86,25_Abolfazl Mosque,26
86,26_Maktab Zehra,25
86,27_Ahmad Beik Mosque,29
86,28_Almahdi Mosque,35
86,29_Fateme Zahra Mosque,39
86,30_Rah Chaman Mosque,35
86,31_Haft Dar Mosque,35
86,32_Mosque,33
86,33_Laal Mosque,41
86,34_Imam Hassan Mosque,30
86,35_14th Masoom Mosque,22
86,36_,43
86,37_Emam Ali Mosque,56
86,38_,31
86,39_,36
86,40_,40
86,41_,36
86,42_,33
86,43_,27
86,44_,39
86,45_,27
86,46_Qadir mosque,27
86,47_Imam Reza Mosque,29
86,48_Velayat,9
86,49_Mohammad Rasolallah Mosque,26
86,50_Emamzadeh Hossein shrine,45
86,51_Sanjideh Mosque,41
86,52_Panje Ali Mosque,33
86,53_Hazrat Abolfazl,20
86,54_Tomb of The Four Prophets,27
86,55_Emam Khomeini Mosque,22
86,56_Emamzadeh Soltan Seyed Mohamad,43
86,57_Al Mahdi Mosque,36
86,58_,26
86,59_,16
86,60_Nabi Mosque,32
86,61_Jameh Mosque of Qazvin,41
86,62_Sheykhol Eslam Mosque,38
86,63_Valiasr Mosque,26
86,64_JavadolAemmeh Mosque,29
86,65_Teflane Moslem Mosque,48
86,66_Tagh Bohloul Mosque,39
86,67_Shahid Sales Mosque,41
86,68_Dabbaghan Mosque,43
86,69_Haj Molla Aqa Mosque,28
86,70_Karim Ahle Beyt Mosque,20
86,71_Ghods Razavi Mosque,33
86,72_Adl Ghaem Mosque,23
86,73_Hazrat Abolfazl Mosque,29
86,74_Imam Musa Bn Ja'far Mosque,16
86,75_Seyedoshohada Mosque,22
86,76_Sahebazaman Mosque,22
86,77_Imam Hosein Mosque,22
86,78_Hazrat Mahdi Mosque,10
86,79_Sahebazaman Mosque,15
86,80_Moslem ebn Aghil Mosque,47
86,81_Imam Hadi Mosque,37
86,82_Fatemeh Al-Zahra Mosque,36
86,83_Sahebazaman Mosque,31
86,84_Imam Hasan Asgari Mosque,35
86,85_Imam Hosein Mosque,47
86,86_JavadoAemeh Mosque,44
86,87_Hossein Mosque,46
86,88_Khajeh Shohada Mosque,45
86,89_Fatemeh Zahra Mosque,49
86,90_AghaMirAbdolSamad Taghavi Mosque,41
86,91_Shahid thales Mosque,34
86,92_Chahardah Masoum Mosque,40
86,93_Haj GholamHosein Mosque,38
86,94_Hojjati Mosque,31
86,95_Mohammad Khan Beg Mosque,24
86,96_Maleki Jonoubi Mosque,27
86,97_Maleki Shomali Mosque,27
86,98_Molem ebn Aghil Hosseinieh,33
86,99_Yadegar Imam Hosseinieh,40
86,100_Dastgheyb Mosque,35
86,101_Agha Seyyed Jamal Hosseinieh,42
87,01_Sajadiye Mosque,34
87,02_Halime khatun,31
87,03_Masjed Hazrate Fateme Zahra,29
87,04_Molabashi,27
87,05_Hoseynie Razavi,31
87,06_Soukhte chenar Mosque,28
87,07_Sotudeh Mosque,27
87,08_Agha seyed Ali Mosque,30
87,09_Shishegar Mosque,29
87,10_Emamzadeh Ali,33
87,11_Fatemeh AlZahra Mosque,25
87,12_Haj Mousa,33
87,13_Haj Kazem Mosque,29
87,14_Imamا Hasan Asgari Mosque,33
87,15_Emamzadeh Esmaeil,35
87,16_Sar Allah Masque,26
87,17_Ameneh Khatoon,35
87,18_Mohammadie Mosque,39
87,19_Sabz Mosque,43
87,20_,32
87,21_,35
87,22_Imam Jafar Sadegh Mosque,30
87,23_Javad Aemmeh Mosque,24
87,24_Imam Hossein Mosque,28
87,25_Abolfazl Mosque,25
87,26_Maktab Zehra,23
87,27_Ahmad Beik Mosque,31
87,28_Almahdi Mosque,33
87,29_Fateme Zahra Mosque,44
87,30_Rah Chaman Mosque,33
87,31_Haft Dar Mosque,36
87,32_Mosque,32
87,33_Laal Mosque,44
87,34_Imam Hassan Mosque,32
87,35_14th Masoom Mosque,31
87,36_,46
87,37_Emam Ali Mosque,61
87,38_,19
87,39_,38
87,40_,41
87,41_,27
87,42_,34
87,43_,30
87,44_,44
87,45_,27
87,46_Qadir mosque,19
87,47_Imam Reza Mosque,18
87,48_Velayat,8
87,49_Mohammad Rasolallah Mosque,27
87,50_Emamzadeh Hossein shrine,43
87,51_Sanjideh Mosque,40
87,52_Panje Ali Mosque,33
87,53_Hazrat Abolfazl,21
87,54_Tomb of The Four Prophets,27
87,55_Emam Khomeini Mosque,24
87,56_Emamzadeh Soltan Seyed Mohamad,45
87,57_Al Mahdi Mosque,41
87,58_,30
87,59_,12
87,60_Nabi Mosque,33
87,61_Jameh Mosque of Qazvin,39
87,62_Sheykhol Eslam Mosque,38
87,63_Valiasr Mosque,25
87,64_JavadolAemmeh Mosque,32
87,65_Teflane Moslem Mosque,44
87,66_Tagh Bohloul Mosque,37
87,67_Shahid Sales Mosque,40
87,68_Dabbaghan Mosque,41
87,69_Haj Molla Aqa Mosque,29
87,70_Karim Ahle Beyt Mosque,25
87,71_Ghods Razavi Mosque,31
87,72_Adl Ghaem Mosque,21
87,73_Hazrat Abolfazl Mosque,32
87,74_Imam Musa Bn Ja'far Mosque,26
87,75_Seyedoshohada Mosque,31
87,76_Sahebazaman Mosque,30
87,77_Imam Hosein Mosque,29
87,78_Hazrat Mahdi Mosque,14
87,79_Sahebazaman Mosque,13
87,80_Moslem ebn Aghil Mosque,52
87,81_Imam Hadi Mosque,41
87,82_Fatemeh Al-Zahra Mosque,26
87,83_Sahebazaman Mosque,26
87,84_Imam Hasan Asgari Mosque,30
87,85_Imam Hosein Mosque,42
87,86_JavadoAemeh Mosque,40
87,87_Hossein Mosque,42
87,88_Khajeh Shohada Mosque,49
87,89_Fatemeh Zahra Mosque,53
87,90_AghaMirAbdolSamad Taghavi Mosque,42
87,91_Shahid thales Mosque,36
87,92_Chahardah Masoum Mosque,42
87,93_Haj GholamHosein Mosque,41
87,94_Hojjati Mosque,34
87,95_Mohammad Khan Beg Mosque,29
87,96_Maleki Jonoubi Mosque,30
87,97_Maleki Shomali Mosque,30
87,98_Molem ebn Aghil Hosseinieh,40
87,99_Yadegar Imam Hosseinieh,35
87,100_Dastgheyb Mosque,37
87,101_Agha Seyyed Jamal Hosseinieh,42
88,01_Sajadiye Mosque,35
88,02_Halime khatun,31
88,03_Masjed Hazrate Fateme Zahra,30
88,04_Molabashi,29
88,05_Hoseynie Razavi,31
88,06_Soukhte chenar Mosque,28
88,07_Sotudeh Mosque,28
88,08_Agha seyed Ali Mosque,31
88,09_Shishegar Mosque,29
88,10_Emamzadeh Ali,33
88,11_Fatemeh AlZahra Mosque,29
88,12_Haj Mousa,32
88,13_Haj Kazem Mosque,29
88,14_Imamا Hasan Asgari Mosque,31
88,15_Emamzadeh Esmaeil,37
88,16_Sar Allah Masque,28
88,17_Ameneh Khatoon,36
88,18_Mohammadie Mosque,39
88,19_Sabz Mosque,43
88,20_,32
88,21_,36
88,22_Imam Jafar Sadegh Mosque,32
88,23_Javad Aemmeh Mosque,28
88,24_Imam Hossein Mosque,30
88,25_Abolfazl Mosque,25
88,26_Maktab Zehra,22
88,27_Ahmad Beik Mosque,31
88,28_Almahdi Mosque,31
88,29_Fateme Zahra Mosque,42
88,30_Rah Chaman Mosque,33
88,31_Haft Dar Mosque,37
88,32_Mosque,30
88,33_Laal Mosque,44
88,34_Imam Hassan Mosque,32
88,35_14th Masoom Mosque,31
88,36_,46
88,37_Emam Ali Mosque,59
88,38_,18
88,39_,37
88,40_,42
88,41_,31
88,42_,35
88,43_,33
88,44_,42
88,45_,29
88,46_Qadir mosque,23
88,47_Imam Reza Mosque,21
88,48_Velayat,7
88,49_Mohammad Rasolallah Mosque,24
88,50_Emamzadeh Hossein shrine,46
88,51_Sanjideh Mosque,40
88,52_Panje Ali Mosque,35
88,53_Hazrat Abolfazl,26
88,54_Tomb of The Four Prophets,29
88,55_Emam Khomeini Mosque,25
88,56_Emamzadeh Soltan Seyed Mohamad,45
88,57_Al Mahdi Mosque,39
88,58_,32
88,59_,3
88,60_Nabi Mosque,33
88,61_Jameh Mosque of Qazvin,42
88,62_Sheykhol Eslam Mosque,40
88,63_Valiasr Mosque,25
88,64_JavadolAemmeh Mosque,31
88,65_Teflane Moslem Mosque,47
88,66_Tagh Bohloul Mosque,40
88,67_Shahid Sales Mosque,42
88,68_Dabbaghan Mosque,44
88,69_Haj Molla Aqa Mosque,30
88,70_Karim Ahle Beyt Mosque,23
88,71_Ghods Razavi Mosque,27
88,72_Adl Ghaem Mosque,23
88,73_Hazrat Abolfazl Mosque,34
88,74_Imam Musa Bn Ja'far Mosque,25
88,75_Seyedoshohada Mosque,31
88,76_Sahebazaman Mosque,30
88,77_Imam Hosein Mosque,30
88,78_Hazrat Mahdi Mosque,22
88,79_Sahebazaman Mosque,21
88,80_Moslem ebn Aghil Mosque,50
88,81_Imam Hadi Mosque,43
88,82_Fatemeh Al-Zahra Mosque,30
88,83_Sahebazaman Mosque,30
88,84_Imam Hasan Asgari Mosque,34
88,85_Imam Hosein Mosque,45
88,86_JavadoAemeh Mosque,43
88,87_Hossein Mosque,45
88,88_Khajeh Shohada Mosque,49
88,89_Fatemeh Zahra Mosque,53
88,90_AghaMirAbdolSamad Taghavi Mosque,43
88,91_Shahid thales Mosque,35
88,92_Chahardah Masoum Mosque,42
88,93_Haj GholamHosein Mosque,40
88,94_Hojjati Mosque,33
88,95_Mohammad Khan Beg Mosque,27
88,96_Maleki Jonoubi Mosque,30
88,97_Maleki Shomali Mosque,30
88,98_Molem ebn Aghil Hosseinieh,38
88,99_Yadegar Imam Hosseinieh,39
88,100_Dastgheyb Mosque,36
88,101_Agha Seyyed Jamal Hosseinieh,44
89,01_Sajadiye Mosque,35
89,02_Halime khatun,32
89,03_Masjed Hazrate Fateme Zahra,30
89,04_Molabashi,28
89,05_Hoseynie Razavi,33
89,06_Soukhte chenar Mosque,29
89,07_Sotudeh Mosque,28
89,08_Agha seyed Ali Mosque,33
89,09_Shishegar Mosque,30
89,10_Emamzadeh Ali,34
89,11_Fatemeh AlZahra Mosque,40
89,12_Haj Mousa,33
89,13_Haj Kazem Mosque,30
89,14_Imamا Hasan Asgari Mosque,19
89,15_Emamzadeh Esmaeil,36
89,16_Sar Allah Masque,24
89,17_Ameneh Khatoon,37
89,18_Mohammadie Mosque,38
89,19_Sabz Mosque,45
89,20_,31
89,21_,38
89,22_Imam Jafar Sadegh Mosque,27
89,23_Javad Aemmeh Mosque,39
89,24_Imam Hossein Mosque,32
89,25_Abolfazl Mosque,25
89,26_Maktab Zehra,24
89,27_Ahmad Beik Mosque,31
89,28_Almahdi Mosque,35
89,29_Fateme Zahra Mosque,34
89,30_Rah Chaman Mosque,34
89,31_Haft Dar Mosque,37
89,32_Mosque,32
89,33_Laal Mosque,43
89,34_Imam Hassan Mosque,33
89,35_14th Masoom Mosque,20
89,36_,45
89,37_Emam Ali Mosque,47
89,38_,28
89,39_,39
89,40_,44
89,41_,39
89,42_,35
89,43_,28
89,44_,30
89,45_,28
89,46_Qadir mosque,29
89,47_Imam Reza Mosque,27
89,48_Velayat,15
89,49_Mohammad Rasolallah Mosque,30
89,50_Emamzadeh Hossein shrine,44
89,51_Sanjideh Mosque,40
89,52_Panje Ali Mosque,34
89,53_Hazrat Abolfazl,20
89,54_Tomb of The Four Prophets,28
89,55_Emam Khomeini Mosque,13
89,56_Emamzadeh Soltan Seyed Mohamad,48
89,57_Al Mahdi Mosque,30
89,58_,27
89,59_,23
89,60_Nabi Mosque,35
89,61_Jameh Mosque of Qazvin,41
89,62_Sheykhol Eslam Mosque,39
89,63_Valiasr Mosque,25
89,64_JavadolAemmeh Mosque,33
89,65_Teflane Moslem Mosque,47
89,66_Tagh Bohloul Mosque,39
89,67_Shahid Sales Mosque,41
89,68_Dabbaghan Mosque,42
89,69_Haj Molla Aqa Mosque,31
89,70_Karim Ahle Beyt Mosque,27
89,71_Ghods Razavi Mosque,32
89,72_Adl Ghaem Mosque,26
89,73_Hazrat Abolfazl Mosque,28
89,74_Imam Musa Bn Ja'far Mosque,15
89,75_Seyedoshohada Mosque,19
89,76_Sahebazaman Mosque,16
89,77_Imam Hosein Mosque,16
89,78_Hazrat Mahdi Mosque,1
89,79_Sahebazaman Mosque,9
89,80_Moslem ebn Aghil Mosque,39
89,81_Imam Hadi Mosque,31
89,82_Fatemeh Al-Zahra Mosque,39
89,83_Sahebazaman Mosque,34
89,84_Imam Hasan Asgari Mosque,38
89,85_Imam Hosein Mosque,46
89,86_JavadoAemeh Mosque,43
89,87_Hossein Mosque,45
89,88_Khajeh Shohada Mosque,48
89,89_Fatemeh Zahra Mosque,55
89,90_AghaMirAbdolSamad Taghavi Mosque,44
89,91_Shahid thales Mosque,36
89,92_Chahardah Masoum Mosque,43
89,93_Haj GholamHosein Mosque,42
89,94_Hojjati Mosque,34
89,95_Mohammad Khan Beg Mosque,31
89,96_Maleki Jonoubi Mosque,31
89,97_Maleki Shomali Mosque,31
89,98_Molem ebn Aghil Hosseinieh,31
89,99_Yadegar Imam Hosseinieh,41
89,100_Dastgheyb Mosque,37
89,101_Agha Seyyed Jamal Hosseinieh,43
90,01_Sajadiye Mosque,47
90,02_Halime khatun,26
90,03_Masjed Hazrate Fateme Zahra,31
90,04_Molabashi,33
90,05_Hoseynie Razavi,28
90,06_Soukhte chenar Mosque,33
90,07_Sotudeh Mosque,32
90,08_Agha seyed Ali Mosque,28
90,09_Shishegar Mosque,23
90,10_Emamzadeh Ali,45
90,11_Fatemeh AlZahra Mosque,61
90,12_Haj Mousa,25
90,13_Haj Kazem Mosque,27
90,14_Imamا Hasan Asgari Mosque,33
90,15_Emamzadeh Esmaeil,42
90,16_Sar Allah Masque,27
90,17_Ameneh Khatoon,47
90,18_Mohammadie Mosque,48
90,19_Sabz Mosque,39
90,20_,23
90,21_,33
90,22_Imam Jafar Sadegh Mosque,43
90,23_Javad Aemmeh Mosque,60
90,24_Imam Hossein Mosque,42
90,25_Abolfazl Mosque,36
90,26_Maktab Zehra,33
90,27_Ahmad Beik Mosque,25
90,28_Almahdi Mosque,40
90,29_Fateme Zahra Mosque,23
90,30_Rah Chaman Mosque,45
90,31_Haft Dar Mosque,38
90,32_Mosque,37
90,33_Laal Mosque,44
90,34_Imam Hassan Mosque,28
90,35_14th Masoom Mosque,12
90,36_,46
90,37_Emam Ali Mosque,47
90,38_,52
90,39_,32
90,40_,39
90,41_,58
90,42_,35
90,43_,44
90,44_,40
90,45_,33
90,46_Qadir mosque,49
90,47_Imam Reza Mosque,49
90,48_Velayat,35
90,49_Mohammad Rasolallah Mosque,26
90,50_Emamzadeh Hossein shrine,54
90,51_Sanjideh Mosque,50
90,52_Panje Ali Mosque,39
90,53_Hazrat Abolfazl,36
90,54_Tomb of The Four Prophets,36
90,55_Emam Khomeini Mosque,24
90,56_Emamzadeh Soltan Seyed Mohamad,41
90,57_Al Mahdi Mosque,35
90,58_,43
90,59_,43
90,60_Nabi Mosque,32
90,61_Jameh Mosque of Qazvin,49
90,62_Sheykhol Eslam Mosque,46
90,63_Valiasr Mosque,37
90,64_JavadolAemmeh Mosque,25
90,65_Teflane Moslem Mosque,56
90,66_Tagh Bohloul Mosque,48
90,67_Shahid Sales Mosque,50
90,68_Dabbaghan Mosque,50
90,69_Haj Molla Aqa Mosque,30
90,70_Karim Ahle Beyt Mosque,22
90,71_Ghods Razavi Mosque,36
90,72_Adl Ghaem Mosque,32
90,73_Hazrat Abolfazl Mosque,21
90,74_Imam Musa Bn Ja'far Mosque,18
90,75_Seyedoshohada Mosque,12
90,76_Sahebazaman Mosque,16
90,77_Imam Hosein Mosque,18
90,78_Hazrat Mahdi Mosque,31
90,79_Sahebazaman Mosque,32
90,80_Moslem ebn Aghil Mosque,43
90,81_Imam Hadi Mosque,45
90,82_Fatemeh Al-Zahra Mosque,60
90,83_Sahebazaman Mosque,51
90,84_Imam Hasan Asgari Mosque,52
90,85_Imam Hosein Mosque,55
90,86_JavadoAemeh Mosque,52
90,87_Hossein Mosque,54
90,88_Khajeh Shohada Mosque,47
90,89_Fatemeh Zahra Mosque,50
90,90_AghaMirAbdolSamad Taghavi Mosque,42
90,91_Shahid thales Mosque,29
90,92_Chahardah Masoum Mosque,36
90,93_Haj GholamHosein Mosque,35
90,94_Hojjati Mosque,27
90,95_Mohammad Khan Beg Mosque,22
90,96_Maleki Jonoubi Mosque,23
90,97_Maleki Shomali Mosque,24
90,98_Molem ebn Aghil Hosseinieh,7
90,99_Yadegar Imam Hosseinieh,57
90,100_Dastgheyb Mosque,30
90,101_Agha Seyyed Jamal Hosseinieh,45
91,01_Sajadiye Mosque,44
91,02_Halime khatun,28
91,03_Masjed Hazrate Fateme Zahra,32
91,04_Molabashi,34
91,05_Hoseynie Razavi,29
91,06_Soukhte chenar Mosque,34
91,07_Sotudeh Mosque,33
91,08_Agha seyed Ali Mosque,30
91,09_Shishegar Mosque,24
91,10_Emamzadeh Ali,42
91,11_Fatemeh AlZahra Mosque,51
91,12_Haj Mousa,27
91,13_Haj Kazem Mosque,27
91,14_Imamا Hasan Asgari Mosque,25
91,15_Emamzadeh Esmaeil,44
91,16_Sar Allah Masque,26
91,17_Ameneh Khatoon,46
91,18_Mohammadie Mosque,48
91,19_Sabz Mosque,41
91,20_,24
91,21_,35
91,22_Imam Jafar Sadegh Mosque,40
91,23_Javad Aemmeh Mosque,50
91,24_Imam Hossein Mosque,40
91,25_Abolfazl Mosque,33
91,26_Maktab Zehra,32
91,27_Ahmad Beik Mosque,25
91,28_Almahdi Mosque,43
91,29_Fateme Zahra Mosque,26
91,30_Rah Chaman Mosque,43
91,31_Haft Dar Mosque,40
91,32_Mosque,40
91,33_Laal Mosque,46
91,34_Imam Hassan Mosque,29
91,35_14th Masoom Mosque,5
91,36_,48
91,37_Emam Ali Mosque,39
91,38_,45
91,39_,34
91,40_,41
91,41_,51
91,42_,37
91,43_,41
91,44_,32
91,45_,34
91,46_Qadir mosque,42
91,47_Imam Reza Mosque,43
91,48_Velayat,25
91,49_Mohammad Rasolallah Mosque,33
91,50_Emamzadeh Hossein shrine,55
91,51_Sanjideh Mosque,49
91,52_Panje Ali Mosque,41
91,53_Hazrat Abolfazl,33
91,54_Tomb of The Four Prophets,37
91,55_Emam Khomeini Mosque,16
91,56_Emamzadeh Soltan Seyed Mohamad,43
91,57_Al Mahdi Mosque,28
91,58_,40
91,59_,33
91,60_Nabi Mosque,34
91,61_Jameh Mosque of Qazvin,51
91,62_Sheykhol Eslam Mosque,47
91,63_Valiasr Mosque,34
91,64_JavadolAemmeh Mosque,27
91,65_Teflane Moslem Mosque,59
91,66_Tagh Bohloul Mosque,50
91,67_Shahid Sales Mosque,51
91,68_Dabbaghan Mosque,52
91,69_Haj Molla Aqa Mosque,32
91,70_Karim Ahle Beyt Mosque,25
91,71_Ghods Razavi Mosque,40
91,72_Adl Ghaem Mosque,31
91,73_Hazrat Abolfazl Mosque,19
91,74_Imam Musa Bn Ja'far Mosque,8
91,75_Seyedoshohada Mosque,4
91,76_Sahebazaman Mosque,4
91,77_Imam Hosein Mosque,6
91,78_Hazrat Mahdi Mosque,21
91,79_Sahebazaman Mosque,25
91,80_Moslem ebn Aghil Mosque,35
91,81_Imam Hadi Mosque,37
91,82_Fatemeh Al-Zahra Mosque,51
91,83_Sahebazaman Mosque,46
91,84_Imam Hasan Asgari Mosque,47
91,85_Imam Hosein Mosque,58
91,86_JavadoAemeh Mosque,55
91,87_Hossein Mosque,57
91,88_Khajeh Shohada Mosque,49
91,89_Fatemeh Zahra Mosque,53
91,90_AghaMirAbdolSamad Taghavi Mosque,44
91,91_Shahid thales Mosque,31
91,92_Chahardah Masoum Mosque,38
91,93_Haj GholamHosein Mosque,37
91,94_Hojjati Mosque,29
91,95_Mohammad Khan Beg Mosque,25
91,96_Maleki Jonoubi Mosque,25
91,97_Maleki Shomali Mosque,25
91,98_Molem ebn Aghil Hosseinieh,15
91,99_Yadegar Imam Hosseinieh,54
91,100_Dastgheyb Mosque,32
91,101_Agha Seyyed Jamal Hosseinieh,47
92,01_Sajadiye Mosque,41
92,02_Halime khatun,42
92,03_Masjed Hazrate Fateme Zahra,40
92,04_Molabashi,39
92,05_Hoseynie Razavi,42
92,06_Soukhte chenar Mosque,36
92,07_Sotudeh Mosque,36
92,08_Agha seyed Ali Mosque,44
92,09_Shishegar Mosque,39
92,10_Emamzadeh Ali,39
92,11_Fatemeh AlZahra Mosque,30
92,12_Haj Mousa,41
92,13_Haj Kazem Mosque,42
92,14_Imamا Hasan Asgari Mosque,50
92,15_Emamzadeh Esmaeil,47
92,16_Sar Allah Masque,38
92,17_Ameneh Khatoon,43
92,18_Mohammadie Mosque,47
92,19_Sabz Mosque,54
92,20_,45
92,21_,49
92,22_Imam Jafar Sadegh Mosque,41
92,23_Javad Aemmeh Mosque,17
92,24_Imam Hossein Mosque,37
92,25_Abolfazl Mosque,32
92,26_Maktab Zehra,27
92,27_Ahmad Beik Mosque,43
92,28_Almahdi Mosque,36
92,29_Fateme Zahra Mosque,60
92,30_Rah Chaman Mosque,40
92,31_Haft Dar Mosque,49
92,32_Mosque,35
92,33_Laal Mosque,56
92,34_Imam Hassan Mosque,43
92,35_14th Masoom Mosque,45
92,36_,59
92,37_Emam Ali Mosque,78
92,38_,8
92,39_,47
92,40_,55
92,41_,32
92,42_,46
92,43_,35
92,44_,59
92,45_,39
92,46_Qadir mosque,13
92,47_Imam Reza Mosque,8
92,48_Velayat,23
92,49_Mohammad Rasolallah Mosque,30
92,50_Emamzadeh Hossein shrine,53
92,51_Sanjideh Mosque,46
92,52_Panje Ali Mosque,46
92,53_Hazrat Abolfazl,28
92,54_Tomb of The Four Prophets,40
92,55_Emam Khomeini Mosque,43
92,56_Emamzadeh Soltan Seyed Mohamad,57
92,57_Al Mahdi Mosque,58
92,58_,41
92,59_,22
92,60_Nabi Mosque,46
92,61_Jameh Mosque of Qazvin,51
92,62_Sheykhol Eslam Mosque,50
92,63_Valiasr Mosque,32
92,64_JavadolAemmeh Mosque,40
92,65_Teflane Moslem Mosque,54
92,66_Tagh Bohloul Mosque,47
92,67_Shahid Sales Mosque,50
92,68_Dabbaghan Mosque,53
92,69_Haj Molla Aqa Mosque,42
92,70_Karim Ahle Beyt Mosque,42
92,71_Ghods Razavi Mosque,30
92,72_Adl Ghaem Mosque,35
92,73_Hazrat Abolfazl Mosque,44
92,74_Imam Musa Bn Ja'far Mosque,40
92,75_Seyedoshohada Mosque,46
92,76_Sahebazaman Mosque,46
92,77_Imam Hosein Mosque,47
92,78_Hazrat Mahdi Mosque,33
92,79_Sahebazaman Mosque,31
92,80_Moslem ebn Aghil Mosque,69
92,81_Imam Hadi Mosque,56
92,82_Fatemeh Al-Zahra Mosque,31
92,83_Sahebazaman Mosque,31
92,84_Imam Hasan Asgari Mosque,34
92,85_Imam Hosein Mosque,52
92,86_JavadoAemeh Mosque,50
92,87_Hossein Mosque,52
92,88_Khajeh Shohada Mosque,63
92,89_Fatemeh Zahra Mosque,70
92,90_AghaMirAbdolSamad Taghavi Mosque,55
92,91_Shahid thales Mosque,45
92,92_Chahardah Masoum Mosque,52
92,93_Haj GholamHosein Mosque,51
92,94_Hojjati Mosque,43
92,95_Mohammad Khan Beg Mosque,45
92,96_Maleki Jonoubi Mosque,39
92,97_Maleki Shomali Mosque,39
92,98_Molem ebn Aghil Hosseinieh,46
92,99_Yadegar Imam Hosseinieh,40
92,100_Dastgheyb Mosque,46
92,101_Agha Seyyed Jamal Hosseinieh,54
93,01_Sajadiye Mosque,38
93,02_Halime khatun,38
93,03_Masjed Hazrate Fateme Zahra,35
93,04_Molabashi,34
93,05_Hoseynie Razavi,38
93,06_Soukhte chenar Mosque,32
93,07_Sotudeh Mosque,32
93,08_Agha seyed Ali Mosque,39
93,09_Shishegar Mosque,36
93,10_Emamzadeh Ali,37
93,11_Fatemeh AlZahra Mosque,23
93,12_Haj Mousa,39
93,13_Haj Kazem Mosque,37
93,14_Imamا Hasan Asgari Mosque,45
93,15_Emamzadeh Esmaeil,42
93,16_Sar Allah Masque,33
93,17_Ameneh Khatoon,40
93,18_Mohammadie Mosque,43
93,19_Sabz Mosque,50
93,20_,40
93,21_,44
93,22_Imam Jafar Sadegh Mosque,34
93,23_Javad Aemmeh Mosque,21
93,24_Imam Hossein Mosque,34
93,25_Abolfazl Mosque,29
93,26_Maktab Zehra,25
93,27_Ahmad Beik Mosque,39
93,28_Almahdi Mosque,35
93,29_Fateme Zahra Mosque,56
93,30_Rah Chaman Mosque,37
93,31_Haft Dar Mosque,43
93,32_Mosque,34
93,33_Laal Mosque,51
93,34_Imam Hassan Mosque,39
93,35_14th Masoom Mosque,40
93,36_,54
93,37_Emam Ali Mosque,71
93,38_,12
93,39_,44
93,40_,50
93,41_,25
93,42_,41
93,43_,31
93,44_,53
93,45_,34
93,46_Qadir mosque,6
93,47_Imam Reza Mosque,3
93,48_Velayat,18
93,49_Mohammad Rasolallah Mosque,29
93,50_Emamzadeh Hossein shrine,50
93,51_Sanjideh Mosque,44
93,52_Panje Ali Mosque,40
93,53_Hazrat Abolfazl,20
93,54_Tomb of The Four Prophets,34
93,55_Emam Khomeini Mosque,35
93,56_Emamzadeh Soltan Seyed Mohamad,54
93,57_Al Mahdi Mosque,53
93,58_,34
93,59_,19
93,60_Nabi Mosque,41
93,61_Jameh Mosque of Qazvin,46
93,62_Sheykhol Eslam Mosque,45
93,63_Valiasr Mosque,29
93,64_JavadolAemmeh Mosque,38
93,65_Teflane Moslem Mosque,51
93,66_Tagh Bohloul Mosque,44
93,67_Shahid Sales Mosque,47
93,68_Dabbaghan Mosque,48
93,69_Haj Molla Aqa Mosque,37
93,70_Karim Ahle Beyt Mosque,37
93,71_Ghods Razavi Mosque,31
93,72_Adl Ghaem Mosque,28
93,73_Hazrat Abolfazl Mosque,39
93,74_Imam Musa Bn Ja'far Mosque,34
93,75_Seyedoshohada Mosque,40
93,76_Sahebazaman Mosque,40
93,77_Imam Hosein Mosque,40
93,78_Hazrat Mahdi Mosque,29
93,79_Sahebazaman Mosque,25
93,80_Moslem ebn Aghil Mosque,62
93,81_Imam Hadi Mosque,50
93,82_Fatemeh Al-Zahra Mosque,24
93,83_Sahebazaman Mosque,24
93,84_Imam Hasan Asgari Mosque,28
93,85_Imam Hosein Mosque,49
93,86_JavadoAemeh Mosque,47
93,87_Hossein Mosque,49
93,88_Khajeh Shohada Mosque,58
93,89_Fatemeh Zahra Mosque,65
93,90_AghaMirAbdolSamad Taghavi Mosque,50
93,91_Shahid thales Mosque,42
93,92_Chahardah Masoum Mosque,49
93,93_Haj GholamHosein Mosque,48
93,94_Hojjati Mosque,41
93,95_Mohammad Khan Beg Mosque,40
93,96_Maleki Jonoubi Mosque,37
93,97_Maleki Shomali Mosque,37
93,98_Molem ebn Aghil Hosseinieh,45
93,99_Yadegar Imam Hosseinieh,33
93,100_Dastgheyb Mosque,43
93,101_Agha Seyyed Jamal Hosseinieh,49
94,01_Sajadiye Mosque,39
94,02_Halime khatun,32
94,03_Masjed Hazrate Fateme Zahra,34
94,04_Molabashi,35
94,05_Hoseynie Razavi,33
94,06_Soukhte chenar Mosque,35
94,07_Sotudeh Mosque,34
94,08_Agha seyed Ali Mosque,34
94,09_Shishegar Mosque,28
94,10_Emamzadeh Ali,38
94,11_Fatemeh AlZahra Mosque,46
94,12_Haj Mousa,31
94,13_Haj Kazem Mosque,31
94,14_Imamا Hasan Asgari Mosque,19
94,15_Emamzadeh Esmaeil,44
94,16_Sar Allah Masque,29
94,17_Ameneh Khatoon,42
94,18_Mohammadie Mosque,45
94,19_Sabz Mosque,45
94,20_,30
94,21_,39
94,22_Imam Jafar Sadegh Mosque,33
94,23_Javad Aemmeh Mosque,45
94,24_Imam Hossein Mosque,36
94,25_Abolfazl Mosque,29
94,26_Maktab Zehra,28
94,27_Ahmad Beik Mosque,30
94,28_Almahdi Mosque,42
94,29_Fateme Zahra Mosque,23
94,30_Rah Chaman Mosque,38
94,31_Haft Dar Mosque,42
94,32_Mosque,36
94,33_Laal Mosque,48
94,34_Imam Hassan Mosque,33
94,35_14th Masoom Mosque,14
94,36_,50
94,37_Emam Ali Mosque,46
94,38_,34
94,39_,38
94,40_,45
94,41_,45
94,42_,39
94,43_,34
94,44_,30
94,45_,35
94,46_Qadir mosque,33
94,47_Imam Reza Mosque,33
94,48_Velayat,23
94,49_Mohammad Rasolallah Mosque,35
94,50_Emamzadeh Hossein shrine,52
94,51_Sanjideh Mosque,44
94,52_Panje Ali Mosque,41
94,53_Hazrat Abolfazl,20
94,54_Tomb of The Four Prophets,36
94,55_Emam Khomeini Mosque,3
94,56_Emamzadeh Soltan Seyed Mohamad,47
94,57_Al Mahdi Mosque,30
94,58_,33
94,59_,31
94,60_Nabi Mosque,37
94,61_Jameh Mosque of Qazvin,49
94,62_Sheykhol Eslam Mosque,47
94,63_Valiasr Mosque,29
94,64_JavadolAemmeh Mosque,32
94,65_Teflane Moslem Mosque,55
94,66_Tagh Bohloul Mosque,47
94,67_Shahid Sales Mosque,49
94,68_Dabbaghan Mosque,50
94,69_Haj Molla Aqa Mosque,34
94,70_Karim Ahle Beyt Mosque,29
94,71_Ghods Razavi Mosque,36
94,72_Adl Ghaem Mosque,34
94,73_Hazrat Abolfazl Mosque,28
94,74_Imam Musa Bn Ja'far Mosque,14
94,75_Seyedoshohada Mosque,13
94,76_Sahebazaman Mosque,9
94,77_Imam Hosein Mosque,8
94,78_Hazrat Mahdi Mosque,12
94,79_Sahebazaman Mosque,12
94,80_Moslem ebn Aghil Mosque,39
94,81_Imam Hadi Mosque,31
94,82_Fatemeh Al-Zahra Mosque,45
94,83_Sahebazaman Mosque,40
94,84_Imam Hasan Asgari Mosque,43
94,85_Imam Hosein Mosque,54
94,86_JavadoAemeh Mosque,51
94,87_Hossein Mosque,53
94,88_Khajeh Shohada Mosque,52
94,89_Fatemeh Zahra Mosque,58
94,90_AghaMirAbdolSamad Taghavi Mosque,47
94,91_Shahid thales Mosque,35
94,92_Chahardah Masoum Mosque,42
94,93_Haj GholamHosein Mosque,41
94,94_Hojjati Mosque,33
94,95_Mohammad Khan Beg Mosque,31
94,96_Maleki Jonoubi Mosque,29
94,97_Maleki Shomali Mosque,29
94,98_Molem ebn Aghil Hosseinieh,21
94,99_Yadegar Imam Hosseinieh,47
94,100_Dastgheyb Mosque,36
94,101_Agha Seyyed Jamal Hosseinieh,49
95,01_Sajadiye Mosque,41
95,02_Halime khatun,39
95,03_Masjed Hazrate Fateme Zahra,37
95,04_Molabashi,35
95,05_Hoseynie Razavi,40
95,06_Soukhte chenar Mosque,36
95,07_Sotudeh Mosque,35
95,08_Agha seyed Ali Mosque,39
95,09_Shishegar Mosque,36
95,10_Emamzadeh Ali,39
95,11_Fatemeh AlZahra Mosque,43
95,12_Haj Mousa,39
95,13_Haj Kazem Mosque,37
95,14_Imamا Hasan Asgari Mosque,20
95,15_Emamzadeh Esmaeil,43
95,16_Sar Allah Masque,31
95,17_Ameneh Khatoon,43
95,18_Mohammadie Mosque,45
95,19_Sabz Mosque,52
95,20_,37
95,21_,45
95,22_Imam Jafar Sadegh Mosque,25
95,23_Javad Aemmeh Mosque,40
95,24_Imam Hossein Mosque,37
95,25_Abolfazl Mosque,30
95,26_Maktab Zehra,29
95,27_Ahmad Beik Mosque,38
95,28_Almahdi Mosque,42
95,29_Fateme Zahra Mosque,33
95,30_Rah Chaman Mosque,40
95,31_Haft Dar Mosque,44
95,32_Mosque,37
95,33_Laal Mosque,50
95,34_Imam Hassan Mosque,40
95,35_14th Masoom Mosque,27
95,36_,52
95,37_Emam Ali Mosque,46
95,38_,36
95,39_,45
95,40_,51
95,41_,39
95,42_,42
95,43_,25
95,44_,31
95,45_,35
95,46_Qadir mosque,25
95,47_Imam Reza Mosque,29
95,48_Velayat,24
95,49_Mohammad Rasolallah Mosque,36
95,50_Emamzadeh Hossein shrine,51
95,51_Sanjideh Mosque,46
95,52_Panje Ali Mosque,41
95,53_Hazrat Abolfazl,13
95,54_Tomb of The Four Prophets,35
95,55_Emam Khomeini Mosque,12
95,56_Emamzadeh Soltan Seyed Mohamad,54
95,57_Al Mahdi Mosque,30
95,58_,25
95,59_,32
95,60_Nabi Mosque,42
95,61_Jameh Mosque of Qazvin,47
95,62_Sheykhol Eslam Mosque,45
95,63_Valiasr Mosque,31
95,64_JavadolAemmeh Mosque,39
95,65_Teflane Moslem Mosque,53
95,66_Tagh Bohloul Mosque,45
95,67_Shahid Sales Mosque,47
95,68_Dabbaghan Mosque,49
95,69_Haj Molla Aqa Mosque,38
95,70_Karim Ahle Beyt Mosque,37
95,71_Ghods Razavi Mosque,38
95,72_Adl Ghaem Mosque,33
95,73_Hazrat Abolfazl Mosque,34
95,74_Imam Musa Bn Ja'far Mosque,26
95,75_Seyedoshohada Mosque,26
95,76_Sahebazaman Mosque,22
95,77_Imam Hosein Mosque,22
95,78_Hazrat Mahdi Mosque,18
95,79_Sahebazaman Mosque,9
95,80_Moslem ebn Aghil Mosque,39
95,81_Imam Hadi Mosque,32
95,82_Fatemeh Al-Zahra Mosque,42
95,83_Sahebazaman Mosque,33
95,84_Imam Hasan Asgari Mosque,33
95,85_Imam Hosein Mosque,52
95,86_JavadoAemeh Mosque,49
95,87_Hossein Mosque,51
95,88_Khajeh Shohada Mosque,55
95,89_Fatemeh Zahra Mosque,62
95,90_AghaMirAbdolSamad Taghavi Mosque,51
95,91_Shahid thales Mosque,43
95,92_Chahardah Masoum Mosque,50
95,93_Haj GholamHosein Mosque,49
95,94_Hojjati Mosque,41
95,95_Mohammad Khan Beg Mosque,41
95,96_Maleki Jonoubi Mosque,37
95,97_Maleki Shomali Mosque,37
95,98_Molem ebn Aghil Hosseinieh,33
95,99_Yadegar Imam Hosseinieh,41
95,100_Dastgheyb Mosque,44
95,101_Agha Seyyed Jamal Hosseinieh,49
96,01_Sajadiye Mosque,41
96,02_Halime khatun,41
96,03_Masjed Hazrate Fateme Zahra,36
96,04_Molabashi,34
96,05_Hoseynie Razavi,40
96,06_Soukhte chenar Mosque,35
96,07_Sotudeh Mosque,34
96,08_Agha seyed Ali Mosque,39
96,09_Shishegar Mosque,40
96,10_Emamzadeh Ali,40
96,11_Fatemeh AlZahra Mosque,26
96,12_Haj Mousa,43
96,13_Haj Kazem Mosque,38
96,14_Imamا Hasan Asgari Mosque,37
96,15_Emamzadeh Esmaeil,42
96,16_Sar Allah Masque,33
96,17_Ameneh Khatoon,43
96,18_Mohammadie Mosque,46
96,19_Sabz Mosque,53
96,20_,41
96,21_,44
96,22_Imam Jafar Sadegh Mosque,28
96,23_Javad Aemmeh Mosque,25
96,24_Imam Hossein Mosque,38
96,25_Abolfazl Mosque,32
96,26_Maktab Zehra,31
96,27_Ahmad Beik Mosque,42
96,28_Almahdi Mosque,41
96,29_Fateme Zahra Mosque,47
96,30_Rah Chaman Mosque,40
96,31_Haft Dar Mosque,43
96,32_Mosque,39
96,33_Laal Mosque,51
96,34_Imam Hassan Mosque,41
96,35_14th Masoom Mosque,37
96,36_,54
96,37_Emam Ali Mosque,63
96,38_,21
96,39_,48
96,40_,50
96,41_,28
96,42_,41
96,43_,27
96,44_,47
96,45_,34
96,46_Qadir mosque,5
96,47_Imam Reza Mosque,12
96,48_Velayat,21
96,49_Mohammad Rasolallah Mosque,36
96,50_Emamzadeh Hossein shrine,52
96,51_Sanjideh Mosque,47
96,52_Panje Ali Mosque,40
96,53_Hazrat Abolfazl,10
96,54_Tomb of The Four Prophets,34
96,55_Emam Khomeini Mosque,25
96,56_Emamzadeh Soltan Seyed Mohamad,57
96,57_Al Mahdi Mosque,47
96,58_,28
96,59_,25
96,60_Nabi Mosque,41
96,61_Jameh Mosque of Qazvin,48
96,62_Sheykhol Eslam Mosque,45
96,63_Valiasr Mosque,32
96,64_JavadolAemmeh Mosque,43
96,65_Teflane Moslem Mosque,54
96,66_Tagh Bohloul Mosque,46
96,67_Shahid Sales Mosque,48
96,68_Dabbaghan Mosque,50
96,69_Haj Molla Aqa Mosque,37
96,70_Karim Ahle Beyt Mosque,40
96,71_Ghods Razavi Mosque,37
96,72_Adl Ghaem Mosque,30
96,73_Hazrat Abolfazl Mosque,39
96,74_Imam Musa Bn Ja'far Mosque,32
96,75_Seyedoshohada Mosque,37
96,76_Sahebazaman Mosque,36
96,77_Imam Hosein Mosque,35
96,78_Hazrat Mahdi Mosque,23
96,79_Sahebazaman Mosque,18
96,80_Moslem ebn Aghil Mosque,56
96,81_Imam Hadi Mosque,42
96,82_Fatemeh Al-Zahra Mosque,27
96,83_Sahebazaman Mosque,27
96,84_Imam Hasan Asgari Mosque,28
96,85_Imam Hosein Mosque,52
96,86_JavadoAemeh Mosque,50
96,87_Hossein Mosque,52
96,88_Khajeh Shohada Mosque,58
96,89_Fatemeh Zahra Mosque,65
96,90_AghaMirAbdolSamad Taghavi Mosque,50
96,91_Shahid thales Mosque,46
96,92_Chahardah Masoum Mosque,53
96,93_Haj GholamHosein Mosque,52
96,94_Hojjati Mosque,45
96,95_Mohammad Khan Beg Mosque,44
96,96_Maleki Jonoubi Mosque,42
96,97_Maleki Shomali Mosque,42
96,98_Molem ebn Aghil Hosseinieh,46
96,99_Yadegar Imam Hosseinieh,36
96,100_Dastgheyb Mosque,47
96,101_Agha Seyyed Jamal Hosseinieh,49
97,01_Sajadiye Mosque,53
97,02_Halime khatun,36
97,03_Masjed Hazrate Fateme Zahra,41
97,04_Molabashi,43
97,05_Hoseynie Razavi,38
97,06_Soukhte chenar Mosque,43
97,07_Sotudeh Mosque,42
97,08_Agha seyed Ali Mosque,38
97,09_Shishegar Mosque,33
97,10_Emamzadeh Ali,52
97,11_Fatemeh AlZahra Mosque,59
97,12_Haj Mousa,35
97,13_Haj Kazem Mosque,37
97,14_Imamا Hasan Asgari Mosque,34
97,15_Emamzadeh Esmaeil,52
97,16_Sar Allah Masque,39
97,17_Ameneh Khatoon,54
97,18_Mohammadie Mosque,56
97,19_Sabz Mosque,49
97,20_,33
97,21_,43
97,22_Imam Jafar Sadegh Mosque,50
97,23_Javad Aemmeh Mosque,58
97,24_Imam Hossein Mosque,49
97,25_Abolfazl Mosque,41
97,26_Maktab Zehra,40
97,27_Ahmad Beik Mosque,35
97,28_Almahdi Mosque,52
97,29_Fateme Zahra Mosque,5
97,30_Rah Chaman Mosque,52
97,31_Haft Dar Mosque,48
97,32_Mosque,48
97,33_Laal Mosque,54
97,34_Imam Hassan Mosque,38
97,35_14th Masoom Mosque,28
97,36_,56
97,37_Emam Ali Mosque,48
97,38_,57
97,39_,42
97,40_,49
97,41_,61
97,42_,45
97,43_,51
97,44_,40
97,45_,43
97,46_Qadir mosque,52
97,47_Imam Reza Mosque,52
97,48_Velayat,35
97,49_Mohammad Rasolallah Mosque,42
97,50_Emamzadeh Hossein shrine,64
97,51_Sanjideh Mosque,58
97,52_Panje Ali Mosque,49
97,53_Hazrat Abolfazl,39
97,54_Tomb of The Four Prophets,46
97,55_Emam Khomeini Mosque,20
97,56_Emamzadeh Soltan Seyed Mohamad,51
97,57_Al Mahdi Mosque,32
97,58_,50
97,59_,43
97,60_Nabi Mosque,42
97,61_Jameh Mosque of Qazvin,59
97,62_Sheykhol Eslam Mosque,56
97,63_Valiasr Mosque,42
97,64_JavadolAemmeh Mosque,35
97,65_Teflane Moslem Mosque,68
97,66_Tagh Bohloul Mosque,59
97,67_Shahid Sales Mosque,60
97,68_Dabbaghan Mosque,60
97,69_Haj Molla Aqa Mosque,40
97,70_Karim Ahle Beyt Mosque,32
97,71_Ghods Razavi Mosque,48
97,72_Adl Ghaem Mosque,45
97,73_Hazrat Abolfazl Mosque,32
97,74_Imam Musa Bn Ja'far Mosque,28
97,75_Seyedoshohada Mosque,25
97,76_Sahebazaman Mosque,23
97,77_Imam Hosein Mosque,22
97,78_Hazrat Mahdi Mosque,32
97,79_Sahebazaman Mosque,34
97,80_Moslem ebn Aghil Mosque,44
97,81_Imam Hadi Mosque,45
97,82_Fatemeh Al-Zahra Mosque,60
97,83_Sahebazaman Mosque,57
97,84_Imam Hasan Asgari Mosque,57
97,85_Imam Hosein Mosque,67
97,86_JavadoAemeh Mosque,64
97,87_Hossein Mosque,66
97,88_Khajeh Shohada Mosque,57
97,89_Fatemeh Zahra Mosque,60
97,90_AghaMirAbdolSamad Taghavi Mosque,52
97,91_Shahid thales Mosque,39
97,92_Chahardah Masoum Mosque,46
97,93_Haj GholamHosein Mosque,45
97,94_Hojjati Mosque,37
97,95_Mohammad Khan Beg Mosque,32
97,96_Maleki Jonoubi Mosque,33
97,97_Maleki Shomali Mosque,34
97,98_Molem ebn Aghil Hosseinieh,17
97,99_Yadegar Imam Hosseinieh,68
97,100_Dastgheyb Mosque,40
97,101_Agha Seyyed Jamal Hosseinieh,55
99,01_Sajadiye Mosque,47
99,02_Halime khatun,49
99,03_Masjed Hazrate Fateme Zahra,44
99,04_Molabashi,42
99,05_Hoseynie Razavi,48
99,06_Soukhte chenar Mosque,43
99,07_Sotudeh Mosque,42
99,08_Agha seyed Ali Mosque,47
99,09_Shishegar Mosque,47
99,10_Emamzadeh Ali,45
99,11_Fatemeh AlZahra Mosque,27
99,12_Haj Mousa,50
99,13_Haj Kazem Mosque,46
99,14_Imamا Hasan Asgari Mosque,33
99,15_Emamzadeh Esmaeil,50
99,16_Sar Allah Masque,41
99,17_Ameneh Khatoon,49
99,18_Mohammadie Mosque,52
99,19_Sabz Mosque,61
99,20_,49
99,21_,52
99,22_Imam Jafar Sadegh Mosque,24
99,23_Javad Aemmeh Mosque,22
99,24_Imam Hossein Mosque,44
99,25_Abolfazl Mosque,38
99,26_Maktab Zehra,36
99,27_Ahmad Beik Mosque,50
99,28_Almahdi Mosque,46
99,29_Fateme Zahra Mosque,49
99,30_Rah Chaman Mosque,46
99,31_Haft Dar Mosque,51
99,32_Mosque,44
99,33_Laal Mosque,59
99,34_Imam Hassan Mosque,49
99,35_14th Masoom Mosque,42
99,36_,62
99,37_Emam Ali Mosque,58
99,38_,30
99,39_,55
99,40_,58
99,41_,19
99,42_,49
99,43_,15
99,44_,45
99,45_,42
99,46_Qadir mosque,17
99,47_Imam Reza Mosque,22
99,48_Velayat,27
99,49_Mohammad Rasolallah Mosque,41
99,50_Emamzadeh Hossein shrine,59
99,51_Sanjideh Mosque,52
99,52_Panje Ali Mosque,48
99,53_Hazrat Abolfazl,20
99,54_Tomb of The Four Prophets,42
99,55_Emam Khomeini Mosque,36
99,56_Emamzadeh Soltan Seyed Mohamad,65
99,57_Al Mahdi Mosque,43
99,58_,24
99,59_,30
99,60_Nabi Mosque,49
99,61_Jameh Mosque of Qazvin,55
99,62_Sheykhol Eslam Mosque,53
99,63_Valiasr Mosque,38
99,64_JavadolAemmeh Mosque,49
99,65_Teflane Moslem Mosque,60
99,66_Tagh Bohloul Mosque,53
99,67_Shahid Sales Mosque,55
99,68_Dabbaghan Mosque,57
99,69_Haj Molla Aqa Mosque,45
99,70_Karim Ahle Beyt Mosque,46
99,71_Ghods Razavi Mosque,42
99,72_Adl Ghaem Mosque,37
99,73_Hazrat Abolfazl Mosque,46
99,74_Imam Musa Bn Ja'far Mosque,38
99,75_Seyedoshohada Mosque,43
99,76_Sahebazaman Mosque,43
99,77_Imam Hosein Mosque,43
99,78_Hazrat Mahdi Mosque,30
99,79_Sahebazaman Mosque,30
99,80_Moslem ebn Aghil Mosque,52
99,81_Imam Hadi Mosque,41
99,82_Fatemeh Al-Zahra Mosque,28
99,83_Sahebazaman Mosque,17
99,84_Imam Hasan Asgari Mosque,15
99,85_Imam Hosein Mosque,58
99,86_JavadoAemeh Mosque,56
99,87_Hossein Mosque,58
99,88_Khajeh Shohada Mosque,66
99,89_Fatemeh Zahra Mosque,73
99,90_AghaMirAbdolSamad Taghavi Mosque,58
99,91_Shahid thales Mosque,53
99,92_Chahardah Masoum Mosque,60
99,93_Haj GholamHosein Mosque,59
99,94_Hojjati Mosque,52
99,95_Mohammad Khan Beg Mosque,50
99,96_Maleki Jonoubi Mosque,48
99,97_Maleki Shomali Mosque,48
99,98_Molem ebn Aghil Hosseinieh,47
99,99_Yadegar Imam Hosseinieh,33
99,100_Dastgheyb Mosque,54
99,101_Agha Seyyed Jamal Hosseinieh,57
100,01_Sajadiye Mosque,55
100,02_Halime khatun,39
100,03_Masjed Hazrate Fateme Zahra,44
100,04_Molabashi,46
100,05_Hoseynie Razavi,41
100,06_Soukhte chenar Mosque,46
100,07_Sotudeh Mosque,45
100,08_Agha seyed Ali Mosque,41
100,09_Shishegar Mosque,36
100,10_Emamzadeh Ali,54
100,11_Fatemeh AlZahra Mosque,60
100,12_Haj Mousa,38
100,13_Haj Kazem Mosque,40
100,14_Imamا Hasan Asgari Mosque,29
100,15_Emamzadeh Esmaeil,55
100,16_Sar Allah Masque,43
100,17_Ameneh Khatoon,57
100,18_Mohammadie Mosque,59
100,19_Sabz Mosque,52
100,20_,36
100,21_,46
100,22_Imam Jafar Sadegh Mosque,44
100,23_Javad Aemmeh Mosque,60
100,24_Imam Hossein Mosque,51
100,25_Abolfazl Mosque,43
100,26_Maktab Zehra,42
100,27_Ahmad Beik Mosque,38
100,28_Almahdi Mosque,55
100,29_Fateme Zahra Mosque,18
100,30_Rah Chaman Mosque,54
100,31_Haft Dar Mosque,51
100,32_Mosque,50
100,33_Laal Mosque,57
100,34_Imam Hassan Mosque,41
100,35_14th Masoom Mosque,32
100,36_,59
100,37_Emam Ali Mosque,37
100,38_,59
100,39_,45
100,40_,52
100,41_,61
100,42_,48
100,43_,44
100,44_,29
100,45_,46
100,46_Qadir mosque,54
100,47_Imam Reza Mosque,55
100,48_Velayat,37
100,49_Mohammad Rasolallah Mosque,48
100,50_Emamzadeh Hossein shrine,67
100,51_Sanjideh Mosque,60
100,52_Panje Ali Mosque,52
100,53_Hazrat Abolfazl,41
100,54_Tomb of The Four Prophets,49
100,55_Emam Khomeini Mosque,28
100,56_Emamzadeh Soltan Seyed Mohamad,54
100,57_Al Mahdi Mosque,20
100,58_,44
100,59_,45
100,60_Nabi Mosque,45
100,61_Jameh Mosque of Qazvin,62
100,62_Sheykhol Eslam Mosque,59
100,63_Valiasr Mosque,44
100,64_JavadolAemmeh Mosque,38
100,65_Teflane Moslem Mosque,71
100,66_Tagh Bohloul Mosque,62
100,67_Shahid Sales Mosque,63
100,68_Dabbaghan Mosque,63
100,69_Haj Molla Aqa Mosque,43
100,70_Karim Ahle Beyt Mosque,35
100,71_Ghods Razavi Mosque,51
100,72_Adl Ghaem Mosque,50
100,73_Hazrat Abolfazl Mosque,35
100,74_Imam Musa Bn Ja'far Mosque,35
100,75_Seyedoshohada Mosque,33
100,76_Sahebazaman Mosque,32
100,77_Imam Hosein Mosque,33
100,78_Hazrat Mahdi Mosque,35
100,79_Sahebazaman Mosque,38
100,80_Moslem ebn Aghil Mosque,33
100,81_Imam Hadi Mosque,36
100,82_Fatemeh Al-Zahra Mosque,61
100,83_Sahebazaman Mosque,53
100,84_Imam Hasan Asgari Mosque,51
100,85_Imam Hosein Mosque,70
100,86_JavadoAemeh Mosque,67
100,87_Hossein Mosque,69
100,88_Khajeh Shohada Mosque,60
100,89_Fatemeh Zahra Mosque,63
100,90_AghaMirAbdolSamad Taghavi Mosque,55
100,91_Shahid thales Mosque,42
100,92_Chahardah Masoum Mosque,49
100,93_Haj GholamHosein Mosque,48
100,94_Hojjati Mosque,40
100,95_Mohammad Khan Beg Mosque,35
100,96_Maleki Jonoubi Mosque,36
100,97_Maleki Shomali Mosque,37
100,98_Molem ebn Aghil Hosseinieh,31
100,99_Yadegar Imam Hosseinieh,64
100,100_Dastgheyb Mosque,43
100,101_Agha Seyyed Jamal Hosseinieh,58
98,01_Sajadiye Mosque,48
98,02_Halime khatun,34
98,03_Masjed Hazrate Fateme Zahra,39
98,04_Molabashi,41
98,05_Hoseynie Razavi,36
98,06_Soukhte chenar Mosque,41
98,07_Sotudeh Mosque,40
98,08_Agha seyed Ali Mosque,36
98,09_Shishegar Mosque,31
98,10_Emamzadeh Ali,47
98,11_Fatemeh AlZahra Mosque,51
98,12_Haj Mousa,33
98,13_Haj Kazem Mosque,35
98,14_Imamا Hasan Asgari Mosque,17
98,15_Emamzadeh Esmaeil,50
98,16_Sar Allah Masque,38
98,17_Ameneh Khatoon,51
98,18_Mohammadie Mosque,54
98,19_Sabz Mosque,47
98,20_,31
98,21_,41
98,22_Imam Jafar Sadegh Mosque,31
98,23_Javad Aemmeh Mosque,52
98,24_Imam Hossein Mosque,44
98,25_Abolfazl Mosque,36
98,26_Maktab Zehra,35
98,27_Ahmad Beik Mosque,33
98,28_Almahdi Mosque,50
98,29_Fateme Zahra Mosque,28
98,30_Rah Chaman Mosque,47
98,31_Haft Dar Mosque,46
98,32_Mosque,43
98,33_Laal Mosque,52
98,34_Imam Hassan Mosque,36
98,35_14th Masoom Mosque,27
98,36_,54
98,37_Emam Ali Mosque,40
98,38_,52
98,39_,40
98,40_,47
98,41_,46
98,42_,43
98,43_,31
98,44_,29
98,45_,41
98,46_Qadir mosque,44
98,47_Imam Reza Mosque,48
98,48_Velayat,30
98,49_Mohammad Rasolallah Mosque,43
98,50_Emamzadeh Hossein shrine,62
98,51_Sanjideh Mosque,53
98,52_Panje Ali Mosque,47
98,53_Hazrat Abolfazl,32
98,54_Tomb of The Four Prophets,44
98,55_Emam Khomeini Mosque,23
98,56_Emamzadeh Soltan Seyed Mohamad,49
98,57_Al Mahdi Mosque,26
98,58_,31
98,59_,38
98,60_Nabi Mosque,40
98,61_Jameh Mosque of Qazvin,57
98,62_Sheykhol Eslam Mosque,54
98,63_Valiasr Mosque,37
98,64_JavadolAemmeh Mosque,33
98,65_Teflane Moslem Mosque,66
98,66_Tagh Bohloul Mosque,57
98,67_Shahid Sales Mosque,58
98,68_Dabbaghan Mosque,58
98,69_Haj Molla Aqa Mosque,38
98,70_Karim Ahle Beyt Mosque,30
98,71_Ghods Razavi Mosque,44
98,72_Adl Ghaem Mosque,45
98,73_Hazrat Abolfazl Mosque,29
98,74_Imam Musa Bn Ja'far Mosque,29
98,75_Seyedoshohada Mosque,28
98,76_Sahebazaman Mosque,27
98,77_Imam Hosein Mosque,28
98,78_Hazrat Mahdi Mosque,28
98,79_Sahebazaman Mosque,31
98,80_Moslem ebn Aghil Mosque,35
98,81_Imam Hadi Mosque,32
98,82_Fatemeh Al-Zahra Mosque,50
98,83_Sahebazaman Mosque,43
98,84_Imam Hasan Asgari Mosque,38
98,85_Imam Hosein Mosque,65
98,86_JavadoAemeh Mosque,62
98,87_Hossein Mosque,64
98,88_Khajeh Shohada Mosque,55
98,89_Fatemeh Zahra Mosque,58
98,90_AghaMirAbdolSamad Taghavi Mosque,50
98,91_Shahid thales Mosque,37
98,92_Chahardah Masoum Mosque,44
98,93_Haj GholamHosein Mosque,43
98,94_Hojjati Mosque,35
98,95_Mohammad Khan Beg Mosque,30
98,96_Maleki Jonoubi Mosque,31
98,97_Maleki Shomali Mosque,32
98,98_Molem ebn Aghil Hosseinieh,26
98,99_Yadegar Imam Hosseinieh,52
98,100_Dastgheyb Mosque,38
98,101_Agha Seyyed Jamal Hosseinieh,53
101,01_Sajadiye Mosque,49
101,02_Halime khatun,50
101,03_Masjed Hazrate Fateme Zahra,46
101,04_Molabashi,45
101,05_Hoseynie Razavi,49
101,06_Soukhte chenar Mosque,44
101,07_Sotudeh Mosque,43
101,08_Agha seyed Ali Mosque,50
101,09_Shishegar Mosque,48
101,10_Emamzadeh Ali,48
101,11_Fatemeh AlZahra Mosque,18
101,12_Haj Mousa,50
101,13_Haj Kazem Mosque,48
101,14_Imamا Hasan Asgari Mosque,48
101,15_Emamzadeh Esmaeil,53
101,16_Sar Allah Masque,44
101,17_Ameneh Khatoon,51
101,18_Mohammadie Mosque,55
101,19_Sabz Mosque,62
101,20_,51
101,21_,55
101,22_Imam Jafar Sadegh Mosque,34
101,23_Javad Aemmeh Mosque,4
101,24_Imam Hossein Mosque,44
101,25_Abolfazl Mosque,40
101,26_Maktab Zehra,36
101,27_Ahmad Beik Mosque,51
101,28_Almahdi Mosque,46
101,29_Fateme Zahra Mosque,65
101,30_Rah Chaman Mosque,48
101,31_Haft Dar Mosque,54
101,32_Mosque,45
101,33_Laal Mosque,62
101,34_Imam Hassan Mosque,50
101,35_14th Masoom Mosque,51
101,36_,65
101,37_Emam Ali Mosque,75
101,38_,29
101,39_,56
101,40_,61
101,41_,17
101,42_,52
101,43_,30
101,44_,56
101,45_,45
101,46_Qadir mosque,23
101,47_Imam Reza Mosque,25
101,48_Velayat,29
101,49_Mohammad Rasolallah Mosque,41
101,50_Emamzadeh Hossein shrine,60
101,51_Sanjideh Mosque,55
101,52_Panje Ali Mosque,51
101,53_Hazrat Abolfazl,36
101,54_Tomb of The Four Prophets,45
101,55_Emam Khomeini Mosque,50
101,56_Emamzadeh Soltan Seyed Mohamad,65
101,57_Al Mahdi Mosque,61
101,58_,34
101,59_,30
101,60_Nabi Mosque,52
101,61_Jameh Mosque of Qazvin,57
101,62_Sheykhol Eslam Mosque,56
101,63_Valiasr Mosque,40
101,64_JavadolAemmeh Mosque,50
101,65_Teflane Moslem Mosque,61
101,66_Tagh Bohloul Mosque,54
101,67_Shahid Sales Mosque,57
101,68_Dabbaghan Mosque,59
101,69_Haj Molla Aqa Mosque,48
101,70_Karim Ahle Beyt Mosque,48
101,71_Ghods Razavi Mosque,42
101,72_Adl Ghaem Mosque,39
101,73_Hazrat Abolfazl Mosque,50
101,74_Imam Musa Bn Ja'far Mosque,45
101,75_Seyedoshohada Mosque,51
101,76_Sahebazaman Mosque,51
101,77_Imam Hosein Mosque,51
101,78_Hazrat Mahdi Mosque,42
101,79_Sahebazaman Mosque,40
101,80_Moslem ebn Aghil Mosque,68
101,81_Imam Hadi Mosque,49
101,82_Fatemeh Al-Zahra Mosque,22
101,83_Sahebazaman Mosque,23
101,84_Imam Hasan Asgari Mosque,24
101,85_Imam Hosein Mosque,59
101,86_JavadoAemeh Mosque,57
101,87_Hossein Mosque,59
101,88_Khajeh Shohada Mosque,69
101,89_Fatemeh Zahra Mosque,76
101,90_AghaMirAbdolSamad Taghavi Mosque,61
101,91_Shahid thales Mosque,54
101,92_Chahardah Masoum Mosque,61
101,93_Haj GholamHosein Mosque,60
101,94_Hojjati Mosque,52
101,95_Mohammad Khan Beg Mosque,51
101,96_Maleki Jonoubi Mosque,49
101,97_Maleki Shomali Mosque,49
101,98_Molem ebn Aghil Hosseinieh,56
101,99_Yadegar Imam Hosseinieh,32
101,100_Dastgheyb Mosque,55
101,101_Agha Seyyed Jamal Hosseinieh,60
102,01_Sajadiye Mosque,54
102,02_Halime khatun,49
102,03_Masjed Hazrate Fateme Zahra,44
102,04_Molabashi,42
102,05_Hoseynie Razavi,48
102,06_Soukhte chenar Mosque,43
102,07_Sotudeh Mosque,42
102,08_Agha seyed Ali Mosque,47
102,09_Shishegar Mosque,48
102,10_Emamzadeh Ali,52
102,11_Fatemeh AlZahra Mosque,3
102,12_Haj Mousa,51
102,13_Haj Kazem Mosque,46
102,14_Imamا Hasan Asgari Mosque,48
102,15_Emamzadeh Esmaeil,50
102,16_Sar Allah Masque,41
102,17_Ameneh Khatoon,53
102,18_Mohammadie Mosque,55
102,19_Sabz Mosque,61
102,20_,49
102,21_,52
102,22_Imam Jafar Sadegh Mosque,29
102,23_Javad Aemmeh Mosque,20
102,24_Imam Hossein Mosque,48
102,25_Abolfazl Mosque,44
102,26_Maktab Zehra,41
102,27_Ahmad Beik Mosque,50
102,28_Almahdi Mosque,48
102,29_Fateme Zahra Mosque,62
102,30_Rah Chaman Mosque,52
102,31_Haft Dar Mosque,51
102,32_Mosque,49
102,33_Laal Mosque,60
102,34_Imam Hassan Mosque,49
102,35_14th Masoom Mosque,51
102,36_,63
102,37_Emam Ali Mosque,76
102,38_,33
102,39_,56
102,40_,58
102,41_,16
102,42_,49
102,43_,28
102,44_,56
102,45_,42
102,46_Qadir mosque,24
102,47_Imam Reza Mosque,24
102,48_Velayat,28
102,49_Mohammad Rasolallah Mosque,43
102,50_Emamzadeh Hossein shrine,61
102,51_Sanjideh Mosque,59
102,52_Panje Ali Mosque,48
102,53_Hazrat Abolfazl,36
102,54_Tomb of The Four Prophets,42
102,55_Emam Khomeini Mosque,47
102,56_Emamzadeh Soltan Seyed Mohamad,65
102,57_Al Mahdi Mosque,61
102,58_,29
102,59_,32
102,60_Nabi Mosque,49
102,61_Jameh Mosque of Qazvin,57
102,62_Sheykhol Eslam Mosque,53
102,63_Valiasr Mosque,44
102,64_JavadolAemmeh Mosque,51
102,65_Teflane Moslem Mosque,64
102,66_Tagh Bohloul Mosque,56
102,67_Shahid Sales Mosque,58
102,68_Dabbaghan Mosque,59
102,69_Haj Molla Aqa Mosque,45
102,70_Karim Ahle Beyt Mosque,45
102,71_Ghods Razavi Mosque,46
102,72_Adl Ghaem Mosque,36
102,73_Hazrat Abolfazl Mosque,47
102,74_Imam Musa Bn Ja'far Mosque,45
102,75_Seyedoshohada Mosque,51
102,76_Sahebazaman Mosque,51
102,77_Imam Hosein Mosque,51
102,78_Hazrat Mahdi Mosque,40
102,79_Sahebazaman Mosque,39
102,80_Moslem ebn Aghil Mosque,67
102,81_Imam Hadi Mosque,49
102,82_Fatemeh Al-Zahra Mosque,15
102,83_Sahebazaman Mosque,18
102,84_Imam Hasan Asgari Mosque,22
102,85_Imam Hosein Mosque,62
102,86_JavadoAemeh Mosque,60
102,87_Hossein Mosque,62
102,88_Khajeh Shohada Mosque,66
102,89_Fatemeh Zahra Mosque,73
102,90_AghaMirAbdolSamad Taghavi Mosque,58
102,91_Shahid thales Mosque,54
102,92_Chahardah Masoum Mosque,61
102,93_Haj GholamHosein Mosque,60
102,94_Hojjati Mosque,53
102,95_Mohammad Khan Beg Mosque,49
102,96_Maleki Jonoubi Mosque,50
102,97_Maleki Shomali Mosque,50
102,98_Molem ebn Aghil Hosseinieh,59
102,99_Yadegar Imam Hosseinieh,23
102,100_Dastgheyb Mosque,55
102,101_Agha Seyyed Jamal Hosseinieh,58
103,01_Sajadiye Mosque,53
103,02_Halime khatun,51
103,03_Masjed Hazrate Fateme Zahra,46
103,04_Molabashi,44
103,05_Hoseynie Razavi,50
103,06_Soukhte chenar Mosque,45
103,07_Sotudeh Mosque,44
103,08_Agha seyed Ali Mosque,49
103,09_Shishegar Mosque,50
103,10_Emamzadeh Ali,51
103,11_Fatemeh AlZahra Mosque,5
103,12_Haj Mousa,53
103,13_Haj Kazem Mosque,48
103,14_Imamا Hasan Asgari Mosque,46
103,15_Emamzadeh Esmaeil,52
103,16_Sar Allah Masque,43
103,17_Ameneh Khatoon,52
103,18_Mohammadie Mosque,56
103,19_Sabz Mosque,63
103,20_,51
103,21_,54
103,22_Imam Jafar Sadegh Mosque,27
103,23_Javad Aemmeh Mosque,23
103,24_Imam Hossein Mosque,46
103,25_Abolfazl Mosque,43
103,26_Maktab Zehra,40
103,27_Ahmad Beik Mosque,52
103,28_Almahdi Mosque,50
103,29_Fateme Zahra Mosque,63
103,30_Rah Chaman Mosque,51
103,31_Haft Dar Mosque,53
103,32_Mosque,49
103,33_Laal Mosque,61
103,34_Imam Hassan Mosque,51
103,35_14th Masoom Mosque,50
103,36_,64
103,37_Emam Ali Mosque,73
103,38_,34
103,39_,58
103,40_,60
103,41_,13
103,42_,51
103,43_,26
103,44_,53
103,45_,44
103,46_Qadir mosque,25
103,47_Imam Reza Mosque,25
103,48_Velayat,28
103,49_Mohammad Rasolallah Mosque,45
103,50_Emamzadeh Hossein shrine,61
103,51_Sanjideh Mosque,58
103,52_Panje Ali Mosque,50
103,53_Hazrat Abolfazl,36
103,54_Tomb of The Four Prophets,44
103,55_Emam Khomeini Mosque,48
103,56_Emamzadeh Soltan Seyed Mohamad,67
103,57_Al Mahdi Mosque,62
103,58_,27
103,59_,32
103,60_Nabi Mosque,51
103,61_Jameh Mosque of Qazvin,57
103,62_Sheykhol Eslam Mosque,55
103,63_Valiasr Mosque,43
103,64_JavadolAemmeh Mosque,53
103,65_Teflane Moslem Mosque,62
103,66_Tagh Bohloul Mosque,55
103,67_Shahid Sales Mosque,57
103,68_Dabbaghan Mosque,59
103,69_Haj Molla Aqa Mosque,47
103,70_Karim Ahle Beyt Mosque,47
103,71_Ghods Razavi Mosque,46
103,72_Adl Ghaem Mosque,38
103,73_Hazrat Abolfazl Mosque,49
103,74_Imam Musa Bn Ja'far Mosque,44
103,75_Seyedoshohada Mosque,50
103,76_Sahebazaman Mosque,50
103,77_Imam Hosein Mosque,50
103,78_Hazrat Mahdi Mosque,40
103,79_Sahebazaman Mosque,38
103,80_Moslem ebn Aghil Mosque,66
103,81_Imam Hadi Mosque,46
103,82_Fatemeh Al-Zahra Mosque,12
103,83_Sahebazaman Mosque,16
103,84_Imam Hasan Asgari Mosque,20
103,85_Imam Hosein Mosque,60
103,86_JavadoAemeh Mosque,58
103,87_Hossein Mosque,60
103,88_Khajeh Shohada Mosque,68
103,89_Fatemeh Zahra Mosque,75
103,90_AghaMirAbdolSamad Taghavi Mosque,60
103,91_Shahid thales Mosque,56
103,92_Chahardah Masoum Mosque,63
103,93_Haj GholamHosein Mosque,62
103,94_Hojjati Mosque,55
103,95_Mohammad Khan Beg Mosque,51
103,96_Maleki Jonoubi Mosque,52
103,97_Maleki Shomali Mosque,52
103,98_Molem ebn Aghil Hosseinieh,60
103,99_Yadegar Imam Hosseinieh,17
103,100_Dastgheyb Mosque,57
103,101_Agha Seyyed Jamal Hosseinieh,59
104,01_Sajadiye Mosque,63
104,02_Halime khatun,59
104,03_Masjed Hazrate Fateme Zahra,54
104,04_Molabashi,52
104,05_Hoseynie Razavi,58
104,06_Soukhte chenar Mosque,53
104,07_Sotudeh Mosque,52
104,08_Agha seyed Ali Mosque,57
104,09_Shishegar Mosque,58
104,10_Emamzadeh Ali,62
104,11_Fatemeh AlZahra Mosque,12
104,12_Haj Mousa,61
104,13_Haj Kazem Mosque,56
104,14_Imamا Hasan Asgari Mosque,56
104,15_Emamzadeh Esmaeil,60
104,16_Sar Allah Masque,51
104,17_Ameneh Khatoon,62
104,18_Mohammadie Mosque,65
104,19_Sabz Mosque,71
104,20_,59
104,21_,62
104,22_Imam Jafar Sadegh Mosque,34
104,23_Javad Aemmeh Mosque,31
104,24_Imam Hossein Mosque,57
104,25_Abolfazl Mosque,54
104,26_Maktab Zehra,50
104,27_Ahmad Beik Mosque,60
104,28_Almahdi Mosque,58
104,29_Fateme Zahra Mosque,72
104,30_Rah Chaman Mosque,62
104,31_Haft Dar Mosque,61
104,32_Mosque,59
104,33_Laal Mosque,70
104,34_Imam Hassan Mosque,59
104,35_14th Masoom Mosque,60
104,36_,72
104,37_Emam Ali Mosque,84
104,38_,43
104,39_,66
104,40_,68
104,41_,26
104,42_,59
104,43_,33
104,44_,64
104,45_,52
104,46_Qadir mosque,34
104,47_Imam Reza Mosque,34
104,48_Velayat,37
104,49_Mohammad Rasolallah Mosque,53
104,50_Emamzadeh Hossein shrine,71
104,51_Sanjideh Mosque,69
104,52_Panje Ali Mosque,58
104,53_Hazrat Abolfazl,44
104,54_Tomb of The Four Prophets,52
104,55_Emam Khomeini Mosque,56
104,56_Emamzadeh Soltan Seyed Mohamad,75
104,57_Al Mahdi Mosque,69
104,58_,34
104,59_,41
104,60_Nabi Mosque,59
104,61_Jameh Mosque of Qazvin,67
104,62_Sheykhol Eslam Mosque,63
104,63_Valiasr Mosque,54
104,64_JavadolAemmeh Mosque,61
104,65_Teflane Moslem Mosque,73
104,66_Tagh Bohloul Mosque,65
104,67_Shahid Sales Mosque,67
104,68_Dabbaghan Mosque,69
104,69_Haj Molla Aqa Mosque,55
104,70_Karim Ahle Beyt Mosque,55
104,71_Ghods Razavi Mosque,56
104,72_Adl Ghaem Mosque,46
104,73_Hazrat Abolfazl Mosque,57
104,74_Imam Musa Bn Ja'far Mosque,54
104,75_Seyedoshohada Mosque,60
104,76_Sahebazaman Mosque,60
104,77_Imam Hosein Mosque,60
104,78_Hazrat Mahdi Mosque,48
104,79_Sahebazaman Mosque,47
104,80_Moslem ebn Aghil Mosque,76
104,81_Imam Hadi Mosque,57
104,82_Fatemeh Al-Zahra Mosque,24
104,83_Sahebazaman Mosque,25
104,84_Imam Hasan Asgari Mosque,28
104,85_Imam Hosein Mosque,72
104,86_JavadoAemeh Mosque,69
104,87_Hossein Mosque,71
104,88_Khajeh Shohada Mosque,76
104,89_Fatemeh Zahra Mosque,83
104,90_AghaMirAbdolSamad Taghavi Mosque,68
104,91_Shahid thales Mosque,64
104,92_Chahardah Masoum Mosque,71
104,93_Haj GholamHosein Mosque,70
104,94_Hojjati Mosque,63
104,95_Mohammad Khan Beg Mosque,59
104,96_Maleki Jonoubi Mosque,60
104,97_Maleki Shomali Mosque,60
104,98_Molem ebn Aghil Hosseinieh,69
104,99_Yadegar Imam Hosseinieh,17
104,100_Dastgheyb Mosque,65
104,101_Agha Seyyed Jamal Hosseinieh,67
105,01_Sajadiye Mosque,54
105,02_Halime khatun,57
105,03_Masjed Hazrate Fateme Zahra,52
105,04_Molabashi,50
105,05_Hoseynie Razavi,56
105,06_Soukhte chenar Mosque,51
105,07_Sotudeh Mosque,50
105,08_Agha seyed Ali Mosque,55
105,09_Shishegar Mosque,56
105,10_Emamzadeh Ali,53
105,11_Fatemeh AlZahra Mosque,19
105,12_Haj Mousa,59
105,13_Haj Kazem Mosque,54
105,14_Imamا Hasan Asgari Mosque,42
105,15_Emamzadeh Esmaeil,58
105,16_Sar Allah Masque,49
105,17_Ameneh Khatoon,56
105,18_Mohammadie Mosque,60
105,19_Sabz Mosque,69
105,20_,57
105,21_,60
105,22_Imam Jafar Sadegh Mosque,23
105,23_Javad Aemmeh Mosque,29
105,24_Imam Hossein Mosque,49
105,25_Abolfazl Mosque,45
105,26_Maktab Zehra,43
105,27_Ahmad Beik Mosque,58
105,28_Almahdi Mosque,56
105,29_Fateme Zahra Mosque,62
105,30_Rah Chaman Mosque,53
105,31_Haft Dar Mosque,59
105,32_Mosque,52
105,33_Laal Mosque,67
105,34_Imam Hassan Mosque,57
105,35_14th Masoom Mosque,52
105,36_,70
105,37_Emam Ali Mosque,69
105,38_,40
105,39_,64
105,40_,66
105,41_,16
105,42_,57
105,43_,22
105,44_,49
105,45_,50
105,46_Qadir mosque,31
105,47_Imam Reza Mosque,31
105,48_Velayat,34
105,49_Mohammad Rasolallah Mosque,51
105,50_Emamzadeh Hossein shrine,64
105,51_Sanjideh Mosque,60
105,52_Panje Ali Mosque,56
105,53_Hazrat Abolfazl,38
105,54_Tomb of The Four Prophets,50
105,55_Emam Khomeini Mosque,49
105,56_Emamzadeh Soltan Seyed Mohamad,73
105,57_Al Mahdi Mosque,59
105,58_,23
105,59_,38
105,60_Nabi Mosque,57
105,61_Jameh Mosque of Qazvin,62
105,62_Sheykhol Eslam Mosque,61
105,63_Valiasr Mosque,45
105,64_JavadolAemmeh Mosque,59
105,65_Teflane Moslem Mosque,65
105,66_Tagh Bohloul Mosque,58
105,67_Shahid Sales Mosque,61
105,68_Dabbaghan Mosque,64
105,69_Haj Molla Aqa Mosque,53
105,70_Karim Ahle Beyt Mosque,53
105,71_Ghods Razavi Mosque,51
105,72_Adl Ghaem Mosque,44
105,73_Hazrat Abolfazl Mosque,55
105,74_Imam Musa Bn Ja'far Mosque,46
105,75_Seyedoshohada Mosque,52
105,76_Sahebazaman Mosque,52
105,77_Imam Hosein Mosque,52
105,78_Hazrat Mahdi Mosque,40
105,79_Sahebazaman Mosque,40
105,80_Moslem ebn Aghil Mosque,62
105,81_Imam Hadi Mosque,42
105,82_Fatemeh Al-Zahra Mosque,7
105,83_Sahebazaman Mosque,11
105,84_Imam Hasan Asgari Mosque,18
105,85_Imam Hosein Mosque,63
105,86_JavadoAemeh Mosque,61
105,87_Hossein Mosque,63
105,88_Khajeh Shohada Mosque,74
105,89_Fatemeh Zahra Mosque,81
105,90_AghaMirAbdolSamad Taghavi Mosque,66
105,91_Shahid thales Mosque,62
105,92_Chahardah Masoum Mosque,69
105,93_Haj GholamHosein Mosque,68
105,94_Hojjati Mosque,61
105,95_Mohammad Khan Beg Mosque,57
105,96_Maleki Jonoubi Mosque,58
105,97_Maleki Shomali Mosque,58
105,98_Molem ebn Aghil Hosseinieh,60
105,99_Yadegar Imam Hosseinieh,18
105,100_Dastgheyb Mosque,63
105,101_Agha Seyyed Jamal Hosseinieh,65
107,01_Sajadiye Mosque,54
107,02_Halime khatun,39
107,03_Masjed Hazrate Fateme Zahra,44
107,04_Molabashi,46
107,05_Hoseynie Razavi,41
107,06_Soukhte chenar Mosque,46
107,07_Sotudeh Mosque,45
107,08_Agha seyed Ali Mosque,41
107,09_Shishegar Mosque,36
107,10_Emamzadeh Ali,53
107,11_Fatemeh AlZahra Mosque,59
107,12_Haj Mousa,38
107,13_Haj Kazem Mosque,40
107,14_Imamا Hasan Asgari Mosque,29
107,15_Emamzadeh Esmaeil,55
107,16_Sar Allah Masque,43
107,17_Ameneh Khatoon,56
107,18_Mohammadie Mosque,59
107,19_Sabz Mosque,52
107,20_,36
107,21_,46
107,22_Imam Jafar Sadegh Mosque,43
107,23_Javad Aemmeh Mosque,59
107,24_Imam Hossein Mosque,50
107,25_Abolfazl Mosque,42
107,26_Maktab Zehra,41
107,27_Ahmad Beik Mosque,38
107,28_Almahdi Mosque,55
107,29_Fateme Zahra Mosque,30
107,30_Rah Chaman Mosque,53
107,31_Haft Dar Mosque,51
107,32_Mosque,49
107,33_Laal Mosque,57
107,34_Imam Hassan Mosque,41
107,35_14th Masoom Mosque,32
107,36_,59
107,37_Emam Ali Mosque,36
107,38_,58
107,39_,45
107,40_,52
107,41_,60
107,42_,48
107,43_,43
107,44_,25
107,45_,46
107,46_Qadir mosque,54
107,47_Imam Reza Mosque,54
107,48_Velayat,36
107,49_Mohammad Rasolallah Mosque,48
107,50_Emamzadeh Hossein shrine,67
107,51_Sanjideh Mosque,59
107,52_Panje Ali Mosque,52
107,53_Hazrat Abolfazl,41
107,54_Tomb of The Four Prophets,49
107,55_Emam Khomeini Mosque,28
107,56_Emamzadeh Soltan Seyed Mohamad,54
107,57_Al Mahdi Mosque,8
107,58_,43
107,59_,44
107,60_Nabi Mosque,45
107,61_Jameh Mosque of Qazvin,62
107,62_Sheykhol Eslam Mosque,59
107,63_Valiasr Mosque,43
107,64_JavadolAemmeh Mosque,38
107,65_Teflane Moslem Mosque,71
107,66_Tagh Bohloul Mosque,62
107,67_Shahid Sales Mosque,63
107,68_Dabbaghan Mosque,63
107,69_Haj Molla Aqa Mosque,43
107,70_Karim Ahle Beyt Mosque,35
107,71_Ghods Razavi Mosque,50
107,72_Adl Ghaem Mosque,50
107,73_Hazrat Abolfazl Mosque,34
107,74_Imam Musa Bn Ja'far Mosque,34
107,75_Seyedoshohada Mosque,33
107,76_Sahebazaman Mosque,32
107,77_Imam Hosein Mosque,33
107,78_Hazrat Mahdi Mosque,34
107,79_Sahebazaman Mosque,37
107,80_Moslem ebn Aghil Mosque,28
107,81_Imam Hadi Mosque,32
107,82_Fatemeh Al-Zahra Mosque,60
107,83_Sahebazaman Mosque,52
107,84_Imam Hasan Asgari Mosque,50
107,85_Imam Hosein Mosque,70
107,86_JavadoAemeh Mosque,67
107,87_Hossein Mosque,69
107,88_Khajeh Shohada Mosque,60
107,89_Fatemeh Zahra Mosque,63
107,90_AghaMirAbdolSamad Taghavi Mosque,55
107,91_Shahid thales Mosque,42
107,92_Chahardah Masoum Mosque,49
107,93_Haj GholamHosein Mosque,48
107,94_Hojjati Mosque,40
107,95_Mohammad Khan Beg Mosque,35
107,96_Maleki Jonoubi Mosque,36
107,97_Maleki Shomali Mosque,37
107,98_Molem ebn Aghil Hosseinieh,31
107,99_Yadegar Imam Hosseinieh,65
107,100_Dastgheyb Mosque,43
107,101_Agha Seyyed Jamal Hosseinieh,58
108,01_Sajadiye Mosque,62
108,02_Halime khatun,47
108,03_Masjed Hazrate Fateme Zahra,52
108,04_Molabashi,54
108,05_Hoseynie Razavi,49
108,06_Soukhte chenar Mosque,54
108,07_Sotudeh Mosque,53
108,08_Agha seyed Ali Mosque,49
108,09_Shishegar Mosque,44
108,10_Emamzadeh Ali,61
108,11_Fatemeh AlZahra Mosque,60
108,12_Haj Mousa,46
108,13_Haj Kazem Mosque,48
108,14_Imamا Hasan Asgari Mosque,26
108,15_Emamzadeh Esmaeil,63
108,16_Sar Allah Masque,51
108,17_Ameneh Khatoon,64
108,18_Mohammadie Mosque,67
108,19_Sabz Mosque,60
108,20_,44
108,21_,54
108,22_Imam Jafar Sadegh Mosque,45
108,23_Javad Aemmeh Mosque,63
108,24_Imam Hossein Mosque,58
108,25_Abolfazl Mosque,50
108,26_Maktab Zehra,49
108,27_Ahmad Beik Mosque,46
108,28_Almahdi Mosque,63
108,29_Fateme Zahra Mosque,37
108,30_Rah Chaman Mosque,61
108,31_Haft Dar Mosque,59
108,32_Mosque,57
108,33_Laal Mosque,65
108,34_Imam Hassan Mosque,49
108,35_14th Masoom Mosque,40
108,36_,67
108,37_Emam Ali Mosque,30
108,38_,66
108,39_,53
108,40_,60
108,41_,61
108,42_,56
108,43_,48
108,44_,19
108,45_,54
108,46_Qadir mosque,62
108,47_Imam Reza Mosque,62
108,48_Velayat,44
108,49_Mohammad Rasolallah Mosque,56
108,50_Emamzadeh Hossein shrine,75
108,51_Sanjideh Mosque,67
108,52_Panje Ali Mosque,60
108,53_Hazrat Abolfazl,49
108,54_Tomb of The Four Prophets,57
108,55_Emam Khomeini Mosque,36
108,56_Emamzadeh Soltan Seyed Mohamad,62
108,57_Al Mahdi Mosque,16
108,58_,45
108,59_,52
108,60_Nabi Mosque,53
108,61_Jameh Mosque of Qazvin,70
108,62_Sheykhol Eslam Mosque,67
108,63_Valiasr Mosque,51
108,64_JavadolAemmeh Mosque,46
108,65_Teflane Moslem Mosque,79
108,66_Tagh Bohloul Mosque,70
108,67_Shahid Sales Mosque,71
108,68_Dabbaghan Mosque,71
108,69_Haj Molla Aqa Mosque,51
108,70_Karim Ahle Beyt Mosque,43
108,71_Ghods Razavi Mosque,58
108,72_Adl Ghaem Mosque,58
108,73_Hazrat Abolfazl Mosque,42
108,74_Imam Musa Bn Ja'far Mosque,42
108,75_Seyedoshohada Mosque,41
108,76_Sahebazaman Mosque,40
108,77_Imam Hosein Mosque,41
108,78_Hazrat Mahdi Mosque,42
108,79_Sahebazaman Mosque,45
108,80_Moslem ebn Aghil Mosque,25
108,81_Imam Hadi Mosque,18
108,82_Fatemeh Al-Zahra Mosque,59
108,83_Sahebazaman Mosque,54
108,84_Imam Hasan Asgari Mosque,53
108,85_Imam Hosein Mosque,78
108,86_JavadoAemeh Mosque,75
108,87_Hossein Mosque,77
108,88_Khajeh Shohada Mosque,68
108,89_Fatemeh Zahra Mosque,71
108,90_AghaMirAbdolSamad Taghavi Mosque,63
108,91_Shahid thales Mosque,50
108,92_Chahardah Masoum Mosque,57
108,93_Haj GholamHosein Mosque,56
108,94_Hojjati Mosque,48
108,95_Mohammad Khan Beg Mosque,43
108,96_Maleki Jonoubi Mosque,44
108,97_Maleki Shomali Mosque,45
108,98_Molem ebn Aghil Hosseinieh,39
108,99_Yadegar Imam Hosseinieh,54
108,100_Dastgheyb Mosque,51
108,101_Agha Seyyed Jamal Hosseinieh,66
109,01_Sajadiye Mosque,56
109,02_Halime khatun,42
109,03_Masjed Hazrate Fateme Zahra,47
109,04_Molabashi,49
109,05_Hoseynie Razavi,44
109,06_Soukhte chenar Mosque,49
109,07_Sotudeh Mosque,48
109,08_Agha seyed Ali Mosque,44
109,09_Shishegar Mosque,39
109,10_Emamzadeh Ali,55
109,11_Fatemeh AlZahra Mosque,62
109,12_Haj Mousa,41
109,13_Haj Kazem Mosque,43
109,14_Imamا Hasan Asgari Mosque,30
109,15_Emamzadeh Esmaeil,58
109,16_Sar Allah Masque,46
109,17_Ameneh Khatoon,59
109,18_Mohammadie Mosque,62
109,19_Sabz Mosque,55
109,20_,39
109,21_,49
109,22_Imam Jafar Sadegh Mosque,46
109,23_Javad Aemmeh Mosque,61
109,24_Imam Hossein Mosque,52
109,25_Abolfazl Mosque,44
109,26_Maktab Zehra,43
109,27_Ahmad Beik Mosque,41
109,28_Almahdi Mosque,58
109,29_Fateme Zahra Mosque,35
109,30_Rah Chaman Mosque,55
109,31_Haft Dar Mosque,54
109,32_Mosque,51
109,33_Laal Mosque,60
109,34_Imam Hassan Mosque,44
109,35_14th Masoom Mosque,35
109,36_,62
109,37_Emam Ali Mosque,30
109,38_,60
109,39_,48
109,40_,55
109,41_,63
109,42_,51
109,43_,46
109,44_,17
109,45_,49
109,46_Qadir mosque,56
109,47_Imam Reza Mosque,56
109,48_Velayat,38
109,49_Mohammad Rasolallah Mosque,51
109,50_Emamzadeh Hossein shrine,70
109,51_Sanjideh Mosque,61
109,52_Panje Ali Mosque,55
109,53_Hazrat Abolfazl,44
109,54_Tomb of The Four Prophets,52
109,55_Emam Khomeini Mosque,31
109,56_Emamzadeh Soltan Seyed Mohamad,57
109,57_Al Mahdi Mosque,6
109,58_,46
109,59_,46
109,60_Nabi Mosque,48
109,61_Jameh Mosque of Qazvin,65
109,62_Sheykhol Eslam Mosque,62
109,63_Valiasr Mosque,45
109,64_JavadolAemmeh Mosque,41
109,65_Teflane Moslem Mosque,74
109,66_Tagh Bohloul Mosque,65
109,67_Shahid Sales Mosque,66
109,68_Dabbaghan Mosque,66
109,69_Haj Molla Aqa Mosque,46
109,70_Karim Ahle Beyt Mosque,38
109,71_Ghods Razavi Mosque,52
109,72_Adl Ghaem Mosque,53
109,73_Hazrat Abolfazl Mosque,37
109,74_Imam Musa Bn Ja'far Mosque,37
109,75_Seyedoshohada Mosque,36
109,76_Sahebazaman Mosque,35
109,77_Imam Hosein Mosque,36
109,78_Hazrat Mahdi Mosque,36
109,79_Sahebazaman Mosque,39
109,80_Moslem ebn Aghil Mosque,18
109,81_Imam Hadi Mosque,26
109,82_Fatemeh Al-Zahra Mosque,63
109,83_Sahebazaman Mosque,55
109,84_Imam Hasan Asgari Mosque,53
109,85_Imam Hosein Mosque,73
109,86_JavadoAemeh Mosque,70
109,87_Hossein Mosque,72
109,88_Khajeh Shohada Mosque,63
109,89_Fatemeh Zahra Mosque,66
109,90_AghaMirAbdolSamad Taghavi Mosque,58
109,91_Shahid thales Mosque,45
109,92_Chahardah Masoum Mosque,52
109,93_Haj GholamHosein Mosque,51
109,94_Hojjati Mosque,43
109,95_Mohammad Khan Beg Mosque,38
109,96_Maleki Jonoubi Mosque,39
109,97_Maleki Shomali Mosque,40
109,98_Molem ebn Aghil Hosseinieh,34
109,99_Yadegar Imam Hosseinieh,63
109,100_Dastgheyb Mosque,46
109,101_Agha Seyyed Jamal Hosseinieh,61
110,01_Sajadiye Mosque,55
110,02_Halime khatun,39
110,03_Masjed Hazrate Fateme Zahra,44
110,04_Molabashi,46
110,05_Hoseynie Razavi,41
110,06_Soukhte chenar Mosque,46
110,07_Sotudeh Mosque,45
110,08_Agha seyed Ali Mosque,41
110,09_Shishegar Mosque,36
110,10_Emamzadeh Ali,54
110,11_Fatemeh AlZahra Mosque,54
110,12_Haj Mousa,38
110,13_Haj Kazem Mosque,40
110,14_Imamا Hasan Asgari Mosque,7
110,15_Emamzadeh Esmaeil,55
110,16_Sar Allah Masque,42
110,17_Ameneh Khatoon,56
110,18_Mohammadie Mosque,59
110,19_Sabz Mosque,52
110,20_,36
110,21_,46
110,22_Imam Jafar Sadegh Mosque,34
110,23_Javad Aemmeh Mosque,56
110,24_Imam Hossein Mosque,51
110,25_Abolfazl Mosque,43
110,26_Maktab Zehra,42
110,27_Ahmad Beik Mosque,38
110,28_Almahdi Mosque,55
110,29_Fateme Zahra Mosque,31
110,30_Rah Chaman Mosque,54
110,31_Haft Dar Mosque,51
110,32_Mosque,50
110,33_Laal Mosque,57
110,34_Imam Hassan Mosque,41
110,35_14th Masoom Mosque,32
110,36_,59
110,37_Emam Ali Mosque,36
110,38_,57
110,39_,45
110,40_,52
110,41_,49
110,42_,48
110,43_,35
110,44_,23
110,45_,46
110,46_Qadir mosque,48
110,47_Imam Reza Mosque,52
110,48_Velayat,35
110,49_Mohammad Rasolallah Mosque,48
110,50_Emamzadeh Hossein shrine,67
110,51_Sanjideh Mosque,60
110,52_Panje Ali Mosque,52
110,53_Hazrat Abolfazl,36
110,54_Tomb of The Four Prophets,49
110,55_Emam Khomeini Mosque,26
110,56_Emamzadeh Soltan Seyed Mohamad,54
110,57_Al Mahdi Mosque,20
110,58_,34
110,59_,43
110,60_Nabi Mosque,45
110,61_Jameh Mosque of Qazvin,62
110,62_Sheykhol Eslam Mosque,59
110,63_Valiasr Mosque,44
110,64_JavadolAemmeh Mosque,38
110,65_Teflane Moslem Mosque,71
110,66_Tagh Bohloul Mosque,62
110,67_Shahid Sales Mosque,63
110,68_Dabbaghan Mosque,63
110,69_Haj Molla Aqa Mosque,43
110,70_Karim Ahle Beyt Mosque,35
110,71_Ghods Razavi Mosque,51
110,72_Adl Ghaem Mosque,49
110,73_Hazrat Abolfazl Mosque,35
110,74_Imam Musa Bn Ja'far Mosque,32
110,75_Seyedoshohada Mosque,32
110,76_Sahebazaman Mosque,30
110,77_Imam Hosein Mosque,31
110,78_Hazrat Mahdi Mosque,31
110,79_Sahebazaman Mosque,34
110,80_Moslem ebn Aghil Mosque,29
110,81_Imam Hadi Mosque,23
110,82_Fatemeh Al-Zahra Mosque,53
110,83_Sahebazaman Mosque,45
110,84_Imam Hasan Asgari Mosque,41
110,85_Imam Hosein Mosque,70
110,86_JavadoAemeh Mosque,67
110,87_Hossein Mosque,69
110,88_Khajeh Shohada Mosque,60
110,89_Fatemeh Zahra Mosque,63
110,90_AghaMirAbdolSamad Taghavi Mosque,55
110,91_Shahid thales Mosque,42
110,92_Chahardah Masoum Mosque,49
110,93_Haj GholamHosein Mosque,48
110,94_Hojjati Mosque,40
110,95_Mohammad Khan Beg Mosque,35
110,96_Maleki Jonoubi Mosque,36
110,97_Maleki Shomali Mosque,37
110,98_Molem ebn Aghil Hosseinieh,29
110,99_Yadegar Imam Hosseinieh,48
110,100_Dastgheyb Mosque,43
110,101_Agha Seyyed Jamal Hosseinieh,58
111,01_Sajadiye Mosque,45
111,02_Halime khatun,44
111,03_Masjed Hazrate Fateme Zahra,44
111,04_Molabashi,43
111,05_Hoseynie Razavi,44
111,06_Soukhte chenar Mosque,44
111,07_Sotudeh Mosque,43
111,08_Agha seyed Ali Mosque,43
111,09_Shishegar Mosque,42
111,10_Emamzadeh Ali,43
111,11_Fatemeh AlZahra Mosque,40
111,12_Haj Mousa,44
111,13_Haj Kazem Mosque,43
111,14_Imamا Hasan Asgari Mosque,22
111,15_Emamzadeh Esmaeil,51
111,16_Sar Allah Masque,39
111,17_Ameneh Khatoon,47
111,18_Mohammadie Mosque,50
111,19_Sabz Mosque,57
111,20_,42
111,21_,49
111,22_Imam Jafar Sadegh Mosque,14
111,23_Javad Aemmeh Mosque,40
111,24_Imam Hossein Mosque,42
111,25_Abolfazl Mosque,36
111,26_Maktab Zehra,35
111,27_Ahmad Beik Mosque,44
111,28_Almahdi Mosque,47
111,29_Fateme Zahra Mosque,39
111,30_Rah Chaman Mosque,44
111,31_Haft Dar Mosque,51
111,32_Mosque,43
111,33_Laal Mosque,56
111,34_Imam Hassan Mosque,45
111,35_14th Masoom Mosque,35
111,36_,58
111,37_Emam Ali Mosque,47
111,38_,45
111,39_,51
111,40_,55
111,41_,33
111,42_,48
111,43_,17
111,44_,35
111,45_,43
111,46_Qadir mosque,31
111,47_Imam Reza Mosque,38
111,48_Velayat,31
111,49_Mohammad Rasolallah Mosque,42
111,50_Emamzadeh Hossein shrine,56
111,51_Sanjideh Mosque,50
111,52_Panje Ali Mosque,49
111,53_Hazrat Abolfazl,19
111,54_Tomb of The Four Prophets,43
111,55_Emam Khomeini Mosque,31
111,56_Emamzadeh Soltan Seyed Mohamad,60
111,57_Al Mahdi Mosque,32
111,58_,14
111,59_,38
111,60_Nabi Mosque,46
111,61_Jameh Mosque of Qazvin,53
111,62_Sheykhol Eslam Mosque,51
111,63_Valiasr Mosque,36
111,64_JavadolAemmeh Mosque,44
111,65_Teflane Moslem Mosque,58
111,66_Tagh Bohloul Mosque,51
111,67_Shahid Sales Mosque,53
111,68_Dabbaghan Mosque,54
111,69_Haj Molla Aqa Mosque,44
111,70_Karim Ahle Beyt Mosque,40
111,71_Ghods Razavi Mosque,43
111,72_Adl Ghaem Mosque,41
111,73_Hazrat Abolfazl Mosque,40
111,74_Imam Musa Bn Ja'far Mosque,34
111,75_Seyedoshohada Mosque,36
111,76_Sahebazaman Mosque,35
111,77_Imam Hosein Mosque,36
111,78_Hazrat Mahdi Mosque,26
111,79_Sahebazaman Mosque,26
111,80_Moslem ebn Aghil Mosque,41
111,81_Imam Hadi Mosque,34
111,82_Fatemeh Al-Zahra Mosque,38
111,83_Sahebazaman Mosque,27
111,84_Imam Hasan Asgari Mosque,26
111,85_Imam Hosein Mosque,56
111,86_JavadoAemeh Mosque,54
111,87_Hossein Mosque,56
111,88_Khajeh Shohada Mosque,61
111,89_Fatemeh Zahra Mosque,66
111,90_AghaMirAbdolSamad Taghavi Mosque,55
111,91_Shahid thales Mosque,48
111,92_Chahardah Masoum Mosque,55
111,93_Haj GholamHosein Mosque,54
111,94_Hojjati Mosque,46
111,95_Mohammad Khan Beg Mosque,41
111,96_Maleki Jonoubi Mosque,42
111,97_Maleki Shomali Mosque,43
111,98_Molem ebn Aghil Hosseinieh,37
111,99_Yadegar Imam Hosseinieh,39
111,100_Dastgheyb Mosque,49
111,101_Agha Seyyed Jamal Hosseinieh,55
112,01_Sajadiye Mosque,48
112,02_Halime khatun,50
112,03_Masjed Hazrate Fateme Zahra,45
112,04_Molabashi,43
112,05_Hoseynie Razavi,49
112,06_Soukhte chenar Mosque,44
112,07_Sotudeh Mosque,43
112,08_Agha seyed Ali Mosque,47
112,09_Shishegar Mosque,48
112,10_Emamzadeh Ali,46
112,11_Fatemeh AlZahra Mosque,21
112,12_Haj Mousa,52
112,13_Haj Kazem Mosque,47
112,14_Imamا Hasan Asgari Mosque,29
112,15_Emamzadeh Esmaeil,51
112,16_Sar Allah Masque,41
112,17_Ameneh Khatoon,50
112,18_Mohammadie Mosque,53
112,19_Sabz Mosque,62
112,20_,49
112,21_,53
112,22_Imam Jafar Sadegh Mosque,12
112,23_Javad Aemmeh Mosque,28
112,24_Imam Hossein Mosque,45
112,25_Abolfazl Mosque,39
112,26_Maktab Zehra,38
112,27_Ahmad Beik Mosque,50
112,28_Almahdi Mosque,50
112,29_Fateme Zahra Mosque,51
112,30_Rah Chaman Mosque,47
112,31_Haft Dar Mosque,52
112,32_Mosque,46
112,33_Laal Mosque,58
112,34_Imam Hassan Mosque,50
112,35_14th Masoom Mosque,42
112,36_,61
112,37_Emam Ali Mosque,56
112,38_,39
112,39_,56
112,40_,59
112,41_,22
112,42_,50
112,43_,15
112,44_,36
112,45_,43
112,46_Qadir mosque,30
112,47_Imam Reza Mosque,30
112,48_Velayat,30
112,49_Mohammad Rasolallah Mosque,45
112,50_Emamzadeh Hossein shrine,59
112,51_Sanjideh Mosque,53
112,52_Panje Ali Mosque,49
112,53_Hazrat Abolfazl,26
112,54_Tomb of The Four Prophets,43
112,55_Emam Khomeini Mosque,37
112,56_Emamzadeh Soltan Seyed Mohamad,65
112,57_Al Mahdi Mosque,49
112,58_,12
112,59_,35
112,60_Nabi Mosque,50
112,61_Jameh Mosque of Qazvin,55
112,62_Sheykhol Eslam Mosque,53
112,63_Valiasr Mosque,39
112,64_JavadolAemmeh Mosque,51
112,65_Teflane Moslem Mosque,61
112,66_Tagh Bohloul Mosque,53
112,67_Shahid Sales Mosque,55
112,68_Dabbaghan Mosque,57
112,69_Haj Molla Aqa Mosque,46
112,70_Karim Ahle Beyt Mosque,49
112,71_Ghods Razavi Mosque,46
112,72_Adl Ghaem Mosque,39
112,73_Hazrat Abolfazl Mosque,46
112,74_Imam Musa Bn Ja'far Mosque,37
112,75_Seyedoshohada Mosque,42
112,76_Sahebazaman Mosque,42
112,77_Imam Hosein Mosque,42
112,78_Hazrat Mahdi Mosque,28
112,79_Sahebazaman Mosque,28
112,80_Moslem ebn Aghil Mosque,49
112,81_Imam Hadi Mosque,29
112,82_Fatemeh Al-Zahra Mosque,22
112,83_Sahebazaman Mosque,13
112,84_Imam Hasan Asgari Mosque,17
112,85_Imam Hosein Mosque,59
112,86_JavadoAemeh Mosque,57
112,87_Hossein Mosque,59
112,88_Khajeh Shohada Mosque,65
112,89_Fatemeh Zahra Mosque,72
112,90_AghaMirAbdolSamad Taghavi Mosque,58
112,91_Shahid thales Mosque,54
112,92_Chahardah Masoum Mosque,61
112,93_Haj GholamHosein Mosque,60
112,94_Hojjati Mosque,53
112,95_Mohammad Khan Beg Mosque,52
112,96_Maleki Jonoubi Mosque,50
112,97_Maleki Shomali Mosque,50
112,98_Molem ebn Aghil Hosseinieh,49
112,99_Yadegar Imam Hosseinieh,21
112,100_Dastgheyb Mosque,55
112,101_Agha Seyyed Jamal Hosseinieh,57
113,01_Sajadiye Mosque,63
113,02_Halime khatun,64
113,03_Masjed Hazrate Fateme Zahra,59
113,04_Molabashi,57
113,05_Hoseynie Razavi,63
113,06_Soukhte chenar Mosque,58
113,07_Sotudeh Mosque,57
113,08_Agha seyed Ali Mosque,62
113,09_Shishegar Mosque,63
113,10_Emamzadeh Ali,62
113,11_Fatemeh AlZahra Mosque,17
113,12_Haj Mousa,66
113,13_Haj Kazem Mosque,61
113,14_Imamا Hasan Asgari Mosque,52
113,15_Emamzadeh Esmaeil,65
113,16_Sar Allah Masque,56
113,17_Ameneh Khatoon,64
113,18_Mohammadie Mosque,69
113,19_Sabz Mosque,76
113,20_,64
113,21_,67
113,22_Imam Jafar Sadegh Mosque,32
113,23_Javad Aemmeh Mosque,36
113,24_Imam Hossein Mosque,56
113,25_Abolfazl Mosque,53
113,26_Maktab Zehra,51
113,27_Ahmad Beik Mosque,65
113,28_Almahdi Mosque,63
113,29_Fateme Zahra Mosque,75
113,30_Rah Chaman Mosque,61
113,31_Haft Dar Mosque,66
113,32_Mosque,60
113,33_Laal Mosque,74
113,34_Imam Hassan Mosque,64
113,35_14th Masoom Mosque,61
113,36_,77
113,37_Emam Ali Mosque,79
113,38_,47
113,39_,71
113,40_,73
113,41_,28
113,42_,64
113,43_,32
113,44_,59
113,45_,57
113,46_Qadir mosque,38
113,47_Imam Reza Mosque,38
113,48_Velayat,41
113,49_Mohammad Rasolallah Mosque,58
113,50_Emamzadeh Hossein shrine,71
113,51_Sanjideh Mosque,69
113,52_Panje Ali Mosque,63
113,53_Hazrat Abolfazl,46
113,54_Tomb of The Four Prophets,57
113,55_Emam Khomeini Mosque,57
113,56_Emamzadeh Soltan Seyed Mohamad,80
113,57_Al Mahdi Mosque,69
113,58_,32
113,59_,45
113,60_Nabi Mosque,64
113,61_Jameh Mosque of Qazvin,69
113,62_Sheykhol Eslam Mosque,68
113,63_Valiasr Mosque,53
113,64_JavadolAemmeh Mosque,66
113,65_Teflane Moslem Mosque,72
113,66_Tagh Bohloul Mosque,65
113,67_Shahid Sales Mosque,68
113,68_Dabbaghan Mosque,71
113,69_Haj Molla Aqa Mosque,60
113,70_Karim Ahle Beyt Mosque,60
113,71_Ghods Razavi Mosque,59
113,72_Adl Ghaem Mosque,51
113,73_Hazrat Abolfazl Mosque,62
113,74_Imam Musa Bn Ja'far Mosque,56
113,75_Seyedoshohada Mosque,61
113,76_Sahebazaman Mosque,61
113,77_Imam Hosein Mosque,61
113,78_Hazrat Mahdi Mosque,48
113,79_Sahebazaman Mosque,48
113,80_Moslem ebn Aghil Mosque,72
113,81_Imam Hadi Mosque,52
113,82_Fatemeh Al-Zahra Mosque,21
113,83_Sahebazaman Mosque,26
113,84_Imam Hasan Asgari Mosque,27
113,85_Imam Hosein Mosque,70
113,86_JavadoAemeh Mosque,68
113,87_Hossein Mosque,70
113,88_Khajeh Shohada Mosque,81
113,89_Fatemeh Zahra Mosque,88
113,90_AghaMirAbdolSamad Taghavi Mosque,73
113,91_Shahid thales Mosque,69
113,92_Chahardah Masoum Mosque,76
113,93_Haj GholamHosein Mosque,75
113,94_Hojjati Mosque,68
113,95_Mohammad Khan Beg Mosque,64
113,96_Maleki Jonoubi Mosque,65
113,97_Maleki Shomali Mosque,65
113,98_Molem ebn Aghil Hosseinieh,72
113,99_Yadegar Imam Hosseinieh,11
113,100_Dastgheyb Mosque,70
113,101_Agha Seyyed Jamal Hosseinieh,72
114,01_Sajadiye Mosque,50
114,02_Halime khatun,53
114,03_Masjed Hazrate Fateme Zahra,48
114,04_Molabashi,46
114,05_Hoseynie Razavi,52
114,06_Soukhte chenar Mosque,47
114,07_Sotudeh Mosque,46
114,08_Agha seyed Ali Mosque,51
114,09_Shishegar Mosque,52
114,10_Emamzadeh Ali,48
114,11_Fatemeh AlZahra Mosque,21
114,12_Haj Mousa,55
114,13_Haj Kazem Mosque,50
114,14_Imamا Hasan Asgari Mosque,30
114,15_Emamzadeh Esmaeil,54
114,16_Sar Allah Masque,45
114,17_Ameneh Khatoon,52
114,18_Mohammadie Mosque,56
114,19_Sabz Mosque,65
114,20_,53
114,21_,56
114,22_Imam Jafar Sadegh Mosque,21
114,23_Javad Aemmeh Mosque,27
114,24_Imam Hossein Mosque,47
114,25_Abolfazl Mosque,41
114,26_Maktab Zehra,40
114,27_Ahmad Beik Mosque,54
114,28_Almahdi Mosque,53
114,29_Fateme Zahra Mosque,53
114,30_Rah Chaman Mosque,49
114,31_Haft Dar Mosque,55
114,32_Mosque,48
114,33_Laal Mosque,63
114,34_Imam Hassan Mosque,53
114,35_14th Masoom Mosque,46
114,36_,66
114,37_Emam Ali Mosque,56
114,38_,38
114,39_,60
114,40_,62
114,41_,21
114,42_,53
114,43_,23
114,44_,37
114,45_,46
114,46_Qadir mosque,29
114,47_Imam Reza Mosque,29
114,48_Velayat,32
114,49_Mohammad Rasolallah Mosque,48
114,50_Emamzadeh Hossein shrine,62
114,51_Sanjideh Mosque,55
114,52_Panje Ali Mosque,52
114,53_Hazrat Abolfazl,31
114,54_Tomb of The Four Prophets,46
114,55_Emam Khomeini Mosque,42
114,56_Emamzadeh Soltan Seyed Mohamad,69
114,57_Al Mahdi Mosque,52
114,58_,21
114,59_,36
114,60_Nabi Mosque,53
114,61_Jameh Mosque of Qazvin,59
114,62_Sheykhol Eslam Mosque,57
114,63_Valiasr Mosque,41
114,64_JavadolAemmeh Mosque,55
114,65_Teflane Moslem Mosque,63
114,66_Tagh Bohloul Mosque,56
114,67_Shahid Sales Mosque,59
114,68_Dabbaghan Mosque,60
114,69_Haj Molla Aqa Mosque,49
114,70_Karim Ahle Beyt Mosque,51
114,71_Ghods Razavi Mosque,48
114,72_Adl Ghaem Mosque,41
114,73_Hazrat Abolfazl Mosque,50
114,74_Imam Musa Bn Ja'far Mosque,41
114,75_Seyedoshohada Mosque,47
114,76_Sahebazaman Mosque,47
114,77_Imam Hosein Mosque,47
114,78_Hazrat Mahdi Mosque,33
114,79_Sahebazaman Mosque,33
114,80_Moslem ebn Aghil Mosque,50
114,81_Imam Hadi Mosque,30
114,82_Fatemeh Al-Zahra Mosque,21
114,83_Sahebazaman Mosque,17
114,84_Imam Hasan Asgari Mosque,18
114,85_Imam Hosein Mosque,61
114,86_JavadoAemeh Mosque,59
114,87_Hossein Mosque,61
114,88_Khajeh Shohada Mosque,70
114,89_Fatemeh Zahra Mosque,77
114,90_AghaMirAbdolSamad Taghavi Mosque,62
114,91_Shahid thales Mosque,58
114,92_Chahardah Masoum Mosque,65
114,93_Haj GholamHosein Mosque,64
114,94_Hojjati Mosque,57
114,95_Mohammad Khan Beg Mosque,55
114,96_Maleki Jonoubi Mosque,54
114,97_Maleki Shomali Mosque,54
114,98_Molem ebn Aghil Hosseinieh,51
114,99_Yadegar Imam Hosseinieh,15
114,100_Dastgheyb Mosque,59
114,101_Agha Seyyed Jamal Hosseinieh,61
115,01_Sajadiye Mosque,60
115,02_Halime khatun,45
115,03_Masjed Hazrate Fateme Zahra,50
115,04_Molabashi,52
115,05_Hoseynie Razavi,47
115,06_Soukhte chenar Mosque,52
115,07_Sotudeh Mosque,51
115,08_Agha seyed Ali Mosque,47
115,09_Shishegar Mosque,42
115,10_Emamzadeh Ali,59
115,11_Fatemeh AlZahra Mosque,64
115,12_Haj Mousa,44
115,13_Haj Kazem Mosque,46
115,14_Imamا Hasan Asgari Mosque,28
115,15_Emamzadeh Esmaeil,61
115,16_Sar Allah Masque,49
115,17_Ameneh Khatoon,62
115,18_Mohammadie Mosque,65
115,19_Sabz Mosque,58
115,20_,42
115,21_,52
115,22_Imam Jafar Sadegh Mosque,47
115,23_Javad Aemmeh Mosque,65
115,24_Imam Hossein Mosque,56
115,25_Abolfazl Mosque,48
115,26_Maktab Zehra,47
115,27_Ahmad Beik Mosque,44
115,28_Almahdi Mosque,61
115,29_Fateme Zahra Mosque,39
115,30_Rah Chaman Mosque,59
115,31_Haft Dar Mosque,57
115,32_Mosque,55
115,33_Laal Mosque,63
115,34_Imam Hassan Mosque,47
115,35_14th Masoom Mosque,38
115,36_,65
115,37_Emam Ali Mosque,19
115,38_,64
115,39_,51
115,40_,58
115,41_,65
115,42_,54
115,43_,48
115,44_,6
115,45_,52
115,46_Qadir mosque,60
115,47_Imam Reza Mosque,60
115,48_Velayat,42
115,49_Mohammad Rasolallah Mosque,54
115,50_Emamzadeh Hossein shrine,73
115,51_Sanjideh Mosque,65
115,52_Panje Ali Mosque,58
115,53_Hazrat Abolfazl,47
115,54_Tomb of The Four Prophets,55
115,55_Emam Khomeini Mosque,34
115,56_Emamzadeh Soltan Seyed Mohamad,60
115,57_Al Mahdi Mosque,23
115,58_,47
115,59_,50
115,60_Nabi Mosque,51
115,61_Jameh Mosque of Qazvin,68
115,62_Sheykhol Eslam Mosque,65
115,63_Valiasr Mosque,49
115,64_JavadolAemmeh Mosque,44
115,65_Teflane Moslem Mosque,77
115,66_Tagh Bohloul Mosque,68
115,67_Shahid Sales Mosque,69
115,68_Dabbaghan Mosque,69
115,69_Haj Molla Aqa Mosque,49
115,70_Karim Ahle Beyt Mosque,41
115,71_Ghods Razavi Mosque,56
115,72_Adl Ghaem Mosque,56
115,73_Hazrat Abolfazl Mosque,40
115,74_Imam Musa Bn Ja'far Mosque,40
115,75_Seyedoshohada Mosque,39
115,76_Sahebazaman Mosque,38
115,77_Imam Hosein Mosque,39
115,78_Hazrat Mahdi Mosque,40
115,79_Sahebazaman Mosque,43
115,80_Moslem ebn Aghil Mosque,8
115,81_Imam Hadi Mosque,23
115,82_Fatemeh Al-Zahra Mosque,64
115,83_Sahebazaman Mosque,57
115,84_Imam Hasan Asgari Mosque,54
115,85_Imam Hosein Mosque,76
115,86_JavadoAemeh Mosque,73
115,87_Hossein Mosque,75
115,88_Khajeh Shohada Mosque,66
115,89_Fatemeh Zahra Mosque,69
115,90_AghaMirAbdolSamad Taghavi Mosque,61
115,91_Shahid thales Mosque,48
115,92_Chahardah Masoum Mosque,55
115,93_Haj GholamHosein Mosque,54
115,94_Hojjati Mosque,46
115,95_Mohammad Khan Beg Mosque,41
115,96_Maleki Jonoubi Mosque,42
115,97_Maleki Shomali Mosque,43
115,98_Molem ebn Aghil Hosseinieh,37
115,99_Yadegar Imam Hosseinieh,61
115,100_Dastgheyb Mosque,49
115,101_Agha Seyyed Jamal Hosseinieh,64
116,01_Sajadiye Mosque,68
116,02_Halime khatun,50
116,03_Masjed Hazrate Fateme Zahra,55
116,04_Molabashi,57
116,05_Hoseynie Razavi,52
116,06_Soukhte chenar Mosque,57
116,07_Sotudeh Mosque,56
116,08_Agha seyed Ali Mosque,52
116,09_Shishegar Mosque,47
116,10_Emamzadeh Ali,67
116,11_Fatemeh AlZahra Mosque,61
116,12_Haj Mousa,49
116,13_Haj Kazem Mosque,50
116,14_Imamا Hasan Asgari Mosque,23
116,15_Emamzadeh Esmaeil,66
116,16_Sar Allah Masque,53
116,17_Ameneh Khatoon,68
116,18_Mohammadie Mosque,70
116,19_Sabz Mosque,63
116,20_,48
116,21_,57
116,22_Imam Jafar Sadegh Mosque,44
116,23_Javad Aemmeh Mosque,67
116,24_Imam Hossein Mosque,63
116,25_Abolfazl Mosque,56
116,26_Maktab Zehra,55
116,27_Ahmad Beik Mosque,48
116,28_Almahdi Mosque,66
116,29_Fateme Zahra Mosque,41
116,30_Rah Chaman Mosque,67
116,31_Haft Dar Mosque,62
116,32_Mosque,63
116,33_Laal Mosque,68
116,34_Imam Hassan Mosque,52
116,35_14th Masoom Mosque,43
116,36_,70
116,37_Emam Ali Mosque,23
116,38_,68
116,39_,56
116,40_,63
116,41_,60
116,42_,59
116,43_,48
116,44_,11
116,45_,57
116,46_Qadir mosque,61
116,47_Imam Reza Mosque,63
116,48_Velayat,46
116,49_Mohammad Rasolallah Mosque,59
116,50_Emamzadeh Hossein shrine,78
116,51_Sanjideh Mosque,72
116,52_Panje Ali Mosque,63
116,53_Hazrat Abolfazl,49
116,54_Tomb of The Four Prophets,60
116,55_Emam Khomeini Mosque,36
116,56_Emamzadeh Soltan Seyed Mohamad,65
116,57_Al Mahdi Mosque,31
116,58_,44
116,59_,54
116,60_Nabi Mosque,56
116,61_Jameh Mosque of Qazvin,73
116,62_Sheykhol Eslam Mosque,70
116,63_Valiasr Mosque,57
116,64_JavadolAemmeh Mosque,49
116,65_Teflane Moslem Mosque,82
116,66_Tagh Bohloul Mosque,73
116,67_Shahid Sales Mosque,74
116,68_Dabbaghan Mosque,74
116,69_Haj Molla Aqa Mosque,54
116,70_Karim Ahle Beyt Mosque,46
116,71_Ghods Razavi Mosque,63
116,72_Adl Ghaem Mosque,60
116,73_Hazrat Abolfazl Mosque,46
116,74_Imam Musa Bn Ja'far Mosque,43
116,75_Seyedoshohada Mosque,43
116,76_Sahebazaman Mosque,41
116,77_Imam Hosein Mosque,41
116,78_Hazrat Mahdi Mosque,41
116,79_Sahebazaman Mosque,44
116,80_Moslem ebn Aghil Mosque,20
116,81_Imam Hadi Mosque,18
116,82_Fatemeh Al-Zahra Mosque,59
116,83_Sahebazaman Mosque,54
116,84_Imam Hasan Asgari Mosque,53
116,85_Imam Hosein Mosque,81
116,86_JavadoAemeh Mosque,78
116,87_Hossein Mosque,80
116,88_Khajeh Shohada Mosque,71
116,89_Fatemeh Zahra Mosque,74
116,90_AghaMirAbdolSamad Taghavi Mosque,66
116,91_Shahid thales Mosque,53
116,92_Chahardah Masoum Mosque,60
116,93_Haj GholamHosein Mosque,59
116,94_Hojjati Mosque,51
116,95_Mohammad Khan Beg Mosque,46
116,96_Maleki Jonoubi Mosque,47
116,97_Maleki Shomali Mosque,48
116,98_Molem ebn Aghil Hosseinieh,39
116,99_Yadegar Imam Hosseinieh,56
116,100_Dastgheyb Mosque,54
116,101_Agha Seyyed Jamal Hosseinieh,69
117,01_Sajadiye Mosque,50
117,02_Halime khatun,53
117,03_Masjed Hazrate Fateme Zahra,50
117,04_Molabashi,48
117,05_Hoseynie Razavi,53
117,06_Soukhte chenar Mosque,49
117,07_Sotudeh Mosque,48
117,08_Agha seyed Ali Mosque,49
117,09_Shishegar Mosque,51
117,10_Emamzadeh Ali,48
117,11_Fatemeh AlZahra Mosque,37
117,12_Haj Mousa,53
117,13_Haj Kazem Mosque,51
117,14_Imamا Hasan Asgari Mosque,28
117,15_Emamzadeh Esmaeil,56
117,16_Sar Allah Masque,44
117,17_Ameneh Khatoon,52
117,18_Mohammadie Mosque,55
117,19_Sabz Mosque,65
117,20_,51
117,21_,57
117,22_Imam Jafar Sadegh Mosque,20
117,23_Javad Aemmeh Mosque,41
117,24_Imam Hossein Mosque,47
117,25_Abolfazl Mosque,41
117,26_Maktab Zehra,40
117,27_Ahmad Beik Mosque,53
117,28_Almahdi Mosque,52
117,29_Fateme Zahra Mosque,47
117,30_Rah Chaman Mosque,49
117,31_Haft Dar Mosque,57
117,32_Mosque,48
117,33_Laal Mosque,61
117,34_Imam Hassan Mosque,53
117,35_14th Masoom Mosque,44
117,36_,64
117,37_Emam Ali Mosque,45
117,38_,50
117,39_,58
117,40_,63
117,41_,35
117,42_,55
117,43_,26
117,44_,31
117,45_,48
117,46_Qadir mosque,41
117,47_Imam Reza Mosque,43
117,48_Velayat,36
117,49_Mohammad Rasolallah Mosque,47
117,50_Emamzadeh Hossein shrine,61
117,51_Sanjideh Mosque,55
117,52_Panje Ali Mosque,54
117,53_Hazrat Abolfazl,29
117,54_Tomb of The Four Prophets,48
117,55_Emam Khomeini Mosque,38
117,56_Emamzadeh Soltan Seyed Mohamad,67
117,57_Al Mahdi Mosque,46
117,58_,20
117,59_,43
117,60_Nabi Mosque,53
117,61_Jameh Mosque of Qazvin,58
117,62_Sheykhol Eslam Mosque,56
117,63_Valiasr Mosque,41
117,64_JavadolAemmeh Mosque,53
117,65_Teflane Moslem Mosque,63
117,66_Tagh Bohloul Mosque,56
117,67_Shahid Sales Mosque,58
117,68_Dabbaghan Mosque,59
117,69_Haj Molla Aqa Mosque,50
117,70_Karim Ahle Beyt Mosque,48
117,71_Ghods Razavi Mosque,48
117,72_Adl Ghaem Mosque,46
117,73_Hazrat Abolfazl Mosque,48
117,74_Imam Musa Bn Ja'far Mosque,39
117,75_Seyedoshohada Mosque,45
117,76_Sahebazaman Mosque,43
117,77_Imam Hosein Mosque,43
117,78_Hazrat Mahdi Mosque,31
117,79_Sahebazaman Mosque,31
117,80_Moslem ebn Aghil Mosque,42
117,81_Imam Hadi Mosque,23
117,82_Fatemeh Al-Zahra Mosque,35
117,83_Sahebazaman Mosque,29
117,84_Imam Hasan Asgari Mosque,31
117,85_Imam Hosein Mosque,61
117,86_JavadoAemeh Mosque,59
117,87_Hossein Mosque,61
117,88_Khajeh Shohada Mosque,68
117,89_Fatemeh Zahra Mosque,74
117,90_AghaMirAbdolSamad Taghavi Mosque,62
117,91_Shahid thales Mosque,56
117,92_Chahardah Masoum Mosque,63
117,93_Haj GholamHosein Mosque,62
117,94_Hojjati Mosque,54
117,95_Mohammad Khan Beg Mosque,52
117,96_Maleki Jonoubi Mosque,51
117,97_Maleki Shomali Mosque,52
117,98_Molem ebn Aghil Hosseinieh,46
117,99_Yadegar Imam Hosseinieh,31
117,100_Dastgheyb Mosque,57
117,101_Agha Seyyed Jamal Hosseinieh,60
106,01_Sajadiye Mosque,56
106,02_Halime khatun,50
106,03_Masjed Hazrate Fateme Zahra,53
106,04_Molabashi,53
106,05_Hoseynie Razavi,52
106,06_Soukhte chenar Mosque,54
106,07_Sotudeh Mosque,53
106,08_Agha seyed Ali Mosque,53
106,09_Shishegar Mosque,47
106,10_Emamzadeh Ali,54
106,11_Fatemeh AlZahra Mosque,39
106,12_Haj Mousa,49
106,13_Haj Kazem Mosque,50
106,14_Imamا Hasan Asgari Mosque,19
106,15_Emamzadeh Esmaeil,62
106,16_Sar Allah Masque,49
106,17_Ameneh Khatoon,58
106,18_Mohammadie Mosque,61
106,19_Sabz Mosque,63
106,20_,49
106,21_,58
106,22_Imam Jafar Sadegh Mosque,26
106,23_Javad Aemmeh Mosque,46
106,24_Imam Hossein Mosque,53
106,25_Abolfazl Mosque,47
106,26_Maktab Zehra,46
106,27_Ahmad Beik Mosque,49
106,28_Almahdi Mosque,58
106,29_Fateme Zahra Mosque,40
106,30_Rah Chaman Mosque,55
106,31_Haft Dar Mosque,60
106,32_Mosque,54
106,33_Laal Mosque,66
106,34_Imam Hassan Mosque,52
106,35_14th Masoom Mosque,44
106,36_,68
106,37_Emam Ali Mosque,42
106,38_,55
106,39_,56
106,40_,63
106,41_,40
106,42_,58
106,43_,32
106,44_,26
106,45_,53
106,46_Qadir mosque,47
106,47_Imam Reza Mosque,48
106,48_Velayat,42
106,49_Mohammad Rasolallah Mosque,53
106,50_Emamzadeh Hossein shrine,67
106,51_Sanjideh Mosque,61
106,52_Panje Ali Mosque,59
106,53_Hazrat Abolfazl,35
106,54_Tomb of The Four Prophets,54
106,55_Emam Khomeini Mosque,35
106,56_Emamzadeh Soltan Seyed Mohamad,65
106,57_Al Mahdi Mosque,37
106,58_,26
106,59_,48
106,60_Nabi Mosque,56
106,61_Jameh Mosque of Qazvin,64
106,62_Sheykhol Eslam Mosque,62
106,63_Valiasr Mosque,47
106,64_JavadolAemmeh Mosque,50
106,65_Teflane Moslem Mosque,69
106,66_Tagh Bohloul Mosque,62
106,67_Shahid Sales Mosque,64
106,68_Dabbaghan Mosque,65
106,69_Haj Molla Aqa Mosque,53
106,70_Karim Ahle Beyt Mosque,47
106,71_Ghods Razavi Mosque,54
106,72_Adl Ghaem Mosque,53
106,73_Hazrat Abolfazl Mosque,47
106,74_Imam Musa Bn Ja'far Mosque,41
106,75_Seyedoshohada Mosque,44
106,76_Sahebazaman Mosque,41
106,77_Imam Hosein Mosque,41
106,78_Hazrat Mahdi Mosque,36
106,79_Sahebazaman Mosque,37
106,80_Moslem ebn Aghil Mosque,37
106,81_Imam Hadi Mosque,20
106,82_Fatemeh Al-Zahra Mosque,38
106,83_Sahebazaman Mosque,35
106,84_Imam Hasan Asgari Mosque,37
106,85_Imam Hosein Mosque,67
106,86_JavadoAemeh Mosque,65
106,87_Hossein Mosque,67
106,88_Khajeh Shohada Mosque,71
106,89_Fatemeh Zahra Mosque,75
106,90_AghaMirAbdolSamad Taghavi Mosque,66
106,91_Shahid thales Mosque,54
106,92_Chahardah Masoum Mosque,61
106,93_Haj GholamHosein Mosque,60
106,94_Hojjati Mosque,52
106,95_Mohammad Khan Beg Mosque,48
106,96_Maleki Jonoubi Mosque,47
106,97_Maleki Shomali Mosque,48
106,98_Molem ebn Aghil Hosseinieh,38
106,99_Yadegar Imam Hosseinieh,34
106,100_Dastgheyb Mosque,55
106,101_Agha Seyyed Jamal Hosseinieh,66
118,01_Sajadiye Mosque,66
118,02_Halime khatun,46
118,03_Masjed Hazrate Fateme Zahra,50
118,04_Molabashi,52
118,05_Hoseynie Razavi,47
118,06_Soukhte chenar Mosque,53
118,07_Sotudeh Mosque,51
118,08_Agha seyed Ali Mosque,48
118,09_Shishegar Mosque,43
118,10_Emamzadeh Ali,64
118,11_Fatemeh AlZahra Mosque,55
118,12_Haj Mousa,44
118,13_Haj Kazem Mosque,45
118,14_Imamا Hasan Asgari Mosque,17
118,15_Emamzadeh Esmaeil,62
118,16_Sar Allah Masque,49
118,17_Ameneh Khatoon,66
118,18_Mohammadie Mosque,68
118,19_Sabz Mosque,58
118,20_,44
118,21_,53
118,22_Imam Jafar Sadegh Mosque,38
118,23_Javad Aemmeh Mosque,61
118,24_Imam Hossein Mosque,62
118,25_Abolfazl Mosque,55
118,26_Maktab Zehra,54
118,27_Ahmad Beik Mosque,45
118,28_Almahdi Mosque,61
118,29_Fateme Zahra Mosque,35
118,30_Rah Chaman Mosque,65
118,31_Haft Dar Mosque,58
118,32_Mosque,62
118,33_Laal Mosque,64
118,34_Imam Hassan Mosque,47
118,35_14th Masoom Mosque,39
118,36_,65
118,37_Emam Ali Mosque,22
118,38_,65
118,39_,51
118,40_,58
118,41_,54
118,42_,55
118,43_,42
118,44_,16
118,45_,52
118,46_Qadir mosque,56
118,47_Imam Reza Mosque,57
118,48_Velayat,43
118,49_Mohammad Rasolallah Mosque,56
118,50_Emamzadeh Hossein shrine,75
118,51_Sanjideh Mosque,70
118,52_Panje Ali Mosque,59
118,53_Hazrat Abolfazl,43
118,54_Tomb of The Four Prophets,56
118,55_Emam Khomeini Mosque,30
118,56_Emamzadeh Soltan Seyed Mohamad,60
118,57_Al Mahdi Mosque,31
118,58_,38
118,59_,51
118,60_Nabi Mosque,51
118,61_Jameh Mosque of Qazvin,70
118,62_Sheykhol Eslam Mosque,65
118,63_Valiasr Mosque,56
118,64_JavadolAemmeh Mosque,45
118,65_Teflane Moslem Mosque,78
118,66_Tagh Bohloul Mosque,70
118,67_Shahid Sales Mosque,71
118,68_Dabbaghan Mosque,70
118,69_Haj Molla Aqa Mosque,49
118,70_Karim Ahle Beyt Mosque,42
118,71_Ghods Razavi Mosque,62
118,72_Adl Ghaem Mosque,56
118,73_Hazrat Abolfazl Mosque,43
118,74_Imam Musa Bn Ja'far Mosque,38
118,75_Seyedoshohada Mosque,39
118,76_Sahebazaman Mosque,36
118,77_Imam Hosein Mosque,36
118,78_Hazrat Mahdi Mosque,36
118,79_Sahebazaman Mosque,38
118,80_Moslem ebn Aghil Mosque,22
118,81_Imam Hadi Mosque,13
118,82_Fatemeh Al-Zahra Mosque,53
118,83_Sahebazaman Mosque,48
118,84_Imam Hasan Asgari Mosque,47
118,85_Imam Hosein Mosque,77
118,86_JavadoAemeh Mosque,74
118,87_Hossein Mosque,76
118,88_Khajeh Shohada Mosque,67
118,89_Fatemeh Zahra Mosque,71
118,90_AghaMirAbdolSamad Taghavi Mosque,62
118,91_Shahid thales Mosque,49
118,92_Chahardah Masoum Mosque,56
118,93_Haj GholamHosein Mosque,55
118,94_Hojjati Mosque,47
118,95_Mohammad Khan Beg Mosque,44
118,96_Maleki Jonoubi Mosque,43
118,97_Maleki Shomali Mosque,43
118,98_Molem ebn Aghil Hosseinieh,33
118,99_Yadegar Imam Hosseinieh,50
118,100_Dastgheyb Mosque,50
118,101_Agha Seyyed Jamal Hosseinieh,65
119,01_Sajadiye Mosque,58
119,02_Halime khatun,44
119,03_Masjed Hazrate Fateme Zahra,49
119,04_Molabashi,51
119,05_Hoseynie Razavi,46
119,06_Soukhte chenar Mosque,51
119,07_Sotudeh Mosque,50
119,08_Agha seyed Ali Mosque,46
119,09_Shishegar Mosque,41
119,10_Emamzadeh Ali,57
119,11_Fatemeh AlZahra Mosque,64
119,12_Haj Mousa,43
119,13_Haj Kazem Mosque,45
119,14_Imamا Hasan Asgari Mosque,31
119,15_Emamzadeh Esmaeil,60
119,16_Sar Allah Masque,48
119,17_Ameneh Khatoon,61
119,18_Mohammadie Mosque,64
119,19_Sabz Mosque,57
119,20_,41
119,21_,51
119,22_Imam Jafar Sadegh Mosque,48
119,23_Javad Aemmeh Mosque,63
119,24_Imam Hossein Mosque,54
119,25_Abolfazl Mosque,46
119,26_Maktab Zehra,45
119,27_Ahmad Beik Mosque,43
119,28_Almahdi Mosque,60
119,29_Fateme Zahra Mosque,38
119,30_Rah Chaman Mosque,57
119,31_Haft Dar Mosque,56
119,32_Mosque,53
119,33_Laal Mosque,62
119,34_Imam Hassan Mosque,46
119,35_14th Masoom Mosque,37
119,36_,64
119,37_Emam Ali Mosque,7
119,38_,62
119,39_,50
119,40_,57
119,41_,65
119,42_,53
119,43_,48
119,44_,20
119,45_,51
119,46_Qadir mosque,58
119,47_Imam Reza Mosque,58
119,48_Velayat,40
119,49_Mohammad Rasolallah Mosque,53
119,50_Emamzadeh Hossein shrine,72
119,51_Sanjideh Mosque,63
119,52_Panje Ali Mosque,57
119,53_Hazrat Abolfazl,46
119,54_Tomb of The Four Prophets,54
119,55_Emam Khomeini Mosque,33
119,56_Emamzadeh Soltan Seyed Mohamad,59
119,57_Al Mahdi Mosque,22
119,58_,48
119,59_,48
119,60_Nabi Mosque,50
119,61_Jameh Mosque of Qazvin,67
119,62_Sheykhol Eslam Mosque,64
119,63_Valiasr Mosque,47
119,64_JavadolAemmeh Mosque,43
119,65_Teflane Moslem Mosque,76
119,66_Tagh Bohloul Mosque,67
119,67_Shahid Sales Mosque,68
119,68_Dabbaghan Mosque,68
119,69_Haj Molla Aqa Mosque,48
119,70_Karim Ahle Beyt Mosque,40
119,71_Ghods Razavi Mosque,54
119,72_Adl Ghaem Mosque,55
119,73_Hazrat Abolfazl Mosque,39
119,74_Imam Musa Bn Ja'far Mosque,39
119,75_Seyedoshohada Mosque,38
119,76_Sahebazaman Mosque,37
119,77_Imam Hosein Mosque,38
119,78_Hazrat Mahdi Mosque,38
119,79_Sahebazaman Mosque,41
119,80_Moslem ebn Aghil Mosque,10
119,81_Imam Hadi Mosque,32
119,82_Fatemeh Al-Zahra Mosque,65
119,83_Sahebazaman Mosque,57
119,84_Imam Hasan Asgari Mosque,55
119,85_Imam Hosein Mosque,75
119,86_JavadoAemeh Mosque,72
119,87_Hossein Mosque,74
119,88_Khajeh Shohada Mosque,65
119,89_Fatemeh Zahra Mosque,68
119,90_AghaMirAbdolSamad Taghavi Mosque,60
119,91_Shahid thales Mosque,47
119,92_Chahardah Masoum Mosque,54
119,93_Haj GholamHosein Mosque,53
119,94_Hojjati Mosque,45
119,95_Mohammad Khan Beg Mosque,40
119,96_Maleki Jonoubi Mosque,41
119,97_Maleki Shomali Mosque,42
119,98_Molem ebn Aghil Hosseinieh,36
119,99_Yadegar Imam Hosseinieh,67
119,100_Dastgheyb Mosque,48
119,101_Agha Seyyed Jamal Hosseinieh,63
120,01_Sajadiye Mosque,28
120,02_Halime khatun,34
120,03_Masjed Hazrate Fateme Zahra,32
120,04_Molabashi,32
120,05_Hoseynie Razavi,35
120,06_Soukhte chenar Mosque,31
120,07_Sotudeh Mosque,30
120,08_Agha seyed Ali Mosque,32
120,09_Shishegar Mosque,34
120,10_Emamzadeh Ali,26
120,11_Fatemeh AlZahra Mosque,43
120,12_Haj Mousa,33
120,13_Haj Kazem Mosque,37
120,14_Imamا Hasan Asgari Mosque,41
120,15_Emamzadeh Esmaeil,37
120,16_Sar Allah Masque,36
120,17_Ameneh Khatoon,27
120,18_Mohammadie Mosque,33
120,19_Sabz Mosque,45
120,20_,38
120,21_,39
120,22_Imam Jafar Sadegh Mosque,40
120,23_Javad Aemmeh Mosque,42
120,24_Imam Hossein Mosque,18
120,25_Abolfazl Mosque,6
120,26_Maktab Zehra,18
120,27_Ahmad Beik Mosque,37
120,28_Almahdi Mosque,24
120,29_Fateme Zahra Mosque,51
120,30_Rah Chaman Mosque,26
120,31_Haft Dar Mosque,40
120,32_Mosque,9
120,33_Laal Mosque,42
120,34_Imam Hassan Mosque,34
120,35_14th Masoom Mosque,38
120,36_,45
120,37_Emam Ali Mosque,69
120,38_,42
120,39_,38
120,40_,45
120,41_,45
120,42_,39
120,43_,41
120,44_,52
120,45_,32
120,46_Qadir mosque,37
120,47_Imam Reza Mosque,37
120,48_Velayat,27
120,49_Mohammad Rasolallah Mosque,23
120,50_Emamzadeh Hossein shrine,39
120,51_Sanjideh Mosque,33
120,52_Panje Ali Mosque,38
120,53_Hazrat Abolfazl,34
120,54_Tomb of The Four Prophets,33
120,55_Emam Khomeini Mosque,35
120,56_Emamzadeh Soltan Seyed Mohamad,47
120,57_Al Mahdi Mosque,49
120,58_,40
120,59_,33
120,60_Nabi Mosque,36
120,61_Jameh Mosque of Qazvin,37
120,62_Sheykhol Eslam Mosque,36
120,63_Valiasr Mosque,15
120,64_JavadolAemmeh Mosque,34
120,65_Teflane Moslem Mosque,40
120,66_Tagh Bohloul Mosque,33
120,67_Shahid Sales Mosque,36
120,68_Dabbaghan Mosque,39
120,69_Haj Molla Aqa Mosque,34
120,70_Karim Ahle Beyt Mosque,33
120,71_Ghods Razavi Mosque,14
120,72_Adl Ghaem Mosque,30
120,73_Hazrat Abolfazl Mosque,37
120,74_Imam Musa Bn Ja'far Mosque,34
120,75_Seyedoshohada Mosque,40
120,76_Sahebazaman Mosque,40
120,77_Imam Hosein Mosque,42
120,78_Hazrat Mahdi Mosque,33
120,79_Sahebazaman Mosque,33
120,80_Moslem ebn Aghil Mosque,60
120,81_Imam Hadi Mosque,51
120,82_Fatemeh Al-Zahra Mosque,44
120,83_Sahebazaman Mosque,44
120,84_Imam Hasan Asgari Mosque,48
120,85_Imam Hosein Mosque,38
120,86_JavadoAemeh Mosque,36
120,87_Hossein Mosque,38
120,88_Khajeh Shohada Mosque,49
120,89_Fatemeh Zahra Mosque,56
120,90_AghaMirAbdolSamad Taghavi Mosque,43
120,91_Shahid thales Mosque,36
120,92_Chahardah Masoum Mosque,43
120,93_Haj GholamHosein Mosque,42
120,94_Hojjati Mosque,34
120,95_Mohammad Khan Beg Mosque,36
120,96_Maleki Jonoubi Mosque,34
120,97_Maleki Shomali Mosque,34
120,98_Molem ebn Aghil Hosseinieh,38
120,99_Yadegar Imam Hosseinieh,53
120,100_Dastgheyb Mosque,37
120,101_Agha Seyyed Jamal Hosseinieh,40
121,01_Sajadiye Mosque,26
121,02_Halime khatun,29
121,03_Masjed Hazrate Fateme Zahra,28
121,04_Molabashi,27
121,05_Hoseynie Razavi,31
121,06_Soukhte chenar Mosque,27
121,07_Sotudeh Mosque,26
121,08_Agha seyed Ali Mosque,27
121,09_Shishegar Mosque,30
121,10_Emamzadeh Ali,22
121,11_Fatemeh AlZahra Mosque,42
121,12_Haj Mousa,29
121,13_Haj Kazem Mosque,33
121,14_Imamا Hasan Asgari Mosque,39
121,15_Emamzadeh Esmaeil,31
121,16_Sar Allah Masque,34
121,17_Ameneh Khatoon,21
121,18_Mohammadie Mosque,27
121,19_Sabz Mosque,40
121,20_,36
121,21_,34
121,22_Imam Jafar Sadegh Mosque,38
121,23_Javad Aemmeh Mosque,41
121,24_Imam Hossein Mosque,12
121,25_Abolfazl Mosque,11
121,26_Maktab Zehra,21
121,27_Ahmad Beik Mosque,34
121,28_Almahdi Mosque,20
121,29_Fateme Zahra Mosque,50
121,30_Rah Chaman Mosque,23
121,31_Haft Dar Mosque,34
121,32_Mosque,10
121,33_Laal Mosque,37
121,34_Imam Hassan Mosque,29
121,35_14th Masoom Mosque,38
121,36_,40
121,37_Emam Ali Mosque,67
121,38_,36
121,39_,34
121,40_,40
121,41_,44
121,42_,34
121,43_,39
121,44_,50
121,45_,28
121,46_Qadir mosque,36
121,47_Imam Reza Mosque,34
121,48_Velayat,26
121,49_Mohammad Rasolallah Mosque,25
121,50_Emamzadeh Hossein shrine,34
121,51_Sanjideh Mosque,30
121,52_Panje Ali Mosque,33
121,53_Hazrat Abolfazl,32
121,54_Tomb of The Four Prophets,28
121,55_Emam Khomeini Mosque,33
121,56_Emamzadeh Soltan Seyed Mohamad,43
121,57_Al Mahdi Mosque,47
121,58_,38
121,59_,32
121,60_Nabi Mosque,31
121,61_Jameh Mosque of Qazvin,32
121,62_Sheykhol Eslam Mosque,31
121,63_Valiasr Mosque,11
121,64_JavadolAemmeh Mosque,30
121,65_Teflane Moslem Mosque,35
121,66_Tagh Bohloul Mosque,28
121,67_Shahid Sales Mosque,31
121,68_Dabbaghan Mosque,34
121,69_Haj Molla Aqa Mosque,29
121,70_Karim Ahle Beyt Mosque,30
121,71_Ghods Razavi Mosque,15
121,72_Adl Ghaem Mosque,26
121,73_Hazrat Abolfazl Mosque,38
121,74_Imam Musa Bn Ja'far Mosque,35
121,75_Seyedoshohada Mosque,40
121,76_Sahebazaman Mosque,40
121,77_Imam Hosein Mosque,41
121,78_Hazrat Mahdi Mosque,31
121,79_Sahebazaman Mosque,31
121,80_Moslem ebn Aghil Mosque,58
121,81_Imam Hadi Mosque,49
121,82_Fatemeh Al-Zahra Mosque,43
121,83_Sahebazaman Mosque,43
121,84_Imam Hasan Asgari Mosque,47
121,85_Imam Hosein Mosque,33
121,86_JavadoAemeh Mosque,31
121,87_Hossein Mosque,33
121,88_Khajeh Shohada Mosque,44
121,89_Fatemeh Zahra Mosque,51
121,90_AghaMirAbdolSamad Taghavi Mosque,38
121,91_Shahid thales Mosque,32
121,92_Chahardah Masoum Mosque,39
121,93_Haj GholamHosein Mosque,38
121,94_Hojjati Mosque,30
121,95_Mohammad Khan Beg Mosque,33
121,96_Maleki Jonoubi Mosque,30
121,97_Maleki Shomali Mosque,30
121,98_Molem ebn Aghil Hosseinieh,39
121,99_Yadegar Imam Hosseinieh,52
121,100_Dastgheyb Mosque,33
121,101_Agha Seyyed Jamal Hosseinieh,35
122,01_Sajadiye Mosque,40
122,02_Halime khatun,27
122,03_Masjed Hazrate Fateme Zahra,29
122,04_Molabashi,29
122,05_Hoseynie Razavi,28
122,06_Soukhte chenar Mosque,29
122,07_Sotudeh Mosque,28
122,08_Agha seyed Ali Mosque,29
122,09_Shishegar Mosque,23
122,10_Emamzadeh Ali,38
122,11_Fatemeh AlZahra Mosque,47
122,12_Haj Mousa,26
122,13_Haj Kazem Mosque,25
122,14_Imamا Hasan Asgari Mosque,26
122,15_Emamzadeh Esmaeil,38
122,16_Sar Allah Masque,19
122,17_Ameneh Khatoon,42
122,18_Mohammadie Mosque,43
122,19_Sabz Mosque,40
122,20_,22
122,21_,34
122,22_Imam Jafar Sadegh Mosque,35
122,23_Javad Aemmeh Mosque,46
122,24_Imam Hossein Mosque,36
122,25_Abolfazl Mosque,29
122,26_Maktab Zehra,28
122,27_Ahmad Beik Mosque,23
122,28_Almahdi Mosque,38
122,29_Fateme Zahra Mosque,32
122,30_Rah Chaman Mosque,39
122,31_Haft Dar Mosque,36
122,32_Mosque,36
122,33_Laal Mosque,42
122,34_Imam Hassan Mosque,28
122,35_14th Masoom Mosque,2
122,36_,44
122,37_Emam Ali Mosque,47
122,38_,41
122,39_,33
122,40_,40
122,41_,46
122,42_,34
122,43_,36
122,44_,37
122,45_,29
122,46_Qadir mosque,38
122,47_Imam Reza Mosque,39
122,48_Velayat,21
122,49_Mohammad Rasolallah Mosque,28
122,50_Emamzadeh Hossein shrine,50
122,51_Sanjideh Mosque,45
122,52_Panje Ali Mosque,35
122,53_Hazrat Abolfazl,29
122,54_Tomb of The Four Prophets,30
122,55_Emam Khomeini Mosque,19
122,56_Emamzadeh Soltan Seyed Mohamad,42
122,57_Al Mahdi Mosque,36
122,58_,35
122,59_,28
122,60_Nabi Mosque,32
122,61_Jameh Mosque of Qazvin,47
122,62_Sheykhol Eslam Mosque,41
122,63_Valiasr Mosque,30
122,64_JavadolAemmeh Mosque,27
122,65_Teflane Moslem Mosque,55
122,66_Tagh Bohloul Mosque,46
122,67_Shahid Sales Mosque,46
122,68_Dabbaghan Mosque,46
122,69_Haj Molla Aqa Mosque,29
122,70_Karim Ahle Beyt Mosque,26
122,71_Ghods Razavi Mosque,36
122,72_Adl Ghaem Mosque,25
122,73_Hazrat Abolfazl Mosque,15
122,74_Imam Musa Bn Ja'far Mosque,3
122,75_Seyedoshohada Mosque,7
122,76_Sahebazaman Mosque,7
122,77_Imam Hosein Mosque,9
122,78_Hazrat Mahdi Mosque,19
122,79_Sahebazaman Mosque,24
122,80_Moslem ebn Aghil Mosque,43
122,81_Imam Hadi Mosque,38
122,82_Fatemeh Al-Zahra Mosque,47
122,83_Sahebazaman Mosque,42
122,84_Imam Hasan Asgari Mosque,46
122,85_Imam Hosein Mosque,54
122,86_JavadoAemeh Mosque,51
122,87_Hossein Mosque,53
122,88_Khajeh Shohada Mosque,46
122,89_Fatemeh Zahra Mosque,53
122,90_AghaMirAbdolSamad Taghavi Mosque,42
122,91_Shahid thales Mosque,30
122,92_Chahardah Masoum Mosque,37
122,93_Haj GholamHosein Mosque,36
122,94_Hojjati Mosque,28
122,95_Mohammad Khan Beg Mosque,26
122,96_Maleki Jonoubi Mosque,24
122,97_Maleki Shomali Mosque,24
122,98_Molem ebn Aghil Hosseinieh,22
122,99_Yadegar Imam Hosseinieh,49
122,100_Dastgheyb Mosque,31
122,101_Agha Seyyed Jamal Hosseinieh,43
123,01_Sajadiye Mosque,51
123,02_Halime khatun,31
123,03_Masjed Hazrate Fateme Zahra,36
123,04_Molabashi,38
123,05_Hoseynie Razavi,33
123,06_Soukhte chenar Mosque,38
123,07_Sotudeh Mosque,37
123,08_Agha seyed Ali Mosque,34
123,09_Shishegar Mosque,28
123,10_Emamzadeh Ali,50
123,11_Fatemeh AlZahra Mosque,57
123,12_Haj Mousa,30
123,13_Haj Kazem Mosque,32
123,14_Imamا Hasan Asgari Mosque,30
123,15_Emamzadeh Esmaeil,48
123,16_Sar Allah Masque,37
123,17_Ameneh Khatoon,50
123,18_Mohammadie Mosque,52
123,19_Sabz Mosque,44
123,20_,30
123,21_,39
123,22_Imam Jafar Sadegh Mosque,41
123,23_Javad Aemmeh Mosque,55
123,24_Imam Hossein Mosque,46
123,25_Abolfazl Mosque,39
123,26_Maktab Zehra,38
123,27_Ahmad Beik Mosque,30
123,28_Almahdi Mosque,47
123,29_Fateme Zahra Mosque,13
123,30_Rah Chaman Mosque,50
123,31_Haft Dar Mosque,44
123,32_Mosque,46
123,33_Laal Mosque,50
123,34_Imam Hassan Mosque,33
123,35_14th Masoom Mosque,25
123,36_,51
123,37_Emam Ali Mosque,45
123,38_,55
123,39_,37
123,40_,44
123,41_,54
123,42_,41
123,43_,40
123,44_,36
123,45_,38
123,46_Qadir mosque,43
123,47_Imam Reza Mosque,49
123,48_Velayat,33
123,49_Mohammad Rasolallah Mosque,42
123,50_Emamzadeh Hossein shrine,60
123,51_Sanjideh Mosque,54
123,52_Panje Ali Mosque,45
123,53_Hazrat Abolfazl,29
123,54_Tomb of The Four Prophets,42
123,55_Emam Khomeini Mosque,19
123,56_Emamzadeh Soltan Seyed Mohamad,46
123,57_Al Mahdi Mosque,29
123,58_,41
123,59_,41
123,60_Nabi Mosque,37
123,61_Jameh Mosque of Qazvin,55
123,62_Sheykhol Eslam Mosque,51
123,63_Valiasr Mosque,40
123,64_JavadolAemmeh Mosque,30
123,65_Teflane Moslem Mosque,63
123,66_Tagh Bohloul Mosque,54
123,67_Shahid Sales Mosque,56
123,68_Dabbaghan Mosque,55
123,69_Haj Molla Aqa Mosque,35
123,70_Karim Ahle Beyt Mosque,27
123,71_Ghods Razavi Mosque,46
123,72_Adl Ghaem Mosque,43
123,73_Hazrat Abolfazl Mosque,29
123,74_Imam Musa Bn Ja'far Mosque,28
123,75_Seyedoshohada Mosque,26
123,76_Sahebazaman Mosque,24
123,77_Imam Hosein Mosque,23
123,78_Hazrat Mahdi Mosque,29
123,79_Sahebazaman Mosque,31
123,80_Moslem ebn Aghil Mosque,41
123,81_Imam Hadi Mosque,41
123,82_Fatemeh Al-Zahra Mosque,56
123,83_Sahebazaman Mosque,49
123,84_Imam Hasan Asgari Mosque,48
123,85_Imam Hosein Mosque,62
123,86_JavadoAemeh Mosque,59
123,87_Hossein Mosque,61
123,88_Khajeh Shohada Mosque,53
123,89_Fatemeh Zahra Mosque,56
123,90_AghaMirAbdolSamad Taghavi Mosque,48
123,91_Shahid thales Mosque,35
123,92_Chahardah Masoum Mosque,42
123,93_Haj GholamHosein Mosque,41
123,94_Hojjati Mosque,33
123,95_Mohammad Khan Beg Mosque,28
123,96_Maleki Jonoubi Mosque,28
123,97_Maleki Shomali Mosque,29
123,98_Molem ebn Aghil Hosseinieh,22
123,99_Yadegar Imam Hosseinieh,57
123,100_Dastgheyb Mosque,36
123,101_Agha Seyyed Jamal Hosseinieh,51
124,01_Sajadiye Mosque,39
124,02_Halime khatun,37
124,03_Masjed Hazrate Fateme Zahra,35
124,04_Molabashi,33
124,05_Hoseynie Razavi,38
124,06_Soukhte chenar Mosque,34
124,07_Sotudeh Mosque,33
124,08_Agha seyed Ali Mosque,37
124,09_Shishegar Mosque,34
124,10_Emamzadeh Ali,38
124,11_Fatemeh AlZahra Mosque,39
124,12_Haj Mousa,38
124,13_Haj Kazem Mosque,35
124,14_Imamا Hasan Asgari Mosque,23
124,15_Emamzadeh Esmaeil,41
124,16_Sar Allah Masque,29
124,17_Ameneh Khatoon,41
124,18_Mohammadie Mosque,43
124,19_Sabz Mosque,50
124,20_,35
124,21_,43
124,22_Imam Jafar Sadegh Mosque,25
124,23_Javad Aemmeh Mosque,38
124,24_Imam Hossein Mosque,36
124,25_Abolfazl Mosque,29
124,26_Maktab Zehra,28
124,27_Ahmad Beik Mosque,36
124,28_Almahdi Mosque,40
124,29_Fateme Zahra Mosque,32
124,30_Rah Chaman Mosque,38
124,31_Haft Dar Mosque,42
124,32_Mosque,36
124,33_Laal Mosque,48
124,34_Imam Hassan Mosque,38
124,35_14th Masoom Mosque,24
124,36_,50
124,37_Emam Ali Mosque,51
124,38_,30
124,39_,43
124,40_,49
124,41_,37
124,42_,40
124,43_,26
124,44_,34
124,45_,33
124,46_Qadir mosque,25
124,47_Imam Reza Mosque,27
124,48_Velayat,22
124,49_Mohammad Rasolallah Mosque,34
124,50_Emamzadeh Hossein shrine,49
124,51_Sanjideh Mosque,44
124,52_Panje Ali Mosque,39
124,53_Hazrat Abolfazl,12
124,54_Tomb of The Four Prophets,33
124,55_Emam Khomeini Mosque,11
124,56_Emamzadeh Soltan Seyed Mohamad,52
124,57_Al Mahdi Mosque,34
124,58_,25
124,59_,27
124,60_Nabi Mosque,40
124,61_Jameh Mosque of Qazvin,45
124,62_Sheykhol Eslam Mosque,43
124,63_Valiasr Mosque,29
124,64_JavadolAemmeh Mosque,38
124,65_Teflane Moslem Mosque,51
124,66_Tagh Bohloul Mosque,43
124,67_Shahid Sales Mosque,45
124,68_Dabbaghan Mosque,47
124,69_Haj Molla Aqa Mosque,36
124,70_Karim Ahle Beyt Mosque,35
124,71_Ghods Razavi Mosque,36
124,72_Adl Ghaem Mosque,31
124,73_Hazrat Abolfazl Mosque,33
124,74_Imam Musa Bn Ja'far Mosque,24
124,75_Seyedoshohada Mosque,23
124,76_Sahebazaman Mosque,19
124,77_Imam Hosein Mosque,18
124,78_Hazrat Mahdi Mosque,11
124,79_Sahebazaman Mosque,3
124,80_Moslem ebn Aghil Mosque,43
124,81_Imam Hadi Mosque,35
124,82_Fatemeh Al-Zahra Mosque,38
124,83_Sahebazaman Mosque,33
124,84_Imam Hasan Asgari Mosque,37
124,85_Imam Hosein Mosque,50
124,86_JavadoAemeh Mosque,47
124,87_Hossein Mosque,49
124,88_Khajeh Shohada Mosque,53
124,89_Fatemeh Zahra Mosque,60
124,90_AghaMirAbdolSamad Taghavi Mosque,49
124,91_Shahid thales Mosque,41
124,92_Chahardah Masoum Mosque,48
124,93_Haj GholamHosein Mosque,47
124,94_Hojjati Mosque,39
124,95_Mohammad Khan Beg Mosque,39
124,96_Maleki Jonoubi Mosque,36
124,97_Maleki Shomali Mosque,36
124,98_Molem ebn Aghil Hosseinieh,31
124,99_Yadegar Imam Hosseinieh,39
124,100_Dastgheyb Mosque,42
124,101_Agha Seyyed Jamal Hosseinieh,47
125,01_Sajadiye Mosque,40
125,02_Halime khatun,37
125,03_Masjed Hazrate Fateme Zahra,33
125,04_Molabashi,31
125,05_Hoseynie Razavi,37
125,06_Soukhte chenar Mosque,32
125,07_Sotudeh Mosque,31
125,08_Agha seyed Ali Mosque,36
125,09_Shishegar Mosque,36
125,10_Emamzadeh Ali,38
125,11_Fatemeh AlZahra Mosque,27
125,12_Haj Mousa,40
125,13_Haj Kazem Mosque,35
125,14_Imamا Hasan Asgari Mosque,34
125,15_Emamzadeh Esmaeil,39
125,16_Sar Allah Masque,29
125,17_Ameneh Khatoon,41
125,18_Mohammadie Mosque,43
125,19_Sabz Mosque,50
125,20_,38
125,21_,41
125,22_Imam Jafar Sadegh Mosque,25
125,23_Javad Aemmeh Mosque,26
125,24_Imam Hossein Mosque,37
125,25_Abolfazl Mosque,31
125,26_Maktab Zehra,30
125,27_Ahmad Beik Mosque,39
125,28_Almahdi Mosque,39
125,29_Fateme Zahra Mosque,44
125,30_Rah Chaman Mosque,39
125,31_Haft Dar Mosque,40
125,32_Mosque,38
125,33_Laal Mosque,48
125,34_Imam Hassan Mosque,38
125,35_14th Masoom Mosque,33
125,36_,51
125,37_Emam Ali Mosque,62
125,38_,18
125,39_,44
125,40_,47
125,41_,29
125,42_,38
125,43_,26
125,44_,43
125,45_,31
125,46_Qadir mosque,13
125,47_Imam Reza Mosque,15
125,48_Velayat,19
125,49_Mohammad Rasolallah Mosque,34
125,50_Emamzadeh Hossein shrine,49
125,51_Sanjideh Mosque,45
125,52_Panje Ali Mosque,37
125,53_Hazrat Abolfazl,12
125,54_Tomb of The Four Prophets,31
125,55_Emam Khomeini Mosque,24
125,56_Emamzadeh Soltan Seyed Mohamad,53
125,57_Al Mahdi Mosque,45
125,58_,25
125,59_,23
125,60_Nabi Mosque,38
125,61_Jameh Mosque of Qazvin,46
125,62_Sheykhol Eslam Mosque,42
125,63_Valiasr Mosque,31
125,64_JavadolAemmeh Mosque,39
125,65_Teflane Moslem Mosque,52
125,66_Tagh Bohloul Mosque,44
125,67_Shahid Sales Mosque,46
125,68_Dabbaghan Mosque,47
125,69_Haj Molla Aqa Mosque,34
125,70_Karim Ahle Beyt Mosque,35
125,71_Ghods Razavi Mosque,36
125,72_Adl Ghaem Mosque,27
125,73_Hazrat Abolfazl Mosque,35
125,74_Imam Musa Bn Ja'far Mosque,28
125,75_Seyedoshohada Mosque,34
125,76_Sahebazaman Mosque,30
125,77_Imam Hosein Mosque,29
125,78_Hazrat Mahdi Mosque,15
125,79_Sahebazaman Mosque,9
125,80_Moslem ebn Aghil Mosque,54
125,81_Imam Hadi Mosque,39
125,82_Fatemeh Al-Zahra Mosque,28
125,83_Sahebazaman Mosque,28
125,84_Imam Hasan Asgari Mosque,32
125,85_Imam Hosein Mosque,50
125,86_JavadoAemeh Mosque,48
125,87_Hossein Mosque,50
125,88_Khajeh Shohada Mosque,54
125,89_Fatemeh Zahra Mosque,61
125,90_AghaMirAbdolSamad Taghavi Mosque,47
125,91_Shahid thales Mosque,42
125,92_Chahardah Masoum Mosque,49
125,93_Haj GholamHosein Mosque,48
125,94_Hojjati Mosque,41
125,95_Mohammad Khan Beg Mosque,39
125,96_Maleki Jonoubi Mosque,38
125,97_Maleki Shomali Mosque,38
125,98_Molem ebn Aghil Hosseinieh,42
125,99_Yadegar Imam Hosseinieh,37
125,100_Dastgheyb Mosque,43
125,101_Agha Seyyed Jamal Hosseinieh,46
126,01_Sajadiye Mosque,45
126,02_Halime khatun,44
126,03_Masjed Hazrate Fateme Zahra,42
126,04_Molabashi,41
126,05_Hoseynie Razavi,44
126,06_Soukhte chenar Mosque,38
126,07_Sotudeh Mosque,38
126,08_Agha seyed Ali Mosque,46
126,09_Shishegar Mosque,41
126,10_Emamzadeh Ali,43
126,11_Fatemeh AlZahra Mosque,21
126,12_Haj Mousa,44
126,13_Haj Kazem Mosque,44
126,14_Imamا Hasan Asgari Mosque,47
126,15_Emamzadeh Esmaeil,49
126,16_Sar Allah Masque,40
126,17_Ameneh Khatoon,47
126,18_Mohammadie Mosque,49
126,19_Sabz Mosque,56
126,20_,47
126,21_,51
126,22_Imam Jafar Sadegh Mosque,33
126,23_Javad Aemmeh Mosque,5
126,24_Imam Hossein Mosque,41
126,25_Abolfazl Mosque,36
126,26_Maktab Zehra,31
126,27_Ahmad Beik Mosque,45
126,28_Almahdi Mosque,40
126,29_Fateme Zahra Mosque,61
126,30_Rah Chaman Mosque,44
126,31_Haft Dar Mosque,50
126,32_Mosque,39
126,33_Laal Mosque,58
126,34_Imam Hassan Mosque,45
126,35_14th Masoom Mosque,47
126,36_,61
126,37_Emam Ali Mosque,74
126,38_,20
126,39_,49
126,40_,57
126,41_,21
126,42_,48
126,43_,30
126,44_,55
126,45_,41
126,46_Qadir mosque,16
126,47_Imam Reza Mosque,16
126,48_Velayat,25
126,49_Mohammad Rasolallah Mosque,34
126,50_Emamzadeh Hossein shrine,57
126,51_Sanjideh Mosque,50
126,52_Panje Ali Mosque,47
126,53_Hazrat Abolfazl,28
126,54_Tomb of The Four Prophets,41
126,55_Emam Khomeini Mosque,46
126,56_Emamzadeh Soltan Seyed Mohamad,59
126,57_Al Mahdi Mosque,58
126,58_,33
126,59_,25
126,60_Nabi Mosque,48
126,61_Jameh Mosque of Qazvin,53
126,62_Sheykhol Eslam Mosque,52
126,63_Valiasr Mosque,36
126,64_JavadolAemmeh Mosque,43
126,65_Teflane Moslem Mosque,58
126,66_Tagh Bohloul Mosque,51
126,67_Shahid Sales Mosque,54
126,68_Dabbaghan Mosque,55
126,69_Haj Molla Aqa Mosque,44
126,70_Karim Ahle Beyt Mosque,44
126,71_Ghods Razavi Mosque,34
126,72_Adl Ghaem Mosque,35
126,73_Hazrat Abolfazl Mosque,46
126,74_Imam Musa Bn Ja'far Mosque,41
126,75_Seyedoshohada Mosque,47
126,76_Sahebazaman Mosque,47
126,77_Imam Hosein Mosque,47
126,78_Hazrat Mahdi Mosque,38
126,79_Sahebazaman Mosque,36
126,80_Moslem ebn Aghil Mosque,65
126,81_Imam Hadi Mosque,48
126,82_Fatemeh Al-Zahra Mosque,22
126,83_Sahebazaman Mosque,22
126,84_Imam Hasan Asgari Mosque,26
126,85_Imam Hosein Mosque,56
126,86_JavadoAemeh Mosque,54
126,87_Hossein Mosque,56
126,88_Khajeh Shohada Mosque,65
126,89_Fatemeh Zahra Mosque,72
126,90_AghaMirAbdolSamad Taghavi Mosque,57
126,91_Shahid thales Mosque,47
126,92_Chahardah Masoum Mosque,54
126,93_Haj GholamHosein Mosque,53
126,94_Hojjati Mosque,46
126,95_Mohammad Khan Beg Mosque,47
126,96_Maleki Jonoubi Mosque,42
126,97_Maleki Shomali Mosque,42
126,98_Molem ebn Aghil Hosseinieh,49
126,99_Yadegar Imam Hosseinieh,31
126,100_Dastgheyb Mosque,48
126,101_Agha Seyyed Jamal Hosseinieh,56
127,01_Sajadiye Mosque,52
127,02_Halime khatun,53
127,03_Masjed Hazrate Fateme Zahra,48
127,04_Molabashi,46
127,05_Hoseynie Razavi,52
127,06_Soukhte chenar Mosque,47
127,07_Sotudeh Mosque,46
127,08_Agha seyed Ali Mosque,51
127,09_Shishegar Mosque,52
127,10_Emamzadeh Ali,50
127,11_Fatemeh AlZahra Mosque,18
127,12_Haj Mousa,55
127,13_Haj Kazem Mosque,50
127,14_Imamا Hasan Asgari Mosque,40
127,15_Emamzadeh Esmaeil,54
127,16_Sar Allah Masque,45
127,17_Ameneh Khatoon,53
127,18_Mohammadie Mosque,58
127,19_Sabz Mosque,65
127,20_,53
127,21_,56
127,22_Imam Jafar Sadegh Mosque,21
127,23_Javad Aemmeh Mosque,17
127,24_Imam Hossein Mosque,45
127,25_Abolfazl Mosque,42
127,26_Maktab Zehra,40
127,27_Ahmad Beik Mosque,54
127,28_Almahdi Mosque,52
127,29_Fateme Zahra Mosque,57
127,30_Rah Chaman Mosque,50
127,31_Haft Dar Mosque,55
127,32_Mosque,49
127,33_Laal Mosque,63
127,34_Imam Hassan Mosque,53
127,35_14th Masoom Mosque,49
127,36_,66
127,37_Emam Ali Mosque,64
127,38_,36
127,39_,60
127,40_,62
127,41_,4
127,42_,53
127,43_,19
127,44_,49
127,45_,46
127,46_Qadir mosque,27
127,47_Imam Reza Mosque,27
127,48_Velayat,30
127,49_Mohammad Rasolallah Mosque,47
127,50_Emamzadeh Hossein shrine,60
127,51_Sanjideh Mosque,57
127,52_Panje Ali Mosque,52
127,53_Hazrat Abolfazl,30
127,54_Tomb of The Four Prophets,46
127,55_Emam Khomeini Mosque,46
127,56_Emamzadeh Soltan Seyed Mohamad,69
127,57_Al Mahdi Mosque,50
127,58_,21
127,59_,34
127,60_Nabi Mosque,53
127,61_Jameh Mosque of Qazvin,58
127,62_Sheykhol Eslam Mosque,57
127,63_Valiasr Mosque,42
127,64_JavadolAemmeh Mosque,55
127,65_Teflane Moslem Mosque,61
127,66_Tagh Bohloul Mosque,54
127,67_Shahid Sales Mosque,57
127,68_Dabbaghan Mosque,60
127,69_Haj Molla Aqa Mosque,49
127,70_Karim Ahle Beyt Mosque,49
127,71_Ghods Razavi Mosque,48
127,72_Adl Ghaem Mosque,40
127,73_Hazrat Abolfazl Mosque,51
127,74_Imam Musa Bn Ja'far Mosque,44
127,75_Seyedoshohada Mosque,49
127,76_Sahebazaman Mosque,49
127,77_Imam Hosein Mosque,49
127,78_Hazrat Mahdi Mosque,38
127,79_Sahebazaman Mosque,37
127,80_Moslem ebn Aghil Mosque,58
127,81_Imam Hadi Mosque,42
127,82_Fatemeh Al-Zahra Mosque,14
127,83_Sahebazaman Mosque,8
127,84_Imam Hasan Asgari Mosque,9
127,85_Imam Hosein Mosque,59
127,86_JavadoAemeh Mosque,57
127,87_Hossein Mosque,59
127,88_Khajeh Shohada Mosque,70
127,89_Fatemeh Zahra Mosque,77
127,90_AghaMirAbdolSamad Taghavi Mosque,62
127,91_Shahid thales Mosque,58
127,92_Chahardah Masoum Mosque,65
127,93_Haj GholamHosein Mosque,64
127,94_Hojjati Mosque,57
127,95_Mohammad Khan Beg Mosque,53
127,96_Maleki Jonoubi Mosque,54
127,97_Maleki Shomali Mosque,54
127,98_Molem ebn Aghil Hosseinieh,54
127,99_Yadegar Imam Hosseinieh,23
127,100_Dastgheyb Mosque,59
127,101_Agha Seyyed Jamal Hosseinieh,61
128,01_Sajadiye Mosque,45
128,02_Halime khatun,48
128,03_Masjed Hazrate Fateme Zahra,44
128,04_Molabashi,42
128,05_Hoseynie Razavi,48
128,06_Soukhte chenar Mosque,43
128,07_Sotudeh Mosque,42
128,08_Agha seyed Ali Mosque,44
128,09_Shishegar Mosque,46
128,10_Emamzadeh Ali,43
128,11_Fatemeh AlZahra Mosque,25
128,12_Haj Mousa,48
128,13_Haj Kazem Mosque,46
128,14_Imamا Hasan Asgari Mosque,30
128,15_Emamzadeh Esmaeil,50
128,16_Sar Allah Masque,38
128,17_Ameneh Khatoon,47
128,18_Mohammadie Mosque,50
128,19_Sabz Mosque,60
128,20_,46
128,21_,52
128,22_Imam Jafar Sadegh Mosque,8
128,23_Javad Aemmeh Mosque,32
128,24_Imam Hossein Mosque,42
128,25_Abolfazl Mosque,36
128,26_Maktab Zehra,35
128,27_Ahmad Beik Mosque,48
128,28_Almahdi Mosque,47
128,29_Fateme Zahra Mosque,46
128,30_Rah Chaman Mosque,44
128,31_Haft Dar Mosque,51
128,32_Mosque,43
128,33_Laal Mosque,55
128,34_Imam Hassan Mosque,48
128,35_14th Masoom Mosque,38
128,36_,58
128,37_Emam Ali Mosque,54
128,38_,41
128,39_,53
128,40_,58
128,41_,20
128,42_,49
128,43_,1
128,44_,39
128,45_,42
128,46_Qadir mosque,31
128,47_Imam Reza Mosque,34
128,48_Velayat,30
128,49_Mohammad Rasolallah Mosque,42
128,50_Emamzadeh Hossein shrine,56
128,51_Sanjideh Mosque,50
128,52_Panje Ali Mosque,48
128,53_Hazrat Abolfazl,20
128,54_Tomb of The Four Prophets,42
128,55_Emam Khomeini Mosque,34
128,56_Emamzadeh Soltan Seyed Mohamad,62
128,57_Al Mahdi Mosque,40
128,58_,8
128,59_,36
128,60_Nabi Mosque,48
128,61_Jameh Mosque of Qazvin,52
128,62_Sheykhol Eslam Mosque,50
128,63_Valiasr Mosque,36
128,64_JavadolAemmeh Mosque,48
128,65_Teflane Moslem Mosque,58
128,66_Tagh Bohloul Mosque,50
128,67_Shahid Sales Mosque,52
128,68_Dabbaghan Mosque,54
128,69_Haj Molla Aqa Mosque,45
128,70_Karim Ahle Beyt Mosque,44
128,71_Ghods Razavi Mosque,43
128,72_Adl Ghaem Mosque,40
128,73_Hazrat Abolfazl Mosque,42
128,74_Imam Musa Bn Ja'far Mosque,34
128,75_Seyedoshohada Mosque,39
128,76_Sahebazaman Mosque,39
128,77_Imam Hosein Mosque,39
128,78_Hazrat Mahdi Mosque,25
128,79_Sahebazaman Mosque,25
128,80_Moslem ebn Aghil Mosque,48
128,81_Imam Hadi Mosque,32
128,82_Fatemeh Al-Zahra Mosque,23
128,83_Sahebazaman Mosque,12
128,84_Imam Hasan Asgari Mosque,16
128,85_Imam Hosein Mosque,56
128,86_JavadoAemeh Mosque,54
128,87_Hossein Mosque,56
128,88_Khajeh Shohada Mosque,62
128,89_Fatemeh Zahra Mosque,69
128,90_AghaMirAbdolSamad Taghavi Mosque,56
128,91_Shahid thales Mosque,51
128,92_Chahardah Masoum Mosque,58
128,93_Haj GholamHosein Mosque,57
128,94_Hojjati Mosque,49
128,95_Mohammad Khan Beg Mosque,48
128,96_Maleki Jonoubi Mosque,46
128,97_Maleki Shomali Mosque,47
128,98_Molem ebn Aghil Hosseinieh,44
128,99_Yadegar Imam Hosseinieh,25
128,100_Dastgheyb Mosque,52
128,101_Agha Seyyed Jamal Hosseinieh,54
129,01_Sajadiye Mosque,63
129,02_Halime khatun,60
129,03_Masjed Hazrate Fateme Zahra,55
129,04_Molabashi,53
129,05_Hoseynie Razavi,59
129,06_Soukhte chenar Mosque,54
129,07_Sotudeh Mosque,53
129,08_Agha seyed Ali Mosque,58
129,09_Shishegar Mosque,59
129,10_Emamzadeh Ali,61
129,11_Fatemeh AlZahra Mosque,13
129,12_Haj Mousa,62
129,13_Haj Kazem Mosque,57
129,14_Imamا Hasan Asgari Mosque,51
129,15_Emamzadeh Esmaeil,61
129,16_Sar Allah Masque,52
129,17_Ameneh Khatoon,62
129,18_Mohammadie Mosque,65
129,19_Sabz Mosque,72
129,20_,60
129,21_,63
129,22_Imam Jafar Sadegh Mosque,32
129,23_Javad Aemmeh Mosque,32
129,24_Imam Hossein Mosque,56
129,25_Abolfazl Mosque,53
129,26_Maktab Zehra,50
129,27_Ahmad Beik Mosque,61
129,28_Almahdi Mosque,59
129,29_Fateme Zahra Mosque,73
129,30_Rah Chaman Mosque,61
129,31_Haft Dar Mosque,62
129,32_Mosque,58
129,33_Laal Mosque,70
129,34_Imam Hassan Mosque,60
129,35_14th Masoom Mosque,60
129,36_,73
129,37_Emam Ali Mosque,77
129,38_,43
129,39_,67
129,40_,69
129,41_,25
129,42_,60
129,43_,32
129,44_,58
129,45_,53
129,46_Qadir mosque,34
129,47_Imam Reza Mosque,34
129,48_Velayat,37
129,49_Mohammad Rasolallah Mosque,54
129,50_Emamzadeh Hossein shrine,70
129,51_Sanjideh Mosque,68
129,52_Panje Ali Mosque,59
129,53_Hazrat Abolfazl,43
129,54_Tomb of The Four Prophets,53
129,55_Emam Khomeini Mosque,55
129,56_Emamzadeh Soltan Seyed Mohamad,76
129,57_Al Mahdi Mosque,68
129,58_,32
129,59_,41
129,60_Nabi Mosque,60
129,61_Jameh Mosque of Qazvin,66
129,62_Sheykhol Eslam Mosque,64
129,63_Valiasr Mosque,53
129,64_JavadolAemmeh Mosque,62
129,65_Teflane Moslem Mosque,72
129,66_Tagh Bohloul Mosque,65
129,67_Shahid Sales Mosque,67
129,68_Dabbaghan Mosque,68
129,69_Haj Molla Aqa Mosque,56
129,70_Karim Ahle Beyt Mosque,56
129,71_Ghods Razavi Mosque,55
129,72_Adl Ghaem Mosque,47
129,73_Hazrat Abolfazl Mosque,58
129,74_Imam Musa Bn Ja'far Mosque,54
129,75_Seyedoshohada Mosque,60
129,76_Sahebazaman Mosque,60
129,77_Imam Hosein Mosque,60
129,78_Hazrat Mahdi Mosque,47
129,79_Sahebazaman Mosque,47
129,80_Moslem ebn Aghil Mosque,71
129,81_Imam Hadi Mosque,51
129,82_Fatemeh Al-Zahra Mosque,19
129,83_Sahebazaman Mosque,24
129,84_Imam Hasan Asgari Mosque,27
129,85_Imam Hosein Mosque,70
129,86_JavadoAemeh Mosque,68
129,87_Hossein Mosque,70
129,88_Khajeh Shohada Mosque,77
129,89_Fatemeh Zahra Mosque,84
129,90_AghaMirAbdolSamad Taghavi Mosque,69
129,91_Shahid thales Mosque,65
129,92_Chahardah Masoum Mosque,72
129,93_Haj GholamHosein Mosque,71
129,94_Hojjati Mosque,64
129,95_Mohammad Khan Beg Mosque,60
129,96_Maleki Jonoubi Mosque,61
129,97_Maleki Shomali Mosque,61
129,98_Molem ebn Aghil Hosseinieh,70
129,99_Yadegar Imam Hosseinieh,10
129,100_Dastgheyb Mosque,66
129,101_Agha Seyyed Jamal Hosseinieh,68
130,01_Sajadiye Mosque,57
130,02_Halime khatun,61
130,03_Masjed Hazrate Fateme Zahra,56
130,04_Molabashi,54
130,05_Hoseynie Razavi,60
130,06_Soukhte chenar Mosque,55
130,07_Sotudeh Mosque,54
130,08_Agha seyed Ali Mosque,59
130,09_Shishegar Mosque,60
130,10_Emamzadeh Ali,55
130,11_Fatemeh AlZahra Mosque,21
130,12_Haj Mousa,63
130,13_Haj Kazem Mosque,58
130,14_Imamا Hasan Asgari Mosque,40
130,15_Emamzadeh Esmaeil,62
130,16_Sar Allah Masque,53
130,17_Ameneh Khatoon,58
130,18_Mohammadie Mosque,63
130,19_Sabz Mosque,73
130,20_,61
130,21_,64
130,22_Imam Jafar Sadegh Mosque,29
130,23_Javad Aemmeh Mosque,32
130,24_Imam Hossein Mosque,53
130,25_Abolfazl Mosque,47
130,26_Maktab Zehra,46
130,27_Ahmad Beik Mosque,62
130,28_Almahdi Mosque,60
130,29_Fateme Zahra Mosque,63
130,30_Rah Chaman Mosque,55
130,31_Haft Dar Mosque,63
130,32_Mosque,54
130,33_Laal Mosque,71
130,34_Imam Hassan Mosque,61
130,35_14th Masoom Mosque,54
130,36_,74
130,37_Emam Ali Mosque,67
130,38_,44
130,39_,68
130,40_,70
130,41_,23
130,42_,61
130,43_,29
130,44_,47
130,45_,54
130,46_Qadir mosque,35
130,47_Imam Reza Mosque,35
130,48_Velayat,38
130,49_Mohammad Rasolallah Mosque,54
130,50_Emamzadeh Hossein shrine,68
130,51_Sanjideh Mosque,62
130,52_Panje Ali Mosque,60
130,53_Hazrat Abolfazl,39
130,54_Tomb of The Four Prophets,54
130,55_Emam Khomeini Mosque,50
130,56_Emamzadeh Soltan Seyed Mohamad,77
130,57_Al Mahdi Mosque,61
130,58_,29
130,59_,42
130,60_Nabi Mosque,61
130,61_Jameh Mosque of Qazvin,66
130,62_Sheykhol Eslam Mosque,65
130,63_Valiasr Mosque,47
130,64_JavadolAemmeh Mosque,63
130,65_Teflane Moslem Mosque,69
130,66_Tagh Bohloul Mosque,62
130,67_Shahid Sales Mosque,65
130,68_Dabbaghan Mosque,68
130,69_Haj Molla Aqa Mosque,57
130,70_Karim Ahle Beyt Mosque,57
130,71_Ghods Razavi Mosque,54
130,72_Adl Ghaem Mosque,48
130,73_Hazrat Abolfazl Mosque,58
130,74_Imam Musa Bn Ja'far Mosque,49
130,75_Seyedoshohada Mosque,54
130,76_Sahebazaman Mosque,54
130,77_Imam Hosein Mosque,54
130,78_Hazrat Mahdi Mosque,41
130,79_Sahebazaman Mosque,41
130,80_Moslem ebn Aghil Mosque,60
130,81_Imam Hadi Mosque,40
130,82_Fatemeh Al-Zahra Mosque,16
130,83_Sahebazaman Mosque,23
130,84_Imam Hasan Asgari Mosque,24
130,85_Imam Hosein Mosque,67
130,86_JavadoAemeh Mosque,65
130,87_Hossein Mosque,67
130,88_Khajeh Shohada Mosque,78
130,89_Fatemeh Zahra Mosque,85
130,90_AghaMirAbdolSamad Taghavi Mosque,70
130,91_Shahid thales Mosque,66
130,92_Chahardah Masoum Mosque,73
130,93_Haj GholamHosein Mosque,72
130,94_Hojjati Mosque,65
130,95_Mohammad Khan Beg Mosque,61
130,96_Maleki Jonoubi Mosque,62
130,97_Maleki Shomali Mosque,62
130,98_Molem ebn Aghil Hosseinieh,61
130,99_Yadegar Imam Hosseinieh,3
130,100_Dastgheyb Mosque,67
130,101_Agha Seyyed Jamal Hosseinieh,69
131,01_Sajadiye Mosque,56
131,02_Halime khatun,60
131,03_Masjed Hazrate Fateme Zahra,55
131,04_Molabashi,53
131,05_Hoseynie Razavi,59
131,06_Soukhte chenar Mosque,54
131,07_Sotudeh Mosque,53
131,08_Agha seyed Ali Mosque,58
131,09_Shishegar Mosque,59
131,10_Emamzadeh Ali,54
131,11_Fatemeh AlZahra Mosque,22
131,12_Haj Mousa,62
131,13_Haj Kazem Mosque,57
131,14_Imamا Hasan Asgari Mosque,40
131,15_Emamzadeh Esmaeil,61
131,16_Sar Allah Masque,52
131,17_Ameneh Khatoon,57
131,18_Mohammadie Mosque,62
131,19_Sabz Mosque,72
131,20_,60
131,21_,63
131,22_Imam Jafar Sadegh Mosque,28
131,23_Javad Aemmeh Mosque,32
131,24_Imam Hossein Mosque,52
131,25_Abolfazl Mosque,46
131,26_Maktab Zehra,45
131,27_Ahmad Beik Mosque,61
131,28_Almahdi Mosque,59
131,29_Fateme Zahra Mosque,63
131,30_Rah Chaman Mosque,54
131,31_Haft Dar Mosque,62
131,32_Mosque,53
131,33_Laal Mosque,70
131,34_Imam Hassan Mosque,60
131,35_14th Masoom Mosque,53
131,36_,73
131,37_Emam Ali Mosque,67
131,38_,43
131,39_,67
131,40_,69
131,41_,26
131,42_,60
131,43_,28
131,44_,47
131,45_,53
131,46_Qadir mosque,34
131,47_Imam Reza Mosque,34
131,48_Velayat,37
131,49_Mohammad Rasolallah Mosque,53
131,50_Emamzadeh Hossein shrine,67
131,51_Sanjideh Mosque,61
131,52_Panje Ali Mosque,59
131,53_Hazrat Abolfazl,38
131,54_Tomb of The Four Prophets,53
131,55_Emam Khomeini Mosque,49
131,56_Emamzadeh Soltan Seyed Mohamad,76
131,57_Al Mahdi Mosque,61
131,58_,28
131,59_,41
131,60_Nabi Mosque,60
131,61_Jameh Mosque of Qazvin,65
131,62_Sheykhol Eslam Mosque,64
131,63_Valiasr Mosque,46
131,64_JavadolAemmeh Mosque,62
131,65_Teflane Moslem Mosque,68
131,66_Tagh Bohloul Mosque,61
131,67_Shahid Sales Mosque,64
131,68_Dabbaghan Mosque,67
131,69_Haj Molla Aqa Mosque,56
131,70_Karim Ahle Beyt Mosque,56
131,71_Ghods Razavi Mosque,53
131,72_Adl Ghaem Mosque,47
131,73_Hazrat Abolfazl Mosque,57
131,74_Imam Musa Bn Ja'far Mosque,48
131,75_Seyedoshohada Mosque,53
131,76_Sahebazaman Mosque,53
131,77_Imam Hosein Mosque,53
131,78_Hazrat Mahdi Mosque,40
131,79_Sahebazaman Mosque,40
131,80_Moslem ebn Aghil Mosque,60
131,81_Imam Hadi Mosque,40
131,82_Fatemeh Al-Zahra Mosque,19
131,83_Sahebazaman Mosque,22
131,84_Imam Hasan Asgari Mosque,23
131,85_Imam Hosein Mosque,66
131,86_JavadoAemeh Mosque,64
131,87_Hossein Mosque,66
131,88_Khajeh Shohada Mosque,77
131,89_Fatemeh Zahra Mosque,84
131,90_AghaMirAbdolSamad Taghavi Mosque,69
131,91_Shahid thales Mosque,65
131,92_Chahardah Masoum Mosque,72
131,93_Haj GholamHosein Mosque,71
131,94_Hojjati Mosque,64
131,95_Mohammad Khan Beg Mosque,60
131,96_Maleki Jonoubi Mosque,61
131,97_Maleki Shomali Mosque,61
131,98_Molem ebn Aghil Hosseinieh,61
131,99_Yadegar Imam Hosseinieh,2
131,100_Dastgheyb Mosque,66
131,101_Agha Seyyed Jamal Hosseinieh,68
132,01_Sajadiye Mosque,58
132,02_Halime khatun,44
132,03_Masjed Hazrate Fateme Zahra,49
132,04_Molabashi,51
132,05_Hoseynie Razavi,46
132,06_Soukhte chenar Mosque,51
132,07_Sotudeh Mosque,50
132,08_Agha seyed Ali Mosque,47
132,09_Shishegar Mosque,41
132,10_Emamzadeh Ali,57
132,11_Fatemeh AlZahra Mosque,47
132,12_Haj Mousa,43
132,13_Haj Kazem Mosque,45
132,14_Imamا Hasan Asgari Mosque,10
132,15_Emamzadeh Esmaeil,61
132,16_Sar Allah Masque,47
132,17_Ameneh Khatoon,61
132,18_Mohammadie Mosque,63
132,19_Sabz Mosque,57
132,20_,42
132,21_,52
132,22_Imam Jafar Sadegh Mosque,33
132,23_Javad Aemmeh Mosque,52
132,24_Imam Hossein Mosque,55
132,25_Abolfazl Mosque,48
132,26_Maktab Zehra,47
132,27_Ahmad Beik Mosque,43
132,28_Almahdi Mosque,60
132,29_Fateme Zahra Mosque,36
132,30_Rah Chaman Mosque,57
132,31_Haft Dar Mosque,57
132,32_Mosque,55
132,33_Laal Mosque,63
132,34_Imam Hassan Mosque,46
132,35_14th Masoom Mosque,37
132,36_,64
132,37_Emam Ali Mosque,42
132,38_,59
132,39_,50
132,40_,57
132,41_,46
132,42_,54
132,43_,39
132,44_,27
132,45_,51
132,46_Qadir mosque,52
132,47_Imam Reza Mosque,54
132,48_Velayat,41
132,49_Mohammad Rasolallah Mosque,53
132,50_Emamzadeh Hossein shrine,71
132,51_Sanjideh Mosque,63
132,52_Panje Ali Mosque,58
132,53_Hazrat Abolfazl,40
132,54_Tomb of The Four Prophets,54
132,55_Emam Khomeini Mosque,31
132,56_Emamzadeh Soltan Seyed Mohamad,59
132,57_Al Mahdi Mosque,30
132,58_,33
132,59_,49
132,60_Nabi Mosque,50
132,61_Jameh Mosque of Qazvin,67
132,62_Sheykhol Eslam Mosque,64
132,63_Valiasr Mosque,48
132,64_JavadolAemmeh Mosque,43
132,65_Teflane Moslem Mosque,74
132,66_Tagh Bohloul Mosque,65
132,67_Shahid Sales Mosque,67
132,68_Dabbaghan Mosque,68
132,69_Haj Molla Aqa Mosque,48
132,70_Karim Ahle Beyt Mosque,40
132,71_Ghods Razavi Mosque,55
132,72_Adl Ghaem Mosque,53
132,73_Hazrat Abolfazl Mosque,41
132,74_Imam Musa Bn Ja'far Mosque,37
132,75_Seyedoshohada Mosque,37
132,76_Sahebazaman Mosque,35
132,77_Imam Hosein Mosque,36
132,78_Hazrat Mahdi Mosque,36
132,79_Sahebazaman Mosque,39
132,80_Moslem ebn Aghil Mosque,36
132,81_Imam Hadi Mosque,17
132,82_Fatemeh Al-Zahra Mosque,44
132,83_Sahebazaman Mosque,41
132,84_Imam Hasan Asgari Mosque,43
132,85_Imam Hosein Mosque,73
132,86_JavadoAemeh Mosque,70
132,87_Hossein Mosque,72
132,88_Khajeh Shohada Mosque,66
132,89_Fatemeh Zahra Mosque,69
132,90_AghaMirAbdolSamad Taghavi Mosque,61
132,91_Shahid thales Mosque,48
132,92_Chahardah Masoum Mosque,55
132,93_Haj GholamHosein Mosque,54
132,94_Hojjati Mosque,46
132,95_Mohammad Khan Beg Mosque,40
132,96_Maleki Jonoubi Mosque,41
132,97_Maleki Shomali Mosque,42
132,98_Molem ebn Aghil Hosseinieh,34
132,99_Yadegar Imam Hosseinieh,41
132,100_Dastgheyb Mosque,49
132,101_Agha Seyyed Jamal Hosseinieh,64
133,01_Sajadiye Mosque,60
133,02_Halime khatun,43
133,03_Masjed Hazrate Fateme Zahra,48
133,04_Molabashi,50
133,05_Hoseynie Razavi,45
133,06_Soukhte chenar Mosque,50
133,07_Sotudeh Mosque,49
133,08_Agha seyed Ali Mosque,45
133,09_Shishegar Mosque,40
133,10_Emamzadeh Ali,58
133,11_Fatemeh AlZahra Mosque,49
133,12_Haj Mousa,42
133,13_Haj Kazem Mosque,43
133,14_Imamا Hasan Asgari Mosque,13
133,15_Emamzadeh Esmaeil,59
133,16_Sar Allah Masque,46
133,17_Ameneh Khatoon,61
133,18_Mohammadie Mosque,63
133,19_Sabz Mosque,56
133,20_,41
133,21_,50
133,22_Imam Jafar Sadegh Mosque,34
133,23_Javad Aemmeh Mosque,56
133,24_Imam Hossein Mosque,56
133,25_Abolfazl Mosque,49
133,26_Maktab Zehra,48
133,27_Ahmad Beik Mosque,42
133,28_Almahdi Mosque,59
133,29_Fateme Zahra Mosque,33
133,30_Rah Chaman Mosque,59
133,31_Haft Dar Mosque,55
133,32_Mosque,56
133,33_Laal Mosque,61
133,34_Imam Hassan Mosque,45
133,35_14th Masoom Mosque,36
133,36_,63
133,37_Emam Ali Mosque,35
133,38_,60
133,39_,49
133,40_,56
133,41_,50
133,42_,52
133,43_,38
133,44_,21
133,45_,50
133,46_Qadir mosque,53
133,47_Imam Reza Mosque,54
133,48_Velayat,40
133,49_Mohammad Rasolallah Mosque,53
133,50_Emamzadeh Hossein shrine,71
133,51_Sanjideh Mosque,64
133,52_Panje Ali Mosque,56
133,53_Hazrat Abolfazl,40
133,54_Tomb of The Four Prophets,53
133,55_Emam Khomeini Mosque,28
133,56_Emamzadeh Soltan Seyed Mohamad,58
133,57_Al Mahdi Mosque,24
133,58_,34
133,59_,48
133,60_Nabi Mosque,49
133,61_Jameh Mosque of Qazvin,67
133,62_Sheykhol Eslam Mosque,63
133,63_Valiasr Mosque,50
133,64_JavadolAemmeh Mosque,42
133,65_Teflane Moslem Mosque,74
133,66_Tagh Bohloul Mosque,65
133,67_Shahid Sales Mosque,67
133,68_Dabbaghan Mosque,67
133,69_Haj Molla Aqa Mosque,47
133,70_Karim Ahle Beyt Mosque,39
133,71_Ghods Razavi Mosque,56
133,72_Adl Ghaem Mosque,53
133,73_Hazrat Abolfazl Mosque,40
133,74_Imam Musa Bn Ja'far Mosque,36
133,75_Seyedoshohada Mosque,36
133,76_Sahebazaman Mosque,34
133,77_Imam Hosein Mosque,34
133,78_Hazrat Mahdi Mosque,34
133,79_Sahebazaman Mosque,36
133,80_Moslem ebn Aghil Mosque,32
133,81_Imam Hadi Mosque,5
133,82_Fatemeh Al-Zahra Mosque,48
133,83_Sahebazaman Mosque,45
133,84_Imam Hasan Asgari Mosque,43
133,85_Imam Hosein Mosque,72
133,86_JavadoAemeh Mosque,70
133,87_Hossein Mosque,72
133,88_Khajeh Shohada Mosque,64
133,89_Fatemeh Zahra Mosque,68
133,90_AghaMirAbdolSamad Taghavi Mosque,59
133,91_Shahid thales Mosque,46
133,92_Chahardah Masoum Mosque,53
133,93_Haj GholamHosein Mosque,52
133,94_Hojjati Mosque,44
133,95_Mohammad Khan Beg Mosque,40
133,96_Maleki Jonoubi Mosque,40
133,97_Maleki Shomali Mosque,41
133,98_Molem ebn Aghil Hosseinieh,31
133,99_Yadegar Imam Hosseinieh,43
133,100_Dastgheyb Mosque,47
133,101_Agha Seyyed Jamal Hosseinieh,62
134,01_Sajadiye Mosque,54
134,02_Halime khatun,38
134,03_Masjed Hazrate Fateme Zahra,43
134,04_Molabashi,45
134,05_Hoseynie Razavi,40
134,06_Soukhte chenar Mosque,45
134,07_Sotudeh Mosque,44
134,08_Agha seyed Ali Mosque,40
134,09_Shishegar Mosque,35
134,10_Emamzadeh Ali,53
134,11_Fatemeh AlZahra Mosque,58
134,12_Haj Mousa,37
134,13_Haj Kazem Mosque,39
134,14_Imamا Hasan Asgari Mosque,17
134,15_Emamzadeh Esmaeil,54
134,16_Sar Allah Masque,42
134,17_Ameneh Khatoon,56
134,18_Mohammadie Mosque,58
134,19_Sabz Mosque,51
134,20_,35
134,21_,45
134,22_Imam Jafar Sadegh Mosque,39
134,23_Javad Aemmeh Mosque,59
134,24_Imam Hossein Mosque,50
134,25_Abolfazl Mosque,42
134,26_Maktab Zehra,41
134,27_Ahmad Beik Mosque,37
134,28_Almahdi Mosque,54
134,29_Fateme Zahra Mosque,24
134,30_Rah Chaman Mosque,53
134,31_Haft Dar Mosque,50
134,32_Mosque,49
134,33_Laal Mosque,56
134,34_Imam Hassan Mosque,40
134,35_14th Masoom Mosque,31
134,36_,58
134,37_Emam Ali Mosque,33
134,38_,58
134,39_,44
134,40_,51
134,41_,54
134,42_,47
134,43_,40
134,44_,19
134,45_,45
134,46_Qadir mosque,53
134,47_Imam Reza Mosque,54
134,48_Velayat,36
134,49_Mohammad Rasolallah Mosque,47
134,50_Emamzadeh Hossein shrine,66
134,51_Sanjideh Mosque,59
134,52_Panje Ali Mosque,51
134,53_Hazrat Abolfazl,40
134,54_Tomb of The Four Prophets,48
134,55_Emam Khomeini Mosque,27
134,56_Emamzadeh Soltan Seyed Mohamad,53
134,57_Al Mahdi Mosque,13
134,58_,39
134,59_,44
134,60_Nabi Mosque,44
134,61_Jameh Mosque of Qazvin,61
134,62_Sheykhol Eslam Mosque,58
134,63_Valiasr Mosque,43
134,64_JavadolAemmeh Mosque,37
134,65_Teflane Moslem Mosque,70
134,66_Tagh Bohloul Mosque,61
134,67_Shahid Sales Mosque,62
134,68_Dabbaghan Mosque,62
134,69_Haj Molla Aqa Mosque,42
134,70_Karim Ahle Beyt Mosque,34
134,71_Ghods Razavi Mosque,50
134,72_Adl Ghaem Mosque,49
134,73_Hazrat Abolfazl Mosque,33
134,74_Imam Musa Bn Ja'far Mosque,33
134,75_Seyedoshohada Mosque,32
134,76_Sahebazaman Mosque,31
134,77_Imam Hosein Mosque,32
134,78_Hazrat Mahdi Mosque,34
134,79_Sahebazaman Mosque,37
134,80_Moslem ebn Aghil Mosque,24
134,81_Imam Hadi Mosque,24
134,82_Fatemeh Al-Zahra Mosque,58
134,83_Sahebazaman Mosque,49
134,84_Imam Hasan Asgari Mosque,46
134,85_Imam Hosein Mosque,69
134,86_JavadoAemeh Mosque,66
134,87_Hossein Mosque,68
134,88_Khajeh Shohada Mosque,59
134,89_Fatemeh Zahra Mosque,62
134,90_AghaMirAbdolSamad Taghavi Mosque,54
134,91_Shahid thales Mosque,41
134,92_Chahardah Masoum Mosque,48
134,93_Haj GholamHosein Mosque,47
134,94_Hojjati Mosque,39
134,95_Mohammad Khan Beg Mosque,34
134,96_Maleki Jonoubi Mosque,35
134,97_Maleki Shomali Mosque,36
134,98_Molem ebn Aghil Hosseinieh,30
134,99_Yadegar Imam Hosseinieh,57
134,100_Dastgheyb Mosque,42
134,101_Agha Seyyed Jamal Hosseinieh,57
135,01_Sajadiye Mosque,55
135,02_Halime khatun,41
135,03_Masjed Hazrate Fateme Zahra,46
135,04_Molabashi,48
135,05_Hoseynie Razavi,43
135,06_Soukhte chenar Mosque,48
135,07_Sotudeh Mosque,47
135,08_Agha seyed Ali Mosque,43
135,09_Shishegar Mosque,38
135,10_Emamzadeh Ali,54
135,11_Fatemeh AlZahra Mosque,61
135,12_Haj Mousa,40
135,13_Haj Kazem Mosque,42
135,14_Imamا Hasan Asgari Mosque,31
135,15_Emamzadeh Esmaeil,57
135,16_Sar Allah Masque,45
135,17_Ameneh Khatoon,58
135,18_Mohammadie Mosque,61
135,19_Sabz Mosque,54
135,20_,38
135,21_,48
135,22_Imam Jafar Sadegh Mosque,45
135,23_Javad Aemmeh Mosque,60
135,24_Imam Hossein Mosque,51
135,25_Abolfazl Mosque,43
135,26_Maktab Zehra,42
135,27_Ahmad Beik Mosque,40
135,28_Almahdi Mosque,57
135,29_Fateme Zahra Mosque,35
135,30_Rah Chaman Mosque,54
135,31_Haft Dar Mosque,53
135,32_Mosque,50
135,33_Laal Mosque,59
135,34_Imam Hassan Mosque,43
135,35_14th Masoom Mosque,34
135,36_,61
135,37_Emam Ali Mosque,22
135,38_,59
135,39_,47
135,40_,54
135,41_,62
135,42_,50
135,43_,45
135,44_,14
135,45_,48
135,46_Qadir mosque,55
135,47_Imam Reza Mosque,55
135,48_Velayat,37
135,49_Mohammad Rasolallah Mosque,50
135,50_Emamzadeh Hossein shrine,69
135,51_Sanjideh Mosque,60
135,52_Panje Ali Mosque,54
135,53_Hazrat Abolfazl,43
135,54_Tomb of The Four Prophets,51
135,55_Emam Khomeini Mosque,30
135,56_Emamzadeh Soltan Seyed Mohamad,56
135,57_Al Mahdi Mosque,19
135,58_,45
135,59_,45
135,60_Nabi Mosque,47
135,61_Jameh Mosque of Qazvin,64
135,62_Sheykhol Eslam Mosque,61
135,63_Valiasr Mosque,44
135,64_JavadolAemmeh Mosque,40
135,65_Teflane Moslem Mosque,73
135,66_Tagh Bohloul Mosque,64
135,67_Shahid Sales Mosque,65
135,68_Dabbaghan Mosque,65
135,69_Haj Molla Aqa Mosque,45
135,70_Karim Ahle Beyt Mosque,37
135,71_Ghods Razavi Mosque,51
135,72_Adl Ghaem Mosque,52
135,73_Hazrat Abolfazl Mosque,36
135,74_Imam Musa Bn Ja'far Mosque,36
135,75_Seyedoshohada Mosque,35
135,76_Sahebazaman Mosque,34
135,77_Imam Hosein Mosque,35
135,78_Hazrat Mahdi Mosque,35
135,79_Sahebazaman Mosque,38
135,80_Moslem ebn Aghil Mosque,9
135,81_Imam Hadi Mosque,28
135,82_Fatemeh Al-Zahra Mosque,62
135,83_Sahebazaman Mosque,54
135,84_Imam Hasan Asgari Mosque,52
135,85_Imam Hosein Mosque,72
135,86_JavadoAemeh Mosque,69
135,87_Hossein Mosque,71
135,88_Khajeh Shohada Mosque,62
135,89_Fatemeh Zahra Mosque,65
135,90_AghaMirAbdolSamad Taghavi Mosque,57
135,91_Shahid thales Mosque,44
135,92_Chahardah Masoum Mosque,51
135,93_Haj GholamHosein Mosque,50
135,94_Hojjati Mosque,42
135,95_Mohammad Khan Beg Mosque,37
135,96_Maleki Jonoubi Mosque,38
135,97_Maleki Shomali Mosque,39
135,98_Molem ebn Aghil Hosseinieh,33
135,99_Yadegar Imam Hosseinieh,64
135,100_Dastgheyb Mosque,45
135,101_Agha Seyyed Jamal Hosseinieh,60
157,01_Sajadiye Mosque,40
157,02_Halime khatun,37
157,03_Masjed Hazrate Fateme Zahra,36
157,04_Molabashi,34
157,05_Hoseynie Razavi,37
157,06_Soukhte chenar Mosque,33
157,07_Sotudeh Mosque,33
157,08_Agha seyed Ali Mosque,37
157,09_Shishegar Mosque,35
157,10_Emamzadeh Ali,38
157,11_Fatemeh AlZahra Mosque,28
157,12_Haj Mousa,38
157,13_Haj Kazem Mosque,36
157,14_Imamا Hasan Asgari Mosque,39
157,15_Emamzadeh Esmaeil,42
157,16_Sar Allah Masque,33
157,17_Ameneh Khatoon,41
157,18_Mohammadie Mosque,44
157,19_Sabz Mosque,50
157,20_,38
157,21_,42
157,22_Imam Jafar Sadegh Mosque,39
157,23_Javad Aemmeh Mosque,26
157,24_Imam Hossein Mosque,35
157,25_Abolfazl Mosque,30
157,26_Maktab Zehra,27
157,27_Ahmad Beik Mosque,38
157,28_Almahdi Mosque,36
157,29_Fateme Zahra Mosque,50
157,30_Rah Chaman Mosque,38
157,31_Haft Dar Mosque,43
157,32_Mosque,35
157,33_Laal Mosque,51
157,34_Imam Hassan Mosque,38
157,35_14th Masoom Mosque,39
157,36_,53
157,37_Emam Ali Mosque,67
157,38_,6
157,39_,44
157,40_,48
157,41_,30
157,42_,41
157,43_,39
157,44_,50
157,45_,34
157,46_Qadir mosque,18
157,47_Imam Reza Mosque,9
157,48_Velayat,15
157,49_Mohammad Rasolallah Mosque,30
157,50_Emamzadeh Hossein shrine,51
157,51_Sanjideh Mosque,45
157,52_Panje Ali Mosque,40
157,53_Hazrat Abolfazl,27
157,54_Tomb of The Four Prophets,34
157,55_Emam Khomeini Mosque,33
157,56_Emamzadeh Soltan Seyed Mohamad,52
157,57_Al Mahdi Mosque,47
157,58_,39
157,59_,13
157,60_Nabi Mosque,39
157,61_Jameh Mosque of Qazvin,47
157,62_Sheykhol Eslam Mosque,45
157,63_Valiasr Mosque,30
157,64_JavadolAemmeh Mosque,37
157,65_Teflane Moslem Mosque,52
157,66_Tagh Bohloul Mosque,45
157,67_Shahid Sales Mosque,47
157,68_Dabbaghan Mosque,49
157,69_Haj Molla Aqa Mosque,36
157,70_Karim Ahle Beyt Mosque,31
157,71_Ghods Razavi Mosque,32
157,72_Adl Ghaem Mosque,28
157,73_Hazrat Abolfazl Mosque,39
157,74_Imam Musa Bn Ja'far Mosque,33
157,75_Seyedoshohada Mosque,39
157,76_Sahebazaman Mosque,39
157,77_Imam Hosein Mosque,39
157,78_Hazrat Mahdi Mosque,24
157,79_Sahebazaman Mosque,22
157,80_Moslem ebn Aghil Mosque,58
157,81_Imam Hadi Mosque,50
157,82_Fatemeh Al-Zahra Mosque,29
157,83_Sahebazaman Mosque,29
157,84_Imam Hasan Asgari Mosque,33
157,85_Imam Hosein Mosque,50
157,86_JavadoAemeh Mosque,48
157,87_Hossein Mosque,50
157,88_Khajeh Shohada Mosque,55
157,89_Fatemeh Zahra Mosque,60
157,90_AghaMirAbdolSamad Taghavi Mosque,49
157,91_Shahid thales Mosque,42
157,92_Chahardah Masoum Mosque,48
157,93_Haj GholamHosein Mosque,47
157,94_Hojjati Mosque,39
157,95_Mohammad Khan Beg Mosque,35
157,96_Maleki Jonoubi Mosque,36
157,97_Maleki Shomali Mosque,36
157,98_Molem ebn Aghil Hosseinieh,45
157,99_Yadegar Imam Hosseinieh,38
157,100_Dastgheyb Mosque,43
157,101_Agha Seyyed Jamal Hosseinieh,49
158,01_Sajadiye Mosque,42
158,02_Halime khatun,45
158,03_Masjed Hazrate Fateme Zahra,41
158,04_Molabashi,39
158,05_Hoseynie Razavi,45
158,06_Soukhte chenar Mosque,40
158,07_Sotudeh Mosque,39
158,08_Agha seyed Ali Mosque,41
158,09_Shishegar Mosque,43
158,10_Emamzadeh Ali,40
158,11_Fatemeh AlZahra Mosque,28
158,12_Haj Mousa,46
158,13_Haj Kazem Mosque,43
158,14_Imamا Hasan Asgari Mosque,27
158,15_Emamzadeh Esmaeil,47
158,16_Sar Allah Masque,35
158,17_Ameneh Khatoon,44
158,18_Mohammadie Mosque,47
158,19_Sabz Mosque,57
158,20_,43
158,21_,49
158,22_Imam Jafar Sadegh Mosque,6
158,23_Javad Aemmeh Mosque,35
158,24_Imam Hossein Mosque,39
158,25_Abolfazl Mosque,33
158,26_Maktab Zehra,32
158,27_Ahmad Beik Mosque,45
158,28_Almahdi Mosque,44
158,29_Fateme Zahra Mosque,45
158,30_Rah Chaman Mosque,41
158,31_Haft Dar Mosque,48
158,32_Mosque,40
158,33_Laal Mosque,52
158,34_Imam Hassan Mosque,45
158,35_14th Masoom Mosque,36
158,36_,55
158,37_Emam Ali Mosque,54
158,38_,42
158,39_,50
158,40_,55
158,41_,23
158,42_,46
158,43_,14
158,44_,34
158,45_,39
158,46_Qadir mosque,33
158,47_Imam Reza Mosque,36
158,48_Velayat,28
158,49_Mohammad Rasolallah Mosque,39
158,50_Emamzadeh Hossein shrine,53
158,51_Sanjideh Mosque,47
158,52_Panje Ali Mosque,45
158,53_Hazrat Abolfazl,20
158,54_Tomb of The Four Prophets,39
158,55_Emam Khomeini Mosque,31
158,56_Emamzadeh Soltan Seyed Mohamad,59
158,57_Al Mahdi Mosque,42
158,58_,6
158,59_,35
158,60_Nabi Mosque,45
158,61_Jameh Mosque of Qazvin,49
158,62_Sheykhol Eslam Mosque,47
158,63_Valiasr Mosque,33
158,64_JavadolAemmeh Mosque,45
158,65_Teflane Moslem Mosque,55
158,66_Tagh Bohloul Mosque,47
158,67_Shahid Sales Mosque,49
158,68_Dabbaghan Mosque,51
158,69_Haj Molla Aqa Mosque,42
158,70_Karim Ahle Beyt Mosque,43
158,71_Ghods Razavi Mosque,40
158,72_Adl Ghaem Mosque,37
158,73_Hazrat Abolfazl Mosque,40
158,74_Imam Musa Bn Ja'far Mosque,31
158,75_Seyedoshohada Mosque,36
158,76_Sahebazaman Mosque,36
158,77_Imam Hosein Mosque,36
158,78_Hazrat Mahdi Mosque,22
158,79_Sahebazaman Mosque,22
158,80_Moslem ebn Aghil Mosque,47
158,81_Imam Hadi Mosque,27
158,82_Fatemeh Al-Zahra Mosque,25
158,83_Sahebazaman Mosque,15
158,84_Imam Hasan Asgari Mosque,19
158,85_Imam Hosein Mosque,53
158,86_JavadoAemeh Mosque,51
158,87_Hossein Mosque,53
158,88_Khajeh Shohada Mosque,59
158,89_Fatemeh Zahra Mosque,66
158,90_AghaMirAbdolSamad Taghavi Mosque,53
158,91_Shahid thales Mosque,48
158,92_Chahardah Masoum Mosque,55
158,93_Haj GholamHosein Mosque,54
158,94_Hojjati Mosque,47
158,95_Mohammad Khan Beg Mosque,46
158,96_Maleki Jonoubi Mosque,44
158,97_Maleki Shomali Mosque,44
158,98_Molem ebn Aghil Hosseinieh,43
158,99_Yadegar Imam Hosseinieh,28
158,100_Dastgheyb Mosque,49
158,101_Agha Seyyed Jamal Hosseinieh,51
160,01_Sajadiye Mosque,44
160,02_Halime khatun,43
160,03_Masjed Hazrate Fateme Zahra,39
160,04_Molabashi,37
160,05_Hoseynie Razavi,43
160,06_Soukhte chenar Mosque,38
160,07_Sotudeh Mosque,37
160,08_Agha seyed Ali Mosque,41
160,09_Shishegar Mosque,41
160,10_Emamzadeh Ali,42
160,11_Fatemeh AlZahra Mosque,41
160,12_Haj Mousa,43
160,13_Haj Kazem Mosque,41
160,14_Imamا Hasan Asgari Mosque,26
160,15_Emamzadeh Esmaeil,45
160,16_Sar Allah Masque,33
160,17_Ameneh Khatoon,45
160,18_Mohammadie Mosque,47
160,19_Sabz Mosque,56
160,20_,41
160,21_,47
160,22_Imam Jafar Sadegh Mosque,21
160,23_Javad Aemmeh Mosque,38
160,24_Imam Hossein Mosque,41
160,25_Abolfazl Mosque,35
160,26_Maktab Zehra,34
160,27_Ahmad Beik Mosque,43
160,28_Almahdi Mosque,44
160,29_Fateme Zahra Mosque,41
160,30_Rah Chaman Mosque,43
160,31_Haft Dar Mosque,46
160,32_Mosque,42
160,33_Laal Mosque,52
160,34_Imam Hassan Mosque,44
160,35_14th Masoom Mosque,35
160,36_,54
160,37_Emam Ali Mosque,50
160,38_,41
160,39_,50
160,40_,53
160,41_,35
160,42_,44
160,43_,20
160,44_,39
160,45_,37
160,46_Qadir mosque,25
160,47_Imam Reza Mosque,32
160,48_Velayat,28
160,49_Mohammad Rasolallah Mosque,39
160,50_Emamzadeh Hossein shrine,53
160,51_Sanjideh Mosque,49
160,52_Panje Ali Mosque,43
160,53_Hazrat Abolfazl,12
160,54_Tomb of The Four Prophets,37
160,55_Emam Khomeini Mosque,27
160,56_Emamzadeh Soltan Seyed Mohamad,59
160,57_Al Mahdi Mosque,36
160,58_,20
160,59_,35
160,60_Nabi Mosque,44
160,61_Jameh Mosque of Qazvin,49
160,62_Sheykhol Eslam Mosque,47
160,63_Valiasr Mosque,35
160,64_JavadolAemmeh Mosque,43
160,65_Teflane Moslem Mosque,55
160,66_Tagh Bohloul Mosque,47
160,67_Shahid Sales Mosque,49
160,68_Dabbaghan Mosque,51
160,69_Haj Molla Aqa Mosque,40
160,70_Karim Ahle Beyt Mosque,41
160,71_Ghods Razavi Mosque,42
160,72_Adl Ghaem Mosque,35
160,73_Hazrat Abolfazl Mosque,39
160,74_Imam Musa Bn Ja'far Mosque,31
160,75_Seyedoshohada Mosque,36
160,76_Sahebazaman Mosque,35
160,77_Imam Hosein Mosque,36
160,78_Hazrat Mahdi Mosque,22
160,79_Sahebazaman Mosque,21
160,80_Moslem ebn Aghil Mosque,45
160,81_Imam Hadi Mosque,37
160,82_Fatemeh Al-Zahra Mosque,40
160,83_Sahebazaman Mosque,32
160,84_Imam Hasan Asgari Mosque,28
160,85_Imam Hosein Mosque,54
160,86_JavadoAemeh Mosque,51
160,87_Hossein Mosque,53
160,88_Khajeh Shohada Mosque,57
160,89_Fatemeh Zahra Mosque,64
160,90_AghaMirAbdolSamad Taghavi Mosque,53
160,91_Shahid thales Mosque,47
160,92_Chahardah Masoum Mosque,54
160,93_Haj GholamHosein Mosque,53
160,94_Hojjati Mosque,45
160,95_Mohammad Khan Beg Mosque,44
160,96_Maleki Jonoubi Mosque,41
160,97_Maleki Shomali Mosque,42
160,98_Molem ebn Aghil Hosseinieh,40
160,99_Yadegar Imam Hosseinieh,40
160,100_Dastgheyb Mosque,48
160,101_Agha Seyyed Jamal Hosseinieh,51
