from_id,to_id,travel_time
22,01_Bank Melli Iran,24
22,02_Bank Maskan,31
22,03_Bank Sepah,25
22,04_Bank Mellat,23
22,05_Bank Saderat Iran,28
22,06_Bank Mellat,27
22,07_Mehr,27
22,08_Refah Bank,27
22,09_Bank Maskan,31
22,10_Bank Sepah,46
22,11_Bank Sepah,37
22,12_Melli Bank,41
22,13_EN Bank,40
22,14_Bank Maskan,32
22,15_Bank Maskan,28
22,16_Bank Saderat Iran,27
22,17_Bank Mellat,28
22,18_Saman Bank,35
22,19_Bank Melli Iran,37
22,20_Gardeshgari,31
22,21_Bank Maskan,29
22,22_Samen Bank,34
22,23_Tejarat Bank,32
22,24_Bank Maskan,33
22,25_Bank Melli Iran,35
22,26_Bank Keshavarzi Iran,37
22,27_Bank Saderat Iran,28
22,28_Bank Saderat Iran,39
22,29_Bank Keshavarzi Iran,40
22,30_Bank Sepah,41
22,31_Refah Bank,41
22,32_Shahr Bank,26
22,33_Sepah Bank,17
22,34_Bank of Industry and Mine,14
22,35_Ghavamin Bank,27
22,36_Mehr Eqtesad Bank,44
22,37_Bank Melli Iran,52
22,38_Tejarat Bank,47
22,39_Bank Melli Iran,48
22,40_Bank Mellat,49
22,41_Bank Melli Iran,38
22,42_Bank Saderat Iran,39
22,43_Bank Sepah,36
22,44_Bank Maskan,32
22,45_Tejarat Bank,55
22,46_Bank Saderat Iran,28
22,47_Tejarat Bank,29
22,48_Ansar Bank,39
22,49_Bank Day,38
22,50_Bank Saderat Iran,37
22,51_Kosar Financial Institute,37
22,52_Bank Mellat,38
22,53_Post Bank of Iran,29
22,54_Tejarat Bank,35
22,55_Bank Keshavarzi Iran,34
22,56_Ansar Bank,34
22,57_Bank Melli Iran,36
22,58_Bank Melli Iran,30
22,59_Bank Saderat Iran,34
22,60_Bank Mellat,40
22,61_TT Bank,25
22,62_Bank Sepah,38
22,63_Hekmat Iranian Bank,38
22,64_Bank Mellat,38
22,65_Post Bank of Iran,43
22,66_Refah Bank,21
22,67_Bank Keshavarzi Iran,37
22,68_Refah Bank,51
22,69_Bank Keshavarzi Iran,42
22,70_Bank Melli Iran,42
22,71_Bank Saderat Iran,41
22,72_Qarz Al-Hasaneh Mehr Iran Bank,41
22,73_Bank Maskan,42
22,74_Bank Saderat Iran,35
22,75_Bank Sepah,36
22,76_Tejarat Bank,28
22,77_Bank Melli Iran,27
22,78_Bank mehr iran,33
22,79_Bank Sepah,36
22,80_Bank Sepah,37
22,81_Bank Melli Iran,37
22,82_Shahr Bank,31
22,83_Bank Sepah,23
22,84_Bank Melli Iran,30
22,85_Bank Saderat Iran,25
22,86_Bank Sepah,38
22,87_Bank Keshavarzi Iran,36
22,88_Bank Sepah,39
22,89_Bank Sepah,39
22,90_Bank Melli Iran,28
22,91_Ayandeh Bank,38
22,92_Bank Pasargad,28
22,93_Bank Melli Iran,22
22,94_Bank Mellat,37
22,95_Mehr Eqtesad Bank,38
22,96_EN Bank,38
22,97_Bank Keshavarzi Iran,53
22,98_Tejarat Bank,40
22,99_Bank Melli Iran,41
22,100_Bank Keshavarzi Iran,36
22,101_Bank Melli Iran,35
22,102_Bank Mellat,32
22,103_Bank Maskan,39
22,104_Tejarat Bank,38
22,105_Bank Maskan,37
22,106_Sarmayeh Bank,37
22,107_Bank Sepah,35
22,108_Bank Melli Iran,36
22,109_Sarmayeh Bank,39
22,110_Bank Saderat Iran,32
31,01_Bank Melli Iran,47
31,02_Bank Maskan,54
31,03_Bank Sepah,48
31,04_Bank Mellat,46
31,05_Bank Saderat Iran,51
31,06_Bank Mellat,50
31,07_Mehr,50
31,08_Refah Bank,50
31,09_Bank Maskan,48
31,10_Bank Sepah,21
31,11_Bank Sepah,50
31,12_Melli Bank,57
31,13_EN Bank,27
31,14_Bank Maskan,53
31,15_Bank Maskan,28
31,16_Bank Saderat Iran,27
31,17_Bank Mellat,30
31,18_Saman Bank,47
31,19_Bank Melli Iran,43
31,20_Gardeshgari,46
31,21_Bank Maskan,49
31,22_Samen Bank,47
31,23_Tejarat Bank,49
31,24_Bank Maskan,48
31,25_Bank Melli Iran,40
31,26_Bank Keshavarzi Iran,41
31,27_Bank Saderat Iran,25
31,28_Bank Saderat Iran,30
31,29_Bank Keshavarzi Iran,19
31,30_Bank Sepah,18
31,31_Refah Bank,19
31,32_Shahr Bank,49
31,33_Sepah Bank,45
31,34_Bank of Industry and Mine,43
31,35_Ghavamin Bank,50
31,36_Mehr Eqtesad Bank,20
31,37_Bank Melli Iran,30
31,38_Tejarat Bank,23
31,39_Bank Melli Iran,25
31,40_Bank Mellat,25
31,41_Bank Melli Iran,32
31,42_Bank Saderat Iran,30
31,43_Bank Sepah,33
31,44_Bank Maskan,55
31,45_Tejarat Bank,39
31,46_Bank Saderat Iran,48
31,47_Tejarat Bank,49
31,48_Ansar Bank,42
31,49_Bank Day,44
31,50_Bank Saderat Iran,40
31,51_Kosar Financial Institute,40
31,52_Bank Mellat,32
31,53_Post Bank of Iran,30
31,54_Tejarat Bank,35
31,55_Bank Keshavarzi Iran,35
31,56_Ansar Bank,35
31,57_Bank Melli Iran,34
31,58_Bank Melli Iran,31
31,59_Bank Saderat Iran,57
31,60_Bank Mellat,61
31,61_TT Bank,45
31,62_Bank Sepah,39
31,63_Hekmat Iranian Bank,43
31,64_Bank Mellat,43
31,65_Post Bank of Iran,29
31,66_Refah Bank,44
31,67_Bank Keshavarzi Iran,38
31,68_Refah Bank,71
31,69_Bank Keshavarzi Iran,62
31,70_Bank Melli Iran,62
31,71_Bank Saderat Iran,61
31,72_Qarz Al-Hasaneh Mehr Iran Bank,61
31,73_Bank Maskan,62
31,74_Bank Saderat Iran,43
31,75_Bank Sepah,43
31,76_Tejarat Bank,28
31,77_Bank Melli Iran,46
31,78_Bank mehr iran,51
31,79_Bank Sepah,59
31,80_Bank Sepah,50
31,81_Bank Melli Iran,60
31,82_Shahr Bank,45
31,83_Bank Sepah,45
31,84_Bank Melli Iran,49
31,85_Bank Saderat Iran,47
31,86_Bank Sepah,48
31,87_Bank Keshavarzi Iran,38
31,88_Bank Sepah,42
31,89_Bank Sepah,26
31,90_Bank Melli Iran,27
31,91_Ayandeh Bank,46
31,92_Bank Pasargad,50
31,93_Bank Melli Iran,44
31,94_Bank Mellat,46
31,95_Mehr Eqtesad Bank,46
31,96_EN Bank,34
31,97_Bank Keshavarzi Iran,41
31,98_Tejarat Bank,29
31,99_Bank Melli Iran,28
31,100_Bank Keshavarzi Iran,46
31,101_Bank Melli Iran,47
31,102_Bank Mellat,53
31,103_Bank Maskan,31
31,104_Tejarat Bank,46
31,105_Bank Maskan,46
31,106_Sarmayeh Bank,45
31,107_Bank Sepah,36
31,108_Bank Melli Iran,39
31,109_Sarmayeh Bank,42
31,110_Bank Saderat Iran,46
32,01_Bank Melli Iran,47
32,02_Bank Maskan,54
32,03_Bank Sepah,48
32,04_Bank Mellat,46
32,05_Bank Saderat Iran,51
32,06_Bank Mellat,50
32,07_Mehr,50
32,08_Refah Bank,50
32,09_Bank Maskan,48
32,10_Bank Sepah,21
32,11_Bank Sepah,50
32,12_Melli Bank,55
32,13_EN Bank,27
32,14_Bank Maskan,53
32,15_Bank Maskan,28
32,16_Bank Saderat Iran,27
32,17_Bank Mellat,30
32,18_Saman Bank,47
32,19_Bank Melli Iran,42
32,20_Gardeshgari,46
32,21_Bank Maskan,49
32,22_Samen Bank,47
32,23_Tejarat Bank,49
32,24_Bank Maskan,48
32,25_Bank Melli Iran,40
32,26_Bank Keshavarzi Iran,41
32,27_Bank Saderat Iran,25
32,28_Bank Saderat Iran,30
32,29_Bank Keshavarzi Iran,19
32,30_Bank Sepah,18
32,31_Refah Bank,19
32,32_Shahr Bank,49
32,33_Sepah Bank,45
32,34_Bank of Industry and Mine,43
32,35_Ghavamin Bank,50
32,36_Mehr Eqtesad Bank,20
32,37_Bank Melli Iran,28
32,38_Tejarat Bank,23
32,39_Bank Melli Iran,25
32,40_Bank Mellat,25
32,41_Bank Melli Iran,32
32,42_Bank Saderat Iran,30
32,43_Bank Sepah,33
32,44_Bank Maskan,55
32,45_Tejarat Bank,36
32,46_Bank Saderat Iran,48
32,47_Tejarat Bank,49
32,48_Ansar Bank,42
32,49_Bank Day,44
32,50_Bank Saderat Iran,40
32,51_Kosar Financial Institute,40
32,52_Bank Mellat,32
32,53_Post Bank of Iran,30
32,54_Tejarat Bank,35
32,55_Bank Keshavarzi Iran,35
32,56_Ansar Bank,35
32,57_Bank Melli Iran,34
32,58_Bank Melli Iran,31
32,59_Bank Saderat Iran,57
32,60_Bank Mellat,61
32,61_TT Bank,45
32,62_Bank Sepah,39
32,63_Hekmat Iranian Bank,43
32,64_Bank Mellat,43
32,65_Post Bank of Iran,29
32,66_Refah Bank,44
32,67_Bank Keshavarzi Iran,38
32,68_Refah Bank,71
32,69_Bank Keshavarzi Iran,62
32,70_Bank Melli Iran,62
32,71_Bank Saderat Iran,61
32,72_Qarz Al-Hasaneh Mehr Iran Bank,61
32,73_Bank Maskan,60
32,74_Bank Saderat Iran,42
32,75_Bank Sepah,42
32,76_Tejarat Bank,28
32,77_Bank Melli Iran,46
32,78_Bank mehr iran,51
32,79_Bank Sepah,59
32,80_Bank Sepah,50
32,81_Bank Melli Iran,60
32,82_Shahr Bank,45
32,83_Bank Sepah,45
32,84_Bank Melli Iran,49
32,85_Bank Saderat Iran,47
32,86_Bank Sepah,48
32,87_Bank Keshavarzi Iran,38
32,88_Bank Sepah,42
32,89_Bank Sepah,26
32,90_Bank Melli Iran,27
32,91_Ayandeh Bank,46
32,92_Bank Pasargad,50
32,93_Bank Melli Iran,44
32,94_Bank Mellat,46
32,95_Mehr Eqtesad Bank,46
32,96_EN Bank,34
32,97_Bank Keshavarzi Iran,39
32,98_Tejarat Bank,29
32,99_Bank Melli Iran,28
32,100_Bank Keshavarzi Iran,46
32,101_Bank Melli Iran,47
32,102_Bank Mellat,53
32,103_Bank Maskan,31
32,104_Tejarat Bank,46
32,105_Bank Maskan,46
32,106_Sarmayeh Bank,45
32,107_Bank Sepah,36
32,108_Bank Melli Iran,39
32,109_Sarmayeh Bank,42
32,110_Bank Saderat Iran,46
33,01_Bank Melli Iran,52
33,02_Bank Maskan,59
33,03_Bank Sepah,53
33,04_Bank Mellat,51
33,05_Bank Saderat Iran,56
33,06_Bank Mellat,55
33,07_Mehr,55
33,08_Refah Bank,55
33,09_Bank Maskan,52
33,10_Bank Sepah,23
33,11_Bank Sepah,52
33,12_Melli Bank,50
33,13_EN Bank,30
33,14_Bank Maskan,58
33,15_Bank Maskan,34
33,16_Bank Saderat Iran,33
33,17_Bank Mellat,36
33,18_Saman Bank,50
33,19_Bank Melli Iran,41
33,20_Gardeshgari,49
33,21_Bank Maskan,54
33,22_Samen Bank,50
33,23_Tejarat Bank,54
33,24_Bank Maskan,53
33,25_Bank Melli Iran,43
33,26_Bank Keshavarzi Iran,44
33,27_Bank Saderat Iran,31
33,28_Bank Saderat Iran,33
33,29_Bank Keshavarzi Iran,21
33,30_Bank Sepah,20
33,31_Refah Bank,19
33,32_Shahr Bank,54
33,33_Sepah Bank,51
33,34_Bank of Industry and Mine,49
33,35_Ghavamin Bank,55
33,36_Mehr Eqtesad Bank,18
33,37_Bank Melli Iran,21
33,38_Tejarat Bank,21
33,39_Bank Melli Iran,23
33,40_Bank Mellat,23
33,41_Bank Melli Iran,35
33,42_Bank Saderat Iran,33
33,43_Bank Sepah,38
33,44_Bank Maskan,60
33,45_Tejarat Bank,25
33,46_Bank Saderat Iran,53
33,47_Tejarat Bank,54
33,48_Ansar Bank,45
33,49_Bank Day,47
33,50_Bank Saderat Iran,43
33,51_Kosar Financial Institute,43
33,52_Bank Mellat,35
33,53_Post Bank of Iran,36
33,54_Tejarat Bank,40
33,55_Bank Keshavarzi Iran,40
33,56_Ansar Bank,40
33,57_Bank Melli Iran,39
33,58_Bank Melli Iran,36
33,59_Bank Saderat Iran,62
33,60_Bank Mellat,66
33,61_TT Bank,50
33,62_Bank Sepah,42
33,63_Hekmat Iranian Bank,46
33,64_Bank Mellat,46
33,65_Post Bank of Iran,32
33,66_Refah Bank,50
33,67_Bank Keshavarzi Iran,40
33,68_Refah Bank,77
33,69_Bank Keshavarzi Iran,63
33,70_Bank Melli Iran,63
33,71_Bank Saderat Iran,62
33,72_Qarz Al-Hasaneh Mehr Iran Bank,62
33,73_Bank Maskan,61
33,74_Bank Saderat Iran,41
33,75_Bank Sepah,41
33,76_Tejarat Bank,34
33,77_Bank Melli Iran,51
33,78_Bank mehr iran,54
33,79_Bank Sepah,64
33,80_Bank Sepah,52
33,81_Bank Melli Iran,65
33,82_Shahr Bank,48
33,83_Bank Sepah,51
33,84_Bank Melli Iran,54
33,85_Bank Saderat Iran,53
33,86_Bank Sepah,51
33,87_Bank Keshavarzi Iran,41
33,88_Bank Sepah,45
33,89_Bank Sepah,29
33,90_Bank Melli Iran,33
33,91_Ayandeh Bank,49
33,92_Bank Pasargad,55
33,93_Bank Melli Iran,50
33,94_Bank Mellat,49
33,95_Mehr Eqtesad Bank,49
33,96_EN Bank,37
33,97_Bank Keshavarzi Iran,31
33,98_Tejarat Bank,32
33,99_Bank Melli Iran,31
33,100_Bank Keshavarzi Iran,49
33,101_Bank Melli Iran,50
33,102_Bank Mellat,58
33,103_Bank Maskan,34
33,104_Tejarat Bank,49
33,105_Bank Maskan,49
33,106_Sarmayeh Bank,48
33,107_Bank Sepah,41
33,108_Bank Melli Iran,42
33,109_Sarmayeh Bank,45
33,110_Bank Saderat Iran,49
36,01_Bank Melli Iran,37
36,02_Bank Maskan,44
36,03_Bank Sepah,38
36,04_Bank Mellat,36
36,05_Bank Saderat Iran,41
36,06_Bank Mellat,40
36,07_Mehr,40
36,08_Refah Bank,40
36,09_Bank Maskan,42
36,10_Bank Sepah,16
36,11_Bank Sepah,43
36,12_Melli Bank,45
36,13_EN Bank,25
36,14_Bank Maskan,43
36,15_Bank Maskan,21
36,16_Bank Saderat Iran,20
36,17_Bank Mellat,23
36,18_Saman Bank,41
36,19_Bank Melli Iran,38
36,20_Gardeshgari,39
36,21_Bank Maskan,40
36,22_Samen Bank,40
36,23_Tejarat Bank,41
36,24_Bank Maskan,41
36,25_Bank Melli Iran,38
36,26_Bank Keshavarzi Iran,39
36,27_Bank Saderat Iran,14
36,28_Bank Saderat Iran,28
36,29_Bank Keshavarzi Iran,8
36,30_Bank Sepah,9
36,31_Refah Bank,10
36,32_Shahr Bank,39
36,33_Sepah Bank,34
36,34_Bank of Industry and Mine,33
36,35_Ghavamin Bank,40
36,36_Mehr Eqtesad Bank,12
36,37_Bank Melli Iran,22
36,38_Tejarat Bank,16
36,39_Bank Melli Iran,17
36,40_Bank Mellat,18
36,41_Bank Melli Iran,30
36,42_Bank Saderat Iran,27
36,43_Bank Sepah,26
36,44_Bank Maskan,45
36,45_Tejarat Bank,31
36,46_Bank Saderat Iran,39
36,47_Tejarat Bank,40
36,48_Ansar Bank,40
36,49_Bank Day,42
36,50_Bank Saderat Iran,37
36,51_Kosar Financial Institute,37
36,52_Bank Mellat,28
36,53_Post Bank of Iran,23
36,54_Tejarat Bank,27
36,55_Bank Keshavarzi Iran,26
36,56_Ansar Bank,26
36,57_Bank Melli Iran,27
36,58_Bank Melli Iran,24
36,59_Bank Saderat Iran,47
36,60_Bank Mellat,51
36,61_TT Bank,38
36,62_Bank Sepah,37
36,63_Hekmat Iranian Bank,41
36,64_Bank Mellat,41
36,65_Post Bank of Iran,26
36,66_Refah Bank,36
36,67_Bank Keshavarzi Iran,36
36,68_Refah Bank,64
36,69_Bank Keshavarzi Iran,57
36,70_Bank Melli Iran,57
36,71_Bank Saderat Iran,56
36,72_Qarz Al-Hasaneh Mehr Iran Bank,56
36,73_Bank Maskan,55
36,74_Bank Saderat Iran,38
36,75_Bank Sepah,38
36,76_Tejarat Bank,21
36,77_Bank Melli Iran,38
36,78_Bank mehr iran,43
36,79_Bank Sepah,49
36,80_Bank Sepah,43
36,81_Bank Melli Iran,50
36,82_Shahr Bank,39
36,83_Bank Sepah,35
36,84_Bank Melli Iran,38
36,85_Bank Saderat Iran,36
36,86_Bank Sepah,43
36,87_Bank Keshavarzi Iran,36
36,88_Bank Sepah,40
36,89_Bank Sepah,24
36,90_Bank Melli Iran,20
36,91_Ayandeh Bank,42
36,92_Bank Pasargad,36
36,93_Bank Melli Iran,35
36,94_Bank Mellat,43
36,95_Mehr Eqtesad Bank,43
36,96_EN Bank,32
36,97_Bank Keshavarzi Iran,33
36,98_Tejarat Bank,27
36,99_Bank Melli Iran,26
36,100_Bank Keshavarzi Iran,42
36,101_Bank Melli Iran,41
36,102_Bank Mellat,43
36,103_Bank Maskan,28
36,104_Tejarat Bank,42
36,105_Bank Maskan,43
36,106_Sarmayeh Bank,43
36,107_Bank Sepah,27
36,108_Bank Melli Iran,37
36,109_Sarmayeh Bank,40
36,110_Bank Saderat Iran,40
37,01_Bank Melli Iran,42
37,02_Bank Maskan,49
37,03_Bank Sepah,43
37,04_Bank Mellat,41
37,05_Bank Saderat Iran,46
37,06_Bank Mellat,45
37,07_Mehr,45
37,08_Refah Bank,45
37,09_Bank Maskan,42
37,10_Bank Sepah,12
37,11_Bank Sepah,43
37,12_Melli Bank,42
37,13_EN Bank,20
37,14_Bank Maskan,48
37,15_Bank Maskan,24
37,16_Bank Saderat Iran,23
37,17_Bank Mellat,26
37,18_Saman Bank,40
37,19_Bank Melli Iran,32
37,20_Gardeshgari,39
37,21_Bank Maskan,44
37,22_Samen Bank,40
37,23_Tejarat Bank,44
37,24_Bank Maskan,43
37,25_Bank Melli Iran,33
37,26_Bank Keshavarzi Iran,34
37,27_Bank Saderat Iran,21
37,28_Bank Saderat Iran,23
37,29_Bank Keshavarzi Iran,10
37,30_Bank Sepah,9
37,31_Refah Bank,9
37,32_Shahr Bank,44
37,33_Sepah Bank,41
37,34_Bank of Industry and Mine,39
37,35_Ghavamin Bank,45
37,36_Mehr Eqtesad Bank,7
37,37_Bank Melli Iran,14
37,38_Tejarat Bank,11
37,39_Bank Melli Iran,12
37,40_Bank Mellat,13
37,41_Bank Melli Iran,25
37,42_Bank Saderat Iran,23
37,43_Bank Sepah,28
37,44_Bank Maskan,50
37,45_Tejarat Bank,24
37,46_Bank Saderat Iran,43
37,47_Tejarat Bank,44
37,48_Ansar Bank,35
37,49_Bank Day,37
37,50_Bank Saderat Iran,33
37,51_Kosar Financial Institute,33
37,52_Bank Mellat,25
37,53_Post Bank of Iran,26
37,54_Tejarat Bank,30
37,55_Bank Keshavarzi Iran,30
37,56_Ansar Bank,30
37,57_Bank Melli Iran,29
37,58_Bank Melli Iran,26
37,59_Bank Saderat Iran,52
37,60_Bank Mellat,56
37,61_TT Bank,40
37,62_Bank Sepah,32
37,63_Hekmat Iranian Bank,36
37,64_Bank Mellat,36
37,65_Post Bank of Iran,22
37,66_Refah Bank,40
37,67_Bank Keshavarzi Iran,31
37,68_Refah Bank,67
37,69_Bank Keshavarzi Iran,54
37,70_Bank Melli Iran,54
37,71_Bank Saderat Iran,53
37,72_Qarz Al-Hasaneh Mehr Iran Bank,53
37,73_Bank Maskan,52
37,74_Bank Saderat Iran,32
37,75_Bank Sepah,32
37,76_Tejarat Bank,24
37,77_Bank Melli Iran,41
37,78_Bank mehr iran,46
37,79_Bank Sepah,54
37,80_Bank Sepah,43
37,81_Bank Melli Iran,55
37,82_Shahr Bank,38
37,83_Bank Sepah,41
37,84_Bank Melli Iran,44
37,85_Bank Saderat Iran,43
37,86_Bank Sepah,41
37,87_Bank Keshavarzi Iran,31
37,88_Bank Sepah,35
37,89_Bank Sepah,19
37,90_Bank Melli Iran,23
37,91_Ayandeh Bank,39
37,92_Bank Pasargad,45
37,93_Bank Melli Iran,40
37,94_Bank Mellat,39
37,95_Mehr Eqtesad Bank,39
37,96_EN Bank,27
37,97_Bank Keshavarzi Iran,26
37,98_Tejarat Bank,22
37,99_Bank Melli Iran,21
37,100_Bank Keshavarzi Iran,39
37,101_Bank Melli Iran,40
37,102_Bank Mellat,48
37,103_Bank Maskan,24
37,104_Tejarat Bank,39
37,105_Bank Maskan,39
37,106_Sarmayeh Bank,38
37,107_Bank Sepah,31
37,108_Bank Melli Iran,32
37,109_Sarmayeh Bank,35
37,110_Bank Saderat Iran,39
38,01_Bank Melli Iran,42
38,02_Bank Maskan,49
38,03_Bank Sepah,42
38,04_Bank Mellat,41
38,05_Bank Saderat Iran,46
38,06_Bank Mellat,45
38,07_Mehr,46
38,08_Refah Bank,46
38,09_Bank Maskan,41
38,10_Bank Sepah,15
38,11_Bank Sepah,40
38,12_Melli Bank,38
38,13_EN Bank,21
38,14_Bank Maskan,47
38,15_Bank Maskan,31
38,16_Bank Saderat Iran,30
38,17_Bank Mellat,32
38,18_Saman Bank,39
38,19_Bank Melli Iran,30
38,20_Gardeshgari,38
38,21_Bank Maskan,43
38,22_Samen Bank,39
38,23_Tejarat Bank,44
38,24_Bank Maskan,43
38,25_Bank Melli Iran,33
38,26_Bank Keshavarzi Iran,30
38,27_Bank Saderat Iran,27
38,28_Bank Saderat Iran,24
38,29_Bank Keshavarzi Iran,14
38,30_Bank Sepah,12
38,31_Refah Bank,12
38,32_Shahr Bank,43
38,33_Sepah Bank,47
38,34_Bank of Industry and Mine,45
38,35_Ghavamin Bank,45
38,36_Mehr Eqtesad Bank,9
38,37_Bank Melli Iran,6
38,38_Tejarat Bank,12
38,39_Bank Melli Iran,14
38,40_Bank Mellat,14
38,41_Bank Melli Iran,27
38,42_Bank Saderat Iran,24
38,43_Bank Sepah,29
38,44_Bank Maskan,50
38,45_Tejarat Bank,18
38,46_Bank Saderat Iran,42
38,47_Tejarat Bank,43
38,48_Ansar Bank,35
38,49_Bank Day,37
38,50_Bank Saderat Iran,34
38,51_Kosar Financial Institute,34
38,52_Bank Mellat,26
38,53_Post Bank of Iran,29
38,54_Tejarat Bank,30
38,55_Bank Keshavarzi Iran,31
38,56_Ansar Bank,31
38,57_Bank Melli Iran,29
38,58_Bank Melli Iran,30
38,59_Bank Saderat Iran,53
38,60_Bank Mellat,55
38,61_TT Bank,39
38,62_Bank Sepah,31
38,63_Hekmat Iranian Bank,35
38,64_Bank Mellat,36
38,65_Post Bank of Iran,22
38,66_Refah Bank,44
38,67_Bank Keshavarzi Iran,27
38,68_Refah Bank,67
38,69_Bank Keshavarzi Iran,53
38,70_Bank Melli Iran,53
38,71_Bank Saderat Iran,52
38,72_Qarz Al-Hasaneh Mehr Iran Bank,52
38,73_Bank Maskan,49
38,74_Bank Saderat Iran,30
38,75_Bank Sepah,30
38,76_Tejarat Bank,31
38,77_Bank Melli Iran,40
38,78_Bank mehr iran,42
38,79_Bank Sepah,55
38,80_Bank Sepah,40
38,81_Bank Melli Iran,55
38,82_Shahr Bank,37
38,83_Bank Sepah,44
38,84_Bank Melli Iran,43
38,85_Bank Saderat Iran,46
38,86_Bank Sepah,40
38,87_Bank Keshavarzi Iran,32
38,88_Bank Sepah,35
38,89_Bank Sepah,20
38,90_Bank Melli Iran,30
38,91_Ayandeh Bank,38
38,92_Bank Pasargad,44
38,93_Bank Melli Iran,44
38,94_Bank Mellat,38
38,95_Mehr Eqtesad Bank,38
38,96_EN Bank,28
38,97_Bank Keshavarzi Iran,22
38,98_Tejarat Bank,23
38,99_Bank Melli Iran,22
38,100_Bank Keshavarzi Iran,38
38,101_Bank Melli Iran,39
38,102_Bank Mellat,47
38,103_Bank Maskan,25
38,104_Tejarat Bank,38
38,105_Bank Maskan,38
38,106_Sarmayeh Bank,37
38,107_Bank Sepah,31
38,108_Bank Melli Iran,33
38,109_Sarmayeh Bank,35
38,110_Bank Saderat Iran,38
39,01_Bank Melli Iran,43
39,02_Bank Maskan,50
39,03_Bank Sepah,43
39,04_Bank Mellat,42
39,05_Bank Saderat Iran,47
39,06_Bank Mellat,46
39,07_Mehr,47
39,08_Refah Bank,47
39,09_Bank Maskan,42
39,10_Bank Sepah,20
39,11_Bank Sepah,40
39,12_Melli Bank,34
39,13_EN Bank,24
39,14_Bank Maskan,48
39,15_Bank Maskan,38
39,16_Bank Saderat Iran,37
39,17_Bank Mellat,39
39,18_Saman Bank,40
39,19_Bank Melli Iran,27
39,20_Gardeshgari,39
39,21_Bank Maskan,44
39,22_Samen Bank,40
39,23_Tejarat Bank,45
39,24_Bank Maskan,44
39,25_Bank Melli Iran,32
39,26_Bank Keshavarzi Iran,32
39,27_Bank Saderat Iran,35
39,28_Bank Saderat Iran,27
39,29_Bank Keshavarzi Iran,22
39,30_Bank Sepah,21
39,31_Refah Bank,20
39,32_Shahr Bank,44
39,33_Sepah Bank,55
39,34_Bank of Industry and Mine,52
39,35_Ghavamin Bank,46
39,36_Mehr Eqtesad Bank,19
39,37_Bank Melli Iran,11
39,38_Tejarat Bank,22
39,39_Bank Melli Iran,24
39,40_Bank Mellat,24
39,41_Bank Melli Iran,30
39,42_Bank Saderat Iran,27
39,43_Bank Sepah,31
39,44_Bank Maskan,51
39,45_Tejarat Bank,5
39,46_Bank Saderat Iran,43
39,47_Tejarat Bank,44
39,48_Ansar Bank,37
39,49_Bank Day,38
39,50_Bank Saderat Iran,36
39,51_Kosar Financial Institute,36
39,52_Bank Mellat,29
39,53_Post Bank of Iran,34
39,54_Tejarat Bank,32
39,55_Bank Keshavarzi Iran,33
39,56_Ansar Bank,33
39,57_Bank Melli Iran,31
39,58_Bank Melli Iran,35
39,59_Bank Saderat Iran,54
39,60_Bank Mellat,56
39,61_TT Bank,40
39,62_Bank Sepah,32
39,63_Hekmat Iranian Bank,34
39,64_Bank Mellat,35
39,65_Post Bank of Iran,25
39,66_Refah Bank,54
39,67_Bank Keshavarzi Iran,29
39,68_Refah Bank,63
39,69_Bank Keshavarzi Iran,49
39,70_Bank Melli Iran,49
39,71_Bank Saderat Iran,48
39,72_Qarz Al-Hasaneh Mehr Iran Bank,48
39,73_Bank Maskan,45
39,74_Bank Saderat Iran,26
39,75_Bank Sepah,26
39,76_Tejarat Bank,38
39,77_Bank Melli Iran,39
39,78_Bank mehr iran,42
39,79_Bank Sepah,57
39,80_Bank Sepah,40
39,81_Bank Melli Iran,56
39,82_Shahr Bank,38
39,83_Bank Sepah,52
39,84_Bank Melli Iran,44
39,85_Bank Saderat Iran,54
39,86_Bank Sepah,41
39,87_Bank Keshavarzi Iran,34
39,88_Bank Sepah,37
39,89_Bank Sepah,22
39,90_Bank Melli Iran,37
39,91_Ayandeh Bank,39
39,92_Bank Pasargad,46
39,93_Bank Melli Iran,53
39,94_Bank Mellat,39
39,95_Mehr Eqtesad Bank,39
39,96_EN Bank,30
39,97_Bank Keshavarzi Iran,10
39,98_Tejarat Bank,26
39,99_Bank Melli Iran,25
39,100_Bank Keshavarzi Iran,38
39,101_Bank Melli Iran,40
39,102_Bank Mellat,48
39,103_Bank Maskan,28
39,104_Tejarat Bank,39
39,105_Bank Maskan,39
39,106_Sarmayeh Bank,38
39,107_Bank Sepah,33
39,108_Bank Melli Iran,35
39,109_Sarmayeh Bank,37
39,110_Bank Saderat Iran,39
40,01_Bank Melli Iran,51
40,02_Bank Maskan,58
40,03_Bank Sepah,51
40,04_Bank Mellat,50
40,05_Bank Saderat Iran,55
40,06_Bank Mellat,54
40,07_Mehr,55
40,08_Refah Bank,55
40,09_Bank Maskan,50
40,10_Bank Sepah,28
40,11_Bank Sepah,44
40,12_Melli Bank,38
40,13_EN Bank,32
40,14_Bank Maskan,56
40,15_Bank Maskan,46
40,16_Bank Saderat Iran,45
40,17_Bank Mellat,47
40,18_Saman Bank,48
40,19_Bank Melli Iran,28
40,20_Gardeshgari,47
40,21_Bank Maskan,50
40,22_Samen Bank,48
40,23_Tejarat Bank,53
40,24_Bank Maskan,52
40,25_Bank Melli Iran,36
40,26_Bank Keshavarzi Iran,38
40,27_Bank Saderat Iran,43
40,28_Bank Saderat Iran,35
40,29_Bank Keshavarzi Iran,30
40,30_Bank Sepah,29
40,31_Refah Bank,28
40,32_Shahr Bank,52
40,33_Sepah Bank,61
40,34_Bank of Industry and Mine,58
40,35_Ghavamin Bank,54
40,36_Mehr Eqtesad Bank,27
40,37_Bank Melli Iran,23
40,38_Tejarat Bank,30
40,39_Bank Melli Iran,32
40,40_Bank Mellat,32
40,41_Bank Melli Iran,37
40,42_Bank Saderat Iran,35
40,43_Bank Sepah,39
40,44_Bank Maskan,59
40,45_Tejarat Bank,11
40,46_Bank Saderat Iran,49
40,47_Tejarat Bank,50
40,48_Ansar Bank,45
40,49_Bank Day,46
40,50_Bank Saderat Iran,44
40,51_Kosar Financial Institute,44
40,52_Bank Mellat,37
40,53_Post Bank of Iran,42
40,54_Tejarat Bank,40
40,55_Bank Keshavarzi Iran,41
40,56_Ansar Bank,41
40,57_Bank Melli Iran,39
40,58_Bank Melli Iran,43
40,59_Bank Saderat Iran,62
40,60_Bank Mellat,64
40,61_TT Bank,48
40,62_Bank Sepah,40
40,63_Hekmat Iranian Bank,38
40,64_Bank Mellat,39
40,65_Post Bank of Iran,33
40,66_Refah Bank,62
40,67_Bank Keshavarzi Iran,36
40,68_Refah Bank,67
40,69_Bank Keshavarzi Iran,53
40,70_Bank Melli Iran,53
40,71_Bank Saderat Iran,52
40,72_Qarz Al-Hasaneh Mehr Iran Bank,52
40,73_Bank Maskan,49
40,74_Bank Saderat Iran,27
40,75_Bank Sepah,28
40,76_Tejarat Bank,46
40,77_Bank Melli Iran,45
40,78_Bank mehr iran,47
40,79_Bank Sepah,65
40,80_Bank Sepah,44
40,81_Bank Melli Iran,63
40,82_Shahr Bank,46
40,83_Bank Sepah,60
40,84_Bank Melli Iran,52
40,85_Bank Saderat Iran,62
40,86_Bank Sepah,49
40,87_Bank Keshavarzi Iran,42
40,88_Bank Sepah,45
40,89_Bank Sepah,30
40,90_Bank Melli Iran,45
40,91_Ayandeh Bank,47
40,92_Bank Pasargad,54
40,93_Bank Melli Iran,61
40,94_Bank Mellat,47
40,95_Mehr Eqtesad Bank,47
40,96_EN Bank,38
40,97_Bank Keshavarzi Iran,7
40,98_Tejarat Bank,34
40,99_Bank Melli Iran,33
40,100_Bank Keshavarzi Iran,44
40,101_Bank Melli Iran,48
40,102_Bank Mellat,56
40,103_Bank Maskan,36
40,104_Tejarat Bank,47
40,105_Bank Maskan,47
40,106_Sarmayeh Bank,46
40,107_Bank Sepah,41
40,108_Bank Melli Iran,43
40,109_Sarmayeh Bank,45
40,110_Bank Saderat Iran,47
41,01_Bank Melli Iran,35
41,02_Bank Maskan,42
41,03_Bank Sepah,36
41,04_Bank Mellat,34
41,05_Bank Saderat Iran,39
41,06_Bank Mellat,38
41,07_Mehr,38
41,08_Refah Bank,38
41,09_Bank Maskan,39
41,10_Bank Sepah,11
41,11_Bank Sepah,40
41,12_Melli Bank,44
41,13_EN Bank,22
41,14_Bank Maskan,41
41,15_Bank Maskan,20
41,16_Bank Saderat Iran,19
41,17_Bank Mellat,22
41,18_Saman Bank,38
41,19_Bank Melli Iran,36
41,20_Gardeshgari,36
41,21_Bank Maskan,38
41,22_Samen Bank,37
41,23_Tejarat Bank,35
41,24_Bank Maskan,35
41,25_Bank Melli Iran,35
41,26_Bank Keshavarzi Iran,36
41,27_Bank Saderat Iran,8
41,28_Bank Saderat Iran,25
41,29_Bank Keshavarzi Iran,7
41,30_Bank Sepah,9
41,31_Refah Bank,9
41,32_Shahr Bank,37
41,33_Sepah Bank,32
41,34_Bank of Industry and Mine,31
41,35_Ghavamin Bank,38
41,36_Mehr Eqtesad Bank,12
41,37_Bank Melli Iran,22
41,38_Tejarat Bank,15
41,39_Bank Melli Iran,17
41,40_Bank Mellat,17
41,41_Bank Melli Iran,28
41,42_Bank Saderat Iran,19
41,43_Bank Sepah,16
41,44_Bank Maskan,43
41,45_Tejarat Bank,31
41,46_Bank Saderat Iran,37
41,47_Tejarat Bank,38
41,48_Ansar Bank,36
41,49_Bank Day,35
41,50_Bank Saderat Iran,28
41,51_Kosar Financial Institute,28
41,52_Bank Mellat,18
41,53_Post Bank of Iran,18
41,54_Tejarat Bank,17
41,55_Bank Keshavarzi Iran,16
41,56_Ansar Bank,16
41,57_Bank Melli Iran,17
41,58_Bank Melli Iran,17
41,59_Bank Saderat Iran,45
41,60_Bank Mellat,49
41,61_TT Bank,35
41,62_Bank Sepah,34
41,63_Hekmat Iranian Bank,38
41,64_Bank Mellat,38
41,65_Post Bank of Iran,18
41,66_Refah Bank,31
41,67_Bank Keshavarzi Iran,32
41,68_Refah Bank,63
41,69_Bank Keshavarzi Iran,56
41,70_Bank Melli Iran,56
41,71_Bank Saderat Iran,55
41,72_Qarz Al-Hasaneh Mehr Iran Bank,55
41,73_Bank Maskan,54
41,74_Bank Saderat Iran,36
41,75_Bank Sepah,36
41,76_Tejarat Bank,20
41,77_Bank Melli Iran,36
41,78_Bank mehr iran,41
41,79_Bank Sepah,47
41,80_Bank Sepah,40
41,81_Bank Melli Iran,48
41,82_Shahr Bank,36
41,83_Bank Sepah,31
41,84_Bank Melli Iran,36
41,85_Bank Saderat Iran,32
41,86_Bank Sepah,37
41,87_Bank Keshavarzi Iran,30
41,88_Bank Sepah,36
41,89_Bank Sepah,21
41,90_Bank Melli Iran,16
41,91_Ayandeh Bank,34
41,92_Bank Pasargad,34
41,93_Bank Melli Iran,30
41,94_Bank Mellat,35
41,95_Mehr Eqtesad Bank,35
41,96_EN Bank,22
41,97_Bank Keshavarzi Iran,33
41,98_Tejarat Bank,20
41,99_Bank Melli Iran,20
41,100_Bank Keshavarzi Iran,39
41,101_Bank Melli Iran,38
41,102_Bank Mellat,41
41,103_Bank Maskan,19
41,104_Tejarat Bank,34
41,105_Bank Maskan,37
41,106_Sarmayeh Bank,37
41,107_Bank Sepah,17
41,108_Bank Melli Iran,27
41,109_Sarmayeh Bank,36
41,110_Bank Saderat Iran,37
42,01_Bank Melli Iran,42
42,02_Bank Maskan,49
42,03_Bank Sepah,42
42,04_Bank Mellat,41
42,05_Bank Saderat Iran,46
42,06_Bank Mellat,45
42,07_Mehr,46
42,08_Refah Bank,46
42,09_Bank Maskan,41
42,10_Bank Sepah,14
42,11_Bank Sepah,36
42,12_Melli Bank,39
42,13_EN Bank,17
42,14_Bank Maskan,47
42,15_Bank Maskan,31
42,16_Bank Saderat Iran,30
42,17_Bank Mellat,32
42,18_Saman Bank,39
42,19_Bank Melli Iran,26
42,20_Gardeshgari,38
42,21_Bank Maskan,43
42,22_Samen Bank,39
42,23_Tejarat Bank,42
42,24_Bank Maskan,41
42,25_Bank Melli Iran,28
42,26_Bank Keshavarzi Iran,23
42,27_Bank Saderat Iran,26
42,28_Bank Saderat Iran,21
42,29_Bank Keshavarzi Iran,13
42,30_Bank Sepah,12
42,31_Refah Bank,11
42,32_Shahr Bank,43
42,33_Sepah Bank,42
42,34_Bank of Industry and Mine,42
42,35_Ghavamin Bank,45
42,36_Mehr Eqtesad Bank,9
42,37_Bank Melli Iran,7
42,38_Tejarat Bank,6
42,39_Bank Melli Iran,7
42,40_Bank Mellat,7
42,41_Bank Melli Iran,23
42,42_Bank Saderat Iran,19
42,43_Bank Sepah,23
42,44_Bank Maskan,50
42,45_Tejarat Bank,18
42,46_Bank Saderat Iran,42
42,47_Tejarat Bank,43
42,48_Ansar Bank,34
42,49_Bank Day,35
42,50_Bank Saderat Iran,31
42,51_Kosar Financial Institute,30
42,52_Bank Mellat,21
42,53_Post Bank of Iran,28
42,54_Tejarat Bank,24
42,55_Bank Keshavarzi Iran,26
42,56_Ansar Bank,26
42,57_Bank Melli Iran,24
42,58_Bank Melli Iran,28
42,59_Bank Saderat Iran,53
42,60_Bank Mellat,55
42,61_TT Bank,39
42,62_Bank Sepah,31
42,63_Hekmat Iranian Bank,32
42,64_Bank Mellat,32
42,65_Post Bank of Iran,14
42,66_Refah Bank,41
42,67_Bank Keshavarzi Iran,19
42,68_Refah Bank,66
42,69_Bank Keshavarzi Iran,54
42,70_Bank Melli Iran,54
42,71_Bank Saderat Iran,53
42,72_Qarz Al-Hasaneh Mehr Iran Bank,53
42,73_Bank Maskan,50
42,74_Bank Saderat Iran,28
42,75_Bank Sepah,27
42,76_Tejarat Bank,31
42,77_Bank Melli Iran,40
42,78_Bank mehr iran,38
42,79_Bank Sepah,55
42,80_Bank Sepah,36
42,81_Bank Melli Iran,55
42,82_Shahr Bank,37
42,83_Bank Sepah,42
42,84_Bank Melli Iran,43
42,85_Bank Saderat Iran,44
42,86_Bank Sepah,39
42,87_Bank Keshavarzi Iran,29
42,88_Bank Sepah,33
42,89_Bank Sepah,18
42,90_Bank Melli Iran,30
42,91_Ayandeh Bank,37
42,92_Bank Pasargad,44
42,93_Bank Melli Iran,41
42,94_Bank Mellat,38
42,95_Mehr Eqtesad Bank,38
42,96_EN Bank,24
42,97_Bank Keshavarzi Iran,23
42,98_Tejarat Bank,18
42,99_Bank Melli Iran,16
42,100_Bank Keshavarzi Iran,38
42,101_Bank Melli Iran,39
42,102_Bank Mellat,47
42,103_Bank Maskan,20
42,104_Tejarat Bank,37
42,105_Bank Maskan,38
42,106_Sarmayeh Bank,37
42,107_Bank Sepah,25
42,108_Bank Melli Iran,29
42,109_Sarmayeh Bank,33
42,110_Bank Saderat Iran,38
44,01_Bank Melli Iran,47
44,02_Bank Maskan,54
44,03_Bank Sepah,47
44,04_Bank Mellat,46
44,05_Bank Saderat Iran,51
44,06_Bank Mellat,50
44,07_Mehr,51
44,08_Refah Bank,51
44,09_Bank Maskan,44
44,10_Bank Sepah,24
44,11_Bank Sepah,36
44,12_Melli Bank,36
44,13_EN Bank,27
44,14_Bank Maskan,52
44,15_Bank Maskan,42
44,16_Bank Saderat Iran,41
44,17_Bank Mellat,43
44,18_Saman Bank,43
44,19_Bank Melli Iran,19
44,20_Gardeshgari,41
44,21_Bank Maskan,47
44,22_Samen Bank,43
44,23_Tejarat Bank,47
44,24_Bank Maskan,47
44,25_Bank Melli Iran,28
44,26_Bank Keshavarzi Iran,22
44,27_Bank Saderat Iran,38
44,28_Bank Saderat Iran,30
44,29_Bank Keshavarzi Iran,25
44,30_Bank Sepah,24
44,31_Refah Bank,23
44,32_Shahr Bank,48
44,33_Sepah Bank,53
44,34_Bank of Industry and Mine,52
44,35_Ghavamin Bank,50
44,36_Mehr Eqtesad Bank,21
44,37_Bank Melli Iran,12
44,38_Tejarat Bank,21
44,39_Bank Melli Iran,22
44,40_Bank Mellat,22
44,41_Bank Melli Iran,32
44,42_Bank Saderat Iran,30
44,43_Bank Sepah,35
44,44_Bank Maskan,55
44,45_Tejarat Bank,8
44,46_Bank Saderat Iran,46
44,47_Tejarat Bank,47
44,48_Ansar Bank,41
44,49_Bank Day,42
44,50_Bank Saderat Iran,40
44,51_Kosar Financial Institute,40
44,52_Bank Mellat,32
44,53_Post Bank of Iran,37
44,54_Tejarat Bank,36
44,55_Bank Keshavarzi Iran,37
44,56_Ansar Bank,37
44,57_Bank Melli Iran,35
44,58_Bank Melli Iran,37
44,59_Bank Saderat Iran,58
44,60_Bank Mellat,60
44,61_TT Bank,44
44,62_Bank Sepah,35
44,63_Hekmat Iranian Bank,31
44,64_Bank Mellat,31
44,65_Post Bank of Iran,26
44,66_Refah Bank,52
44,67_Bank Keshavarzi Iran,19
44,68_Refah Bank,64
44,69_Bank Keshavarzi Iran,50
44,70_Bank Melli Iran,50
44,71_Bank Saderat Iran,49
44,72_Qarz Al-Hasaneh Mehr Iran Bank,49
44,73_Bank Maskan,47
44,74_Bank Saderat Iran,20
44,75_Bank Sepah,20
44,76_Tejarat Bank,42
44,77_Bank Melli Iran,42
44,78_Bank mehr iran,38
44,79_Bank Sepah,61
44,80_Bank Sepah,36
44,81_Bank Melli Iran,59
44,82_Shahr Bank,41
44,83_Bank Sepah,50
44,84_Bank Melli Iran,45
44,85_Bank Saderat Iran,52
44,86_Bank Sepah,45
44,87_Bank Keshavarzi Iran,38
44,88_Bank Sepah,41
44,89_Bank Sepah,26
44,90_Bank Melli Iran,41
44,91_Ayandeh Bank,43
44,92_Bank Pasargad,46
44,93_Bank Melli Iran,51
44,94_Bank Mellat,43
44,95_Mehr Eqtesad Bank,43
44,96_EN Bank,34
44,97_Bank Keshavarzi Iran,12
44,98_Tejarat Bank,29
44,99_Bank Melli Iran,28
44,100_Bank Keshavarzi Iran,38
44,101_Bank Melli Iran,44
44,102_Bank Mellat,52
44,103_Bank Maskan,31
44,104_Tejarat Bank,43
44,105_Bank Maskan,43
44,106_Sarmayeh Bank,42
44,107_Bank Sepah,37
44,108_Bank Melli Iran,39
44,109_Sarmayeh Bank,41
44,110_Bank Saderat Iran,41
45,01_Bank Melli Iran,27
45,02_Bank Maskan,34
45,03_Bank Sepah,28
45,04_Bank Mellat,26
45,05_Bank Saderat Iran,31
45,06_Bank Mellat,30
45,07_Mehr,30
45,08_Refah Bank,30
45,09_Bank Maskan,32
45,10_Bank Sepah,20
45,11_Bank Sepah,34
45,12_Melli Bank,38
45,13_EN Bank,24
45,14_Bank Maskan,33
45,15_Bank Maskan,8
45,16_Bank Saderat Iran,7
45,17_Bank Mellat,9
45,18_Saman Bank,32
45,19_Bank Melli Iran,31
45,20_Gardeshgari,30
45,21_Bank Maskan,30
45,22_Samen Bank,31
45,23_Tejarat Bank,29
45,24_Bank Maskan,28
45,25_Bank Melli Iran,33
45,26_Bank Keshavarzi Iran,32
45,27_Bank Saderat Iran,10
45,28_Bank Saderat Iran,24
45,29_Bank Keshavarzi Iran,19
45,30_Bank Sepah,17
45,31_Refah Bank,17
45,32_Shahr Bank,29
45,33_Sepah Bank,24
45,34_Bank of Industry and Mine,23
45,35_Ghavamin Bank,30
45,36_Mehr Eqtesad Bank,19
45,37_Bank Melli Iran,29
45,38_Tejarat Bank,22
45,39_Bank Melli Iran,24
45,40_Bank Mellat,24
45,41_Bank Melli Iran,29
45,42_Bank Saderat Iran,17
45,43_Bank Sepah,12
45,44_Bank Maskan,35
45,45_Tejarat Bank,36
45,46_Bank Saderat Iran,29
45,47_Tejarat Bank,30
45,48_Ansar Bank,30
45,49_Bank Day,28
45,50_Bank Saderat Iran,24
45,51_Kosar Financial Institute,24
45,52_Bank Mellat,16
45,53_Post Bank of Iran,9
45,54_Tejarat Bank,11
45,55_Bank Keshavarzi Iran,9
45,56_Ansar Bank,9
45,57_Bank Melli Iran,11
45,58_Bank Melli Iran,9
45,59_Bank Saderat Iran,37
45,60_Bank Mellat,41
45,61_TT Bank,28
45,62_Bank Sepah,33
45,63_Hekmat Iranian Bank,36
45,64_Bank Mellat,36
45,65_Post Bank of Iran,22
45,66_Refah Bank,23
45,67_Bank Keshavarzi Iran,28
45,68_Refah Bank,54
45,69_Bank Keshavarzi Iran,46
45,70_Bank Melli Iran,46
45,71_Bank Saderat Iran,45
45,72_Qarz Al-Hasaneh Mehr Iran Bank,45
45,73_Bank Maskan,46
45,74_Bank Saderat Iran,32
45,75_Bank Sepah,32
45,76_Tejarat Bank,8
45,77_Bank Melli Iran,28
45,78_Bank mehr iran,33
45,79_Bank Sepah,39
45,80_Bank Sepah,34
45,81_Bank Melli Iran,40
45,82_Shahr Bank,30
45,83_Bank Sepah,23
45,84_Bank Melli Iran,28
45,85_Bank Saderat Iran,25
45,86_Bank Sepah,30
45,87_Bank Keshavarzi Iran,26
45,88_Bank Sepah,31
45,89_Bank Sepah,21
45,90_Bank Melli Iran,3
45,91_Ayandeh Bank,28
45,92_Bank Pasargad,26
45,93_Bank Melli Iran,23
45,94_Bank Mellat,29
45,95_Mehr Eqtesad Bank,29
45,96_EN Bank,19
45,97_Bank Keshavarzi Iran,38
45,98_Tejarat Bank,18
45,99_Bank Melli Iran,20
45,100_Bank Keshavarzi Iran,33
45,101_Bank Melli Iran,32
45,102_Bank Mellat,33
45,103_Bank Maskan,17
45,104_Tejarat Bank,28
45,105_Bank Maskan,31
45,106_Sarmayeh Bank,31
45,107_Bank Sepah,10
45,108_Bank Melli Iran,24
45,109_Sarmayeh Bank,30
45,110_Bank Saderat Iran,31
46,01_Bank Melli Iran,30
46,02_Bank Maskan,37
46,03_Bank Sepah,31
46,04_Bank Mellat,29
46,05_Bank Saderat Iran,34
46,06_Bank Mellat,33
46,07_Mehr,33
46,08_Refah Bank,33
46,09_Bank Maskan,36
46,10_Bank Sepah,32
46,11_Bank Sepah,38
46,12_Melli Bank,42
46,13_EN Bank,37
46,14_Bank Maskan,36
46,15_Bank Maskan,13
46,16_Bank Saderat Iran,13
46,17_Bank Mellat,16
46,18_Saman Bank,36
46,19_Bank Melli Iran,44
46,20_Gardeshgari,34
46,21_Bank Maskan,33
46,22_Samen Bank,35
46,23_Tejarat Bank,35
46,24_Bank Maskan,36
46,25_Bank Melli Iran,42
46,26_Bank Keshavarzi Iran,44
46,27_Bank Saderat Iran,15
46,28_Bank Saderat Iran,36
46,29_Bank Keshavarzi Iran,26
46,30_Bank Sepah,27
46,31_Refah Bank,27
46,32_Shahr Bank,32
46,33_Sepah Bank,28
46,34_Bank of Industry and Mine,26
46,35_Ghavamin Bank,33
46,36_Mehr Eqtesad Bank,30
46,37_Bank Melli Iran,39
46,38_Tejarat Bank,33
46,39_Bank Melli Iran,34
46,40_Bank Mellat,35
46,41_Bank Melli Iran,41
46,42_Bank Saderat Iran,30
46,43_Bank Sepah,25
46,44_Bank Maskan,38
46,45_Tejarat Bank,47
46,46_Bank Saderat Iran,32
46,47_Tejarat Bank,33
46,48_Ansar Bank,41
46,49_Bank Day,40
46,50_Bank Saderat Iran,36
46,51_Kosar Financial Institute,36
46,52_Bank Mellat,29
46,53_Post Bank of Iran,17
46,54_Tejarat Bank,23
46,55_Bank Keshavarzi Iran,22
46,56_Ansar Bank,22
46,57_Bank Melli Iran,24
46,58_Bank Melli Iran,17
46,59_Bank Saderat Iran,40
46,60_Bank Mellat,44
46,61_TT Bank,31
46,62_Bank Sepah,40
46,63_Hekmat Iranian Bank,45
46,64_Bank Mellat,44
46,65_Post Bank of Iran,34
46,66_Refah Bank,30
46,67_Bank Keshavarzi Iran,40
46,68_Refah Bank,57
46,69_Bank Keshavarzi Iran,50
46,70_Bank Melli Iran,50
46,71_Bank Saderat Iran,49
46,72_Qarz Al-Hasaneh Mehr Iran Bank,49
46,73_Bank Maskan,50
46,74_Bank Saderat Iran,42
46,75_Bank Sepah,43
46,76_Tejarat Bank,13
46,77_Bank Melli Iran,31
46,78_Bank mehr iran,37
46,79_Bank Sepah,42
46,80_Bank Sepah,38
46,81_Bank Melli Iran,43
46,82_Shahr Bank,34
46,83_Bank Sepah,29
46,84_Bank Melli Iran,32
46,85_Bank Saderat Iran,30
46,86_Bank Sepah,39
46,87_Bank Keshavarzi Iran,38
46,88_Bank Sepah,42
46,89_Bank Sepah,34
46,90_Bank Melli Iran,13
46,91_Ayandeh Bank,39
46,92_Bank Pasargad,30
46,93_Bank Melli Iran,29
46,94_Bank Mellat,39
46,95_Mehr Eqtesad Bank,39
46,96_EN Bank,32
46,97_Bank Keshavarzi Iran,49
46,98_Tejarat Bank,31
46,99_Bank Melli Iran,33
46,100_Bank Keshavarzi Iran,37
46,101_Bank Melli Iran,36
46,102_Bank Mellat,36
46,103_Bank Maskan,30
46,104_Tejarat Bank,39
46,105_Bank Maskan,38
46,106_Sarmayeh Bank,38
46,107_Bank Sepah,23
46,108_Bank Melli Iran,36
46,109_Sarmayeh Bank,41
46,110_Bank Saderat Iran,35
47,01_Bank Melli Iran,39
47,02_Bank Maskan,46
47,03_Bank Sepah,40
47,04_Bank Mellat,38
47,05_Bank Saderat Iran,43
47,06_Bank Mellat,42
47,07_Mehr,42
47,08_Refah Bank,42
47,09_Bank Maskan,39
47,10_Bank Sepah,12
47,11_Bank Sepah,37
47,12_Melli Bank,44
47,13_EN Bank,16
47,14_Bank Maskan,45
47,15_Bank Maskan,21
47,16_Bank Saderat Iran,21
47,17_Bank Mellat,23
47,18_Saman Bank,31
47,19_Bank Melli Iran,30
47,20_Gardeshgari,36
47,21_Bank Maskan,41
47,22_Samen Bank,32
47,23_Tejarat Bank,30
47,24_Bank Maskan,29
47,25_Bank Melli Iran,29
47,26_Bank Keshavarzi Iran,28
47,27_Bank Saderat Iran,17
47,28_Bank Saderat Iran,15
47,29_Bank Keshavarzi Iran,18
47,30_Bank Sepah,16
47,31_Refah Bank,16
47,32_Shahr Bank,41
47,33_Sepah Bank,33
47,34_Bank of Industry and Mine,32
47,35_Ghavamin Bank,42
47,36_Mehr Eqtesad Bank,18
47,37_Bank Melli Iran,25
47,38_Tejarat Bank,17
47,39_Bank Melli Iran,15
47,40_Bank Mellat,15
47,41_Bank Melli Iran,21
47,42_Bank Saderat Iran,10
47,43_Bank Sepah,8
47,44_Bank Maskan,47
47,45_Tejarat Bank,30
47,46_Bank Saderat Iran,40
47,47_Tejarat Bank,41
47,48_Ansar Bank,27
47,49_Bank Day,27
47,50_Bank Saderat Iran,20
47,51_Kosar Financial Institute,20
47,52_Bank Mellat,10
47,53_Post Bank of Iran,16
47,54_Tejarat Bank,9
47,55_Bank Keshavarzi Iran,10
47,56_Ansar Bank,11
47,57_Bank Melli Iran,8
47,58_Bank Melli Iran,15
47,59_Bank Saderat Iran,49
47,60_Bank Mellat,53
47,61_TT Bank,37
47,62_Bank Sepah,29
47,63_Hekmat Iranian Bank,32
47,64_Bank Mellat,32
47,65_Post Bank of Iran,8
47,66_Refah Bank,32
47,67_Bank Keshavarzi Iran,24
47,68_Refah Bank,65
47,69_Bank Keshavarzi Iran,55
47,70_Bank Melli Iran,55
47,71_Bank Saderat Iran,54
47,72_Qarz Al-Hasaneh Mehr Iran Bank,54
47,73_Bank Maskan,53
47,74_Bank Saderat Iran,31
47,75_Bank Sepah,31
47,76_Tejarat Bank,21
47,77_Bank Melli Iran,38
47,78_Bank mehr iran,40
47,79_Bank Sepah,51
47,80_Bank Sepah,37
47,81_Bank Melli Iran,52
47,82_Shahr Bank,35
47,83_Bank Sepah,33
47,84_Bank Melli Iran,35
47,85_Bank Saderat Iran,35
47,86_Bank Sepah,28
47,87_Bank Keshavarzi Iran,22
47,88_Bank Sepah,27
47,89_Bank Sepah,13
47,90_Bank Melli Iran,17
47,91_Ayandeh Bank,26
47,92_Bank Pasargad,35
47,93_Bank Melli Iran,32
47,94_Bank Mellat,27
47,95_Mehr Eqtesad Bank,27
47,96_EN Bank,13
47,97_Bank Keshavarzi Iran,32
47,98_Tejarat Bank,10
47,99_Bank Melli Iran,10
47,100_Bank Keshavarzi Iran,36
47,101_Bank Melli Iran,31
47,102_Bank Mellat,45
47,103_Bank Maskan,11
47,104_Tejarat Bank,26
47,105_Bank Maskan,29
47,106_Sarmayeh Bank,29
47,107_Bank Sepah,10
47,108_Bank Melli Iran,19
47,109_Sarmayeh Bank,27
47,110_Bank Saderat Iran,36
48,01_Bank Melli Iran,30
48,02_Bank Maskan,37
48,03_Bank Sepah,30
48,04_Bank Mellat,29
48,05_Bank Saderat Iran,34
48,06_Bank Mellat,33
48,07_Mehr,34
48,08_Refah Bank,34
48,09_Bank Maskan,29
48,10_Bank Sepah,17
48,11_Bank Sepah,27
48,12_Melli Bank,35
48,13_EN Bank,5
48,14_Bank Maskan,35
48,15_Bank Maskan,21
48,16_Bank Saderat Iran,20
48,17_Bank Mellat,22
48,18_Saman Bank,27
48,19_Bank Melli Iran,20
48,20_Gardeshgari,26
48,21_Bank Maskan,31
48,22_Samen Bank,27
48,23_Tejarat Bank,29
48,24_Bank Maskan,28
48,25_Bank Melli Iran,18
48,26_Bank Keshavarzi Iran,17
48,27_Bank Saderat Iran,26
48,28_Bank Saderat Iran,7
48,29_Bank Keshavarzi Iran,20
48,30_Bank Sepah,19
48,31_Refah Bank,18
48,32_Shahr Bank,31
48,33_Sepah Bank,28
48,34_Bank of Industry and Mine,30
48,35_Ghavamin Bank,33
48,36_Mehr Eqtesad Bank,16
48,37_Bank Melli Iran,21
48,38_Tejarat Bank,17
48,39_Bank Melli Iran,16
48,40_Bank Mellat,16
48,41_Bank Melli Iran,10
48,42_Bank Saderat Iran,6
48,43_Bank Sepah,11
48,44_Bank Maskan,38
48,45_Tejarat Bank,27
48,46_Bank Saderat Iran,30
48,47_Tejarat Bank,31
48,48_Ansar Bank,20
48,49_Bank Day,21
48,50_Bank Saderat Iran,17
48,51_Kosar Financial Institute,17
48,52_Bank Mellat,8
48,53_Post Bank of Iran,15
48,54_Tejarat Bank,12
48,55_Bank Keshavarzi Iran,14
48,56_Ansar Bank,14
48,57_Bank Melli Iran,12
48,58_Bank Melli Iran,15
48,59_Bank Saderat Iran,41
48,60_Bank Mellat,43
48,61_TT Bank,27
48,62_Bank Sepah,19
48,63_Hekmat Iranian Bank,21
48,64_Bank Mellat,20
48,65_Post Bank of Iran,6
48,66_Refah Bank,27
48,67_Bank Keshavarzi Iran,13
48,68_Refah Bank,57
48,69_Bank Keshavarzi Iran,49
48,70_Bank Melli Iran,49
48,71_Bank Saderat Iran,48
48,72_Qarz Al-Hasaneh Mehr Iran Bank,48
48,73_Bank Maskan,47
48,74_Bank Saderat Iran,22
48,75_Bank Sepah,21
48,76_Tejarat Bank,21
48,77_Bank Melli Iran,28
48,78_Bank mehr iran,29
48,79_Bank Sepah,44
48,80_Bank Sepah,27
48,81_Bank Melli Iran,43
48,82_Shahr Bank,25
48,83_Bank Sepah,28
48,84_Bank Melli Iran,31
48,85_Bank Saderat Iran,30
48,86_Bank Sepah,26
48,87_Bank Keshavarzi Iran,15
48,88_Bank Sepah,19
48,89_Bank Sepah,5
48,90_Bank Melli Iran,20
48,91_Ayandeh Bank,23
48,92_Bank Pasargad,32
48,93_Bank Melli Iran,27
48,94_Bank Mellat,24
48,95_Mehr Eqtesad Bank,24
48,96_EN Bank,11
48,97_Bank Keshavarzi Iran,29
48,98_Tejarat Bank,5
48,99_Bank Melli Iran,4
48,100_Bank Keshavarzi Iran,26
48,101_Bank Melli Iran,27
48,102_Bank Mellat,35
48,103_Bank Maskan,7
48,104_Tejarat Bank,23
48,105_Bank Maskan,26
48,106_Sarmayeh Bank,25
48,107_Bank Sepah,13
48,108_Bank Melli Iran,16
48,109_Sarmayeh Bank,20
48,110_Bank Saderat Iran,26
49,01_Bank Melli Iran,36
49,02_Bank Maskan,43
49,03_Bank Sepah,36
49,04_Bank Mellat,35
49,05_Bank Saderat Iran,40
49,06_Bank Mellat,39
49,07_Mehr,40
49,08_Refah Bank,40
49,09_Bank Maskan,34
49,10_Bank Sepah,14
49,11_Bank Sepah,27
49,12_Melli Bank,30
49,13_EN Bank,12
49,14_Bank Maskan,41
49,15_Bank Maskan,30
49,16_Bank Saderat Iran,29
49,17_Bank Mellat,31
49,18_Saman Bank,33
49,19_Bank Melli Iran,16
49,20_Gardeshgari,31
49,21_Bank Maskan,37
49,22_Samen Bank,33
49,23_Tejarat Bank,37
49,24_Bank Maskan,37
49,25_Bank Melli Iran,18
49,26_Bank Keshavarzi Iran,12
49,27_Bank Saderat Iran,32
49,28_Bank Saderat Iran,17
49,29_Bank Keshavarzi Iran,22
49,30_Bank Sepah,21
49,31_Refah Bank,20
49,32_Shahr Bank,37
49,33_Sepah Bank,37
49,34_Bank of Industry and Mine,39
49,35_Ghavamin Bank,39
49,36_Mehr Eqtesad Bank,18
49,37_Bank Melli Iran,17
49,38_Tejarat Bank,15
49,39_Bank Melli Iran,14
49,40_Bank Mellat,13
49,41_Bank Melli Iran,17
49,42_Bank Saderat Iran,15
49,43_Bank Sepah,21
49,44_Bank Maskan,44
49,45_Tejarat Bank,25
49,46_Bank Saderat Iran,36
49,47_Tejarat Bank,37
49,48_Ansar Bank,29
49,49_Bank Day,30
49,50_Bank Saderat Iran,26
49,51_Kosar Financial Institute,26
49,52_Bank Mellat,17
49,53_Post Bank of Iran,24
49,54_Tejarat Bank,22
49,55_Bank Keshavarzi Iran,23
49,56_Ansar Bank,23
49,57_Bank Melli Iran,21
49,58_Bank Melli Iran,24
49,59_Bank Saderat Iran,47
49,60_Bank Mellat,49
49,61_TT Bank,33
49,62_Bank Sepah,25
49,63_Hekmat Iranian Bank,22
49,64_Bank Mellat,21
49,65_Post Bank of Iran,14
49,66_Refah Bank,36
49,67_Bank Keshavarzi Iran,9
49,68_Refah Bank,56
49,69_Bank Keshavarzi Iran,45
49,70_Bank Melli Iran,45
49,71_Bank Saderat Iran,44
49,72_Qarz Al-Hasaneh Mehr Iran Bank,44
49,73_Bank Maskan,42
49,74_Bank Saderat Iran,17
49,75_Bank Sepah,17
49,76_Tejarat Bank,30
49,77_Bank Melli Iran,33
49,78_Bank mehr iran,29
49,79_Bank Sepah,50
49,80_Bank Sepah,27
49,81_Bank Melli Iran,49
49,82_Shahr Bank,31
49,83_Bank Sepah,36
49,84_Bank Melli Iran,35
49,85_Bank Saderat Iran,38
49,86_Bank Sepah,34
49,87_Bank Keshavarzi Iran,24
49,88_Bank Sepah,28
49,89_Bank Sepah,12
49,90_Bank Melli Iran,29
49,91_Ayandeh Bank,32
49,92_Bank Pasargad,35
49,93_Bank Melli Iran,36
49,94_Bank Mellat,32
49,95_Mehr Eqtesad Bank,32
49,96_EN Bank,20
49,97_Bank Keshavarzi Iran,28
49,98_Tejarat Bank,14
49,99_Bank Melli Iran,13
49,100_Bank Keshavarzi Iran,29
49,101_Bank Melli Iran,33
49,102_Bank Mellat,41
49,103_Bank Maskan,16
49,104_Tejarat Bank,32
49,105_Bank Maskan,32
49,106_Sarmayeh Bank,31
49,107_Bank Sepah,23
49,108_Bank Melli Iran,25
49,109_Sarmayeh Bank,29
49,110_Bank Saderat Iran,31
50,01_Bank Melli Iran,36
50,02_Bank Maskan,43
50,03_Bank Sepah,37
50,04_Bank Mellat,35
50,05_Bank Saderat Iran,40
50,06_Bank Mellat,39
50,07_Mehr,39
50,08_Refah Bank,39
50,09_Bank Maskan,37
50,10_Bank Sepah,22
50,11_Bank Sepah,36
50,12_Melli Bank,39
50,13_EN Bank,15
50,14_Bank Maskan,42
50,15_Bank Maskan,16
50,16_Bank Saderat Iran,15
50,17_Bank Mellat,17
50,18_Saman Bank,24
50,19_Bank Melli Iran,26
50,20_Gardeshgari,30
50,21_Bank Maskan,38
50,22_Samen Bank,25
50,23_Tejarat Bank,20
50,24_Bank Maskan,19
50,25_Bank Melli Iran,28
50,26_Bank Keshavarzi Iran,27
50,27_Bank Saderat Iran,19
50,28_Bank Saderat Iran,11
50,29_Bank Keshavarzi Iran,24
50,30_Bank Sepah,23
50,31_Refah Bank,22
50,32_Shahr Bank,38
50,33_Sepah Bank,27
50,34_Bank of Industry and Mine,28
50,35_Ghavamin Bank,39
50,36_Mehr Eqtesad Bank,22
50,37_Bank Melli Iran,29
50,38_Tejarat Bank,24
50,39_Bank Melli Iran,23
50,40_Bank Mellat,23
50,41_Bank Melli Iran,21
50,42_Bank Saderat Iran,8
50,43_Bank Sepah,3
50,44_Bank Maskan,44
50,45_Tejarat Bank,35
50,46_Bank Saderat Iran,37
50,47_Tejarat Bank,38
50,48_Ansar Bank,21
50,49_Bank Day,20
50,50_Bank Saderat Iran,13
50,51_Kosar Financial Institute,13
50,52_Bank Mellat,6
50,53_Post Bank of Iran,10
50,54_Tejarat Bank,3
50,55_Bank Keshavarzi Iran,4
50,56_Ansar Bank,4
50,57_Bank Melli Iran,2
50,58_Bank Melli Iran,9
50,59_Bank Saderat Iran,46
50,60_Bank Mellat,50
50,61_TT Bank,34
50,62_Bank Sepah,26
50,63_Hekmat Iranian Bank,31
50,64_Bank Mellat,31
50,65_Post Bank of Iran,12
50,66_Refah Bank,25
50,67_Bank Keshavarzi Iran,23
50,68_Refah Bank,62
50,69_Bank Keshavarzi Iran,51
50,70_Bank Melli Iran,51
50,71_Bank Saderat Iran,50
50,72_Qarz Al-Hasaneh Mehr Iran Bank,50
50,73_Bank Maskan,49
50,74_Bank Saderat Iran,27
50,75_Bank Sepah,27
50,76_Tejarat Bank,16
50,77_Bank Melli Iran,35
50,78_Bank mehr iran,38
50,79_Bank Sepah,48
50,80_Bank Sepah,36
50,81_Bank Melli Iran,49
50,82_Shahr Bank,30
50,83_Bank Sepah,26
50,84_Bank Melli Iran,25
50,85_Bank Saderat Iran,27
50,86_Bank Sepah,21
50,87_Bank Keshavarzi Iran,15
50,88_Bank Sepah,22
50,89_Bank Sepah,12
50,90_Bank Melli Iran,15
50,91_Ayandeh Bank,19
50,92_Bank Pasargad,25
50,93_Bank Melli Iran,24
50,94_Bank Mellat,20
50,95_Mehr Eqtesad Bank,20
50,96_EN Bank,8
50,97_Bank Keshavarzi Iran,37
50,98_Tejarat Bank,9
50,99_Bank Melli Iran,11
50,100_Bank Keshavarzi Iran,34
50,101_Bank Melli Iran,24
50,102_Bank Mellat,42
50,103_Bank Maskan,7
50,104_Tejarat Bank,19
50,105_Bank Maskan,22
50,106_Sarmayeh Bank,22
50,107_Bank Sepah,4
50,108_Bank Melli Iran,12
50,109_Sarmayeh Bank,21
50,110_Bank Saderat Iran,30
51,01_Bank Melli Iran,30
51,02_Bank Maskan,37
51,03_Bank Sepah,30
51,04_Bank Mellat,29
51,05_Bank Saderat Iran,34
51,06_Bank Mellat,33
51,07_Mehr,34
51,08_Refah Bank,34
51,09_Bank Maskan,29
51,10_Bank Sepah,18
51,11_Bank Sepah,29
51,12_Melli Bank,37
51,13_EN Bank,7
51,14_Bank Maskan,35
51,15_Bank Maskan,21
51,16_Bank Saderat Iran,20
51,17_Bank Mellat,22
51,18_Saman Bank,21
51,19_Bank Melli Iran,23
51,20_Gardeshgari,25
51,21_Bank Maskan,31
51,22_Samen Bank,22
51,23_Tejarat Bank,21
51,24_Bank Maskan,20
51,25_Bank Melli Iran,20
51,26_Bank Keshavarzi Iran,20
51,27_Bank Saderat Iran,24
51,28_Bank Saderat Iran,4
51,29_Bank Keshavarzi Iran,22
51,30_Bank Sepah,21
51,31_Refah Bank,20
51,32_Shahr Bank,31
51,33_Sepah Bank,28
51,34_Bank of Industry and Mine,30
51,35_Ghavamin Bank,33
51,36_Mehr Eqtesad Bank,18
51,37_Bank Melli Iran,21
51,38_Tejarat Bank,19
51,39_Bank Melli Iran,18
51,40_Bank Mellat,18
51,41_Bank Melli Iran,10
51,42_Bank Saderat Iran,5
51,43_Bank Sepah,7
51,44_Bank Maskan,38
51,45_Tejarat Bank,26
51,46_Bank Saderat Iran,30
51,47_Tejarat Bank,31
51,48_Ansar Bank,16
51,49_Bank Day,16
51,50_Bank Saderat Iran,9
51,51_Kosar Financial Institute,9
51,52_Bank Mellat,3
51,53_Post Bank of Iran,15
51,54_Tejarat Bank,8
51,55_Bank Keshavarzi Iran,10
51,56_Ansar Bank,10
51,57_Bank Melli Iran,8
51,58_Bank Melli Iran,15
51,59_Bank Saderat Iran,41
51,60_Bank Mellat,43
51,61_TT Bank,27
51,62_Bank Sepah,19
51,63_Hekmat Iranian Bank,23
51,64_Bank Mellat,22
51,65_Post Bank of Iran,7
51,66_Refah Bank,27
51,67_Bank Keshavarzi Iran,17
51,68_Refah Bank,59
51,69_Bank Keshavarzi Iran,50
51,70_Bank Melli Iran,50
51,71_Bank Saderat Iran,49
51,72_Qarz Al-Hasaneh Mehr Iran Bank,49
51,73_Bank Maskan,47
51,74_Bank Saderat Iran,24
51,75_Bank Sepah,24
51,76_Tejarat Bank,21
51,77_Bank Melli Iran,28
51,78_Bank mehr iran,31
51,79_Bank Sepah,44
51,80_Bank Sepah,29
51,81_Bank Melli Iran,43
51,82_Shahr Bank,25
51,83_Bank Sepah,28
51,84_Bank Melli Iran,26
51,85_Bank Saderat Iran,30
51,86_Bank Sepah,18
51,87_Bank Keshavarzi Iran,11
51,88_Bank Sepah,15
51,89_Bank Sepah,4
51,90_Bank Melli Iran,20
51,91_Ayandeh Bank,15
51,92_Bank Pasargad,27
51,93_Bank Melli Iran,27
51,94_Bank Mellat,17
51,95_Mehr Eqtesad Bank,17
51,96_EN Bank,3
51,97_Bank Keshavarzi Iran,28
51,98_Tejarat Bank,5
51,99_Bank Melli Iran,4
51,100_Bank Keshavarzi Iran,26
51,101_Bank Melli Iran,21
51,102_Bank Mellat,35
51,103_Bank Maskan,5
51,104_Tejarat Bank,16
51,105_Bank Maskan,19
51,106_Sarmayeh Bank,18
51,107_Bank Sepah,9
51,108_Bank Melli Iran,8
51,109_Sarmayeh Bank,16
51,110_Bank Saderat Iran,25
52,01_Bank Melli Iran,45
52,02_Bank Maskan,52
52,03_Bank Sepah,45
52,04_Bank Mellat,44
52,05_Bank Saderat Iran,49
52,06_Bank Mellat,48
52,07_Mehr,48
52,08_Refah Bank,48
52,09_Bank Maskan,39
52,10_Bank Sepah,25
52,11_Bank Sepah,28
52,12_Melli Bank,28
52,13_EN Bank,21
52,14_Bank Maskan,50
52,15_Bank Maskan,37
52,16_Bank Saderat Iran,36
52,17_Bank Mellat,38
52,18_Saman Bank,38
52,19_Bank Melli Iran,7
52,20_Gardeshgari,36
52,21_Bank Maskan,42
52,22_Samen Bank,38
52,23_Tejarat Bank,42
52,24_Bank Maskan,42
52,25_Bank Melli Iran,19
52,26_Bank Keshavarzi Iran,13
52,27_Bank Saderat Iran,41
52,28_Bank Saderat Iran,26
52,29_Bank Keshavarzi Iran,31
52,30_Bank Sepah,30
52,31_Refah Bank,29
52,32_Shahr Bank,46
52,33_Sepah Bank,46
52,34_Bank of Industry and Mine,44
52,35_Ghavamin Bank,48
52,36_Mehr Eqtesad Bank,28
52,37_Bank Melli Iran,21
52,38_Tejarat Bank,26
52,39_Bank Melli Iran,24
52,40_Bank Mellat,24
52,41_Bank Melli Iran,24
52,42_Bank Saderat Iran,24
52,43_Bank Sepah,28
52,44_Bank Maskan,53
52,45_Tejarat Bank,19
52,46_Bank Saderat Iran,41
52,47_Tejarat Bank,42
52,48_Ansar Bank,35
52,49_Bank Day,36
52,50_Bank Saderat Iran,34
52,51_Kosar Financial Institute,34
52,52_Bank Mellat,26
52,53_Post Bank of Iran,32
52,54_Tejarat Bank,30
52,55_Bank Keshavarzi Iran,30
52,56_Ansar Bank,30
52,57_Bank Melli Iran,29
52,58_Bank Melli Iran,31
52,59_Bank Saderat Iran,55
52,60_Bank Mellat,58
52,61_TT Bank,40
52,62_Bank Sepah,30
52,63_Hekmat Iranian Bank,23
52,64_Bank Mellat,22
52,65_Post Bank of Iran,25
52,66_Refah Bank,45
52,67_Bank Keshavarzi Iran,10
52,68_Refah Bank,54
52,69_Bank Keshavarzi Iran,41
52,70_Bank Melli Iran,41
52,71_Bank Saderat Iran,40
52,72_Qarz Al-Hasaneh Mehr Iran Bank,40
52,73_Bank Maskan,38
52,74_Bank Saderat Iran,9
52,75_Bank Sepah,8
52,76_Tejarat Bank,37
52,77_Bank Melli Iran,36
52,78_Bank mehr iran,30
52,79_Bank Sepah,58
52,80_Bank Sepah,28
52,81_Bank Melli Iran,55
52,82_Shahr Bank,36
52,83_Bank Sepah,43
52,84_Bank Melli Iran,40
52,85_Bank Saderat Iran,45
52,86_Bank Sepah,40
52,87_Bank Keshavarzi Iran,31
52,88_Bank Sepah,35
52,89_Bank Sepah,22
52,90_Bank Melli Iran,36
52,91_Ayandeh Bank,38
52,92_Bank Pasargad,41
52,93_Bank Melli Iran,45
52,94_Bank Mellat,39
52,95_Mehr Eqtesad Bank,39
52,96_EN Bank,29
52,97_Bank Keshavarzi Iran,19
52,98_Tejarat Bank,23
52,99_Bank Melli Iran,23
52,100_Bank Keshavarzi Iran,31
52,101_Bank Melli Iran,39
52,102_Bank Mellat,50
52,103_Bank Maskan,25
52,104_Tejarat Bank,38
52,105_Bank Maskan,39
52,106_Sarmayeh Bank,39
52,107_Bank Sepah,30
52,108_Bank Melli Iran,33
52,109_Sarmayeh Bank,35
52,110_Bank Saderat Iran,36
53,01_Bank Melli Iran,51
53,02_Bank Maskan,58
53,03_Bank Sepah,51
53,04_Bank Mellat,50
53,05_Bank Saderat Iran,55
53,06_Bank Mellat,54
53,07_Mehr,55
53,08_Refah Bank,55
53,09_Bank Maskan,50
53,10_Bank Sepah,28
53,11_Bank Sepah,39
53,12_Melli Bank,33
53,13_EN Bank,32
53,14_Bank Maskan,56
53,15_Bank Maskan,46
53,16_Bank Saderat Iran,45
53,17_Bank Mellat,47
53,18_Saman Bank,48
53,19_Bank Melli Iran,21
53,20_Gardeshgari,47
53,21_Bank Maskan,48
53,22_Samen Bank,48
53,23_Tejarat Bank,53
53,24_Bank Maskan,52
53,25_Bank Melli Iran,31
53,26_Bank Keshavarzi Iran,33
53,27_Bank Saderat Iran,43
53,28_Bank Saderat Iran,35
53,29_Bank Keshavarzi Iran,30
53,30_Bank Sepah,29
53,31_Refah Bank,28
53,32_Shahr Bank,52
53,33_Sepah Bank,58
53,34_Bank of Industry and Mine,56
53,35_Ghavamin Bank,54
53,36_Mehr Eqtesad Bank,27
53,37_Bank Melli Iran,23
53,38_Tejarat Bank,30
53,39_Bank Melli Iran,32
53,40_Bank Mellat,32
53,41_Bank Melli Iran,37
53,42_Bank Saderat Iran,35
53,43_Bank Sepah,39
53,44_Bank Maskan,59
53,45_Tejarat Bank,15
53,46_Bank Saderat Iran,47
53,47_Tejarat Bank,48
53,48_Ansar Bank,45
53,49_Bank Day,46
53,50_Bank Saderat Iran,43
53,51_Kosar Financial Institute,43
53,52_Bank Mellat,37
53,53_Post Bank of Iran,42
53,54_Tejarat Bank,40
53,55_Bank Keshavarzi Iran,41
53,56_Ansar Bank,41
53,57_Bank Melli Iran,39
53,58_Bank Melli Iran,43
53,59_Bank Saderat Iran,62
53,60_Bank Mellat,64
53,61_TT Bank,48
53,62_Bank Sepah,40
53,63_Hekmat Iranian Bank,33
53,64_Bank Mellat,34
53,65_Post Bank of Iran,33
53,66_Refah Bank,62
53,67_Bank Keshavarzi Iran,29
53,68_Refah Bank,62
53,69_Bank Keshavarzi Iran,48
53,70_Bank Melli Iran,48
53,71_Bank Saderat Iran,47
53,72_Qarz Al-Hasaneh Mehr Iran Bank,47
53,73_Bank Maskan,44
53,74_Bank Saderat Iran,20
53,75_Bank Sepah,21
53,76_Tejarat Bank,46
53,77_Bank Melli Iran,43
53,78_Bank mehr iran,42
53,79_Bank Sepah,65
53,80_Bank Sepah,39
53,81_Bank Melli Iran,61
53,82_Shahr Bank,46
53,83_Bank Sepah,60
53,84_Bank Melli Iran,52
53,85_Bank Saderat Iran,62
53,86_Bank Sepah,49
53,87_Bank Keshavarzi Iran,41
53,88_Bank Sepah,45
53,89_Bank Sepah,30
53,90_Bank Melli Iran,45
53,91_Ayandeh Bank,47
53,92_Bank Pasargad,54
53,93_Bank Melli Iran,61
53,94_Bank Mellat,47
53,95_Mehr Eqtesad Bank,47
53,96_EN Bank,38
53,97_Bank Keshavarzi Iran,12
53,98_Tejarat Bank,34
53,99_Bank Melli Iran,33
53,100_Bank Keshavarzi Iran,41
53,101_Bank Melli Iran,48
53,102_Bank Mellat,56
53,103_Bank Maskan,36
53,104_Tejarat Bank,47
53,105_Bank Maskan,47
53,106_Sarmayeh Bank,46
53,107_Bank Sepah,41
53,108_Bank Melli Iran,43
53,109_Sarmayeh Bank,45
53,110_Bank Saderat Iran,47
54,01_Bank Melli Iran,23
54,02_Bank Maskan,30
54,03_Bank Sepah,24
54,04_Bank Mellat,22
54,05_Bank Saderat Iran,27
54,06_Bank Mellat,26
54,07_Mehr,26
54,08_Refah Bank,26
54,09_Bank Maskan,28
54,10_Bank Sepah,35
54,11_Bank Sepah,29
54,12_Melli Bank,33
54,13_EN Bank,30
54,14_Bank Maskan,30
54,15_Bank Maskan,11
54,16_Bank Saderat Iran,10
54,17_Bank Mellat,7
54,18_Saman Bank,27
54,19_Bank Melli Iran,36
54,20_Gardeshgari,25
54,21_Bank Maskan,27
54,22_Samen Bank,26
54,23_Tejarat Bank,26
54,24_Bank Maskan,27
54,25_Bank Melli Iran,34
54,26_Bank Keshavarzi Iran,36
54,27_Bank Saderat Iran,19
54,28_Bank Saderat Iran,31
54,29_Bank Keshavarzi Iran,29
54,30_Bank Sepah,29
54,31_Refah Bank,29
54,32_Shahr Bank,25
54,33_Sepah Bank,20
54,34_Bank of Industry and Mine,19
54,35_Ghavamin Bank,26
54,36_Mehr Eqtesad Bank,31
54,37_Bank Melli Iran,41
54,38_Tejarat Bank,34
54,39_Bank Melli Iran,36
54,40_Bank Mellat,36
54,41_Bank Melli Iran,35
54,42_Bank Saderat Iran,26
54,43_Bank Sepah,21
54,44_Bank Maskan,31
54,45_Tejarat Bank,48
54,46_Bank Saderat Iran,26
54,47_Tejarat Bank,27
54,48_Ansar Bank,34
54,49_Bank Day,34
54,50_Bank Saderat Iran,30
54,51_Kosar Financial Institute,30
54,52_Bank Mellat,25
54,53_Post Bank of Iran,14
54,54_Tejarat Bank,20
54,55_Bank Keshavarzi Iran,19
54,56_Ansar Bank,19
54,57_Bank Melli Iran,21
54,58_Bank Melli Iran,14
54,59_Bank Saderat Iran,33
54,60_Bank Mellat,38
54,61_TT Bank,24
54,62_Bank Sepah,33
54,63_Hekmat Iranian Bank,36
54,64_Bank Mellat,36
54,65_Post Bank of Iran,30
54,66_Refah Bank,21
54,67_Bank Keshavarzi Iran,33
54,68_Refah Bank,50
54,69_Bank Keshavarzi Iran,41
54,70_Bank Melli Iran,41
54,71_Bank Saderat Iran,40
54,72_Qarz Al-Hasaneh Mehr Iran Bank,40
54,73_Bank Maskan,41
54,74_Bank Saderat Iran,34
54,75_Bank Sepah,35
54,76_Tejarat Bank,11
54,77_Bank Melli Iran,25
54,78_Bank mehr iran,29
54,79_Bank Sepah,35
54,80_Bank Sepah,29
54,81_Bank Melli Iran,36
54,82_Shahr Bank,25
54,83_Bank Sepah,20
54,84_Bank Melli Iran,23
54,85_Bank Saderat Iran,21
54,86_Bank Sepah,30
54,87_Bank Keshavarzi Iran,32
54,88_Bank Sepah,34
54,89_Bank Sepah,27
54,90_Bank Melli Iran,12
54,91_Ayandeh Bank,32
54,92_Bank Pasargad,21
54,93_Bank Melli Iran,20
54,94_Bank Mellat,31
54,95_Mehr Eqtesad Bank,31
54,96_EN Bank,28
54,97_Bank Keshavarzi Iran,50
54,98_Tejarat Bank,27
54,99_Bank Melli Iran,28
54,100_Bank Keshavarzi Iran,28
54,101_Bank Melli Iran,27
54,102_Bank Mellat,30
54,103_Bank Maskan,26
54,104_Tejarat Bank,32
54,105_Bank Maskan,29
54,106_Sarmayeh Bank,29
54,107_Bank Sepah,20
54,108_Bank Melli Iran,30
54,109_Sarmayeh Bank,34
54,110_Bank Saderat Iran,26
55,01_Bank Melli Iran,33
55,02_Bank Maskan,40
55,03_Bank Sepah,33
55,04_Bank Mellat,32
55,05_Bank Saderat Iran,37
55,06_Bank Mellat,36
55,07_Mehr,37
55,08_Refah Bank,37
55,09_Bank Maskan,31
55,10_Bank Sepah,32
55,11_Bank Sepah,32
55,12_Melli Bank,37
55,13_EN Bank,20
55,14_Bank Maskan,43
55,15_Bank Maskan,23
55,16_Bank Saderat Iran,23
55,17_Bank Mellat,24
55,18_Saman Bank,17
55,19_Bank Melli Iran,29
55,20_Gardeshgari,23
55,21_Bank Maskan,39
55,22_Samen Bank,18
55,23_Tejarat Bank,13
55,24_Bank Maskan,12
55,25_Bank Melli Iran,20
55,26_Bank Keshavarzi Iran,22
55,27_Bank Saderat Iran,27
55,28_Bank Saderat Iran,14
55,29_Bank Keshavarzi Iran,31
55,30_Bank Sepah,30
55,31_Refah Bank,29
55,32_Shahr Bank,34
55,33_Sepah Bank,22
55,34_Bank of Industry and Mine,25
55,35_Ghavamin Bank,36
55,36_Mehr Eqtesad Bank,29
55,37_Bank Melli Iran,36
55,38_Tejarat Bank,31
55,39_Bank Melli Iran,32
55,40_Bank Mellat,32
55,41_Bank Melli Iran,16
55,42_Bank Saderat Iran,16
55,43_Bank Sepah,15
55,44_Bank Maskan,41
55,45_Tejarat Bank,41
55,46_Bank Saderat Iran,38
55,47_Tejarat Bank,39
55,48_Ansar Bank,14
55,49_Bank Day,12
55,50_Bank Saderat Iran,6
55,51_Kosar Financial Institute,6
55,52_Bank Mellat,14
55,53_Post Bank of Iran,17
55,54_Tejarat Bank,15
55,55_Bank Keshavarzi Iran,14
55,56_Ansar Bank,14
55,57_Bank Melli Iran,14
55,58_Bank Melli Iran,17
55,59_Bank Saderat Iran,44
55,60_Bank Mellat,51
55,61_TT Bank,29
55,62_Bank Sepah,20
55,63_Hekmat Iranian Bank,23
55,64_Bank Mellat,23
55,65_Post Bank of Iran,21
55,66_Refah Bank,18
55,67_Bank Keshavarzi Iran,21
55,68_Refah Bank,61
55,69_Bank Keshavarzi Iran,52
55,70_Bank Melli Iran,52
55,71_Bank Saderat Iran,51
55,72_Qarz Al-Hasaneh Mehr Iran Bank,51
55,73_Bank Maskan,50
55,74_Bank Saderat Iran,29
55,75_Bank Sepah,29
55,76_Tejarat Bank,23
55,77_Bank Melli Iran,36
55,78_Bank mehr iran,34
55,79_Bank Sepah,47
55,80_Bank Sepah,32
55,81_Bank Melli Iran,46
55,82_Shahr Bank,23
55,83_Bank Sepah,19
55,84_Bank Melli Iran,17
55,85_Bank Saderat Iran,21
55,86_Bank Sepah,14
55,87_Bank Keshavarzi Iran,8
55,88_Bank Sepah,15
55,89_Bank Sepah,19
55,90_Bank Melli Iran,22
55,91_Ayandeh Bank,12
55,92_Bank Pasargad,18
55,93_Bank Melli Iran,18
55,94_Bank Mellat,13
55,95_Mehr Eqtesad Bank,13
55,96_EN Bank,11
55,97_Bank Keshavarzi Iran,43
55,98_Tejarat Bank,17
55,99_Bank Melli Iran,19
55,100_Bank Keshavarzi Iran,30
55,101_Bank Melli Iran,17
55,102_Bank Mellat,43
55,103_Bank Maskan,16
55,104_Tejarat Bank,12
55,105_Bank Maskan,15
55,106_Sarmayeh Bank,15
55,107_Bank Sepah,14
55,108_Bank Melli Iran,6
55,109_Sarmayeh Bank,14
55,110_Bank Saderat Iran,23
56,01_Bank Melli Iran,30
56,02_Bank Maskan,37
56,03_Bank Sepah,30
56,04_Bank Mellat,29
56,05_Bank Saderat Iran,34
56,06_Bank Mellat,33
56,07_Mehr,34
56,08_Refah Bank,34
56,09_Bank Maskan,29
56,10_Bank Sepah,22
56,11_Bank Sepah,29
56,12_Melli Bank,36
56,13_EN Bank,9
56,14_Bank Maskan,38
56,15_Bank Maskan,25
56,16_Bank Saderat Iran,24
56,17_Bank Mellat,26
56,18_Saman Bank,17
56,19_Bank Melli Iran,25
56,20_Gardeshgari,21
56,21_Bank Maskan,34
56,22_Samen Bank,18
56,23_Tejarat Bank,17
56,24_Bank Maskan,16
56,25_Bank Melli Iran,17
56,26_Bank Keshavarzi Iran,21
56,27_Bank Saderat Iran,28
56,28_Bank Saderat Iran,3
56,29_Bank Keshavarzi Iran,26
56,30_Bank Sepah,25
56,31_Refah Bank,24
56,32_Shahr Bank,31
56,33_Sepah Bank,29
56,34_Bank of Industry and Mine,32
56,35_Ghavamin Bank,33
56,36_Mehr Eqtesad Bank,22
56,37_Bank Melli Iran,25
56,38_Tejarat Bank,23
56,39_Bank Melli Iran,22
56,40_Bank Mellat,22
56,41_Bank Melli Iran,9
56,42_Bank Saderat Iran,9
56,43_Bank Sepah,11
56,44_Bank Maskan,38
56,45_Tejarat Bank,30
56,46_Bank Saderat Iran,33
56,47_Tejarat Bank,34
56,48_Ansar Bank,12
56,49_Bank Day,12
56,50_Bank Saderat Iran,5
56,51_Kosar Financial Institute,5
56,52_Bank Mellat,7
56,53_Post Bank of Iran,19
56,54_Tejarat Bank,12
56,55_Bank Keshavarzi Iran,14
56,56_Ansar Bank,14
56,57_Bank Melli Iran,12
56,58_Bank Melli Iran,19
56,59_Bank Saderat Iran,41
56,60_Bank Mellat,46
56,61_TT Bank,27
56,62_Bank Sepah,15
56,63_Hekmat Iranian Bank,20
56,64_Bank Mellat,19
56,65_Post Bank of Iran,10
56,66_Refah Bank,25
56,67_Bank Keshavarzi Iran,19
56,68_Refah Bank,60
56,69_Bank Keshavarzi Iran,51
56,70_Bank Melli Iran,51
56,71_Bank Saderat Iran,50
56,72_Qarz Al-Hasaneh Mehr Iran Bank,50
56,73_Bank Maskan,49
56,74_Bank Saderat Iran,25
56,75_Bank Sepah,25
56,76_Tejarat Bank,25
56,77_Bank Melli Iran,31
56,78_Bank mehr iran,32
56,79_Bank Sepah,44
56,80_Bank Sepah,29
56,81_Bank Melli Iran,43
56,82_Shahr Bank,21
56,83_Bank Sepah,25
56,84_Bank Melli Iran,22
56,85_Bank Saderat Iran,27
56,86_Bank Sepah,14
56,87_Bank Keshavarzi Iran,7
56,88_Bank Sepah,11
56,89_Bank Sepah,8
56,90_Bank Melli Iran,24
56,91_Ayandeh Bank,11
56,92_Bank Pasargad,23
56,93_Bank Melli Iran,24
56,94_Bank Mellat,13
56,95_Mehr Eqtesad Bank,13
56,96_EN Bank,5
56,97_Bank Keshavarzi Iran,32
56,98_Tejarat Bank,9
56,99_Bank Melli Iran,8
56,100_Bank Keshavarzi Iran,27
56,101_Bank Melli Iran,17
56,102_Bank Mellat,38
56,103_Bank Maskan,9
56,104_Tejarat Bank,11
56,105_Bank Maskan,15
56,106_Sarmayeh Bank,14
56,107_Bank Sepah,13
56,108_Bank Melli Iran,4
56,109_Sarmayeh Bank,12
56,110_Bank Saderat Iran,21
57,01_Bank Melli Iran,35
57,02_Bank Maskan,42
57,03_Bank Sepah,36
57,04_Bank Mellat,34
57,05_Bank Saderat Iran,39
57,06_Bank Mellat,38
57,07_Mehr,38
57,08_Refah Bank,38
57,09_Bank Maskan,35
57,10_Bank Sepah,28
57,11_Bank Sepah,34
57,12_Melli Bank,38
57,13_EN Bank,18
57,14_Bank Maskan,41
57,15_Bank Maskan,15
57,16_Bank Saderat Iran,14
57,17_Bank Mellat,16
57,18_Saman Bank,21
57,19_Bank Melli Iran,28
57,20_Gardeshgari,27
57,21_Bank Maskan,37
57,22_Samen Bank,22
57,23_Tejarat Bank,16
57,24_Bank Maskan,15
57,25_Bank Melli Iran,25
57,26_Bank Keshavarzi Iran,25
57,27_Bank Saderat Iran,21
57,28_Bank Saderat Iran,12
57,29_Bank Keshavarzi Iran,27
57,30_Bank Sepah,25
57,31_Refah Bank,25
57,32_Shahr Bank,37
57,33_Sepah Bank,22
57,34_Bank of Industry and Mine,25
57,35_Ghavamin Bank,38
57,36_Mehr Eqtesad Bank,25
57,37_Bank Melli Iran,31
57,38_Tejarat Bank,27
57,39_Bank Melli Iran,28
57,40_Bank Mellat,28
57,41_Bank Melli Iran,21
57,42_Bank Saderat Iran,14
57,43_Bank Sepah,9
57,44_Bank Maskan,43
57,45_Tejarat Bank,38
57,46_Bank Saderat Iran,36
57,47_Tejarat Bank,37
57,48_Ansar Bank,18
57,49_Bank Day,16
57,50_Bank Saderat Iran,12
57,51_Kosar Financial Institute,12
57,52_Bank Mellat,12
57,53_Post Bank of Iran,11
57,54_Tejarat Bank,9
57,55_Bank Keshavarzi Iran,8
57,56_Ansar Bank,8
57,57_Bank Melli Iran,9
57,58_Bank Melli Iran,10
57,59_Bank Saderat Iran,45
57,60_Bank Mellat,49
57,61_TT Bank,33
57,62_Bank Sepah,25
57,63_Hekmat Iranian Bank,28
57,64_Bank Mellat,28
57,65_Post Bank of Iran,18
57,66_Refah Bank,18
57,67_Bank Keshavarzi Iran,23
57,68_Refah Bank,62
57,69_Bank Keshavarzi Iran,53
57,70_Bank Melli Iran,53
57,71_Bank Saderat Iran,52
57,72_Qarz Al-Hasaneh Mehr Iran Bank,52
57,73_Bank Maskan,51
57,74_Bank Saderat Iran,29
57,75_Bank Sepah,29
57,76_Tejarat Bank,14
57,77_Bank Melli Iran,34
57,78_Bank mehr iran,36
57,79_Bank Sepah,47
57,80_Bank Sepah,34
57,81_Bank Melli Iran,48
57,82_Shahr Bank,27
57,83_Bank Sepah,20
57,84_Bank Melli Iran,21
57,85_Bank Saderat Iran,21
57,86_Bank Sepah,18
57,87_Bank Keshavarzi Iran,14
57,88_Bank Sepah,19
57,89_Bank Sepah,16
57,90_Bank Melli Iran,14
57,91_Ayandeh Bank,16
57,92_Bank Pasargad,22
57,93_Bank Melli Iran,18
57,94_Bank Mellat,17
57,95_Mehr Eqtesad Bank,17
57,96_EN Bank,9
57,97_Bank Keshavarzi Iran,40
57,98_Tejarat Bank,15
57,99_Bank Melli Iran,17
57,100_Bank Keshavarzi Iran,33
57,101_Bank Melli Iran,21
57,102_Bank Mellat,41
57,103_Bank Maskan,13
57,104_Tejarat Bank,16
57,105_Bank Maskan,19
57,106_Sarmayeh Bank,19
57,107_Bank Sepah,8
57,108_Bank Melli Iran,12
57,109_Sarmayeh Bank,18
57,110_Bank Saderat Iran,27
59,01_Bank Melli Iran,29
59,02_Bank Maskan,36
59,03_Bank Sepah,29
59,04_Bank Mellat,28
59,05_Bank Saderat Iran,33
59,06_Bank Mellat,32
59,07_Mehr,33
59,08_Refah Bank,33
59,09_Bank Maskan,28
59,10_Bank Sepah,18
59,11_Bank Sepah,24
59,12_Melli Bank,31
59,13_EN Bank,4
59,14_Bank Maskan,34
59,15_Bank Maskan,25
59,16_Bank Saderat Iran,24
59,17_Bank Mellat,26
59,18_Saman Bank,26
59,19_Bank Melli Iran,19
59,20_Gardeshgari,25
59,21_Bank Maskan,30
59,22_Samen Bank,26
59,23_Tejarat Bank,27
59,24_Bank Maskan,26
59,25_Bank Melli Iran,10
59,26_Bank Keshavarzi Iran,11
59,27_Bank Saderat Iran,29
59,28_Bank Saderat Iran,10
59,29_Bank Keshavarzi Iran,18
59,30_Bank Sepah,17
59,31_Refah Bank,16
59,32_Shahr Bank,30
59,33_Sepah Bank,32
59,34_Bank of Industry and Mine,34
59,35_Ghavamin Bank,32
59,36_Mehr Eqtesad Bank,14
59,37_Bank Melli Iran,20
59,38_Tejarat Bank,15
59,39_Bank Melli Iran,16
59,40_Bank Mellat,16
59,41_Bank Melli Iran,5
59,42_Bank Saderat Iran,10
59,43_Bank Sepah,15
59,44_Bank Maskan,37
59,45_Tejarat Bank,26
59,46_Bank Saderat Iran,29
59,47_Tejarat Bank,30
59,48_Ansar Bank,18
59,49_Bank Day,19
59,50_Bank Saderat Iran,15
59,51_Kosar Financial Institute,15
59,52_Bank Mellat,12
59,53_Post Bank of Iran,19
59,54_Tejarat Bank,16
59,55_Bank Keshavarzi Iran,18
59,56_Ansar Bank,18
59,57_Bank Melli Iran,16
59,58_Bank Melli Iran,19
59,59_Bank Saderat Iran,40
59,60_Bank Mellat,42
59,61_TT Bank,26
59,62_Bank Sepah,13
59,63_Hekmat Iranian Bank,13
59,64_Bank Mellat,12
59,65_Post Bank of Iran,10
59,66_Refah Bank,31
59,67_Bank Keshavarzi Iran,12
59,68_Refah Bank,54
59,69_Bank Keshavarzi Iran,45
59,70_Bank Melli Iran,45
59,71_Bank Saderat Iran,44
59,72_Qarz Al-Hasaneh Mehr Iran Bank,44
59,73_Bank Maskan,42
59,74_Bank Saderat Iran,21
59,75_Bank Sepah,20
59,76_Tejarat Bank,25
59,77_Bank Melli Iran,27
59,78_Bank mehr iran,26
59,79_Bank Sepah,43
59,80_Bank Sepah,24
59,81_Bank Melli Iran,42
59,82_Shahr Bank,24
59,83_Bank Sepah,31
59,84_Bank Melli Iran,30
59,85_Bank Saderat Iran,33
59,86_Bank Sepah,24
59,87_Bank Keshavarzi Iran,13
59,88_Bank Sepah,17
59,89_Bank Sepah,5
59,90_Bank Melli Iran,24
59,91_Ayandeh Bank,21
59,92_Bank Pasargad,31
59,93_Bank Melli Iran,31
59,94_Bank Mellat,23
59,95_Mehr Eqtesad Bank,22
59,96_EN Bank,13
59,97_Bank Keshavarzi Iran,28
59,98_Tejarat Bank,9
59,99_Bank Melli Iran,8
59,100_Bank Keshavarzi Iran,25
59,101_Bank Melli Iran,26
59,102_Bank Mellat,34
59,103_Bank Maskan,11
59,104_Tejarat Bank,21
59,105_Bank Maskan,24
59,106_Sarmayeh Bank,23
59,107_Bank Sepah,17
59,108_Bank Melli Iran,15
59,109_Sarmayeh Bank,18
59,110_Bank Saderat Iran,25
60,01_Bank Melli Iran,31
60,02_Bank Maskan,38
60,03_Bank Sepah,31
60,04_Bank Mellat,30
60,05_Bank Saderat Iran,35
60,06_Bank Mellat,34
60,07_Mehr,35
60,08_Refah Bank,35
60,09_Bank Maskan,30
60,10_Bank Sepah,21
60,11_Bank Sepah,29
60,12_Melli Bank,36
60,13_EN Bank,9
60,14_Bank Maskan,37
60,15_Bank Maskan,24
60,16_Bank Saderat Iran,23
60,17_Bank Mellat,25
60,18_Saman Bank,20
60,19_Bank Melli Iran,25
60,20_Gardeshgari,22
60,21_Bank Maskan,33
60,22_Samen Bank,22
60,23_Tejarat Bank,22
60,24_Bank Maskan,21
60,25_Bank Melli Iran,17
60,26_Bank Keshavarzi Iran,21
60,27_Bank Saderat Iran,29
60,28_Bank Saderat Iran,2
60,29_Bank Keshavarzi Iran,25
60,30_Bank Sepah,24
60,31_Refah Bank,23
60,32_Shahr Bank,32
60,33_Sepah Bank,31
60,34_Bank of Industry and Mine,33
60,35_Ghavamin Bank,34
60,36_Mehr Eqtesad Bank,21
60,37_Bank Melli Iran,24
60,38_Tejarat Bank,22
60,39_Bank Melli Iran,21
60,40_Bank Mellat,21
60,41_Bank Melli Iran,10
60,42_Bank Saderat Iran,9
60,43_Bank Sepah,14
60,44_Bank Maskan,39
60,45_Tejarat Bank,29
60,46_Bank Saderat Iran,32
60,47_Tejarat Bank,33
60,48_Ansar Bank,13
60,49_Bank Day,14
60,50_Bank Saderat Iran,10
60,51_Kosar Financial Institute,10
60,52_Bank Mellat,10
60,53_Post Bank of Iran,18
60,54_Tejarat Bank,16
60,55_Bank Keshavarzi Iran,17
60,56_Ansar Bank,17
60,57_Bank Melli Iran,15
60,58_Bank Melli Iran,18
60,59_Bank Saderat Iran,42
60,60_Bank Mellat,45
60,61_TT Bank,28
60,62_Bank Sepah,16
60,63_Hekmat Iranian Bank,21
60,64_Bank Mellat,20
60,65_Post Bank of Iran,9
60,66_Refah Bank,29
60,67_Bank Keshavarzi Iran,20
60,68_Refah Bank,59
60,69_Bank Keshavarzi Iran,52
60,70_Bank Melli Iran,52
60,71_Bank Saderat Iran,51
60,72_Qarz Al-Hasaneh Mehr Iran Bank,51
60,73_Bank Maskan,49
60,74_Bank Saderat Iran,26
60,75_Bank Sepah,26
60,76_Tejarat Bank,24
60,77_Bank Melli Iran,30
60,78_Bank mehr iran,31
60,79_Bank Sepah,45
60,80_Bank Sepah,29
60,81_Bank Melli Iran,44
60,82_Shahr Bank,22
60,83_Bank Sepah,30
60,84_Bank Melli Iran,26
60,85_Bank Saderat Iran,31
60,86_Bank Sepah,18
60,87_Bank Keshavarzi Iran,8
60,88_Bank Sepah,12
60,89_Bank Sepah,7
60,90_Bank Melli Iran,23
60,91_Ayandeh Bank,16
60,92_Bank Pasargad,27
60,93_Bank Melli Iran,29
60,94_Bank Mellat,17
60,95_Mehr Eqtesad Bank,17
60,96_EN Bank,8
60,97_Bank Keshavarzi Iran,31
60,98_Tejarat Bank,8
60,99_Bank Melli Iran,7
60,100_Bank Keshavarzi Iran,27
60,101_Bank Melli Iran,20
60,102_Bank Mellat,37
60,103_Bank Maskan,10
60,104_Tejarat Bank,16
60,105_Bank Maskan,19
60,106_Sarmayeh Bank,18
60,107_Bank Sepah,16
60,108_Bank Melli Iran,9
60,109_Sarmayeh Bank,12
60,110_Bank Saderat Iran,22
61,01_Bank Melli Iran,32
61,02_Bank Maskan,39
61,03_Bank Sepah,32
61,04_Bank Mellat,31
61,05_Bank Saderat Iran,36
61,06_Bank Mellat,35
61,07_Mehr,36
61,08_Refah Bank,36
61,09_Bank Maskan,29
61,10_Bank Sepah,24
61,11_Bank Sepah,21
61,12_Melli Bank,26
61,13_EN Bank,10
61,14_Bank Maskan,39
61,15_Bank Maskan,30
61,16_Bank Saderat Iran,29
61,17_Bank Mellat,31
61,18_Saman Bank,27
61,19_Bank Melli Iran,16
61,20_Gardeshgari,26
61,21_Bank Maskan,34
61,22_Samen Bank,28
61,23_Tejarat Bank,28
61,24_Bank Maskan,27
61,25_Bank Melli Iran,5
61,26_Bank Keshavarzi Iran,5
61,27_Bank Saderat Iran,34
61,28_Bank Saderat Iran,15
61,29_Bank Keshavarzi Iran,23
61,30_Bank Sepah,22
61,31_Refah Bank,21
61,32_Shahr Bank,33
61,33_Sepah Bank,37
61,34_Bank of Industry and Mine,37
61,35_Ghavamin Bank,35
61,36_Mehr Eqtesad Bank,19
61,37_Bank Melli Iran,25
61,38_Tejarat Bank,20
61,39_Bank Melli Iran,21
61,40_Bank Mellat,21
61,41_Bank Melli Iran,6
61,42_Bank Saderat Iran,15
61,43_Bank Sepah,20
61,44_Bank Maskan,40
61,45_Tejarat Bank,30
61,46_Bank Saderat Iran,33
61,47_Tejarat Bank,34
61,48_Ansar Bank,19
61,49_Bank Day,20
61,50_Bank Saderat Iran,16
61,51_Kosar Financial Institute,16
61,52_Bank Mellat,17
61,53_Post Bank of Iran,24
61,54_Tejarat Bank,22
61,55_Bank Keshavarzi Iran,23
61,56_Ansar Bank,23
61,57_Bank Melli Iran,21
61,58_Bank Melli Iran,24
61,59_Bank Saderat Iran,43
61,60_Bank Mellat,47
61,61_TT Bank,29
61,62_Bank Sepah,14
61,63_Hekmat Iranian Bank,10
61,64_Bank Mellat,9
61,65_Post Bank of Iran,15
61,66_Refah Bank,36
61,67_Bank Keshavarzi Iran,8
61,68_Refah Bank,50
61,69_Bank Keshavarzi Iran,40
61,70_Bank Melli Iran,40
61,71_Bank Saderat Iran,39
61,72_Qarz Al-Hasaneh Mehr Iran Bank,39
61,73_Bank Maskan,38
61,74_Bank Saderat Iran,17
61,75_Bank Sepah,17
61,76_Tejarat Bank,30
61,77_Bank Melli Iran,29
61,78_Bank mehr iran,23
61,79_Bank Sepah,46
61,80_Bank Sepah,21
61,81_Bank Melli Iran,45
61,82_Shahr Bank,26
61,83_Bank Sepah,34
61,84_Bank Melli Iran,30
61,85_Bank Saderat Iran,36
61,86_Bank Sepah,25
61,87_Bank Keshavarzi Iran,14
61,88_Bank Sepah,18
61,89_Bank Sepah,10
61,90_Bank Melli Iran,29
61,91_Ayandeh Bank,22
61,92_Bank Pasargad,31
61,93_Bank Melli Iran,35
61,94_Bank Mellat,23
61,95_Mehr Eqtesad Bank,23
61,96_EN Bank,18
61,97_Bank Keshavarzi Iran,31
61,98_Tejarat Bank,14
61,99_Bank Melli Iran,13
61,100_Bank Keshavarzi Iran,23
61,101_Bank Melli Iran,27
61,102_Bank Mellat,39
61,103_Bank Maskan,16
61,104_Tejarat Bank,22
61,105_Bank Maskan,25
61,106_Sarmayeh Bank,24
61,107_Bank Sepah,23
61,108_Bank Melli Iran,16
61,109_Sarmayeh Bank,19
61,110_Bank Saderat Iran,26
62,01_Bank Melli Iran,40
62,02_Bank Maskan,47
62,03_Bank Sepah,40
62,04_Bank Mellat,39
62,05_Bank Saderat Iran,44
62,06_Bank Mellat,43
62,07_Mehr,44
62,08_Refah Bank,44
62,09_Bank Maskan,35
62,10_Bank Sepah,29
62,11_Bank Sepah,23
62,12_Melli Bank,25
62,13_EN Bank,18
62,14_Bank Maskan,45
62,15_Bank Maskan,36
62,16_Bank Saderat Iran,35
62,17_Bank Mellat,37
62,18_Saman Bank,33
62,19_Bank Melli Iran,7
62,20_Gardeshgari,31
62,21_Bank Maskan,37
62,22_Samen Bank,33
62,23_Tejarat Bank,35
62,24_Bank Maskan,34
62,25_Bank Melli Iran,8
62,26_Bank Keshavarzi Iran,5
62,27_Bank Saderat Iran,41
62,28_Bank Saderat Iran,23
62,29_Bank Keshavarzi Iran,32
62,30_Bank Sepah,31
62,31_Refah Bank,30
62,32_Shahr Bank,41
62,33_Sepah Bank,40
62,34_Bank of Industry and Mine,39
62,35_Ghavamin Bank,43
62,36_Mehr Eqtesad Bank,28
62,37_Bank Melli Iran,26
62,38_Tejarat Bank,30
62,39_Bank Melli Iran,28
62,40_Bank Mellat,28
62,41_Bank Melli Iran,15
62,42_Bank Saderat Iran,21
62,43_Bank Sepah,26
62,44_Bank Maskan,48
62,45_Tejarat Bank,27
62,46_Bank Saderat Iran,36
62,47_Tejarat Bank,37
62,48_Ansar Bank,26
62,49_Bank Day,27
62,50_Bank Saderat Iran,24
62,51_Kosar Financial Institute,24
62,52_Bank Mellat,23
62,53_Post Bank of Iran,30
62,54_Tejarat Bank,28
62,55_Bank Keshavarzi Iran,29
62,56_Ansar Bank,29
62,57_Bank Melli Iran,27
62,58_Bank Melli Iran,30
62,59_Bank Saderat Iran,51
62,60_Bank Mellat,53
62,61_TT Bank,35
62,62_Bank Sepah,20
62,63_Hekmat Iranian Bank,11
62,64_Bank Mellat,11
62,65_Post Bank of Iran,22
62,66_Refah Bank,40
62,67_Bank Keshavarzi Iran,7
62,68_Refah Bank,48
62,69_Bank Keshavarzi Iran,36
62,70_Bank Melli Iran,36
62,71_Bank Saderat Iran,35
62,72_Qarz Al-Hasaneh Mehr Iran Bank,35
62,73_Bank Maskan,34
62,74_Bank Saderat Iran,9
62,75_Bank Sepah,8
62,76_Tejarat Bank,36
62,77_Bank Melli Iran,30
62,78_Bank mehr iran,25
62,79_Bank Sepah,54
62,80_Bank Sepah,23
62,81_Bank Melli Iran,50
62,82_Shahr Bank,31
62,83_Bank Sepah,38
62,84_Bank Melli Iran,35
62,85_Bank Saderat Iran,40
62,86_Bank Sepah,32
62,87_Bank Keshavarzi Iran,21
62,88_Bank Sepah,26
62,89_Bank Sepah,18
62,90_Bank Melli Iran,35
62,91_Ayandeh Bank,30
62,92_Bank Pasargad,36
62,93_Bank Melli Iran,40
62,94_Bank Mellat,31
62,95_Mehr Eqtesad Bank,31
62,96_EN Bank,26
62,97_Bank Keshavarzi Iran,25
62,98_Tejarat Bank,20
62,99_Bank Melli Iran,19
62,100_Bank Keshavarzi Iran,26
62,101_Bank Melli Iran,34
62,102_Bank Mellat,45
62,103_Bank Maskan,22
62,104_Tejarat Bank,30
62,105_Bank Maskan,32
62,106_Sarmayeh Bank,31
62,107_Bank Sepah,28
62,108_Bank Melli Iran,23
62,109_Sarmayeh Bank,26
62,110_Bank Saderat Iran,31
63,01_Bank Melli Iran,37
63,02_Bank Maskan,47
63,03_Bank Sepah,38
63,04_Bank Mellat,37
63,05_Bank Saderat Iran,44
63,06_Bank Mellat,41
63,07_Mehr,43
63,08_Refah Bank,43
63,09_Bank Maskan,36
63,10_Bank Sepah,31
63,11_Bank Sepah,25
63,12_Melli Bank,22
63,13_EN Bank,23
63,14_Bank Maskan,41
63,15_Bank Maskan,39
63,16_Bank Saderat Iran,38
63,17_Bank Mellat,40
63,18_Saman Bank,37
63,19_Bank Melli Iran,4
63,20_Gardeshgari,35
63,21_Bank Maskan,33
63,22_Samen Bank,37
63,23_Tejarat Bank,40
63,24_Bank Maskan,39
63,25_Bank Melli Iran,12
63,26_Bank Keshavarzi Iran,13
63,27_Bank Saderat Iran,43
63,28_Bank Saderat Iran,28
63,29_Bank Keshavarzi Iran,33
63,30_Bank Sepah,32
63,31_Refah Bank,31
63,32_Shahr Bank,38
63,33_Sepah Bank,42
63,34_Bank of Industry and Mine,39
63,35_Ghavamin Bank,41
63,36_Mehr Eqtesad Bank,30
63,37_Bank Melli Iran,27
63,38_Tejarat Bank,31
63,39_Bank Melli Iran,32
63,40_Bank Mellat,32
63,41_Bank Melli Iran,21
63,42_Bank Saderat Iran,27
63,43_Bank Sepah,31
63,44_Bank Maskan,51
63,45_Tejarat Bank,23
63,46_Bank Saderat Iran,32
63,47_Tejarat Bank,33
63,48_Ansar Bank,30
63,49_Bank Day,32
63,50_Bank Saderat Iran,28
63,51_Kosar Financial Institute,28
63,52_Bank Mellat,29
63,53_Post Bank of Iran,34
63,54_Tejarat Bank,32
63,55_Bank Keshavarzi Iran,33
63,56_Ansar Bank,33
63,57_Bank Melli Iran,31
63,58_Bank Melli Iran,33
63,59_Bank Saderat Iran,54
63,60_Bank Mellat,49
63,61_TT Bank,36
63,62_Bank Sepah,24
63,63_Hekmat Iranian Bank,15
63,64_Bank Mellat,15
63,65_Post Bank of Iran,27
63,66_Refah Bank,44
63,67_Bank Keshavarzi Iran,12
63,68_Refah Bank,44
63,69_Bank Keshavarzi Iran,33
63,70_Bank Melli Iran,33
63,71_Bank Saderat Iran,32
63,72_Qarz Al-Hasaneh Mehr Iran Bank,32
63,73_Bank Maskan,31
63,74_Bank Saderat Iran,6
63,75_Bank Sepah,5
63,76_Tejarat Bank,39
63,77_Bank Melli Iran,26
63,78_Bank mehr iran,27
63,79_Bank Sepah,55
63,80_Bank Sepah,25
63,81_Bank Melli Iran,46
63,82_Shahr Bank,35
63,83_Bank Sepah,42
63,84_Bank Melli Iran,39
63,85_Bank Saderat Iran,44
63,86_Bank Sepah,36
63,87_Bank Keshavarzi Iran,26
63,88_Bank Sepah,30
63,89_Bank Sepah,24
63,90_Bank Melli Iran,38
63,91_Ayandeh Bank,34
63,92_Bank Pasargad,40
63,93_Bank Melli Iran,44
63,94_Bank Mellat,35
63,95_Mehr Eqtesad Bank,35
63,96_EN Bank,32
63,97_Bank Keshavarzi Iran,21
63,98_Tejarat Bank,26
63,99_Bank Melli Iran,25
63,100_Bank Keshavarzi Iran,28
63,101_Bank Melli Iran,38
63,102_Bank Mellat,41
63,103_Bank Maskan,28
63,104_Tejarat Bank,34
63,105_Bank Maskan,36
63,106_Sarmayeh Bank,35
63,107_Bank Sepah,33
63,108_Bank Melli Iran,28
63,109_Sarmayeh Bank,30
63,110_Bank Saderat Iran,35
64,01_Bank Melli Iran,26
64,02_Bank Maskan,33
64,03_Bank Sepah,26
64,04_Bank Mellat,25
64,05_Bank Saderat Iran,30
64,06_Bank Mellat,29
64,07_Mehr,30
64,08_Refah Bank,30
64,09_Bank Maskan,25
64,10_Bank Sepah,31
64,11_Bank Sepah,28
64,12_Melli Bank,35
64,13_EN Bank,18
64,14_Bank Maskan,38
64,15_Bank Maskan,25
64,16_Bank Saderat Iran,24
64,17_Bank Mellat,26
64,18_Saman Bank,11
64,19_Bank Melli Iran,30
64,20_Gardeshgari,17
64,21_Bank Maskan,34
64,22_Samen Bank,12
64,23_Tejarat Bank,8
64,24_Bank Maskan,8
64,25_Bank Melli Iran,20
64,26_Bank Keshavarzi Iran,23
64,27_Bank Saderat Iran,28
64,28_Bank Saderat Iran,13
64,29_Bank Keshavarzi Iran,32
64,30_Bank Sepah,31
64,31_Refah Bank,30
64,32_Shahr Bank,27
64,33_Sepah Bank,22
64,34_Bank of Industry and Mine,25
64,35_Ghavamin Bank,29
64,36_Mehr Eqtesad Bank,29
64,37_Bank Melli Iran,34
64,38_Tejarat Bank,31
64,39_Bank Melli Iran,31
64,40_Bank Mellat,31
64,41_Bank Melli Iran,14
64,42_Bank Saderat Iran,15
64,43_Bank Sepah,16
64,44_Bank Maskan,34
64,45_Tejarat Bank,39
64,46_Bank Saderat Iran,33
64,47_Tejarat Bank,34
64,48_Ansar Bank,7
64,49_Bank Day,6
64,50_Bank Saderat Iran,3
64,51_Kosar Financial Institute,3
64,52_Bank Mellat,13
64,53_Post Bank of Iran,18
64,54_Tejarat Bank,16
64,55_Bank Keshavarzi Iran,15
64,56_Ansar Bank,15
64,57_Bank Melli Iran,16
64,58_Bank Melli Iran,18
64,59_Bank Saderat Iran,37
64,60_Bank Mellat,46
64,61_TT Bank,23
64,62_Bank Sepah,14
64,63_Hekmat Iranian Bank,23
64,64_Bank Mellat,23
64,65_Post Bank of Iran,20
64,66_Refah Bank,18
64,67_Bank Keshavarzi Iran,22
64,68_Refah Bank,60
64,69_Bank Keshavarzi Iran,52
64,70_Bank Melli Iran,52
64,71_Bank Saderat Iran,51
64,72_Qarz Al-Hasaneh Mehr Iran Bank,51
64,73_Bank Maskan,50
64,74_Bank Saderat Iran,30
64,75_Bank Sepah,30
64,76_Tejarat Bank,24
64,77_Bank Melli Iran,31
64,78_Bank mehr iran,31
64,79_Bank Sepah,40
64,80_Bank Sepah,27
64,81_Bank Melli Iran,39
64,82_Shahr Bank,17
64,83_Bank Sepah,18
64,84_Bank Melli Iran,13
64,85_Bank Saderat Iran,19
64,86_Bank Sepah,8
64,87_Bank Keshavarzi Iran,6
64,88_Bank Sepah,8
64,89_Bank Sepah,17
64,90_Bank Melli Iran,24
64,91_Ayandeh Bank,5
64,92_Bank Pasargad,14
64,93_Bank Melli Iran,16
64,94_Bank Mellat,7
64,95_Mehr Eqtesad Bank,7
64,96_EN Bank,10
64,97_Bank Keshavarzi Iran,41
64,98_Tejarat Bank,16
64,99_Bank Melli Iran,18
64,100_Bank Keshavarzi Iran,23
64,101_Bank Melli Iran,11
64,102_Bank Mellat,38
64,103_Bank Maskan,14
64,104_Tejarat Bank,6
64,105_Bank Maskan,9
64,106_Sarmayeh Bank,9
64,107_Bank Sepah,15
64,108_Bank Melli Iran,4
64,109_Sarmayeh Bank,7
64,110_Bank Saderat Iran,17
65,01_Bank Melli Iran,28
65,02_Bank Maskan,35
65,03_Bank Sepah,29
65,04_Bank Mellat,27
65,05_Bank Saderat Iran,32
65,06_Bank Mellat,31
65,07_Mehr,31
65,08_Refah Bank,31
65,09_Bank Maskan,29
65,10_Bank Sepah,39
65,11_Bank Sepah,25
65,12_Melli Bank,29
65,13_EN Bank,32
65,14_Bank Maskan,35
65,15_Bank Maskan,20
65,16_Bank Saderat Iran,19
65,17_Bank Mellat,20
65,18_Saman Bank,23
65,19_Bank Melli Iran,39
65,20_Gardeshgari,22
65,21_Bank Maskan,32
65,22_Samen Bank,22
65,23_Tejarat Bank,22
65,24_Bank Maskan,22
65,25_Bank Melli Iran,33
65,26_Bank Keshavarzi Iran,35
65,27_Bank Saderat Iran,22
65,28_Bank Saderat Iran,28
65,29_Bank Keshavarzi Iran,32
65,30_Bank Sepah,33
65,31_Refah Bank,33
65,32_Shahr Bank,30
65,33_Sepah Bank,16
65,34_Bank of Industry and Mine,20
65,35_Ghavamin Bank,31
65,36_Mehr Eqtesad Bank,35
65,37_Bank Melli Iran,45
65,38_Tejarat Bank,38
65,39_Bank Melli Iran,40
65,40_Bank Mellat,40
65,41_Bank Melli Iran,31
65,42_Bank Saderat Iran,30
65,43_Bank Sepah,25
65,44_Bank Maskan,36
65,45_Tejarat Bank,52
65,46_Bank Saderat Iran,31
65,47_Tejarat Bank,32
65,48_Ansar Bank,25
65,49_Bank Day,24
65,50_Bank Saderat Iran,22
65,51_Kosar Financial Institute,22
65,52_Bank Mellat,28
65,53_Post Bank of Iran,21
65,54_Tejarat Bank,25
65,55_Bank Keshavarzi Iran,24
65,56_Ansar Bank,24
65,57_Bank Melli Iran,25
65,58_Bank Melli Iran,22
65,59_Bank Saderat Iran,38
65,60_Bank Mellat,43
65,61_TT Bank,28
65,62_Bank Sepah,31
65,63_Hekmat Iranian Bank,34
65,64_Bank Mellat,34
65,65_Post Bank of Iran,34
65,66_Refah Bank,12
65,67_Bank Keshavarzi Iran,33
65,68_Refah Bank,55
65,69_Bank Keshavarzi Iran,46
65,70_Bank Melli Iran,46
65,71_Bank Saderat Iran,45
65,72_Qarz Al-Hasaneh Mehr Iran Bank,45
65,73_Bank Maskan,44
65,74_Bank Saderat Iran,38
65,75_Bank Sepah,38
65,76_Tejarat Bank,20
65,77_Bank Melli Iran,30
65,78_Bank mehr iran,31
65,79_Bank Sepah,40
65,80_Bank Sepah,25
65,81_Bank Melli Iran,41
65,82_Shahr Bank,22
65,83_Bank Sepah,14
65,84_Bank Melli Iran,19
65,85_Bank Saderat Iran,15
65,86_Bank Sepah,26
65,87_Bank Keshavarzi Iran,23
65,88_Bank Sepah,26
65,89_Bank Sepah,31
65,90_Bank Melli Iran,20
65,91_Ayandeh Bank,23
65,92_Bank Pasargad,17
65,93_Bank Melli Iran,13
65,94_Bank Mellat,24
65,95_Mehr Eqtesad Bank,25
65,96_EN Bank,26
65,97_Bank Keshavarzi Iran,54
65,98_Tejarat Bank,31
65,99_Bank Melli Iran,32
65,100_Bank Keshavarzi Iran,24
65,101_Bank Melli Iran,23
65,102_Bank Mellat,35
65,103_Bank Maskan,30
65,104_Tejarat Bank,23
65,105_Bank Maskan,25
65,106_Sarmayeh Bank,25
65,107_Bank Sepah,24
65,108_Bank Melli Iran,21
65,109_Sarmayeh Bank,25
65,110_Bank Saderat Iran,23
66,01_Bank Melli Iran,24
66,02_Bank Maskan,31
66,03_Bank Sepah,24
66,04_Bank Mellat,23
66,05_Bank Saderat Iran,28
66,06_Bank Mellat,27
66,07_Mehr,28
66,08_Refah Bank,28
66,09_Bank Maskan,23
66,10_Bank Sepah,30
66,11_Bank Sepah,25
66,12_Melli Bank,32
66,13_EN Bank,17
66,14_Bank Maskan,34
66,15_Bank Maskan,30
66,16_Bank Saderat Iran,29
66,17_Bank Mellat,30
66,18_Saman Bank,10
66,19_Bank Melli Iran,30
66,20_Gardeshgari,15
66,21_Bank Maskan,30
66,22_Samen Bank,12
66,23_Tejarat Bank,11
66,24_Bank Maskan,10
66,25_Bank Melli Iran,18
66,26_Bank Keshavarzi Iran,23
66,27_Bank Saderat Iran,32
66,28_Bank Saderat Iran,11
66,29_Bank Keshavarzi Iran,34
66,30_Bank Sepah,33
66,31_Refah Bank,32
66,32_Shahr Bank,25
66,33_Sepah Bank,24
66,34_Bank of Industry and Mine,27
66,35_Ghavamin Bank,27
66,36_Mehr Eqtesad Bank,30
66,37_Bank Melli Iran,33
66,38_Tejarat Bank,31
66,39_Bank Melli Iran,30
66,40_Bank Mellat,30
66,41_Bank Melli Iran,13
66,42_Bank Saderat Iran,16
66,43_Bank Sepah,18
66,44_Bank Maskan,32
66,45_Tejarat Bank,38
66,46_Bank Saderat Iran,29
66,47_Tejarat Bank,30
66,48_Ansar Bank,6
66,49_Bank Day,6
66,50_Bank Saderat Iran,5
66,51_Kosar Financial Institute,5
66,52_Bank Mellat,14
66,53_Post Bank of Iran,23
66,54_Tejarat Bank,19
66,55_Bank Keshavarzi Iran,20
66,56_Ansar Bank,20
66,57_Bank Melli Iran,19
66,58_Bank Melli Iran,23
66,59_Bank Saderat Iran,35
66,60_Bank Mellat,42
66,61_TT Bank,21
66,62_Bank Sepah,10
66,63_Hekmat Iranian Bank,20
66,64_Bank Mellat,19
66,65_Post Bank of Iran,18
66,66_Refah Bank,20
66,67_Bank Keshavarzi Iran,22
66,68_Refah Bank,58
66,69_Bank Keshavarzi Iran,50
66,70_Bank Melli Iran,50
66,71_Bank Saderat Iran,49
66,72_Qarz Al-Hasaneh Mehr Iran Bank,49
66,73_Bank Maskan,48
66,74_Bank Saderat Iran,31
66,75_Bank Sepah,31
66,76_Tejarat Bank,29
66,77_Bank Melli Iran,27
66,78_Bank mehr iran,28
66,79_Bank Sepah,38
66,80_Bank Sepah,24
66,81_Bank Melli Iran,37
66,82_Shahr Bank,15
66,83_Bank Sepah,20
66,84_Bank Melli Iran,15
66,85_Bank Saderat Iran,21
66,86_Bank Sepah,8
66,87_Bank Keshavarzi Iran,8
66,88_Bank Sepah,5
66,89_Bank Sepah,16
66,90_Bank Melli Iran,28
66,91_Ayandeh Bank,5
66,92_Bank Pasargad,16
66,93_Bank Melli Iran,18
66,94_Bank Mellat,6
66,95_Mehr Eqtesad Bank,6
66,96_EN Bank,12
66,97_Bank Keshavarzi Iran,40
66,98_Tejarat Bank,17
66,99_Bank Melli Iran,16
66,100_Bank Keshavarzi Iran,21
66,101_Bank Melli Iran,10
66,102_Bank Mellat,34
66,103_Bank Maskan,16
66,104_Tejarat Bank,5
66,105_Bank Maskan,8
66,106_Sarmayeh Bank,8
66,107_Bank Sepah,20
66,108_Bank Melli Iran,6
66,109_Sarmayeh Bank,6
66,110_Bank Saderat Iran,15
67,01_Bank Melli Iran,32
67,02_Bank Maskan,39
67,03_Bank Sepah,33
67,04_Bank Mellat,31
67,05_Bank Saderat Iran,36
67,06_Bank Mellat,35
67,07_Mehr,35
67,08_Refah Bank,35
67,09_Bank Maskan,31
67,10_Bank Sepah,41
67,11_Bank Sepah,27
67,12_Melli Bank,31
67,13_EN Bank,30
67,14_Bank Maskan,39
67,15_Bank Maskan,23
67,16_Bank Saderat Iran,22
67,17_Bank Mellat,23
67,18_Saman Bank,22
67,19_Bank Melli Iran,38
67,20_Gardeshgari,24
67,21_Bank Maskan,36
67,22_Samen Bank,21
67,23_Tejarat Bank,17
67,24_Bank Maskan,16
67,25_Bank Melli Iran,29
67,26_Bank Keshavarzi Iran,31
67,27_Bank Saderat Iran,25
67,28_Bank Saderat Iran,24
67,29_Bank Keshavarzi Iran,36
67,30_Bank Sepah,37
67,31_Refah Bank,37
67,32_Shahr Bank,34
67,33_Sepah Bank,12
67,34_Bank of Industry and Mine,16
67,35_Ghavamin Bank,35
67,36_Mehr Eqtesad Bank,37
67,37_Bank Melli Iran,44
67,38_Tejarat Bank,39
67,39_Bank Melli Iran,40
67,40_Bank Mellat,40
67,41_Bank Melli Iran,26
67,42_Bank Saderat Iran,26
67,43_Bank Sepah,22
67,44_Bank Maskan,40
67,45_Tejarat Bank,51
67,46_Bank Saderat Iran,35
67,47_Tejarat Bank,36
67,48_Ansar Bank,19
67,49_Bank Day,18
67,50_Bank Saderat Iran,16
67,51_Kosar Financial Institute,16
67,52_Bank Mellat,24
67,53_Post Bank of Iran,21
67,54_Tejarat Bank,22
67,55_Bank Keshavarzi Iran,21
67,56_Ansar Bank,21
67,57_Bank Melli Iran,22
67,58_Bank Melli Iran,21
67,59_Bank Saderat Iran,42
67,60_Bank Mellat,47
67,61_TT Bank,28
67,62_Bank Sepah,28
67,63_Hekmat Iranian Bank,32
67,64_Bank Mellat,32
67,65_Post Bank of Iran,31
67,66_Refah Bank,8
67,67_Bank Keshavarzi Iran,30
67,68_Refah Bank,57
67,69_Bank Keshavarzi Iran,48
67,70_Bank Melli Iran,48
67,71_Bank Saderat Iran,47
67,72_Qarz Al-Hasaneh Mehr Iran Bank,47
67,73_Bank Maskan,46
67,74_Bank Saderat Iran,38
67,75_Bank Sepah,38
67,76_Tejarat Bank,23
67,77_Bank Melli Iran,33
67,78_Bank mehr iran,33
67,79_Bank Sepah,44
67,80_Bank Sepah,27
67,81_Bank Melli Iran,45
67,82_Shahr Bank,24
67,83_Bank Sepah,9
67,84_Bank Melli Iran,17
67,85_Bank Saderat Iran,11
67,86_Bank Sepah,20
67,87_Bank Keshavarzi Iran,18
67,88_Bank Sepah,21
67,89_Bank Sepah,28
67,90_Bank Melli Iran,23
67,91_Ayandeh Bank,18
67,92_Bank Pasargad,15
67,93_Bank Melli Iran,8
67,94_Bank Mellat,19
67,95_Mehr Eqtesad Bank,19
67,96_EN Bank,21
67,97_Bank Keshavarzi Iran,53
67,98_Tejarat Bank,27
67,99_Bank Melli Iran,29
67,100_Bank Keshavarzi Iran,26
67,101_Bank Melli Iran,23
67,102_Bank Mellat,39
67,103_Bank Maskan,26
67,104_Tejarat Bank,18
67,105_Bank Maskan,21
67,106_Sarmayeh Bank,21
67,107_Bank Sepah,21
67,108_Bank Melli Iran,15
67,109_Sarmayeh Bank,20
67,110_Bank Saderat Iran,25
68,01_Bank Melli Iran,23
68,02_Bank Maskan,30
68,03_Bank Sepah,23
68,04_Bank Mellat,22
68,05_Bank Saderat Iran,27
68,06_Bank Mellat,26
68,07_Mehr,27
68,08_Refah Bank,27
68,09_Bank Maskan,22
68,10_Bank Sepah,27
68,11_Bank Sepah,21
68,12_Melli Bank,27
68,13_EN Bank,13
68,14_Bank Maskan,30
68,15_Bank Maskan,33
68,16_Bank Saderat Iran,32
68,17_Bank Mellat,34
68,18_Saman Bank,14
68,19_Bank Melli Iran,27
68,20_Gardeshgari,15
68,21_Bank Maskan,26
68,22_Samen Bank,15
68,23_Tejarat Bank,15
68,24_Bank Maskan,14
68,25_Bank Melli Iran,14
68,26_Bank Keshavarzi Iran,19
68,27_Bank Saderat Iran,36
68,28_Bank Saderat Iran,12
68,29_Bank Keshavarzi Iran,29
68,30_Bank Sepah,28
68,31_Refah Bank,27
68,32_Shahr Bank,24
68,33_Sepah Bank,29
68,34_Bank of Industry and Mine,32
68,35_Ghavamin Bank,26
68,36_Mehr Eqtesad Bank,25
68,37_Bank Melli Iran,31
68,38_Tejarat Bank,26
68,39_Bank Melli Iran,25
68,40_Bank Mellat,25
68,41_Bank Melli Iran,9
68,42_Bank Saderat Iran,18
68,43_Bank Sepah,23
68,44_Bank Maskan,31
68,45_Tejarat Bank,37
68,46_Bank Saderat Iran,25
68,47_Tejarat Bank,26
68,48_Ansar Bank,6
68,49_Bank Day,7
68,50_Bank Saderat Iran,9
68,51_Kosar Financial Institute,9
68,52_Bank Mellat,19
68,53_Post Bank of Iran,27
68,54_Tejarat Bank,24
68,55_Bank Keshavarzi Iran,25
68,56_Ansar Bank,24
68,57_Bank Melli Iran,23
68,58_Bank Melli Iran,27
68,59_Bank Saderat Iran,34
68,60_Bank Mellat,38
68,61_TT Bank,20
68,62_Bank Sepah,5
68,63_Hekmat Iranian Bank,14
68,64_Bank Mellat,14
68,65_Post Bank of Iran,19
68,66_Refah Bank,25
68,67_Bank Keshavarzi Iran,20
68,68_Refah Bank,54
68,69_Bank Keshavarzi Iran,47
68,70_Bank Melli Iran,47
68,71_Bank Saderat Iran,46
68,72_Qarz Al-Hasaneh Mehr Iran Bank,46
68,73_Bank Maskan,45
68,74_Bank Saderat Iran,27
68,75_Bank Sepah,28
68,76_Tejarat Bank,33
68,77_Bank Melli Iran,23
68,78_Bank mehr iran,24
68,79_Bank Sepah,37
68,80_Bank Sepah,20
68,81_Bank Melli Iran,36
68,82_Shahr Bank,16
68,83_Bank Sepah,25
68,84_Bank Melli Iran,20
68,85_Bank Saderat Iran,26
68,86_Bank Sepah,12
68,87_Bank Keshavarzi Iran,8
68,88_Bank Sepah,6
68,89_Bank Sepah,15
68,90_Bank Melli Iran,32
68,91_Ayandeh Bank,10
68,92_Bank Pasargad,21
68,93_Bank Melli Iran,23
68,94_Bank Mellat,11
68,95_Mehr Eqtesad Bank,11
68,96_EN Bank,16
68,97_Bank Keshavarzi Iran,39
68,98_Tejarat Bank,17
68,99_Bank Melli Iran,16
68,100_Bank Keshavarzi Iran,17
68,101_Bank Melli Iran,14
68,102_Bank Mellat,30
68,103_Bank Maskan,19
68,104_Tejarat Bank,10
68,105_Bank Maskan,12
68,106_Sarmayeh Bank,12
68,107_Bank Sepah,24
68,108_Bank Melli Iran,10
68,109_Sarmayeh Bank,6
68,110_Bank Saderat Iran,15
69,01_Bank Melli Iran,26
69,02_Bank Maskan,33
69,03_Bank Sepah,26
69,04_Bank Mellat,25
69,05_Bank Saderat Iran,30
69,06_Bank Mellat,29
69,07_Mehr,30
69,08_Refah Bank,30
69,09_Bank Maskan,24
69,10_Bank Sepah,28
69,11_Bank Sepah,18
69,12_Melli Bank,23
69,13_EN Bank,15
69,14_Bank Maskan,33
69,15_Bank Maskan,36
69,16_Bank Saderat Iran,35
69,17_Bank Mellat,36
69,18_Saman Bank,20
69,19_Bank Melli Iran,21
69,20_Gardeshgari,17
69,21_Bank Maskan,29
69,22_Samen Bank,21
69,23_Tejarat Bank,23
69,24_Bank Maskan,22
69,25_Bank Melli Iran,7
69,26_Bank Keshavarzi Iran,13
69,27_Bank Saderat Iran,39
69,28_Bank Saderat Iran,17
69,29_Bank Keshavarzi Iran,31
69,30_Bank Sepah,30
69,31_Refah Bank,29
69,32_Shahr Bank,27
69,33_Sepah Bank,36
69,34_Bank of Industry and Mine,37
69,35_Ghavamin Bank,29
69,36_Mehr Eqtesad Bank,27
69,37_Bank Melli Iran,33
69,38_Tejarat Bank,27
69,39_Bank Melli Iran,26
69,40_Bank Mellat,26
69,41_Bank Melli Iran,10
69,42_Bank Saderat Iran,20
69,43_Bank Sepah,25
69,44_Bank Maskan,34
69,45_Tejarat Bank,36
69,46_Bank Saderat Iran,28
69,47_Tejarat Bank,29
69,48_Ansar Bank,14
69,49_Bank Day,15
69,50_Bank Saderat Iran,16
69,51_Kosar Financial Institute,16
69,52_Bank Mellat,22
69,53_Post Bank of Iran,30
69,54_Tejarat Bank,27
69,55_Bank Keshavarzi Iran,28
69,56_Ansar Bank,28
69,57_Bank Melli Iran,26
69,58_Bank Melli Iran,30
69,59_Bank Saderat Iran,37
69,60_Bank Mellat,41
69,61_TT Bank,23
69,62_Bank Sepah,6
69,63_Hekmat Iranian Bank,6
69,64_Bank Mellat,5
69,65_Post Bank of Iran,21
69,66_Refah Bank,33
69,67_Bank Keshavarzi Iran,15
69,68_Refah Bank,51
69,69_Bank Keshavarzi Iran,41
69,70_Bank Melli Iran,41
69,71_Bank Saderat Iran,40
69,72_Qarz Al-Hasaneh Mehr Iran Bank,40
69,73_Bank Maskan,39
69,74_Bank Saderat Iran,23
69,75_Bank Sepah,23
69,76_Tejarat Bank,35
69,77_Bank Melli Iran,26
69,78_Bank mehr iran,24
69,79_Bank Sepah,40
69,80_Bank Sepah,17
69,81_Bank Melli Iran,39
69,82_Shahr Bank,18
69,83_Bank Sepah,32
69,84_Bank Melli Iran,25
69,85_Bank Saderat Iran,34
69,86_Bank Sepah,19
69,87_Bank Keshavarzi Iran,14
69,88_Bank Sepah,13
69,89_Bank Sepah,16
69,90_Bank Melli Iran,35
69,91_Ayandeh Bank,17
69,92_Bank Pasargad,26
69,93_Bank Melli Iran,31
69,94_Bank Mellat,17
69,95_Mehr Eqtesad Bank,17
69,96_EN Bank,22
69,97_Bank Keshavarzi Iran,36
69,98_Tejarat Bank,19
69,99_Bank Melli Iran,18
69,100_Bank Keshavarzi Iran,17
69,101_Bank Melli Iran,20
69,102_Bank Mellat,33
69,103_Bank Maskan,21
69,104_Tejarat Bank,17
69,105_Bank Maskan,18
69,106_Sarmayeh Bank,17
69,107_Bank Sepah,28
69,108_Bank Melli Iran,16
69,109_Sarmayeh Bank,13
69,110_Bank Saderat Iran,18
70,01_Bank Melli Iran,28
70,02_Bank Maskan,35
70,03_Bank Sepah,29
70,04_Bank Mellat,27
70,05_Bank Saderat Iran,32
70,06_Bank Mellat,31
70,07_Mehr,31
70,08_Refah Bank,31
70,09_Bank Maskan,25
70,10_Bank Sepah,40
70,11_Bank Sepah,26
70,12_Melli Bank,30
70,13_EN Bank,28
70,14_Bank Maskan,39
70,15_Bank Maskan,26
70,16_Bank Saderat Iran,25
70,17_Bank Mellat,27
70,18_Saman Bank,11
70,19_Bank Melli Iran,38
70,20_Gardeshgari,18
70,21_Bank Maskan,35
70,22_Samen Bank,12
70,23_Tejarat Bank,4
70,24_Bank Maskan,3
70,25_Bank Melli Iran,29
70,26_Bank Keshavarzi Iran,31
70,27_Bank Saderat Iran,27
70,28_Bank Saderat Iran,22
70,29_Bank Keshavarzi Iran,37
70,30_Bank Sepah,37
70,31_Refah Bank,37
70,32_Shahr Bank,30
70,33_Sepah Bank,12
70,34_Bank of Industry and Mine,15
70,35_Ghavamin Bank,31
70,36_Mehr Eqtesad Bank,37
70,37_Bank Melli Iran,43
70,38_Tejarat Bank,38
70,39_Bank Melli Iran,39
70,40_Bank Mellat,39
70,41_Bank Melli Iran,24
70,42_Bank Saderat Iran,24
70,43_Bank Sepah,22
70,44_Bank Maskan,36
70,45_Tejarat Bank,49
70,46_Bank Saderat Iran,34
70,47_Tejarat Bank,35
70,48_Ansar Bank,11
70,49_Bank Day,10
70,50_Bank Saderat Iran,13
70,51_Kosar Financial Institute,13
70,52_Bank Mellat,22
70,53_Post Bank of Iran,22
70,54_Tejarat Bank,22
70,55_Bank Keshavarzi Iran,21
70,56_Ansar Bank,21
70,57_Bank Melli Iran,21
70,58_Bank Melli Iran,22
70,59_Bank Saderat Iran,38
70,60_Bank Mellat,47
70,61_TT Bank,22
70,62_Bank Sepah,20
70,63_Hekmat Iranian Bank,29
70,64_Bank Mellat,29
70,65_Post Bank of Iran,29
70,66_Refah Bank,8
70,67_Bank Keshavarzi Iran,30
70,68_Refah Bank,58
70,69_Bank Keshavarzi Iran,48
70,70_Bank Melli Iran,48
70,71_Bank Saderat Iran,47
70,72_Qarz Al-Hasaneh Mehr Iran Bank,47
70,73_Bank Maskan,46
70,74_Bank Saderat Iran,38
70,75_Bank Sepah,38
70,76_Tejarat Bank,26
70,77_Bank Melli Iran,31
70,78_Bank mehr iran,32
70,79_Bank Sepah,40
70,80_Bank Sepah,26
70,81_Bank Melli Iran,41
70,82_Shahr Bank,17
70,83_Bank Sepah,8
70,84_Bank Melli Iran,9
70,85_Bank Saderat Iran,9
70,86_Bank Sepah,8
70,87_Bank Keshavarzi Iran,16
70,88_Bank Sepah,12
70,89_Bank Sepah,27
70,90_Bank Melli Iran,25
70,91_Ayandeh Bank,9
70,92_Bank Pasargad,9
70,93_Bank Melli Iran,6
70,94_Bank Mellat,8
70,95_Mehr Eqtesad Bank,9
70,96_EN Bank,20
70,97_Bank Keshavarzi Iran,51
70,98_Tejarat Bank,26
70,99_Bank Melli Iran,27
70,100_Bank Keshavarzi Iran,25
70,101_Bank Melli Iran,11
70,102_Bank Mellat,39
70,103_Bank Maskan,24
70,104_Tejarat Bank,9
70,105_Bank Maskan,11
70,106_Sarmayeh Bank,11
70,107_Bank Sepah,21
70,108_Bank Melli Iran,14
70,109_Sarmayeh Bank,11
70,110_Bank Saderat Iran,18
71,01_Bank Melli Iran,22
71,02_Bank Maskan,29
71,03_Bank Sepah,22
71,04_Bank Mellat,21
71,05_Bank Saderat Iran,26
71,06_Bank Mellat,25
71,07_Mehr,26
71,08_Refah Bank,26
71,09_Bank Maskan,17
71,10_Bank Sepah,38
71,11_Bank Sepah,22
71,12_Melli Bank,27
71,13_EN Bank,24
71,14_Bank Maskan,38
71,15_Bank Maskan,28
71,16_Bank Saderat Iran,27
71,17_Bank Mellat,28
71,18_Saman Bank,3
71,19_Bank Melli Iran,34
71,20_Gardeshgari,9
71,21_Bank Maskan,34
71,22_Samen Bank,4
71,23_Tejarat Bank,4
71,24_Bank Maskan,4
71,25_Bank Melli Iran,27
71,26_Bank Keshavarzi Iran,30
71,27_Bank Saderat Iran,28
71,28_Bank Saderat Iran,21
71,29_Bank Keshavarzi Iran,40
71,30_Bank Sepah,40
71,31_Refah Bank,39
71,32_Shahr Bank,23
71,33_Sepah Bank,16
71,34_Bank of Industry and Mine,20
71,35_Ghavamin Bank,25
71,36_Mehr Eqtesad Bank,38
71,37_Bank Melli Iran,43
71,38_Tejarat Bank,38
71,39_Bank Melli Iran,36
71,40_Bank Mellat,36
71,41_Bank Melli Iran,23
71,42_Bank Saderat Iran,23
71,43_Bank Sepah,25
71,44_Bank Maskan,30
71,45_Tejarat Bank,48
71,46_Bank Saderat Iran,33
71,47_Tejarat Bank,34
71,48_Ansar Bank,9
71,49_Bank Day,8
71,50_Bank Saderat Iran,12
71,51_Kosar Financial Institute,12
71,52_Bank Mellat,21
71,53_Post Bank of Iran,28
71,54_Tejarat Bank,25
71,55_Bank Keshavarzi Iran,25
71,56_Ansar Bank,25
71,57_Bank Melli Iran,25
71,58_Bank Melli Iran,27
71,59_Bank Saderat Iran,33
71,60_Bank Mellat,46
71,61_TT Bank,15
71,62_Bank Sepah,17
71,63_Hekmat Iranian Bank,26
71,64_Bank Mellat,26
71,65_Post Bank of Iran,28
71,66_Refah Bank,13
71,67_Bank Keshavarzi Iran,28
71,68_Refah Bank,58
71,69_Bank Keshavarzi Iran,47
71,70_Bank Melli Iran,47
71,71_Bank Saderat Iran,46
71,72_Qarz Al-Hasaneh Mehr Iran Bank,46
71,73_Bank Maskan,45
71,74_Bank Saderat Iran,34
71,75_Bank Sepah,34
71,76_Tejarat Bank,27
71,77_Bank Melli Iran,29
71,78_Bank mehr iran,24
71,79_Bank Sepah,36
71,80_Bank Sepah,21
71,81_Bank Melli Iran,35
71,82_Shahr Bank,9
71,83_Bank Sepah,11
71,84_Bank Melli Iran,5
71,85_Bank Saderat Iran,13
71,86_Bank Sepah,4
71,87_Bank Keshavarzi Iran,15
71,88_Bank Sepah,10
71,89_Bank Sepah,25
71,90_Bank Melli Iran,28
71,91_Ayandeh Bank,6
71,92_Bank Pasargad,6
71,93_Bank Melli Iran,11
71,94_Bank Mellat,4
71,95_Mehr Eqtesad Bank,5
71,96_EN Bank,19
71,97_Bank Keshavarzi Iran,50
71,98_Tejarat Bank,25
71,99_Bank Melli Iran,26
71,100_Bank Keshavarzi Iran,17
71,101_Bank Melli Iran,3
71,102_Bank Mellat,38
71,103_Bank Maskan,23
71,104_Tejarat Bank,6
71,105_Bank Maskan,3
71,106_Sarmayeh Bank,4
71,107_Bank Sepah,25
71,108_Bank Melli Iran,13
71,109_Sarmayeh Bank,9
71,110_Bank Saderat Iran,9
72,01_Bank Melli Iran,19
72,02_Bank Maskan,26
72,03_Bank Sepah,19
72,04_Bank Mellat,18
72,05_Bank Saderat Iran,23
72,06_Bank Mellat,22
72,07_Mehr,23
72,08_Refah Bank,23
72,09_Bank Maskan,14
72,10_Bank Sepah,33
72,11_Bank Sepah,19
72,12_Melli Bank,25
72,13_EN Bank,20
72,14_Bank Maskan,35
72,15_Bank Maskan,30
72,16_Bank Saderat Iran,29
72,17_Bank Mellat,31
72,18_Saman Bank,3
72,19_Bank Melli Iran,32
72,20_Gardeshgari,6
72,21_Bank Maskan,31
72,22_Samen Bank,4
72,23_Tejarat Bank,8
72,24_Bank Maskan,9
72,25_Bank Melli Iran,24
72,26_Bank Keshavarzi Iran,28
72,27_Bank Saderat Iran,31
72,28_Bank Saderat Iran,17
72,29_Bank Keshavarzi Iran,38
72,30_Bank Sepah,38
72,31_Refah Bank,37
72,32_Shahr Bank,20
72,33_Sepah Bank,21
72,34_Bank of Industry and Mine,24
72,35_Ghavamin Bank,22
72,36_Mehr Eqtesad Bank,35
72,37_Bank Melli Iran,38
72,38_Tejarat Bank,33
72,39_Bank Melli Iran,31
72,40_Bank Mellat,31
72,41_Bank Melli Iran,18
72,42_Bank Saderat Iran,23
72,43_Bank Sepah,24
72,44_Bank Maskan,27
72,45_Tejarat Bank,43
72,46_Bank Saderat Iran,30
72,47_Tejarat Bank,31
72,48_Ansar Bank,5
72,49_Bank Day,6
72,50_Bank Saderat Iran,11
72,51_Kosar Financial Institute,11
72,52_Bank Mellat,21
72,53_Post Bank of Iran,28
72,54_Tejarat Bank,26
72,55_Bank Keshavarzi Iran,25
72,56_Ansar Bank,25
72,57_Bank Melli Iran,25
72,58_Bank Melli Iran,28
72,59_Bank Saderat Iran,30
72,60_Bank Mellat,43
72,61_TT Bank,12
72,62_Bank Sepah,12
72,63_Hekmat Iranian Bank,22
72,64_Bank Mellat,21
72,65_Post Bank of Iran,24
72,66_Refah Bank,17
72,67_Bank Keshavarzi Iran,26
72,68_Refah Bank,55
72,69_Bank Keshavarzi Iran,44
72,70_Bank Melli Iran,44
72,71_Bank Saderat Iran,43
72,72_Qarz Al-Hasaneh Mehr Iran Bank,43
72,73_Bank Maskan,42
72,74_Bank Saderat Iran,32
72,75_Bank Sepah,32
72,76_Tejarat Bank,30
72,77_Bank Melli Iran,26
72,78_Bank mehr iran,21
72,79_Bank Sepah,33
72,80_Bank Sepah,18
72,81_Bank Melli Iran,32
72,82_Shahr Bank,6
72,83_Bank Sepah,15
72,84_Bank Melli Iran,8
72,85_Bank Saderat Iran,17
72,86_Bank Sepah,4
72,87_Bank Keshavarzi Iran,14
72,88_Bank Sepah,6
72,89_Bank Sepah,21
72,90_Bank Melli Iran,30
72,91_Ayandeh Bank,5
72,92_Bank Pasargad,10
72,93_Bank Melli Iran,15
72,94_Bank Mellat,5
72,95_Mehr Eqtesad Bank,4
72,96_EN Bank,18
72,97_Bank Keshavarzi Iran,45
72,98_Tejarat Bank,22
72,99_Bank Melli Iran,22
72,100_Bank Keshavarzi Iran,14
72,101_Bank Melli Iran,2
72,102_Bank Mellat,35
72,103_Bank Maskan,22
72,104_Tejarat Bank,5
72,105_Bank Maskan,1
72,106_Sarmayeh Bank,2
72,107_Bank Sepah,25
72,108_Bank Melli Iran,12
72,109_Sarmayeh Bank,5
72,110_Bank Saderat Iran,6
73,01_Bank Melli Iran,34
73,02_Bank Maskan,41
73,03_Bank Sepah,34
73,04_Bank Mellat,33
73,05_Bank Saderat Iran,38
73,06_Bank Mellat,37
73,07_Mehr,38
73,08_Refah Bank,38
73,09_Bank Maskan,28
73,10_Bank Sepah,35
73,11_Bank Sepah,15
73,12_Melli Bank,14
73,13_EN Bank,22
73,14_Bank Maskan,41
73,15_Bank Maskan,39
73,16_Bank Saderat Iran,38
73,17_Bank Mellat,40
73,18_Saman Bank,28
73,19_Bank Melli Iran,18
73,20_Gardeshgari,24
73,21_Bank Maskan,35
73,22_Samen Bank,27
73,23_Tejarat Bank,31
73,24_Bank Maskan,30
73,25_Bank Melli Iran,7
73,26_Bank Keshavarzi Iran,12
73,27_Bank Saderat Iran,42
73,28_Bank Saderat Iran,24
73,29_Bank Keshavarzi Iran,35
73,30_Bank Sepah,34
73,31_Refah Bank,33
73,32_Shahr Bank,35
73,33_Sepah Bank,39
73,34_Bank of Industry and Mine,37
73,35_Ghavamin Bank,37
73,36_Mehr Eqtesad Bank,31
73,37_Bank Melli Iran,33
73,38_Tejarat Bank,32
73,39_Bank Melli Iran,33
73,40_Bank Mellat,33
73,41_Bank Melli Iran,16
73,42_Bank Saderat Iran,27
73,43_Bank Sepah,32
73,44_Bank Maskan,42
73,45_Tejarat Bank,37
73,46_Bank Saderat Iran,33
73,47_Tejarat Bank,34
73,48_Ansar Bank,21
73,49_Bank Day,22
73,50_Bank Saderat Iran,24
73,51_Kosar Financial Institute,24
73,52_Bank Mellat,29
73,53_Post Bank of Iran,36
73,54_Tejarat Bank,34
73,55_Bank Keshavarzi Iran,35
73,56_Ansar Bank,35
73,57_Bank Melli Iran,33
73,58_Bank Melli Iran,36
73,59_Bank Saderat Iran,45
73,60_Bank Mellat,49
73,61_TT Bank,29
73,62_Bank Sepah,15
73,63_Hekmat Iranian Bank,3
73,64_Bank Mellat,4
73,65_Post Bank of Iran,27
73,66_Refah Bank,36
73,67_Bank Keshavarzi Iran,14
73,68_Refah Bank,47
73,69_Bank Keshavarzi Iran,35
73,70_Bank Melli Iran,35
73,71_Bank Saderat Iran,34
73,72_Qarz Al-Hasaneh Mehr Iran Bank,34
73,73_Bank Maskan,31
73,74_Bank Saderat Iran,20
73,75_Bank Sepah,20
73,76_Tejarat Bank,39
73,77_Bank Melli Iran,28
73,78_Bank mehr iran,20
73,79_Bank Sepah,48
73,80_Bank Sepah,14
73,81_Bank Melli Iran,46
73,82_Shahr Bank,25
73,83_Bank Sepah,33
73,84_Bank Melli Iran,30
73,85_Bank Saderat Iran,35
73,86_Bank Sepah,26
73,87_Bank Keshavarzi Iran,21
73,88_Bank Sepah,21
73,89_Bank Sepah,22
73,90_Bank Melli Iran,39
73,91_Ayandeh Bank,24
73,92_Bank Pasargad,30
73,93_Bank Melli Iran,35
73,94_Bank Mellat,25
73,95_Mehr Eqtesad Bank,25
73,96_EN Bank,29
73,97_Bank Keshavarzi Iran,37
73,98_Tejarat Bank,26
73,99_Bank Melli Iran,25
73,100_Bank Keshavarzi Iran,19
73,101_Bank Melli Iran,27
73,102_Bank Mellat,41
73,103_Bank Maskan,28
73,104_Tejarat Bank,24
73,105_Bank Maskan,26
73,106_Sarmayeh Bank,25
73,107_Bank Sepah,35
73,108_Bank Melli Iran,23
73,109_Sarmayeh Bank,21
73,110_Bank Saderat Iran,25
74,01_Bank Melli Iran,37
74,02_Bank Maskan,48
74,03_Bank Sepah,38
74,04_Bank Mellat,38
74,05_Bank Saderat Iran,45
74,06_Bank Mellat,41
74,07_Mehr,44
74,08_Refah Bank,45
74,09_Bank Maskan,38
74,10_Bank Sepah,38
74,11_Bank Sepah,30
74,12_Melli Bank,27
74,13_EN Bank,32
74,14_Bank Maskan,40
74,15_Bank Maskan,47
74,16_Bank Saderat Iran,46
74,17_Bank Mellat,47
74,18_Saman Bank,42
74,19_Bank Melli Iran,16
74,20_Gardeshgari,38
74,21_Bank Maskan,32
74,22_Samen Bank,41
74,23_Tejarat Bank,45
74,24_Bank Maskan,45
74,25_Bank Melli Iran,18
74,26_Bank Keshavarzi Iran,19
74,27_Bank Saderat Iran,47
74,28_Bank Saderat Iran,34
74,29_Bank Keshavarzi Iran,40
74,30_Bank Sepah,39
74,31_Refah Bank,38
74,32_Shahr Bank,37
74,33_Sepah Bank,42
74,34_Bank of Industry and Mine,39
74,35_Ghavamin Bank,41
74,36_Mehr Eqtesad Bank,37
74,37_Bank Melli Iran,34
74,38_Tejarat Bank,39
74,39_Bank Melli Iran,40
74,40_Bank Mellat,40
74,41_Bank Melli Iran,27
74,42_Bank Saderat Iran,37
74,43_Bank Sepah,40
74,44_Bank Maskan,55
74,45_Tejarat Bank,30
74,46_Bank Saderat Iran,31
74,47_Tejarat Bank,32
74,48_Ansar Bank,36
74,49_Bank Day,38
74,50_Bank Saderat Iran,34
74,51_Kosar Financial Institute,34
74,52_Bank Mellat,39
74,53_Post Bank of Iran,43
74,54_Tejarat Bank,41
74,55_Bank Keshavarzi Iran,43
74,56_Ansar Bank,43
74,57_Bank Melli Iran,40
74,58_Bank Melli Iran,43
74,59_Bank Saderat Iran,57
74,60_Bank Mellat,48
74,61_TT Bank,38
74,62_Bank Sepah,30
74,63_Hekmat Iranian Bank,21
74,64_Bank Mellat,21
74,65_Post Bank of Iran,37
74,66_Refah Bank,46
74,67_Bank Keshavarzi Iran,22
74,68_Refah Bank,43
74,69_Bank Keshavarzi Iran,34
74,70_Bank Melli Iran,34
74,71_Bank Saderat Iran,33
74,72_Qarz Al-Hasaneh Mehr Iran Bank,33
74,73_Bank Maskan,34
74,74_Bank Saderat Iran,14
74,75_Bank Sepah,15
74,76_Tejarat Bank,47
74,77_Bank Melli Iran,25
74,78_Bank mehr iran,31
74,79_Bank Sepah,57
74,80_Bank Sepah,30
74,81_Bank Melli Iran,45
74,82_Shahr Bank,38
74,83_Bank Sepah,44
74,84_Bank Melli Iran,44
74,85_Bank Saderat Iran,46
74,86_Bank Sepah,42
74,87_Bank Keshavarzi Iran,31
74,88_Bank Sepah,36
74,89_Bank Sepah,33
74,90_Bank Melli Iran,46
74,91_Ayandeh Bank,40
74,92_Bank Pasargad,44
74,93_Bank Melli Iran,46
74,94_Bank Mellat,41
74,95_Mehr Eqtesad Bank,41
74,96_EN Bank,39
74,97_Bank Keshavarzi Iran,28
74,98_Tejarat Bank,36
74,99_Bank Melli Iran,35
74,100_Bank Keshavarzi Iran,33
74,101_Bank Melli Iran,42
74,102_Bank Mellat,40
74,103_Bank Maskan,38
74,104_Tejarat Bank,40
74,105_Bank Maskan,42
74,106_Sarmayeh Bank,41
74,107_Bank Sepah,42
74,108_Bank Melli Iran,34
74,109_Sarmayeh Bank,36
74,110_Bank Saderat Iran,38
75,01_Bank Melli Iran,20
75,02_Bank Maskan,27
75,03_Bank Sepah,21
75,04_Bank Mellat,19
75,05_Bank Saderat Iran,24
75,06_Bank Mellat,23
75,07_Mehr,23
75,08_Refah Bank,23
75,09_Bank Maskan,25
75,10_Bank Sepah,35
75,11_Bank Sepah,25
75,12_Melli Bank,29
75,13_EN Bank,29
75,14_Bank Maskan,27
75,15_Bank Maskan,16
75,16_Bank Saderat Iran,15
75,17_Bank Mellat,16
75,18_Saman Bank,22
75,19_Bank Melli Iran,33
75,20_Gardeshgari,21
75,21_Bank Maskan,24
75,22_Samen Bank,21
75,23_Tejarat Bank,17
75,24_Bank Maskan,18
75,25_Bank Melli Iran,28
75,26_Bank Keshavarzi Iran,30
75,27_Bank Saderat Iran,16
75,28_Bank Saderat Iran,28
75,29_Bank Keshavarzi Iran,28
75,30_Bank Sepah,29
75,31_Refah Bank,30
75,32_Shahr Bank,22
75,33_Sepah Bank,6
75,34_Bank of Industry and Mine,10
75,35_Ghavamin Bank,23
75,36_Mehr Eqtesad Bank,32
75,37_Bank Melli Iran,42
75,38_Tejarat Bank,35
75,39_Bank Melli Iran,37
75,40_Bank Mellat,37
75,41_Bank Melli Iran,29
75,42_Bank Saderat Iran,27
75,43_Bank Sepah,25
75,44_Bank Maskan,28
75,45_Tejarat Bank,47
75,46_Bank Saderat Iran,23
75,47_Tejarat Bank,24
75,48_Ansar Bank,25
75,49_Bank Day,24
75,50_Bank Saderat Iran,27
75,51_Kosar Financial Institute,27
75,52_Bank Mellat,26
75,53_Post Bank of Iran,17
75,54_Tejarat Bank,23
75,55_Bank Keshavarzi Iran,22
75,56_Ansar Bank,22
75,57_Bank Melli Iran,24
75,58_Bank Melli Iran,18
75,59_Bank Saderat Iran,30
75,60_Bank Mellat,35
75,61_TT Bank,21
75,62_Bank Sepah,29
75,63_Hekmat Iranian Bank,31
75,64_Bank Mellat,31
75,65_Post Bank of Iran,31
75,66_Refah Bank,6
75,67_Bank Keshavarzi Iran,29
75,68_Refah Bank,47
75,69_Bank Keshavarzi Iran,38
75,70_Bank Melli Iran,38
75,71_Bank Saderat Iran,37
75,72_Qarz Al-Hasaneh Mehr Iran Bank,37
75,73_Bank Maskan,38
75,74_Bank Saderat Iran,31
75,75_Bank Sepah,32
75,76_Tejarat Bank,16
75,77_Bank Melli Iran,22
75,78_Bank mehr iran,26
75,79_Bank Sepah,32
75,80_Bank Sepah,25
75,81_Bank Melli Iran,33
75,82_Shahr Bank,21
75,83_Bank Sepah,9
75,84_Bank Melli Iran,16
75,85_Bank Saderat Iran,10
75,86_Bank Sepah,23
75,87_Bank Keshavarzi Iran,27
75,88_Bank Sepah,26
75,89_Bank Sepah,27
75,90_Bank Melli Iran,16
75,91_Ayandeh Bank,23
75,92_Bank Pasargad,14
75,93_Bank Melli Iran,8
75,94_Bank Mellat,23
75,95_Mehr Eqtesad Bank,24
75,96_EN Bank,27
75,97_Bank Keshavarzi Iran,47
75,98_Tejarat Bank,28
75,99_Bank Melli Iran,29
75,100_Bank Keshavarzi Iran,24
75,101_Bank Melli Iran,22
75,102_Bank Mellat,27
75,103_Bank Maskan,27
75,104_Tejarat Bank,23
75,105_Bank Maskan,23
75,106_Sarmayeh Bank,23
75,107_Bank Sepah,23
75,108_Bank Melli Iran,26
75,109_Sarmayeh Bank,25
75,110_Bank Saderat Iran,22
76,01_Bank Melli Iran,39
76,02_Bank Maskan,49
76,03_Bank Sepah,40
76,04_Bank Mellat,40
76,05_Bank Saderat Iran,46
76,06_Bank Mellat,43
76,07_Mehr,45
76,08_Refah Bank,46
76,09_Bank Maskan,36
76,10_Bank Sepah,41
76,11_Bank Sepah,23
76,12_Melli Bank,15
76,13_EN Bank,35
76,14_Bank Maskan,42
76,15_Bank Maskan,45
76,16_Bank Saderat Iran,44
76,17_Bank Mellat,45
76,18_Saman Bank,38
76,19_Bank Melli Iran,22
76,20_Gardeshgari,34
76,21_Bank Maskan,34
76,22_Samen Bank,37
76,23_Tejarat Bank,40
76,24_Bank Maskan,41
76,25_Bank Melli Iran,22
76,26_Bank Keshavarzi Iran,24
76,27_Bank Saderat Iran,46
76,28_Bank Saderat Iran,38
76,29_Bank Keshavarzi Iran,44
76,30_Bank Sepah,43
76,31_Refah Bank,42
76,32_Shahr Bank,39
76,33_Sepah Bank,41
76,34_Bank of Industry and Mine,41
76,35_Ghavamin Bank,43
76,36_Mehr Eqtesad Bank,40
76,37_Bank Melli Iran,37
76,38_Tejarat Bank,42
76,39_Bank Melli Iran,43
76,40_Bank Mellat,43
76,41_Bank Melli Iran,31
76,42_Bank Saderat Iran,39
76,43_Bank Sepah,43
76,44_Bank Maskan,55
76,45_Tejarat Bank,36
76,46_Bank Saderat Iran,33
76,47_Tejarat Bank,34
76,48_Ansar Bank,35
76,49_Bank Day,36
76,50_Bank Saderat Iran,38
76,51_Kosar Financial Institute,38
76,52_Bank Mellat,41
76,53_Post Bank of Iran,45
76,54_Tejarat Bank,44
76,55_Bank Keshavarzi Iran,46
76,56_Ansar Bank,46
76,57_Bank Melli Iran,43
76,58_Bank Melli Iran,45
76,59_Bank Saderat Iran,57
76,60_Bank Mellat,50
76,61_TT Bank,37
76,62_Bank Sepah,30
76,63_Hekmat Iranian Bank,21
76,64_Bank Mellat,22
76,65_Post Bank of Iran,39
76,66_Refah Bank,41
76,67_Bank Keshavarzi Iran,23
76,68_Refah Bank,45
76,69_Bank Keshavarzi Iran,36
76,70_Bank Melli Iran,36
76,71_Bank Saderat Iran,35
76,72_Qarz Al-Hasaneh Mehr Iran Bank,35
76,73_Bank Maskan,33
76,74_Bank Saderat Iran,20
76,75_Bank Sepah,21
76,76_Tejarat Bank,45
76,77_Bank Melli Iran,27
76,78_Bank mehr iran,29
76,79_Bank Sepah,58
76,80_Bank Sepah,23
76,81_Bank Melli Iran,47
76,82_Shahr Bank,35
76,83_Bank Sepah,39
76,84_Bank Melli Iran,38
76,85_Bank Saderat Iran,41
76,86_Bank Sepah,41
76,87_Bank Keshavarzi Iran,36
76,88_Bank Sepah,35
76,89_Bank Sepah,36
76,90_Bank Melli Iran,45
76,91_Ayandeh Bank,38
76,92_Bank Pasargad,37
76,93_Bank Melli Iran,41
76,94_Bank Mellat,39
76,95_Mehr Eqtesad Bank,39
76,96_EN Bank,44
76,97_Bank Keshavarzi Iran,34
76,98_Tejarat Bank,38
76,99_Bank Melli Iran,37
76,100_Bank Keshavarzi Iran,27
76,101_Bank Melli Iran,38
76,102_Bank Mellat,42
76,103_Bank Maskan,40
76,104_Tejarat Bank,39
76,105_Bank Maskan,40
76,106_Sarmayeh Bank,39
76,107_Bank Sepah,45
76,108_Bank Melli Iran,38
76,109_Sarmayeh Bank,35
76,110_Bank Saderat Iran,35
77,01_Bank Melli Iran,20
77,02_Bank Maskan,27
77,03_Bank Sepah,20
77,04_Bank Mellat,19
77,05_Bank Saderat Iran,24
77,06_Bank Mellat,23
77,07_Mehr,24
77,08_Refah Bank,24
77,09_Bank Maskan,13
77,10_Bank Sepah,32
77,11_Bank Sepah,14
77,12_Melli Bank,23
77,13_EN Bank,18
77,14_Bank Maskan,30
77,15_Bank Maskan,31
77,16_Bank Saderat Iran,30
77,17_Bank Mellat,31
77,18_Saman Bank,6
77,19_Bank Melli Iran,33
77,20_Gardeshgari,6
77,21_Bank Maskan,26
77,22_Samen Bank,6
77,23_Tejarat Bank,13
77,24_Bank Maskan,14
77,25_Bank Melli Iran,22
77,26_Bank Keshavarzi Iran,27
77,27_Bank Saderat Iran,31
77,28_Bank Saderat Iran,20
77,29_Bank Keshavarzi Iran,38
77,30_Bank Sepah,38
77,31_Refah Bank,37
77,32_Shahr Bank,21
77,33_Sepah Bank,25
77,34_Bank of Industry and Mine,26
77,35_Ghavamin Bank,23
77,36_Mehr Eqtesad Bank,35
77,37_Bank Melli Iran,38
77,38_Tejarat Bank,33
77,39_Bank Melli Iran,31
77,40_Bank Mellat,31
77,41_Bank Melli Iran,19
77,42_Bank Saderat Iran,23
77,43_Bank Sepah,28
77,44_Bank Maskan,28
77,45_Tejarat Bank,43
77,46_Bank Saderat Iran,25
77,47_Tejarat Bank,26
77,48_Ansar Bank,9
77,49_Bank Day,10
77,50_Bank Saderat Iran,16
77,51_Kosar Financial Institute,17
77,52_Bank Mellat,25
77,53_Post Bank of Iran,31
77,54_Tejarat Bank,30
77,55_Bank Keshavarzi Iran,31
77,56_Ansar Bank,31
77,57_Bank Melli Iran,29
77,58_Bank Melli Iran,32
77,59_Bank Saderat Iran,31
77,60_Bank Mellat,38
77,61_TT Bank,12
77,62_Bank Sepah,10
77,63_Hekmat Iranian Bank,20
77,64_Bank Mellat,19
77,65_Post Bank of Iran,24
77,66_Refah Bank,21
77,67_Bank Keshavarzi Iran,27
77,68_Refah Bank,51
77,69_Bank Keshavarzi Iran,43
77,70_Bank Melli Iran,43
77,71_Bank Saderat Iran,42
77,72_Qarz Al-Hasaneh Mehr Iran Bank,42
77,73_Bank Maskan,41
77,74_Bank Saderat Iran,33
77,75_Bank Sepah,33
77,76_Tejarat Bank,30
77,77_Bank Melli Iran,23
77,78_Bank mehr iran,17
77,79_Bank Sepah,34
77,80_Bank Sepah,13
77,81_Bank Melli Iran,33
77,82_Shahr Bank,6
77,83_Bank Sepah,18
77,84_Bank Melli Iran,11
77,85_Bank Saderat Iran,20
77,86_Bank Sepah,9
77,87_Bank Keshavarzi Iran,17
77,88_Bank Sepah,9
77,89_Bank Sepah,19
77,90_Bank Melli Iran,31
77,91_Ayandeh Bank,11
77,92_Bank Pasargad,13
77,93_Bank Melli Iran,20
77,94_Bank Mellat,10
77,95_Mehr Eqtesad Bank,10
77,96_EN Bank,24
77,97_Bank Keshavarzi Iran,45
77,98_Tejarat Bank,22
77,99_Bank Melli Iran,21
77,100_Bank Keshavarzi Iran,10
77,101_Bank Melli Iran,6
77,102_Bank Mellat,30
77,103_Bank Maskan,24
77,104_Tejarat Bank,11
77,105_Bank Maskan,7
77,106_Sarmayeh Bank,8
77,107_Bank Sepah,31
77,108_Bank Melli Iran,18
77,109_Sarmayeh Bank,9
77,110_Bank Saderat Iran,5
78,01_Bank Melli Iran,27
78,02_Bank Maskan,35
78,03_Bank Sepah,27
78,04_Bank Mellat,25
78,05_Bank Saderat Iran,32
78,06_Bank Mellat,30
78,07_Mehr,32
78,08_Refah Bank,32
78,09_Bank Maskan,15
78,10_Bank Sepah,32
78,11_Bank Sepah,7
78,12_Melli Bank,14
78,13_EN Bank,18
78,14_Bank Maskan,31
78,15_Bank Maskan,33
78,16_Bank Saderat Iran,32
78,17_Bank Mellat,33
78,18_Saman Bank,18
78,19_Bank Melli Iran,29
78,20_Gardeshgari,12
78,21_Bank Maskan,27
78,22_Samen Bank,17
78,23_Tejarat Bank,22
78,24_Bank Maskan,21
78,25_Bank Melli Iran,17
78,26_Bank Keshavarzi Iran,22
78,27_Bank Saderat Iran,34
78,28_Bank Saderat Iran,23
78,29_Bank Keshavarzi Iran,38
78,30_Bank Sepah,37
78,31_Refah Bank,36
78,32_Shahr Bank,27
78,33_Sepah Bank,30
78,34_Bank of Industry and Mine,29
78,35_Ghavamin Bank,30
78,36_Mehr Eqtesad Bank,34
78,37_Bank Melli Iran,37
78,38_Tejarat Bank,32
78,39_Bank Melli Iran,31
78,40_Bank Mellat,31
78,41_Bank Melli Iran,18
78,42_Bank Saderat Iran,23
78,43_Bank Sepah,28
78,44_Bank Maskan,36
78,45_Tejarat Bank,41
78,46_Bank Saderat Iran,26
78,47_Tejarat Bank,27
78,48_Ansar Bank,13
78,49_Bank Day,14
78,50_Bank Saderat Iran,21
78,51_Kosar Financial Institute,21
78,52_Bank Mellat,25
78,53_Post Bank of Iran,32
78,54_Tejarat Bank,29
78,55_Bank Keshavarzi Iran,30
78,56_Ansar Bank,30
78,57_Bank Melli Iran,28
78,58_Bank Melli Iran,33
78,59_Bank Saderat Iran,39
78,60_Bank Mellat,39
78,61_TT Bank,19
78,62_Bank Sepah,9
78,63_Hekmat Iranian Bank,13
78,64_Bank Mellat,13
78,65_Post Bank of Iran,24
78,66_Refah Bank,27
78,67_Bank Keshavarzi Iran,23
78,68_Refah Bank,47
78,69_Bank Keshavarzi Iran,40
78,70_Bank Melli Iran,40
78,71_Bank Saderat Iran,39
78,72_Qarz Al-Hasaneh Mehr Iran Bank,39
78,73_Bank Maskan,36
78,74_Bank Saderat Iran,30
78,75_Bank Sepah,30
78,76_Tejarat Bank,32
78,77_Bank Melli Iran,23
78,78_Bank mehr iran,14
78,79_Bank Sepah,41
78,80_Bank Sepah,7
78,81_Bank Melli Iran,39
78,82_Shahr Bank,13
78,83_Bank Sepah,24
78,84_Bank Melli Iran,22
78,85_Bank Saderat Iran,26
78,86_Bank Sepah,18
78,87_Bank Keshavarzi Iran,21
78,88_Bank Sepah,13
78,89_Bank Sepah,19
78,90_Bank Melli Iran,33
78,91_Ayandeh Bank,16
78,92_Bank Pasargad,22
78,93_Bank Melli Iran,26
78,94_Bank Mellat,17
78,95_Mehr Eqtesad Bank,16
78,96_EN Bank,27
78,97_Bank Keshavarzi Iran,43
78,98_Tejarat Bank,22
78,99_Bank Melli Iran,21
78,100_Bank Keshavarzi Iran,8
78,101_Bank Melli Iran,18
78,102_Bank Mellat,31
78,103_Bank Maskan,24
78,104_Tejarat Bank,16
78,105_Bank Maskan,17
78,106_Sarmayeh Bank,17
78,107_Bank Sepah,30
78,108_Bank Melli Iran,22
78,109_Sarmayeh Bank,13
78,110_Bank Saderat Iran,13
79,01_Bank Melli Iran,33
79,02_Bank Maskan,41
79,03_Bank Sepah,32
79,04_Bank Mellat,30
79,05_Bank Saderat Iran,38
79,06_Bank Mellat,36
79,07_Mehr,37
79,08_Refah Bank,37
79,09_Bank Maskan,20
79,10_Bank Sepah,39
79,11_Bank Sepah,5
79,12_Melli Bank,7
79,13_EN Bank,25
79,14_Bank Maskan,36
79,15_Bank Maskan,35
79,16_Bank Saderat Iran,34
79,17_Bank Mellat,35
79,18_Saman Bank,23
79,19_Bank Melli Iran,26
79,20_Gardeshgari,17
79,21_Bank Maskan,32
79,22_Samen Bank,22
79,23_Tejarat Bank,29
79,24_Bank Maskan,29
79,25_Bank Melli Iran,16
79,26_Bank Keshavarzi Iran,22
79,27_Bank Saderat Iran,36
79,28_Bank Saderat Iran,30
79,29_Bank Keshavarzi Iran,43
79,30_Bank Sepah,43
79,31_Refah Bank,42
79,32_Shahr Bank,33
79,33_Sepah Bank,31
79,34_Bank of Industry and Mine,30
79,35_Ghavamin Bank,36
79,36_Mehr Eqtesad Bank,40
79,37_Bank Melli Iran,39
79,38_Tejarat Bank,39
79,39_Bank Melli Iran,38
79,40_Bank Mellat,38
79,41_Bank Melli Iran,25
79,42_Bank Saderat Iran,30
79,43_Bank Sepah,35
79,44_Bank Maskan,42
79,45_Tejarat Bank,43
79,46_Bank Saderat Iran,30
79,47_Tejarat Bank,31
79,48_Ansar Bank,21
79,49_Bank Day,22
79,50_Bank Saderat Iran,28
79,51_Kosar Financial Institute,28
79,52_Bank Mellat,32
79,53_Post Bank of Iran,36
79,54_Tejarat Bank,37
79,55_Bank Keshavarzi Iran,38
79,56_Ansar Bank,38
79,57_Bank Melli Iran,36
79,58_Bank Melli Iran,37
79,59_Bank Saderat Iran,44
79,60_Bank Mellat,44
79,61_TT Bank,23
79,62_Bank Sepah,17
79,63_Hekmat Iranian Bank,12
79,64_Bank Mellat,13
79,65_Post Bank of Iran,31
79,66_Refah Bank,30
79,67_Bank Keshavarzi Iran,19
79,68_Refah Bank,45
79,69_Bank Keshavarzi Iran,32
79,70_Bank Melli Iran,32
79,71_Bank Saderat Iran,31
79,72_Qarz Al-Hasaneh Mehr Iran Bank,31
79,73_Bank Maskan,28
79,74_Bank Saderat Iran,26
79,75_Bank Sepah,26
79,76_Tejarat Bank,35
79,77_Bank Melli Iran,26
79,78_Bank mehr iran,12
79,79_Bank Sepah,47
79,80_Bank Sepah,6
79,81_Bank Melli Iran,44
79,82_Shahr Bank,17
79,83_Bank Sepah,27
79,84_Bank Melli Iran,26
79,85_Bank Saderat Iran,29
79,86_Bank Sepah,26
79,87_Bank Keshavarzi Iran,28
79,88_Bank Sepah,21
79,89_Bank Sepah,26
79,90_Bank Melli Iran,35
79,91_Ayandeh Bank,23
79,92_Bank Pasargad,25
79,93_Bank Melli Iran,29
79,94_Bank Mellat,24
79,95_Mehr Eqtesad Bank,24
79,96_EN Bank,34
79,97_Bank Keshavarzi Iran,42
79,98_Tejarat Bank,29
79,99_Bank Melli Iran,28
79,100_Bank Keshavarzi Iran,9
79,101_Bank Melli Iran,23
79,102_Bank Mellat,36
79,103_Bank Maskan,31
79,104_Tejarat Bank,23
79,105_Bank Maskan,25
79,106_Sarmayeh Bank,24
79,107_Bank Sepah,38
79,108_Bank Melli Iran,29
79,109_Sarmayeh Bank,21
79,110_Bank Saderat Iran,18
80,01_Bank Melli Iran,39
80,02_Bank Maskan,47
80,03_Bank Sepah,39
80,04_Bank Mellat,37
80,05_Bank Saderat Iran,44
80,06_Bank Mellat,42
80,07_Mehr,43
80,08_Refah Bank,43
80,09_Bank Maskan,31
80,10_Bank Sepah,41
80,11_Bank Sepah,17
80,12_Melli Bank,13
80,13_EN Bank,29
80,14_Bank Maskan,44
80,15_Bank Maskan,44
80,16_Bank Saderat Iran,43
80,17_Bank Mellat,44
80,18_Saman Bank,34
80,19_Bank Melli Iran,19
80,20_Gardeshgari,28
80,21_Bank Maskan,36
80,22_Samen Bank,33
80,23_Tejarat Bank,37
80,24_Bank Maskan,37
80,25_Bank Melli Iran,16
80,26_Bank Keshavarzi Iran,20
80,27_Bank Saderat Iran,44
80,28_Bank Saderat Iran,32
80,29_Bank Keshavarzi Iran,43
80,30_Bank Sepah,42
80,31_Refah Bank,41
80,32_Shahr Bank,40
80,33_Sepah Bank,39
80,34_Bank of Industry and Mine,40
80,35_Ghavamin Bank,42
80,36_Mehr Eqtesad Bank,40
80,37_Bank Melli Iran,38
80,38_Tejarat Bank,41
80,39_Bank Melli Iran,41
80,40_Bank Mellat,40
80,41_Bank Melli Iran,25
80,42_Bank Saderat Iran,33
80,43_Bank Sepah,38
80,44_Bank Maskan,49
80,45_Tejarat Bank,39
80,46_Bank Saderat Iran,35
80,47_Tejarat Bank,36
80,48_Ansar Bank,28
80,49_Bank Day,29
80,50_Bank Saderat Iran,32
80,51_Kosar Financial Institute,32
80,52_Bank Mellat,35
80,53_Post Bank of Iran,43
80,54_Tejarat Bank,40
80,55_Bank Keshavarzi Iran,41
80,56_Ansar Bank,41
80,57_Bank Melli Iran,39
80,58_Bank Melli Iran,42
80,59_Bank Saderat Iran,52
80,60_Bank Mellat,52
80,61_TT Bank,34
80,62_Bank Sepah,22
80,63_Hekmat Iranian Bank,12
80,64_Bank Mellat,12
80,65_Post Bank of Iran,34
80,66_Refah Bank,38
80,67_Bank Keshavarzi Iran,19
80,68_Refah Bank,47
80,69_Bank Keshavarzi Iran,33
80,70_Bank Melli Iran,33
80,71_Bank Saderat Iran,32
80,72_Qarz Al-Hasaneh Mehr Iran Bank,32
80,73_Bank Maskan,30
80,74_Bank Saderat Iran,21
80,75_Bank Sepah,21
80,76_Tejarat Bank,43
80,77_Bank Melli Iran,29
80,78_Bank mehr iran,23
80,79_Bank Sepah,55
80,80_Bank Sepah,17
80,81_Bank Melli Iran,49
80,82_Shahr Bank,29
80,83_Bank Sepah,35
80,84_Bank Melli Iran,34
80,85_Bank Saderat Iran,37
80,86_Bank Sepah,33
80,87_Bank Keshavarzi Iran,30
80,88_Bank Sepah,28
80,89_Bank Sepah,30
80,90_Bank Melli Iran,44
80,91_Ayandeh Bank,31
80,92_Bank Pasargad,33
80,93_Bank Melli Iran,37
80,94_Bank Mellat,32
80,95_Mehr Eqtesad Bank,32
80,96_EN Bank,37
80,97_Bank Keshavarzi Iran,37
80,98_Tejarat Bank,32
80,99_Bank Melli Iran,31
80,100_Bank Keshavarzi Iran,21
80,101_Bank Melli Iran,34
80,102_Bank Mellat,44
80,103_Bank Maskan,34
80,104_Tejarat Bank,31
80,105_Bank Maskan,33
80,106_Sarmayeh Bank,32
80,107_Bank Sepah,41
80,108_Bank Melli Iran,32
80,109_Sarmayeh Bank,28
80,110_Bank Saderat Iran,29
81,01_Bank Melli Iran,24
81,02_Bank Maskan,31
81,03_Bank Sepah,25
81,04_Bank Mellat,23
81,05_Bank Saderat Iran,28
81,06_Bank Mellat,27
81,07_Mehr,27
81,08_Refah Bank,27
81,09_Bank Maskan,29
81,10_Bank Sepah,41
81,11_Bank Sepah,30
81,12_Melli Bank,34
81,13_EN Bank,34
81,14_Bank Maskan,31
81,15_Bank Maskan,23
81,16_Bank Saderat Iran,22
81,17_Bank Mellat,23
81,18_Saman Bank,24
81,19_Bank Melli Iran,36
81,20_Gardeshgari,26
81,21_Bank Maskan,28
81,22_Samen Bank,23
81,23_Tejarat Bank,21
81,24_Bank Maskan,22
81,25_Bank Melli Iran,30
81,26_Bank Keshavarzi Iran,32
81,27_Bank Saderat Iran,23
81,28_Bank Saderat Iran,32
81,29_Bank Keshavarzi Iran,35
81,30_Bank Sepah,35
81,31_Refah Bank,36
81,32_Shahr Bank,26
81,33_Sepah Bank,9
81,34_Bank of Industry and Mine,6
81,35_Ghavamin Bank,27
81,36_Mehr Eqtesad Bank,38
81,37_Bank Melli Iran,47
81,38_Tejarat Bank,41
81,39_Bank Melli Iran,43
81,40_Bank Mellat,43
81,41_Bank Melli Iran,32
81,42_Bank Saderat Iran,33
81,43_Bank Sepah,31
81,44_Bank Maskan,32
81,45_Tejarat Bank,51
81,46_Bank Saderat Iran,27
81,47_Tejarat Bank,28
81,48_Ansar Bank,29
81,49_Bank Day,28
81,50_Bank Saderat Iran,29
81,51_Kosar Financial Institute,29
81,52_Bank Mellat,32
81,53_Post Bank of Iran,24
81,54_Tejarat Bank,30
81,55_Bank Keshavarzi Iran,28
81,56_Ansar Bank,28
81,57_Bank Melli Iran,30
81,58_Bank Melli Iran,25
81,59_Bank Saderat Iran,34
81,60_Bank Mellat,39
81,61_TT Bank,25
81,62_Bank Sepah,32
81,63_Hekmat Iranian Bank,33
81,64_Bank Mellat,33
81,65_Post Bank of Iran,37
81,66_Refah Bank,11
81,67_Bank Keshavarzi Iran,31
81,68_Refah Bank,50
81,69_Bank Keshavarzi Iran,41
81,70_Bank Melli Iran,41
81,71_Bank Saderat Iran,40
81,72_Qarz Al-Hasaneh Mehr Iran Bank,40
81,73_Bank Maskan,41
81,74_Bank Saderat Iran,34
81,75_Bank Sepah,35
81,76_Tejarat Bank,22
81,77_Bank Melli Iran,26
81,78_Bank mehr iran,30
81,79_Bank Sepah,36
81,80_Bank Sepah,30
81,81_Bank Melli Iran,37
81,82_Shahr Bank,26
81,83_Bank Sepah,12
81,84_Bank Melli Iran,19
81,85_Bank Saderat Iran,13
81,86_Bank Sepah,26
81,87_Bank Keshavarzi Iran,28
81,88_Bank Sepah,30
81,89_Bank Sepah,33
81,90_Bank Melli Iran,23
81,91_Ayandeh Bank,27
81,92_Bank Pasargad,17
81,93_Bank Melli Iran,11
81,94_Bank Mellat,26
81,95_Mehr Eqtesad Bank,27
81,96_EN Bank,31
81,97_Bank Keshavarzi Iran,51
81,98_Tejarat Bank,34
81,99_Bank Melli Iran,35
81,100_Bank Keshavarzi Iran,29
81,101_Bank Melli Iran,25
81,102_Bank Mellat,31
81,103_Bank Maskan,33
81,104_Tejarat Bank,27
81,105_Bank Maskan,26
81,106_Sarmayeh Bank,27
81,107_Bank Sepah,29
81,108_Bank Melli Iran,28
81,109_Sarmayeh Bank,29
81,110_Bank Saderat Iran,27
82,01_Bank Melli Iran,18
82,02_Bank Maskan,25
82,03_Bank Sepah,15
82,04_Bank Mellat,14
82,05_Bank Saderat Iran,22
82,06_Bank Mellat,21
82,07_Mehr,21
82,08_Refah Bank,21
82,09_Bank Maskan,13
82,10_Bank Sepah,39
82,11_Bank Sepah,21
82,12_Melli Bank,27
82,13_EN Bank,25
82,14_Bank Maskan,29
82,15_Bank Maskan,26
82,16_Bank Saderat Iran,25
82,17_Bank Mellat,26
82,18_Saman Bank,14
82,19_Bank Melli Iran,33
82,20_Gardeshgari,9
82,21_Bank Maskan,25
82,22_Samen Bank,13
82,23_Tejarat Bank,13
82,24_Bank Maskan,13
82,25_Bank Melli Iran,29
82,26_Bank Keshavarzi Iran,32
82,27_Bank Saderat Iran,26
82,28_Bank Saderat Iran,30
82,29_Bank Keshavarzi Iran,38
82,30_Bank Sepah,39
82,31_Refah Bank,38
82,32_Shahr Bank,20
82,33_Sepah Bank,20
82,34_Bank of Industry and Mine,17
82,35_Ghavamin Bank,21
82,36_Mehr Eqtesad Bank,38
82,37_Bank Melli Iran,44
82,38_Tejarat Bank,39
82,39_Bank Melli Iran,38
82,40_Bank Mellat,38
82,41_Bank Melli Iran,27
82,42_Bank Saderat Iran,30
82,43_Bank Sepah,32
82,44_Bank Maskan,26
82,45_Tejarat Bank,47
82,46_Bank Saderat Iran,24
82,47_Tejarat Bank,25
82,48_Ansar Bank,19
82,49_Bank Day,20
82,50_Bank Saderat Iran,24
82,51_Kosar Financial Institute,24
82,52_Bank Mellat,30
82,53_Post Bank of Iran,27
82,54_Tejarat Bank,31
82,55_Bank Keshavarzi Iran,31
82,56_Ansar Bank,31
82,57_Bank Melli Iran,31
82,58_Bank Melli Iran,28
82,59_Bank Saderat Iran,28
82,60_Bank Mellat,37
82,61_TT Bank,5
82,62_Bank Sepah,21
82,63_Hekmat Iranian Bank,29
82,64_Bank Mellat,29
82,65_Post Bank of Iran,31
82,66_Refah Bank,16
82,67_Bank Keshavarzi Iran,31
82,68_Refah Bank,47
82,69_Bank Keshavarzi Iran,38
82,70_Bank Melli Iran,38
82,71_Bank Saderat Iran,37
82,72_Qarz Al-Hasaneh Mehr Iran Bank,37
82,73_Bank Maskan,38
82,74_Bank Saderat Iran,31
82,75_Bank Sepah,32
82,76_Tejarat Bank,25
82,77_Bank Melli Iran,20
82,78_Bank mehr iran,22
82,79_Bank Sepah,30
82,80_Bank Sepah,21
82,81_Bank Melli Iran,31
82,82_Shahr Bank,9
82,83_Bank Sepah,13
82,84_Bank Melli Iran,9
82,85_Bank Saderat Iran,15
82,86_Bank Sepah,17
82,87_Bank Keshavarzi Iran,27
82,88_Bank Sepah,19
82,89_Bank Sepah,26
82,90_Bank Melli Iran,26
82,91_Ayandeh Bank,19
82,92_Bank Pasargad,8
82,93_Bank Melli Iran,15
82,94_Bank Mellat,18
82,95_Mehr Eqtesad Bank,18
82,96_EN Bank,31
82,97_Bank Keshavarzi Iran,47
82,98_Tejarat Bank,29
82,99_Bank Melli Iran,28
82,100_Bank Keshavarzi Iran,17
82,101_Bank Melli Iran,14
82,102_Bank Mellat,29
82,103_Bank Maskan,30
82,104_Tejarat Bank,19
82,105_Bank Maskan,16
82,106_Sarmayeh Bank,17
82,107_Bank Sepah,32
82,108_Bank Melli Iran,25
82,109_Sarmayeh Bank,19
82,110_Bank Saderat Iran,10
83,01_Bank Melli Iran,16
83,02_Bank Maskan,25
83,03_Bank Sepah,14
83,04_Bank Mellat,12
83,05_Bank Saderat Iran,22
83,06_Bank Mellat,21
83,07_Mehr,21
83,08_Refah Bank,21
83,09_Bank Maskan,3
83,10_Bank Sepah,35
83,11_Bank Sepah,13
83,12_Melli Bank,22
83,13_EN Bank,21
83,14_Bank Maskan,26
83,15_Bank Maskan,25
83,16_Bank Saderat Iran,24
83,17_Bank Mellat,25
83,18_Saman Bank,13
83,19_Bank Melli Iran,32
83,20_Gardeshgari,7
83,21_Bank Maskan,22
83,22_Samen Bank,12
83,23_Tejarat Bank,20
83,24_Bank Maskan,21
83,25_Bank Melli Iran,26
83,26_Bank Keshavarzi Iran,30
83,27_Bank Saderat Iran,25
83,28_Bank Saderat Iran,26
83,29_Bank Keshavarzi Iran,37
83,30_Bank Sepah,37
83,31_Refah Bank,36
83,32_Shahr Bank,19
83,33_Sepah Bank,21
83,34_Bank of Industry and Mine,17
83,35_Ghavamin Bank,21
83,36_Mehr Eqtesad Bank,35
83,37_Bank Melli Iran,40
83,38_Tejarat Bank,35
83,39_Bank Melli Iran,34
83,40_Bank Mellat,34
83,41_Bank Melli Iran,23
83,42_Bank Saderat Iran,26
83,43_Bank Sepah,29
83,44_Bank Maskan,26
83,45_Tejarat Bank,44
83,46_Bank Saderat Iran,21
83,47_Tejarat Bank,22
83,48_Ansar Bank,17
83,49_Bank Day,18
83,50_Bank Saderat Iran,25
83,51_Kosar Financial Institute,25
83,52_Bank Mellat,27
83,53_Post Bank of Iran,26
83,54_Tejarat Bank,31
83,55_Bank Keshavarzi Iran,30
83,56_Ansar Bank,30
83,57_Bank Melli Iran,30
83,58_Bank Melli Iran,27
83,59_Bank Saderat Iran,28
83,60_Bank Mellat,34
83,61_TT Bank,7
83,62_Bank Sepah,17
83,63_Hekmat Iranian Bank,25
83,64_Bank Mellat,26
83,65_Post Bank of Iran,27
83,66_Refah Bank,23
83,67_Bank Keshavarzi Iran,28
83,68_Refah Bank,45
83,69_Bank Keshavarzi Iran,37
83,70_Bank Melli Iran,37
83,71_Bank Saderat Iran,36
83,72_Qarz Al-Hasaneh Mehr Iran Bank,36
83,73_Bank Maskan,36
83,74_Bank Saderat Iran,30
83,75_Bank Sepah,31
83,76_Tejarat Bank,24
83,77_Bank Melli Iran,14
83,78_Bank mehr iran,12
83,79_Bank Sepah,30
83,80_Bank Sepah,13
83,81_Bank Melli Iran,31
83,82_Shahr Bank,8
83,83_Bank Sepah,21
83,84_Bank Melli Iran,17
83,85_Bank Saderat Iran,23
83,86_Bank Sepah,17
83,87_Bank Keshavarzi Iran,25
83,88_Bank Sepah,18
83,89_Bank Sepah,22
83,90_Bank Melli Iran,25
83,91_Ayandeh Bank,19
83,92_Bank Pasargad,16
83,93_Bank Melli Iran,23
83,94_Bank Mellat,18
83,95_Mehr Eqtesad Bank,17
83,96_EN Bank,30
83,97_Bank Keshavarzi Iran,46
83,98_Tejarat Bank,25
83,99_Bank Melli Iran,24
83,100_Bank Keshavarzi Iran,9
83,101_Bank Melli Iran,13
83,102_Bank Mellat,26
83,103_Bank Maskan,27
83,104_Tejarat Bank,18
83,105_Bank Maskan,15
83,106_Sarmayeh Bank,16
83,107_Bank Sepah,31
83,108_Bank Melli Iran,26
83,109_Sarmayeh Bank,17
83,110_Bank Saderat Iran,8
84,01_Bank Melli Iran,22
84,02_Bank Maskan,30
84,03_Bank Sepah,20
84,04_Bank Mellat,19
84,05_Bank Saderat Iran,27
84,06_Bank Mellat,26
84,07_Mehr,26
84,08_Refah Bank,26
84,09_Bank Maskan,26
84,10_Bank Sepah,45
84,11_Bank Sepah,36
84,12_Melli Bank,40
84,13_EN Bank,36
84,14_Bank Maskan,31
84,15_Bank Maskan,27
84,16_Bank Saderat Iran,26
84,17_Bank Mellat,27
84,18_Saman Bank,25
84,19_Bank Melli Iran,37
84,20_Gardeshgari,26
84,21_Bank Maskan,28
84,22_Samen Bank,24
84,23_Tejarat Bank,23
84,24_Bank Maskan,24
84,25_Bank Melli Iran,35
84,26_Bank Keshavarzi Iran,37
84,27_Bank Saderat Iran,27
84,28_Bank Saderat Iran,37
84,29_Bank Keshavarzi Iran,39
84,30_Bank Sepah,39
84,31_Refah Bank,40
84,32_Shahr Bank,19
84,33_Sepah Bank,16
84,34_Bank of Industry and Mine,12
84,35_Ghavamin Bank,26
84,36_Mehr Eqtesad Bank,42
84,37_Bank Melli Iran,50
84,38_Tejarat Bank,45
84,39_Bank Melli Iran,47
84,40_Bank Mellat,47
84,41_Bank Melli Iran,37
84,42_Bank Saderat Iran,37
84,43_Bank Sepah,35
84,44_Bank Maskan,31
84,45_Tejarat Bank,54
84,46_Bank Saderat Iran,27
84,47_Tejarat Bank,28
84,48_Ansar Bank,33
84,49_Bank Day,31
84,50_Bank Saderat Iran,35
84,51_Kosar Financial Institute,35
84,52_Bank Mellat,36
84,53_Post Bank of Iran,28
84,54_Tejarat Bank,34
84,55_Bank Keshavarzi Iran,32
84,56_Ansar Bank,32
84,57_Bank Melli Iran,34
84,58_Bank Melli Iran,29
84,59_Bank Saderat Iran,34
84,60_Bank Mellat,39
84,61_TT Bank,19
84,62_Bank Sepah,33
84,63_Hekmat Iranian Bank,38
84,64_Bank Mellat,38
84,65_Post Bank of Iran,40
84,66_Refah Bank,20
84,67_Bank Keshavarzi Iran,37
84,68_Refah Bank,51
84,69_Bank Keshavarzi Iran,42
84,70_Bank Melli Iran,42
84,71_Bank Saderat Iran,41
84,72_Qarz Al-Hasaneh Mehr Iran Bank,41
84,73_Bank Maskan,42
84,74_Bank Saderat Iran,35
84,75_Bank Sepah,36
84,76_Tejarat Bank,26
84,77_Bank Melli Iran,26
84,78_Bank mehr iran,32
84,79_Bank Sepah,36
84,80_Bank Sepah,36
84,81_Bank Melli Iran,36
84,82_Shahr Bank,26
84,83_Bank Sepah,22
84,84_Bank Melli Iran,20
84,85_Bank Saderat Iran,23
84,86_Bank Sepah,27
84,87_Bank Keshavarzi Iran,35
84,88_Bank Sepah,34
84,89_Bank Sepah,36
84,90_Bank Melli Iran,27
84,91_Ayandeh Bank,30
84,92_Bank Pasargad,18
84,93_Bank Melli Iran,21
84,94_Bank Mellat,28
84,95_Mehr Eqtesad Bank,29
84,96_EN Bank,36
84,97_Bank Keshavarzi Iran,53
84,98_Tejarat Bank,38
84,99_Bank Melli Iran,38
84,100_Bank Keshavarzi Iran,32
84,101_Bank Melli Iran,25
84,102_Bank Mellat,31
84,103_Bank Maskan,37
84,104_Tejarat Bank,29
84,105_Bank Maskan,27
84,106_Sarmayeh Bank,28
84,107_Bank Sepah,33
84,108_Bank Melli Iran,35
84,109_Sarmayeh Bank,33
84,110_Bank Saderat Iran,27
85,01_Bank Melli Iran,22
85,02_Bank Maskan,33
85,03_Bank Sepah,19
85,04_Bank Mellat,18
85,05_Bank Saderat Iran,30
85,06_Bank Mellat,27
85,07_Mehr,29
85,08_Refah Bank,30
85,09_Bank Maskan,12
85,10_Bank Sepah,39
85,11_Bank Sepah,10
85,12_Melli Bank,18
85,13_EN Bank,25
85,14_Bank Maskan,26
85,15_Bank Maskan,27
85,16_Bank Saderat Iran,26
85,17_Bank Mellat,27
85,18_Saman Bank,20
85,19_Bank Melli Iran,33
85,20_Gardeshgari,14
85,21_Bank Maskan,22
85,22_Samen Bank,19
85,23_Tejarat Bank,28
85,24_Bank Maskan,28
85,25_Bank Melli Iran,24
85,26_Bank Keshavarzi Iran,30
85,27_Bank Saderat Iran,27
85,28_Bank Saderat Iran,30
85,29_Bank Keshavarzi Iran,39
85,30_Bank Sepah,39
85,31_Refah Bank,39
85,32_Shahr Bank,25
85,33_Sepah Bank,22
85,34_Bank of Industry and Mine,19
85,35_Ghavamin Bank,28
85,36_Mehr Eqtesad Bank,37
85,37_Bank Melli Iran,41
85,38_Tejarat Bank,39
85,39_Bank Melli Iran,38
85,40_Bank Mellat,38
85,41_Bank Melli Iran,27
85,42_Bank Saderat Iran,30
85,43_Bank Sepah,33
85,44_Bank Maskan,35
85,45_Tejarat Bank,45
85,46_Bank Saderat Iran,21
85,47_Tejarat Bank,22
85,48_Ansar Bank,23
85,49_Bank Day,24
85,50_Bank Saderat Iran,30
85,51_Kosar Financial Institute,31
85,52_Bank Mellat,31
85,53_Post Bank of Iran,28
85,54_Tejarat Bank,34
85,55_Bank Keshavarzi Iran,32
85,56_Ansar Bank,32
85,57_Bank Melli Iran,33
85,58_Bank Melli Iran,29
85,59_Bank Saderat Iran,37
85,60_Bank Mellat,34
85,61_TT Bank,15
85,62_Bank Sepah,20
85,63_Hekmat Iranian Bank,23
85,64_Bank Mellat,23
85,65_Post Bank of Iran,31
85,66_Refah Bank,25
85,67_Bank Keshavarzi Iran,27
85,68_Refah Bank,41
85,69_Bank Keshavarzi Iran,35
85,70_Bank Melli Iran,35
85,71_Bank Saderat Iran,34
85,72_Qarz Al-Hasaneh Mehr Iran Bank,34
85,73_Bank Maskan,33
85,74_Bank Saderat Iran,32
85,75_Bank Sepah,32
85,76_Tejarat Bank,26
85,77_Bank Melli Iran,13
85,78_Bank mehr iran,3
85,79_Bank Sepah,38
85,80_Bank Sepah,10
85,81_Bank Melli Iran,34
85,82_Shahr Bank,15
85,83_Bank Sepah,25
85,84_Bank Melli Iran,24
85,85_Bank Saderat Iran,27
85,86_Bank Sepah,24
85,87_Bank Keshavarzi Iran,30
85,88_Bank Sepah,23
85,89_Bank Sepah,26
85,90_Bank Melli Iran,27
85,91_Ayandeh Bank,25
85,92_Bank Pasargad,23
85,93_Bank Melli Iran,26
85,94_Bank Mellat,25
85,95_Mehr Eqtesad Bank,25
85,96_EN Bank,33
85,97_Bank Keshavarzi Iran,47
85,98_Tejarat Bank,29
85,99_Bank Melli Iran,28
85,100_Bank Keshavarzi Iran,9
85,101_Bank Melli Iran,21
85,102_Bank Mellat,26
85,103_Bank Maskan,31
85,104_Tejarat Bank,25
85,105_Bank Maskan,23
85,106_Sarmayeh Bank,23
85,107_Bank Sepah,33
85,108_Bank Melli Iran,31
85,109_Sarmayeh Bank,23
85,110_Bank Saderat Iran,15
86,01_Bank Melli Iran,15
86,02_Bank Maskan,28
86,03_Bank Sepah,13
86,04_Bank Mellat,11
86,05_Bank Saderat Iran,25
86,06_Bank Mellat,23
86,07_Mehr,24
86,08_Refah Bank,24
86,09_Bank Maskan,17
86,10_Bank Sepah,40
86,11_Bank Sepah,22
86,12_Melli Bank,29
86,13_EN Bank,26
86,14_Bank Maskan,22
86,15_Bank Maskan,27
86,16_Bank Saderat Iran,26
86,17_Bank Mellat,27
86,18_Saman Bank,24
86,19_Bank Melli Iran,29
86,20_Gardeshgari,18
86,21_Bank Maskan,18
86,22_Samen Bank,23
86,23_Tejarat Bank,30
86,24_Bank Maskan,31
86,25_Bank Melli Iran,27
86,26_Bank Keshavarzi Iran,29
86,27_Bank Saderat Iran,27
86,28_Bank Saderat Iran,31
86,29_Bank Keshavarzi Iran,39
86,30_Bank Sepah,39
86,31_Refah Bank,38
86,32_Shahr Bank,18
86,33_Sepah Bank,23
86,34_Bank of Industry and Mine,19
86,35_Ghavamin Bank,23
86,36_Mehr Eqtesad Bank,37
86,37_Bank Melli Iran,41
86,38_Tejarat Bank,39
86,39_Bank Melli Iran,39
86,40_Bank Mellat,39
86,41_Bank Melli Iran,28
86,42_Bank Saderat Iran,31
86,43_Bank Sepah,33
86,44_Bank Maskan,29
86,45_Tejarat Bank,44
86,46_Bank Saderat Iran,17
86,47_Tejarat Bank,18
86,48_Ansar Bank,24
86,49_Bank Day,25
86,50_Bank Saderat Iran,32
86,51_Kosar Financial Institute,32
86,52_Bank Mellat,31
86,53_Post Bank of Iran,28
86,54_Tejarat Bank,34
86,55_Bank Keshavarzi Iran,33
86,56_Ansar Bank,33
86,57_Bank Melli Iran,34
86,58_Bank Melli Iran,29
86,59_Bank Saderat Iran,31
86,60_Bank Mellat,30
86,61_TT Bank,12
86,62_Bank Sepah,22
86,63_Hekmat Iranian Bank,28
86,64_Bank Mellat,28
86,65_Post Bank of Iran,32
86,66_Refah Bank,27
86,67_Bank Keshavarzi Iran,29
86,68_Refah Bank,42
86,69_Bank Keshavarzi Iran,34
86,70_Bank Melli Iran,34
86,71_Bank Saderat Iran,33
86,72_Qarz Al-Hasaneh Mehr Iran Bank,33
86,73_Bank Maskan,34
86,74_Bank Saderat Iran,27
86,75_Bank Sepah,28
86,76_Tejarat Bank,27
86,77_Bank Melli Iran,7
86,78_Bank mehr iran,15
86,79_Bank Sepah,33
86,80_Bank Sepah,22
86,81_Bank Melli Iran,29
86,82_Shahr Bank,18
86,83_Bank Sepah,29
86,84_Bank Melli Iran,26
86,85_Bank Saderat Iran,30
86,86_Bank Sepah,28
86,87_Bank Keshavarzi Iran,31
86,88_Bank Sepah,24
86,89_Bank Sepah,27
86,90_Bank Melli Iran,27
86,91_Ayandeh Bank,27
86,92_Bank Pasargad,25
86,93_Bank Melli Iran,28
86,94_Bank Mellat,27
86,95_Mehr Eqtesad Bank,27
86,96_EN Bank,34
86,97_Bank Keshavarzi Iran,44
86,98_Tejarat Bank,30
86,99_Bank Melli Iran,29
86,100_Bank Keshavarzi Iran,17
86,101_Bank Melli Iran,24
86,102_Bank Mellat,22
86,103_Bank Maskan,31
86,104_Tejarat Bank,27
86,105_Bank Maskan,26
86,106_Sarmayeh Bank,27
86,107_Bank Sepah,34
86,108_Bank Melli Iran,32
86,109_Sarmayeh Bank,24
86,110_Bank Saderat Iran,19
87,01_Bank Melli Iran,2
87,02_Bank Maskan,18
87,03_Bank Sepah,4
87,04_Bank Mellat,6
87,05_Bank Saderat Iran,15
87,06_Bank Mellat,11
87,07_Mehr,14
87,08_Refah Bank,14
87,09_Bank Maskan,21
87,10_Bank Sepah,38
87,11_Bank Sepah,28
87,12_Melli Bank,34
87,13_EN Bank,26
87,14_Bank Maskan,26
87,15_Bank Maskan,26
87,16_Bank Saderat Iran,25
87,17_Bank Mellat,26
87,18_Saman Bank,22
87,19_Bank Melli Iran,34
87,20_Gardeshgari,18
87,21_Bank Maskan,16
87,22_Samen Bank,23
87,23_Tejarat Bank,29
87,24_Bank Maskan,29
87,25_Bank Melli Iran,30
87,26_Bank Keshavarzi Iran,33
87,27_Bank Saderat Iran,25
87,28_Bank Saderat Iran,31
87,29_Bank Keshavarzi Iran,36
87,30_Bank Sepah,34
87,31_Refah Bank,34
87,32_Shahr Bank,4
87,33_Sepah Bank,21
87,34_Bank of Industry and Mine,17
87,35_Ghavamin Bank,12
87,36_Mehr Eqtesad Bank,36
87,37_Bank Melli Iran,44
87,38_Tejarat Bank,37
87,39_Bank Melli Iran,39
87,40_Bank Mellat,39
87,41_Bank Melli Iran,28
87,42_Bank Saderat Iran,29
87,43_Bank Sepah,29
87,44_Bank Maskan,19
87,45_Tejarat Bank,48
87,46_Bank Saderat Iran,14
87,47_Tejarat Bank,15
87,48_Ansar Bank,21
87,49_Bank Day,22
87,50_Bank Saderat Iran,29
87,51_Kosar Financial Institute,29
87,52_Bank Mellat,28
87,53_Post Bank of Iran,26
87,54_Tejarat Bank,29
87,55_Bank Keshavarzi Iran,28
87,56_Ansar Bank,28
87,57_Bank Melli Iran,29
87,58_Bank Melli Iran,26
87,59_Bank Saderat Iran,21
87,60_Bank Mellat,33
87,61_TT Bank,15
87,62_Bank Sepah,22
87,63_Hekmat Iranian Bank,30
87,64_Bank Mellat,30
87,65_Post Bank of Iran,32
87,66_Refah Bank,25
87,67_Bank Keshavarzi Iran,32
87,68_Refah Bank,47
87,69_Bank Keshavarzi Iran,39
87,70_Bank Melli Iran,39
87,71_Bank Saderat Iran,38
87,72_Qarz Al-Hasaneh Mehr Iran Bank,38
87,73_Bank Maskan,39
87,74_Bank Saderat Iran,32
87,75_Bank Sepah,33
87,76_Tejarat Bank,25
87,77_Bank Melli Iran,13
87,78_Bank mehr iran,24
87,79_Bank Sepah,23
87,80_Bank Sepah,28
87,81_Bank Melli Iran,24
87,82_Shahr Bank,19
87,83_Bank Sepah,26
87,84_Bank Melli Iran,27
87,85_Bank Saderat Iran,28
87,86_Bank Sepah,25
87,87_Bank Keshavarzi Iran,29
87,88_Bank Sepah,21
87,89_Bank Sepah,27
87,90_Bank Melli Iran,26
87,91_Ayandeh Bank,24
87,92_Bank Pasargad,27
87,93_Bank Melli Iran,26
87,94_Bank Mellat,24
87,95_Mehr Eqtesad Bank,24
87,96_EN Bank,31
87,97_Bank Keshavarzi Iran,48
87,98_Tejarat Bank,30
87,99_Bank Melli Iran,29
87,100_Bank Keshavarzi Iran,24
87,101_Bank Melli Iran,22
87,102_Bank Mellat,26
87,103_Bank Maskan,29
87,104_Tejarat Bank,24
87,105_Bank Maskan,24
87,106_Sarmayeh Bank,24
87,107_Bank Sepah,29
87,108_Bank Melli Iran,30
87,109_Sarmayeh Bank,21
87,110_Bank Saderat Iran,18
88,01_Bank Melli Iran,7
88,02_Bank Maskan,22
88,03_Bank Sepah,5
88,04_Bank Mellat,6
88,05_Bank Saderat Iran,19
88,06_Bank Mellat,17
88,07_Mehr,18
88,08_Refah Bank,18
88,09_Bank Maskan,19
88,10_Bank Sepah,40
88,11_Bank Sepah,29
88,12_Melli Bank,35
88,13_EN Bank,28
88,14_Bank Maskan,28
88,15_Bank Maskan,26
88,16_Bank Saderat Iran,25
88,17_Bank Mellat,26
88,18_Saman Bank,24
88,19_Bank Melli Iran,32
88,20_Gardeshgari,20
88,21_Bank Maskan,24
88,22_Samen Bank,25
88,23_Tejarat Bank,28
88,24_Bank Maskan,28
88,25_Bank Melli Iran,29
88,26_Bank Keshavarzi Iran,32
88,27_Bank Saderat Iran,26
88,28_Bank Saderat Iran,31
88,29_Bank Keshavarzi Iran,37
88,30_Bank Sepah,37
88,31_Refah Bank,37
88,32_Shahr Bank,9
88,33_Sepah Bank,19
88,34_Bank of Industry and Mine,15
88,35_Ghavamin Bank,17
88,36_Mehr Eqtesad Bank,38
88,37_Bank Melli Iran,44
88,38_Tejarat Bank,39
88,39_Bank Melli Iran,41
88,40_Bank Mellat,41
88,41_Bank Melli Iran,29
88,42_Bank Saderat Iran,31
88,43_Bank Sepah,32
88,44_Bank Maskan,23
88,45_Tejarat Bank,48
88,46_Bank Saderat Iran,23
88,47_Tejarat Bank,24
88,48_Ansar Bank,23
88,49_Bank Day,24
88,50_Bank Saderat Iran,28
88,51_Kosar Financial Institute,28
88,52_Bank Mellat,30
88,53_Post Bank of Iran,27
88,54_Tejarat Bank,32
88,55_Bank Keshavarzi Iran,31
88,56_Ansar Bank,31
88,57_Bank Melli Iran,32
88,58_Bank Melli Iran,28
88,59_Bank Saderat Iran,25
88,60_Bank Mellat,36
88,61_TT Bank,14
88,62_Bank Sepah,24
88,63_Hekmat Iranian Bank,30
88,64_Bank Mellat,30
88,65_Post Bank of Iran,34
88,66_Refah Bank,21
88,67_Bank Keshavarzi Iran,31
88,68_Refah Bank,46
88,69_Bank Keshavarzi Iran,37
88,70_Bank Melli Iran,37
88,71_Bank Saderat Iran,36
88,72_Qarz Al-Hasaneh Mehr Iran Bank,36
88,73_Bank Maskan,37
88,74_Bank Saderat Iran,30
88,75_Bank Sepah,31
88,76_Tejarat Bank,26
88,77_Bank Melli Iran,20
88,78_Bank mehr iran,24
88,79_Bank Sepah,27
88,80_Bank Sepah,29
88,81_Bank Melli Iran,28
88,82_Shahr Bank,20
88,83_Bank Sepah,22
88,84_Bank Melli Iran,25
88,85_Bank Saderat Iran,24
88,86_Bank Sepah,27
88,87_Bank Keshavarzi Iran,27
88,88_Bank Sepah,23
88,89_Bank Sepah,29
88,90_Bank Melli Iran,26
88,91_Ayandeh Bank,26
88,92_Bank Pasargad,23
88,93_Bank Melli Iran,22
88,94_Bank Mellat,26
88,95_Mehr Eqtesad Bank,26
88,96_EN Bank,32
88,97_Bank Keshavarzi Iran,48
88,98_Tejarat Bank,32
88,99_Bank Melli Iran,31
88,100_Bank Keshavarzi Iran,26
88,101_Bank Melli Iran,24
88,102_Bank Mellat,28
88,103_Bank Maskan,31
88,104_Tejarat Bank,26
88,105_Bank Maskan,26
88,106_Sarmayeh Bank,26
88,107_Bank Sepah,32
88,108_Bank Melli Iran,28
88,109_Sarmayeh Bank,23
88,110_Bank Saderat Iran,20
89,01_Bank Melli Iran,17
89,02_Bank Maskan,28
89,03_Bank Sepah,18
89,04_Bank Mellat,18
89,05_Bank Saderat Iran,25
89,06_Bank Mellat,21
89,07_Mehr,24
89,08_Refah Bank,24
89,09_Bank Maskan,20
89,10_Bank Sepah,39
89,11_Bank Sepah,22
89,12_Melli Bank,30
89,13_EN Bank,27
89,14_Bank Maskan,23
89,15_Bank Maskan,26
89,16_Bank Saderat Iran,25
89,17_Bank Mellat,26
89,18_Saman Bank,28
89,19_Bank Melli Iran,36
89,20_Gardeshgari,23
89,21_Bank Maskan,14
89,22_Samen Bank,27
89,23_Tejarat Bank,33
89,24_Bank Maskan,33
89,25_Bank Melli Iran,30
89,26_Bank Keshavarzi Iran,34
89,27_Bank Saderat Iran,26
89,28_Bank Saderat Iran,32
89,29_Bank Keshavarzi Iran,38
89,30_Bank Sepah,38
89,31_Refah Bank,37
89,32_Shahr Bank,17
89,33_Sepah Bank,22
89,34_Bank of Industry and Mine,18
89,35_Ghavamin Bank,21
89,36_Mehr Eqtesad Bank,37
89,37_Bank Melli Iran,43
89,38_Tejarat Bank,39
89,39_Bank Melli Iran,39
89,40_Bank Mellat,39
89,41_Bank Melli Iran,29
89,42_Bank Saderat Iran,30
89,43_Bank Sepah,32
89,44_Bank Maskan,34
89,45_Tejarat Bank,48
89,46_Bank Saderat Iran,12
89,47_Tejarat Bank,13
89,48_Ansar Bank,27
89,49_Bank Day,28
89,50_Bank Saderat Iran,35
89,51_Kosar Financial Institute,35
89,52_Bank Mellat,31
89,53_Post Bank of Iran,27
89,54_Tejarat Bank,33
89,55_Bank Keshavarzi Iran,32
89,56_Ansar Bank,32
89,57_Bank Melli Iran,33
89,58_Bank Melli Iran,28
89,59_Bank Saderat Iran,36
89,60_Bank Mellat,31
89,61_TT Bank,18
89,62_Bank Sepah,23
89,63_Hekmat Iranian Bank,29
89,64_Bank Mellat,30
89,65_Post Bank of Iran,33
89,66_Refah Bank,26
89,67_Bank Keshavarzi Iran,32
89,68_Refah Bank,34
89,69_Bank Keshavarzi Iran,28
89,70_Bank Melli Iran,28
89,71_Bank Saderat Iran,27
89,72_Qarz Al-Hasaneh Mehr Iran Bank,27
89,73_Bank Maskan,26
89,74_Bank Saderat Iran,34
89,75_Bank Sepah,35
89,76_Tejarat Bank,26
89,77_Bank Melli Iran,4
89,78_Bank mehr iran,14
89,79_Bank Sepah,36
89,80_Bank Sepah,22
89,81_Bank Melli Iran,27
89,82_Shahr Bank,23
89,83_Bank Sepah,28
89,84_Bank Melli Iran,31
89,85_Bank Saderat Iran,29
89,86_Bank Sepah,31
89,87_Bank Keshavarzi Iran,33
89,88_Bank Sepah,27
89,89_Bank Sepah,28
89,90_Bank Melli Iran,26
89,91_Ayandeh Bank,30
89,92_Bank Pasargad,29
89,93_Bank Melli Iran,27
89,94_Bank Mellat,31
89,95_Mehr Eqtesad Bank,31
89,96_EN Bank,33
89,97_Bank Keshavarzi Iran,50
89,98_Tejarat Bank,30
89,99_Bank Melli Iran,30
89,100_Bank Keshavarzi Iran,19
89,101_Bank Melli Iran,28
89,102_Bank Mellat,23
89,103_Bank Maskan,31
89,104_Tejarat Bank,30
89,105_Bank Maskan,30
89,106_Sarmayeh Bank,30
89,107_Bank Sepah,33
89,108_Bank Melli Iran,34
89,109_Sarmayeh Bank,27
89,110_Bank Saderat Iran,24
90,01_Bank Melli Iran,40
90,02_Bank Maskan,51
90,03_Bank Sepah,39
90,04_Bank Mellat,37
90,05_Bank Saderat Iran,48
90,06_Bank Mellat,43
90,07_Mehr,46
90,08_Refah Bank,47
90,09_Bank Maskan,29
90,10_Bank Sepah,48
90,11_Bank Sepah,19
90,12_Melli Bank,11
90,13_EN Bank,36
90,14_Bank Maskan,39
90,15_Bank Maskan,38
90,16_Bank Saderat Iran,37
90,17_Bank Mellat,38
90,18_Saman Bank,27
90,19_Bank Melli Iran,28
90,20_Gardeshgari,25
90,21_Bank Maskan,34
90,22_Samen Bank,26
90,23_Tejarat Bank,30
90,24_Bank Maskan,31
90,25_Bank Melli Iran,23
90,26_Bank Keshavarzi Iran,26
90,27_Bank Saderat Iran,38
90,28_Bank Saderat Iran,38
90,29_Bank Keshavarzi Iran,47
90,30_Bank Sepah,48
90,31_Refah Bank,47
90,32_Shahr Bank,40
90,33_Sepah Bank,33
90,34_Bank of Industry and Mine,36
90,35_Ghavamin Bank,43
90,36_Mehr Eqtesad Bank,46
90,37_Bank Melli Iran,45
90,38_Tejarat Bank,47
90,39_Bank Melli Iran,47
90,40_Bank Mellat,46
90,41_Bank Melli Iran,32
90,42_Bank Saderat Iran,40
90,43_Bank Sepah,44
90,44_Bank Maskan,55
90,45_Tejarat Bank,46
90,46_Bank Saderat Iran,33
90,47_Tejarat Bank,34
90,48_Ansar Bank,33
90,49_Bank Day,34
90,50_Bank Saderat Iran,36
90,51_Kosar Financial Institute,36
90,52_Bank Mellat,41
90,53_Post Bank of Iran,39
90,54_Tejarat Bank,42
90,55_Bank Keshavarzi Iran,41
90,56_Ansar Bank,41
90,57_Bank Melli Iran,43
90,58_Bank Melli Iran,39
90,59_Bank Saderat Iran,57
90,60_Bank Mellat,47
90,61_TT Bank,30
90,62_Bank Sepah,29
90,63_Hekmat Iranian Bank,25
90,64_Bank Mellat,25
90,65_Post Bank of Iran,40
90,66_Refah Bank,31
90,67_Bank Keshavarzi Iran,24
90,68_Refah Bank,48
90,69_Bank Keshavarzi Iran,32
90,70_Bank Melli Iran,33
90,71_Bank Saderat Iran,32
90,72_Qarz Al-Hasaneh Mehr Iran Bank,32
90,73_Bank Maskan,27
90,74_Bank Saderat Iran,28
90,75_Bank Sepah,28
90,76_Tejarat Bank,37
90,77_Bank Melli Iran,30
90,78_Bank mehr iran,18
90,79_Bank Sepah,57
90,80_Bank Sepah,18
90,81_Bank Melli Iran,46
90,82_Shahr Bank,24
90,83_Bank Sepah,28
90,84_Bank Melli Iran,27
90,85_Bank Saderat Iran,30
90,86_Bank Sepah,31
90,87_Bank Keshavarzi Iran,36
90,88_Bank Sepah,33
90,89_Bank Sepah,37
90,90_Bank Melli Iran,38
90,91_Ayandeh Bank,33
90,92_Bank Pasargad,26
90,93_Bank Melli Iran,30
90,94_Bank Mellat,32
90,95_Mehr Eqtesad Bank,32
90,96_EN Bank,43
90,97_Bank Keshavarzi Iran,44
90,98_Tejarat Bank,39
90,99_Bank Melli Iran,38
90,100_Bank Keshavarzi Iran,22
90,101_Bank Melli Iran,28
90,102_Bank Mellat,39
90,103_Bank Maskan,41
90,104_Tejarat Bank,33
90,105_Bank Maskan,30
90,106_Sarmayeh Bank,30
90,107_Bank Sepah,42
90,108_Bank Melli Iran,37
90,109_Sarmayeh Bank,33
90,110_Bank Saderat Iran,25
91,01_Bank Melli Iran,32
91,02_Bank Maskan,43
91,03_Bank Sepah,29
91,04_Bank Mellat,27
91,05_Bank Saderat Iran,40
91,06_Bank Mellat,37
91,07_Mehr,39
91,08_Refah Bank,40
91,09_Bank Maskan,25
91,10_Bank Sepah,49
91,11_Bank Sepah,15
91,12_Melli Bank,11
91,13_EN Bank,36
91,14_Bank Maskan,36
91,15_Bank Maskan,35
91,16_Bank Saderat Iran,34
91,17_Bank Mellat,35
91,18_Saman Bank,31
91,19_Bank Melli Iran,31
91,20_Gardeshgari,24
91,21_Bank Maskan,30
91,22_Samen Bank,29
91,23_Tejarat Bank,37
91,24_Bank Maskan,38
91,25_Bank Melli Iran,24
91,26_Bank Keshavarzi Iran,28
91,27_Bank Saderat Iran,35
91,28_Bank Saderat Iran,40
91,29_Bank Keshavarzi Iran,47
91,30_Bank Sepah,47
91,31_Refah Bank,47
91,32_Shahr Bank,33
91,33_Sepah Bank,30
91,34_Bank of Industry and Mine,27
91,35_Ghavamin Bank,37
91,36_Mehr Eqtesad Bank,47
91,37_Bank Melli Iran,47
91,38_Tejarat Bank,49
91,39_Bank Melli Iran,48
91,40_Bank Mellat,48
91,41_Bank Melli Iran,33
91,42_Bank Saderat Iran,41
91,43_Bank Sepah,42
91,44_Bank Maskan,45
91,45_Tejarat Bank,49
91,46_Bank Saderat Iran,29
91,47_Tejarat Bank,30
91,48_Ansar Bank,33
91,49_Bank Day,34
91,50_Bank Saderat Iran,40
91,51_Kosar Financial Institute,40
91,52_Bank Mellat,41
91,53_Post Bank of Iran,36
91,54_Tejarat Bank,42
91,55_Bank Keshavarzi Iran,40
91,56_Ansar Bank,40
91,57_Bank Melli Iran,42
91,58_Bank Melli Iran,37
91,59_Bank Saderat Iran,47
91,60_Bank Mellat,44
91,61_TT Bank,26
91,62_Bank Sepah,30
91,63_Hekmat Iranian Bank,25
91,64_Bank Mellat,25
91,65_Post Bank of Iran,41
91,66_Refah Bank,34
91,67_Bank Keshavarzi Iran,26
91,68_Refah Bank,40
91,69_Bank Keshavarzi Iran,26
91,70_Bank Melli Iran,26
91,71_Bank Saderat Iran,25
91,72_Qarz Al-Hasaneh Mehr Iran Bank,25
91,73_Bank Maskan,22
91,74_Bank Saderat Iran,31
91,75_Bank Sepah,31
91,76_Tejarat Bank,34
91,77_Bank Melli Iran,22
91,78_Bank mehr iran,10
91,79_Bank Sepah,48
91,80_Bank Sepah,16
91,81_Bank Melli Iran,43
91,82_Shahr Bank,25
91,83_Bank Sepah,34
91,84_Bank Melli Iran,34
91,85_Bank Saderat Iran,36
91,86_Bank Sepah,34
91,87_Bank Keshavarzi Iran,38
91,88_Bank Sepah,33
91,89_Bank Sepah,37
91,90_Bank Melli Iran,35
91,91_Ayandeh Bank,36
91,92_Bank Pasargad,33
91,93_Bank Melli Iran,35
91,94_Bank Mellat,35
91,95_Mehr Eqtesad Bank,35
91,96_EN Bank,44
91,97_Bank Keshavarzi Iran,47
91,98_Tejarat Bank,40
91,99_Bank Melli Iran,39
91,100_Bank Keshavarzi Iran,19
91,101_Bank Melli Iran,31
91,102_Bank Mellat,36
91,103_Bank Maskan,41
91,104_Tejarat Bank,36
91,105_Bank Maskan,33
91,106_Sarmayeh Bank,33
91,107_Bank Sepah,41
91,108_Bank Melli Iran,40
91,109_Sarmayeh Bank,33
91,110_Bank Saderat Iran,25
92,01_Bank Melli Iran,20
92,02_Bank Maskan,11
92,03_Bank Sepah,22
92,04_Bank Mellat,21
92,05_Bank Saderat Iran,11
92,06_Bank Mellat,15
92,07_Mehr,12
92,08_Refah Bank,12
92,09_Bank Maskan,35
92,10_Bank Sepah,50
92,11_Bank Sepah,37
92,12_Melli Bank,41
92,13_EN Bank,38
92,14_Bank Maskan,39
92,15_Bank Maskan,33
92,16_Bank Saderat Iran,32
92,17_Bank Mellat,33
92,18_Saman Bank,34
92,19_Bank Melli Iran,48
92,20_Gardeshgari,30
92,21_Bank Maskan,28
92,22_Samen Bank,34
92,23_Tejarat Bank,34
92,24_Bank Maskan,34
92,25_Bank Melli Iran,39
92,26_Bank Keshavarzi Iran,41
92,27_Bank Saderat Iran,32
92,28_Bank Saderat Iran,39
92,29_Bank Keshavarzi Iran,44
92,30_Bank Sepah,44
92,31_Refah Bank,44
92,32_Shahr Bank,20
92,33_Sepah Bank,23
92,34_Bank of Industry and Mine,19
92,35_Ghavamin Bank,14
92,36_Mehr Eqtesad Bank,46
92,37_Bank Melli Iran,56
92,38_Tejarat Bank,49
92,39_Bank Melli Iran,51
92,40_Bank Mellat,51
92,41_Bank Melli Iran,37
92,42_Bank Saderat Iran,41
92,43_Bank Sepah,40
92,44_Bank Maskan,17
92,45_Tejarat Bank,63
92,46_Bank Saderat Iran,30
92,47_Tejarat Bank,31
92,48_Ansar Bank,34
92,49_Bank Day,34
92,50_Bank Saderat Iran,34
92,51_Kosar Financial Institute,34
92,52_Bank Mellat,40
92,53_Post Bank of Iran,34
92,54_Tejarat Bank,39
92,55_Bank Keshavarzi Iran,38
92,56_Ansar Bank,38
92,57_Bank Melli Iran,40
92,58_Bank Melli Iran,35
92,59_Bank Saderat Iran,25
92,60_Bank Mellat,45
92,61_TT Bank,29
92,62_Bank Sepah,35
92,63_Hekmat Iranian Bank,42
92,64_Bank Mellat,42
92,65_Post Bank of Iran,44
92,66_Refah Bank,24
92,67_Bank Keshavarzi Iran,40
92,68_Refah Bank,61
92,69_Bank Keshavarzi Iran,56
92,70_Bank Melli Iran,56
92,71_Bank Saderat Iran,55
92,72_Qarz Al-Hasaneh Mehr Iran Bank,55
92,73_Bank Maskan,56
92,74_Bank Saderat Iran,48
92,75_Bank Sepah,48
92,76_Tejarat Bank,32
92,77_Bank Melli Iran,31
92,78_Bank mehr iran,39
92,79_Bank Sepah,28
92,80_Bank Sepah,37
92,81_Bank Melli Iran,18
92,82_Shahr Bank,31
92,83_Bank Sepah,25
92,84_Bank Melli Iran,31
92,85_Bank Saderat Iran,27
92,86_Bank Sepah,37
92,87_Bank Keshavarzi Iran,33
92,88_Bank Sepah,34
92,89_Bank Sepah,39
92,90_Bank Melli Iran,33
92,91_Ayandeh Bank,36
92,92_Bank Pasargad,29
92,93_Bank Melli Iran,24
92,94_Bank Mellat,36
92,95_Mehr Eqtesad Bank,36
92,96_EN Bank,39
92,97_Bank Keshavarzi Iran,65
92,98_Tejarat Bank,42
92,99_Bank Melli Iran,41
92,100_Bank Keshavarzi Iran,36
92,101_Bank Melli Iran,34
92,102_Bank Mellat,39
92,103_Bank Maskan,41
92,104_Tejarat Bank,36
92,105_Bank Maskan,36
92,106_Sarmayeh Bank,36
92,107_Bank Sepah,39
92,108_Bank Melli Iran,33
92,109_Sarmayeh Bank,34
92,110_Bank Saderat Iran,30
93,01_Bank Melli Iran,15
93,02_Bank Maskan,4
93,03_Bank Sepah,17
93,04_Bank Mellat,16
93,05_Bank Saderat Iran,4
93,06_Bank Mellat,8
93,07_Mehr,5
93,08_Refah Bank,5
93,09_Bank Maskan,29
93,10_Bank Sepah,45
93,11_Bank Sepah,34
93,12_Melli Bank,40
93,13_EN Bank,33
93,14_Bank Maskan,32
93,15_Bank Maskan,30
93,16_Bank Saderat Iran,29
93,17_Bank Mellat,30
93,18_Saman Bank,29
93,19_Bank Melli Iran,44
93,20_Gardeshgari,25
93,21_Bank Maskan,21
93,22_Samen Bank,29
93,23_Tejarat Bank,32
93,24_Bank Maskan,32
93,25_Bank Melli Iran,37
93,26_Bank Keshavarzi Iran,40
93,27_Bank Saderat Iran,29
93,28_Bank Saderat Iran,35
93,29_Bank Keshavarzi Iran,41
93,30_Bank Sepah,41
93,31_Refah Bank,41
93,32_Shahr Bank,16
93,33_Sepah Bank,22
93,34_Bank of Industry and Mine,18
93,35_Ghavamin Bank,8
93,36_Mehr Eqtesad Bank,43
93,37_Bank Melli Iran,51
93,38_Tejarat Bank,44
93,39_Bank Melli Iran,46
93,40_Bank Mellat,46
93,41_Bank Melli Iran,33
93,42_Bank Saderat Iran,36
93,43_Bank Sepah,36
93,44_Bank Maskan,13
93,45_Tejarat Bank,58
93,46_Bank Saderat Iran,24
93,47_Tejarat Bank,23
93,48_Ansar Bank,28
93,49_Bank Day,29
93,50_Bank Saderat Iran,32
93,51_Kosar Financial Institute,32
93,52_Bank Mellat,35
93,53_Post Bank of Iran,31
93,54_Tejarat Bank,36
93,55_Bank Keshavarzi Iran,35
93,56_Ansar Bank,35
93,57_Bank Melli Iran,36
93,58_Bank Melli Iran,32
93,59_Bank Saderat Iran,19
93,60_Bank Mellat,38
93,61_TT Bank,23
93,62_Bank Sepah,29
93,63_Hekmat Iranian Bank,38
93,64_Bank Mellat,37
93,65_Post Bank of Iran,39
93,66_Refah Bank,25
93,67_Bank Keshavarzi Iran,38
93,68_Refah Bank,55
93,69_Bank Keshavarzi Iran,51
93,70_Bank Melli Iran,51
93,71_Bank Saderat Iran,50
93,72_Qarz Al-Hasaneh Mehr Iran Bank,50
93,73_Bank Maskan,49
93,74_Bank Saderat Iran,43
93,75_Bank Sepah,43
93,76_Tejarat Bank,29
93,77_Bank Melli Iran,27
93,78_Bank mehr iran,33
93,79_Bank Sepah,21
93,80_Bank Sepah,34
93,81_Bank Melli Iran,11
93,82_Shahr Bank,26
93,83_Bank Sepah,26
93,84_Bank Melli Iran,29
93,85_Bank Saderat Iran,28
93,86_Bank Sepah,32
93,87_Bank Keshavarzi Iran,31
93,88_Bank Sepah,28
93,89_Bank Sepah,34
93,90_Bank Melli Iran,30
93,91_Ayandeh Bank,31
93,92_Bank Pasargad,28
93,93_Bank Melli Iran,25
93,94_Bank Mellat,31
93,95_Mehr Eqtesad Bank,31
93,96_EN Bank,36
93,97_Bank Keshavarzi Iran,60
93,98_Tejarat Bank,37
93,99_Bank Melli Iran,36
93,100_Bank Keshavarzi Iran,31
93,101_Bank Melli Iran,29
93,102_Bank Mellat,32
93,103_Bank Maskan,36
93,104_Tejarat Bank,31
93,105_Bank Maskan,31
93,106_Sarmayeh Bank,31
93,107_Bank Sepah,36
93,108_Bank Melli Iran,32
93,109_Sarmayeh Bank,28
93,110_Bank Saderat Iran,25
94,01_Bank Melli Iran,23
94,02_Bank Maskan,34
94,03_Bank Sepah,24
94,04_Bank Mellat,25
94,05_Bank Saderat Iran,31
94,06_Bank Mellat,26
94,07_Mehr,30
94,08_Refah Bank,30
94,09_Bank Maskan,28
94,10_Bank Sepah,47
94,11_Bank Sepah,21
94,12_Melli Bank,24
94,13_EN Bank,35
94,14_Bank Maskan,29
94,15_Bank Maskan,30
94,16_Bank Saderat Iran,29
94,17_Bank Mellat,30
94,18_Saman Bank,35
94,19_Bank Melli Iran,37
94,20_Gardeshgari,29
94,21_Bank Maskan,18
94,22_Samen Bank,34
94,23_Tejarat Bank,39
94,24_Bank Maskan,40
94,25_Bank Melli Iran,28
94,26_Bank Keshavarzi Iran,33
94,27_Bank Saderat Iran,30
94,28_Bank Saderat Iran,40
94,29_Bank Keshavarzi Iran,42
94,30_Bank Sepah,43
94,31_Refah Bank,43
94,32_Shahr Bank,23
94,33_Sepah Bank,26
94,34_Bank of Industry and Mine,22
94,35_Ghavamin Bank,27
94,36_Mehr Eqtesad Bank,45
94,37_Bank Melli Iran,48
94,38_Tejarat Bank,47
94,39_Bank Melli Iran,47
94,40_Bank Mellat,47
94,41_Bank Melli Iran,35
94,42_Bank Saderat Iran,38
94,43_Bank Sepah,38
94,44_Bank Maskan,40
94,45_Tejarat Bank,52
94,46_Bank Saderat Iran,15
94,47_Tejarat Bank,16
94,48_Ansar Bank,35
94,49_Bank Day,36
94,50_Bank Saderat Iran,41
94,51_Kosar Financial Institute,41
94,52_Bank Mellat,39
94,53_Post Bank of Iran,31
94,54_Tejarat Bank,37
94,55_Bank Keshavarzi Iran,36
94,56_Ansar Bank,36
94,57_Bank Melli Iran,38
94,58_Bank Melli Iran,32
94,59_Bank Saderat Iran,42
94,60_Bank Mellat,37
94,61_TT Bank,23
94,62_Bank Sepah,31
94,63_Hekmat Iranian Bank,29
94,64_Bank Mellat,30
94,65_Post Bank of Iran,41
94,66_Refah Bank,30
94,67_Bank Keshavarzi Iran,30
94,68_Refah Bank,34
94,69_Bank Keshavarzi Iran,28
94,70_Bank Melli Iran,28
94,71_Bank Saderat Iran,27
94,72_Qarz Al-Hasaneh Mehr Iran Bank,27
94,73_Bank Maskan,26
94,74_Bank Saderat Iran,36
94,75_Bank Sepah,37
94,76_Tejarat Bank,30
94,77_Bank Melli Iran,15
94,78_Bank mehr iran,16
94,79_Bank Sepah,42
94,80_Bank Sepah,22
94,81_Bank Melli Iran,30
94,82_Shahr Bank,29
94,83_Bank Sepah,32
94,84_Bank Melli Iran,36
94,85_Bank Saderat Iran,33
94,86_Bank Sepah,39
94,87_Bank Keshavarzi Iran,39
94,88_Bank Sepah,35
94,89_Bank Sepah,36
94,90_Bank Melli Iran,30
94,91_Ayandeh Bank,38
94,92_Bank Pasargad,34
94,93_Bank Melli Iran,31
94,94_Bank Mellat,39
94,95_Mehr Eqtesad Bank,39
94,96_EN Bank,41
94,97_Bank Keshavarzi Iran,52
94,98_Tejarat Bank,38
94,99_Bank Melli Iran,38
94,100_Bank Keshavarzi Iran,25
94,101_Bank Melli Iran,35
94,102_Bank Mellat,29
94,103_Bank Maskan,39
94,104_Tejarat Bank,38
94,105_Bank Maskan,37
94,106_Sarmayeh Bank,38
94,107_Bank Sepah,37
94,108_Bank Melli Iran,41
94,109_Sarmayeh Bank,35
94,110_Bank Saderat Iran,30
95,01_Bank Melli Iran,24
95,02_Bank Maskan,28
95,03_Bank Sepah,25
95,04_Bank Mellat,26
95,05_Bank Saderat Iran,25
95,06_Bank Mellat,25
95,07_Mehr,25
95,08_Refah Bank,25
95,09_Bank Maskan,28
95,10_Bank Sepah,46
95,11_Bank Sepah,29
95,12_Melli Bank,34
95,13_EN Bank,34
95,14_Bank Maskan,21
95,15_Bank Maskan,32
95,16_Bank Saderat Iran,31
95,17_Bank Mellat,32
95,18_Saman Bank,35
95,19_Bank Melli Iran,44
95,20_Gardeshgari,29
95,21_Bank Maskan,10
95,22_Samen Bank,34
95,23_Tejarat Bank,40
95,24_Bank Maskan,40
95,25_Bank Melli Iran,36
95,26_Bank Keshavarzi Iran,41
95,27_Bank Saderat Iran,32
95,28_Bank Saderat Iran,39
95,29_Bank Keshavarzi Iran,44
95,30_Bank Sepah,44
95,31_Refah Bank,43
95,32_Shahr Bank,24
95,33_Sepah Bank,27
95,34_Bank of Industry and Mine,24
95,35_Ghavamin Bank,26
95,36_Mehr Eqtesad Bank,43
95,37_Bank Melli Iran,50
95,38_Tejarat Bank,45
95,39_Bank Melli Iran,46
95,40_Bank Mellat,46
95,41_Bank Melli Iran,36
95,42_Bank Saderat Iran,37
95,43_Bank Sepah,39
95,44_Bank Maskan,32
95,45_Tejarat Bank,55
95,46_Bank Saderat Iran,11
95,47_Tejarat Bank,10
95,48_Ansar Bank,34
95,49_Bank Day,35
95,50_Bank Saderat Iran,41
95,51_Kosar Financial Institute,41
95,52_Bank Mellat,37
95,53_Post Bank of Iran,33
95,54_Tejarat Bank,39
95,55_Bank Keshavarzi Iran,37
95,56_Ansar Bank,37
95,57_Bank Melli Iran,39
95,58_Bank Melli Iran,34
95,59_Bank Saderat Iran,38
95,60_Bank Mellat,29
95,61_TT Bank,25
95,62_Bank Sepah,30
95,63_Hekmat Iranian Bank,36
95,64_Bank Mellat,36
95,65_Post Bank of Iran,39
95,66_Refah Bank,31
95,67_Bank Keshavarzi Iran,38
95,68_Refah Bank,35
95,69_Bank Keshavarzi Iran,28
95,70_Bank Melli Iran,28
95,71_Bank Saderat Iran,27
95,72_Qarz Al-Hasaneh Mehr Iran Bank,27
95,73_Bank Maskan,26
95,74_Bank Saderat Iran,44
95,75_Bank Sepah,44
95,76_Tejarat Bank,31
95,77_Bank Melli Iran,18
95,78_Bank mehr iran,25
95,79_Bank Sepah,39
95,80_Bank Sepah,29
95,81_Bank Melli Iran,21
95,82_Shahr Bank,29
95,83_Bank Sepah,33
95,84_Bank Melli Iran,37
95,85_Bank Saderat Iran,34
95,86_Bank Sepah,38
95,87_Bank Keshavarzi Iran,40
95,88_Bank Sepah,34
95,89_Bank Sepah,35
95,90_Bank Melli Iran,32
95,91_Ayandeh Bank,37
95,92_Bank Pasargad,36
95,93_Bank Melli Iran,32
95,94_Bank Mellat,37
95,95_Mehr Eqtesad Bank,37
95,96_EN Bank,40
95,97_Bank Keshavarzi Iran,57
95,98_Tejarat Bank,37
95,99_Bank Melli Iran,37
95,100_Bank Keshavarzi Iran,27
95,101_Bank Melli Iran,35
95,102_Bank Mellat,21
95,103_Bank Maskan,37
95,104_Tejarat Bank,37
95,105_Bank Maskan,36
95,106_Sarmayeh Bank,37
95,107_Bank Sepah,38
95,108_Bank Melli Iran,40
95,109_Sarmayeh Bank,34
95,110_Bank Saderat Iran,30
96,01_Bank Melli Iran,18
96,02_Bank Maskan,8
96,03_Bank Sepah,20
96,04_Bank Mellat,19
96,05_Bank Saderat Iran,8
96,06_Bank Mellat,11
96,07_Mehr,8
96,08_Refah Bank,8
96,09_Bank Maskan,29
96,10_Bank Sepah,46
96,11_Bank Sepah,34
96,12_Melli Bank,41
96,13_EN Bank,33
96,14_Bank Maskan,24
96,15_Bank Maskan,33
96,16_Bank Saderat Iran,32
96,17_Bank Mellat,33
96,18_Saman Bank,32
96,19_Bank Melli Iran,47
96,20_Gardeshgari,28
96,21_Bank Maskan,12
96,22_Samen Bank,33
96,23_Tejarat Bank,38
96,24_Bank Maskan,38
96,25_Bank Melli Iran,41
96,26_Bank Keshavarzi Iran,45
96,27_Bank Saderat Iran,32
96,28_Bank Saderat Iran,38
96,29_Bank Keshavarzi Iran,44
96,30_Bank Sepah,44
96,31_Refah Bank,44
96,32_Shahr Bank,18
96,33_Sepah Bank,28
96,34_Bank of Industry and Mine,24
96,35_Ghavamin Bank,11
96,36_Mehr Eqtesad Bank,44
96,37_Bank Melli Iran,51
96,38_Tejarat Bank,45
96,39_Bank Melli Iran,46
96,40_Bank Mellat,46
96,41_Bank Melli Iran,35
96,42_Bank Saderat Iran,37
96,43_Bank Sepah,39
96,44_Bank Maskan,17
96,45_Tejarat Bank,58
96,46_Bank Saderat Iran,14
96,47_Tejarat Bank,13
96,48_Ansar Bank,30
96,49_Bank Day,31
96,50_Bank Saderat Iran,38
96,51_Kosar Financial Institute,38
96,52_Bank Mellat,37
96,53_Post Bank of Iran,34
96,54_Tejarat Bank,39
96,55_Bank Keshavarzi Iran,38
96,56_Ansar Bank,38
96,57_Bank Melli Iran,39
96,58_Bank Melli Iran,35
96,59_Bank Saderat Iran,22
96,60_Bank Mellat,32
96,61_TT Bank,25
96,62_Bank Sepah,29
96,63_Hekmat Iranian Bank,40
96,64_Bank Mellat,39
96,65_Post Bank of Iran,39
96,66_Refah Bank,31
96,67_Bank Keshavarzi Iran,42
96,68_Refah Bank,48
96,69_Bank Keshavarzi Iran,45
96,70_Bank Melli Iran,45
96,71_Bank Saderat Iran,44
96,72_Qarz Al-Hasaneh Mehr Iran Bank,44
96,73_Bank Maskan,43
96,74_Bank Saderat Iran,47
96,75_Bank Sepah,47
96,76_Tejarat Bank,32
96,77_Bank Melli Iran,23
96,78_Bank mehr iran,30
96,79_Bank Sepah,24
96,80_Bank Sepah,34
96,81_Bank Melli Iran,3
96,82_Shahr Bank,29
96,83_Bank Sepah,32
96,84_Bank Melli Iran,36
96,85_Bank Saderat Iran,34
96,86_Bank Sepah,35
96,87_Bank Keshavarzi Iran,37
96,88_Bank Sepah,30
96,89_Bank Sepah,34
96,90_Bank Melli Iran,33
96,91_Ayandeh Bank,33
96,92_Bank Pasargad,35
96,93_Bank Melli Iran,31
96,94_Bank Mellat,34
96,95_Mehr Eqtesad Bank,34
96,96_EN Bank,40
96,97_Bank Keshavarzi Iran,60
96,98_Tejarat Bank,37
96,99_Bank Melli Iran,36
96,100_Bank Keshavarzi Iran,30
96,101_Bank Melli Iran,32
96,102_Bank Mellat,24
96,103_Bank Maskan,37
96,104_Tejarat Bank,33
96,105_Bank Maskan,34
96,106_Sarmayeh Bank,34
96,107_Bank Sepah,39
96,108_Bank Melli Iran,38
96,109_Sarmayeh Bank,30
96,110_Bank Saderat Iran,28
97,01_Bank Melli Iran,41
97,02_Bank Maskan,51
97,03_Bank Sepah,39
97,04_Bank Mellat,37
97,05_Bank Saderat Iran,48
97,06_Bank Mellat,47
97,07_Mehr,47
97,08_Refah Bank,47
97,09_Bank Maskan,40
97,10_Bank Sepah,58
97,11_Bank Sepah,32
97,12_Melli Bank,26
97,13_EN Bank,46
97,14_Bank Maskan,46
97,15_Bank Maskan,43
97,16_Bank Saderat Iran,42
97,17_Bank Mellat,43
97,18_Saman Bank,42
97,19_Bank Melli Iran,38
97,20_Gardeshgari,38
97,21_Bank Maskan,36
97,22_Samen Bank,41
97,23_Tejarat Bank,46
97,24_Bank Maskan,47
97,25_Bank Melli Iran,33
97,26_Bank Keshavarzi Iran,36
97,27_Bank Saderat Iran,44
97,28_Bank Saderat Iran,49
97,29_Bank Keshavarzi Iran,54
97,30_Bank Sepah,54
97,31_Refah Bank,55
97,32_Shahr Bank,43
97,33_Sepah Bank,38
97,34_Bank of Industry and Mine,35
97,35_Ghavamin Bank,47
97,36_Mehr Eqtesad Bank,56
97,37_Bank Melli Iran,55
97,38_Tejarat Bank,57
97,39_Bank Melli Iran,57
97,40_Bank Mellat,56
97,41_Bank Melli Iran,42
97,42_Bank Saderat Iran,50
97,43_Bank Sepah,50
97,44_Bank Maskan,53
97,45_Tejarat Bank,56
97,46_Bank Saderat Iran,37
97,47_Tejarat Bank,36
97,48_Ansar Bank,46
97,49_Bank Day,47
97,50_Bank Saderat Iran,49
97,51_Kosar Financial Institute,49
97,52_Bank Mellat,52
97,53_Post Bank of Iran,44
97,54_Tejarat Bank,49
97,55_Bank Keshavarzi Iran,48
97,56_Ansar Bank,48
97,57_Bank Melli Iran,49
97,58_Bank Melli Iran,45
97,59_Bank Saderat Iran,55
97,60_Bank Mellat,54
97,61_TT Bank,35
97,62_Bank Sepah,42
97,63_Hekmat Iranian Bank,36
97,64_Bank Mellat,36
97,65_Post Bank of Iran,50
97,66_Refah Bank,42
97,67_Bank Keshavarzi Iran,34
97,68_Refah Bank,48
97,69_Bank Keshavarzi Iran,30
97,70_Bank Melli Iran,30
97,71_Bank Saderat Iran,29
97,72_Qarz Al-Hasaneh Mehr Iran Bank,29
97,73_Bank Maskan,22
97,74_Bank Saderat Iran,38
97,75_Bank Sepah,38
97,76_Tejarat Bank,43
97,77_Bank Melli Iran,35
97,78_Bank mehr iran,31
97,79_Bank Sepah,57
97,80_Bank Sepah,32
97,81_Bank Melli Iran,48
97,82_Shahr Bank,37
97,83_Bank Sepah,41
97,84_Bank Melli Iran,43
97,85_Bank Saderat Iran,42
97,86_Bank Sepah,46
97,87_Bank Keshavarzi Iran,47
97,88_Bank Sepah,46
97,89_Bank Sepah,47
97,90_Bank Melli Iran,43
97,91_Ayandeh Bank,47
97,92_Bank Pasargad,41
97,93_Bank Melli Iran,42
97,94_Bank Mellat,46
97,95_Mehr Eqtesad Bank,46
97,96_EN Bank,54
97,97_Bank Keshavarzi Iran,54
97,98_Tejarat Bank,49
97,99_Bank Melli Iran,48
97,100_Bank Keshavarzi Iran,36
97,101_Bank Melli Iran,42
97,102_Bank Mellat,46
97,103_Bank Maskan,51
97,104_Tejarat Bank,47
97,105_Bank Maskan,44
97,106_Sarmayeh Bank,45
97,107_Bank Sepah,49
97,108_Bank Melli Iran,49
97,109_Sarmayeh Bank,46
97,110_Bank Saderat Iran,38
99,01_Bank Melli Iran,24
99,02_Bank Maskan,15
99,03_Bank Sepah,26
99,04_Bank Mellat,25
99,05_Bank Saderat Iran,18
99,06_Bank Mellat,21
99,07_Mehr,19
99,08_Refah Bank,19
99,09_Bank Maskan,36
99,10_Bank Sepah,53
99,11_Bank Sepah,40
99,12_Melli Bank,45
99,13_EN Bank,41
99,14_Bank Maskan,21
99,15_Bank Maskan,39
99,16_Bank Saderat Iran,38
99,17_Bank Mellat,39
99,18_Saman Bank,38
99,19_Bank Melli Iran,54
99,20_Gardeshgari,34
99,21_Bank Maskan,24
99,22_Samen Bank,39
99,23_Tejarat Bank,43
99,24_Bank Maskan,43
99,25_Bank Melli Iran,48
99,26_Bank Keshavarzi Iran,51
99,27_Bank Saderat Iran,38
99,28_Bank Saderat Iran,46
99,29_Bank Keshavarzi Iran,50
99,30_Bank Sepah,50
99,31_Refah Bank,50
99,32_Shahr Bank,26
99,33_Sepah Bank,33
99,34_Bank of Industry and Mine,29
99,35_Ghavamin Bank,22
99,36_Mehr Eqtesad Bank,51
99,37_Bank Melli Iran,59
99,38_Tejarat Bank,52
99,39_Bank Melli Iran,54
99,40_Bank Mellat,54
99,41_Bank Melli Iran,43
99,42_Bank Saderat Iran,44
99,43_Bank Sepah,45
99,44_Bank Maskan,14
99,45_Tejarat Bank,66
99,46_Bank Saderat Iran,26
99,47_Tejarat Bank,25
99,48_Ansar Bank,37
99,49_Bank Day,38
99,50_Bank Saderat Iran,43
99,51_Kosar Financial Institute,43
99,52_Bank Mellat,44
99,53_Post Bank of Iran,40
99,54_Tejarat Bank,45
99,55_Bank Keshavarzi Iran,44
99,56_Ansar Bank,44
99,57_Bank Melli Iran,45
99,58_Bank Melli Iran,41
99,59_Bank Saderat Iran,16
99,60_Bank Mellat,30
99,61_TT Bank,31
99,62_Bank Sepah,37
99,63_Hekmat Iranian Bank,48
99,64_Bank Mellat,47
99,65_Post Bank of Iran,47
99,66_Refah Bank,36
99,67_Bank Keshavarzi Iran,49
99,68_Refah Bank,47
99,69_Bank Keshavarzi Iran,41
99,70_Bank Melli Iran,41
99,71_Bank Saderat Iran,40
99,72_Qarz Al-Hasaneh Mehr Iran Bank,40
99,73_Bank Maskan,39
99,74_Bank Saderat Iran,53
99,75_Bank Sepah,54
99,76_Tejarat Bank,38
99,77_Bank Melli Iran,29
99,78_Bank mehr iran,37
99,79_Bank Sepah,23
99,80_Bank Sepah,40
99,81_Bank Melli Iran,13
99,82_Shahr Bank,35
99,83_Bank Sepah,37
99,84_Bank Melli Iran,41
99,85_Bank Saderat Iran,39
99,86_Bank Sepah,41
99,87_Bank Keshavarzi Iran,43
99,88_Bank Sepah,37
99,89_Bank Sepah,42
99,90_Bank Melli Iran,39
99,91_Ayandeh Bank,40
99,92_Bank Pasargad,40
99,93_Bank Melli Iran,36
99,94_Bank Mellat,40
99,95_Mehr Eqtesad Bank,40
99,96_EN Bank,47
99,97_Bank Keshavarzi Iran,68
99,98_Tejarat Bank,45
99,99_Bank Melli Iran,44
99,100_Bank Keshavarzi Iran,36
99,101_Bank Melli Iran,38
99,102_Bank Mellat,19
99,103_Bank Maskan,44
99,104_Tejarat Bank,40
99,105_Bank Maskan,40
99,106_Sarmayeh Bank,40
99,107_Bank Sepah,45
99,108_Bank Melli Iran,43
99,109_Sarmayeh Bank,37
99,110_Bank Saderat Iran,34
100,01_Bank Melli Iran,44
100,02_Bank Maskan,54
100,03_Bank Sepah,41
100,04_Bank Mellat,39
100,05_Bank Saderat Iran,51
100,06_Bank Mellat,50
100,07_Mehr,50
100,08_Refah Bank,50
100,09_Bank Maskan,43
100,10_Bank Sepah,61
100,11_Bank Sepah,38
100,12_Melli Bank,29
100,13_EN Bank,49
100,14_Bank Maskan,41
100,15_Bank Maskan,45
100,16_Bank Saderat Iran,44
100,17_Bank Mellat,45
100,18_Saman Bank,48
100,19_Bank Melli Iran,41
100,20_Gardeshgari,43
100,21_Bank Maskan,41
100,22_Samen Bank,47
100,23_Tejarat Bank,52
100,24_Bank Maskan,53
100,25_Bank Melli Iran,36
100,26_Bank Keshavarzi Iran,39
100,27_Bank Saderat Iran,46
100,28_Bank Saderat Iran,52
100,29_Bank Keshavarzi Iran,57
100,30_Bank Sepah,57
100,31_Refah Bank,58
100,32_Shahr Bank,46
100,33_Sepah Bank,40
100,34_Bank of Industry and Mine,37
100,35_Ghavamin Bank,50
100,36_Mehr Eqtesad Bank,59
100,37_Bank Melli Iran,58
100,38_Tejarat Bank,60
100,39_Bank Melli Iran,60
100,40_Bank Mellat,59
100,41_Bank Melli Iran,45
100,42_Bank Saderat Iran,53
100,43_Bank Sepah,52
100,44_Bank Maskan,55
100,45_Tejarat Bank,59
100,46_Bank Saderat Iran,41
100,47_Tejarat Bank,40
100,48_Ansar Bank,51
100,49_Bank Day,52
100,50_Bank Saderat Iran,52
100,51_Kosar Financial Institute,52
100,52_Bank Mellat,55
100,53_Post Bank of Iran,46
100,54_Tejarat Bank,52
100,55_Bank Keshavarzi Iran,51
100,56_Ansar Bank,51
100,57_Bank Melli Iran,52
100,58_Bank Melli Iran,47
100,59_Bank Saderat Iran,57
100,60_Bank Mellat,47
100,61_TT Bank,37
100,62_Bank Sepah,46
100,63_Hekmat Iranian Bank,39
100,64_Bank Mellat,39
100,65_Post Bank of Iran,53
100,66_Refah Bank,44
100,67_Bank Keshavarzi Iran,37
100,68_Refah Bank,37
100,69_Bank Keshavarzi Iran,18
100,70_Bank Melli Iran,18
100,71_Bank Saderat Iran,17
100,72_Qarz Al-Hasaneh Mehr Iran Bank,17
100,73_Bank Maskan,10
100,74_Bank Saderat Iran,41
100,75_Bank Sepah,41
100,76_Tejarat Bank,45
100,77_Bank Melli Iran,38
100,78_Bank mehr iran,34
100,79_Bank Sepah,58
100,80_Bank Sepah,38
100,81_Bank Melli Iran,48
100,82_Shahr Bank,43
100,83_Bank Sepah,46
100,84_Bank Melli Iran,49
100,85_Bank Saderat Iran,47
100,86_Bank Sepah,51
100,87_Bank Keshavarzi Iran,50
100,88_Bank Sepah,51
100,89_Bank Sepah,50
100,90_Bank Melli Iran,45
100,91_Ayandeh Bank,53
100,92_Bank Pasargad,47
100,93_Bank Melli Iran,45
100,94_Bank Mellat,51
100,95_Mehr Eqtesad Bank,51
100,96_EN Bank,57
100,97_Bank Keshavarzi Iran,57
100,98_Tejarat Bank,52
100,99_Bank Melli Iran,51
100,100_Bank Keshavarzi Iran,42
100,101_Bank Melli Iran,48
100,102_Bank Mellat,40
100,103_Bank Maskan,54
100,104_Tejarat Bank,52
100,105_Bank Maskan,50
100,106_Sarmayeh Bank,50
100,107_Bank Sepah,52
100,108_Bank Melli Iran,52
100,109_Sarmayeh Bank,51
100,110_Bank Saderat Iran,44
98,01_Bank Melli Iran,37
98,02_Bank Maskan,47
98,03_Bank Sepah,34
98,04_Bank Mellat,32
98,05_Bank Saderat Iran,44
98,06_Bank Mellat,43
98,07_Mehr,43
98,08_Refah Bank,43
98,09_Bank Maskan,36
98,10_Bank Sepah,56
98,11_Bank Sepah,33
98,12_Melli Bank,24
98,13_EN Bank,44
98,14_Bank Maskan,31
98,15_Bank Maskan,38
98,16_Bank Saderat Iran,37
98,17_Bank Mellat,38
98,18_Saman Bank,42
98,19_Bank Melli Iran,36
98,20_Gardeshgari,36
98,21_Bank Maskan,34
98,22_Samen Bank,41
98,23_Tejarat Bank,47
98,24_Bank Maskan,48
98,25_Bank Melli Iran,31
98,26_Bank Keshavarzi Iran,34
98,27_Bank Saderat Iran,39
98,28_Bank Saderat Iran,47
98,29_Bank Keshavarzi Iran,51
98,30_Bank Sepah,52
98,31_Refah Bank,53
98,32_Shahr Bank,39
98,33_Sepah Bank,33
98,34_Bank of Industry and Mine,30
98,35_Ghavamin Bank,43
98,36_Mehr Eqtesad Bank,54
98,37_Bank Melli Iran,53
98,38_Tejarat Bank,55
98,39_Bank Melli Iran,55
98,40_Bank Mellat,54
98,41_Bank Melli Iran,40
98,42_Bank Saderat Iran,48
98,43_Bank Sepah,47
98,44_Bank Maskan,48
98,45_Tejarat Bank,54
98,46_Bank Saderat Iran,33
98,47_Tejarat Bank,32
98,48_Ansar Bank,46
98,49_Bank Day,47
98,50_Bank Saderat Iran,47
98,51_Kosar Financial Institute,47
98,52_Bank Mellat,50
98,53_Post Bank of Iran,39
98,54_Tejarat Bank,46
98,55_Bank Keshavarzi Iran,44
98,56_Ansar Bank,44
98,57_Bank Melli Iran,46
98,58_Bank Melli Iran,40
98,59_Bank Saderat Iran,46
98,60_Bank Mellat,37
98,61_TT Bank,30
98,62_Bank Sepah,41
98,63_Hekmat Iranian Bank,34
98,64_Bank Mellat,34
98,65_Post Bank of Iran,48
98,66_Refah Bank,37
98,67_Bank Keshavarzi Iran,32
98,68_Refah Bank,36
98,69_Bank Keshavarzi Iran,24
98,70_Bank Melli Iran,24
98,71_Bank Saderat Iran,23
98,72_Qarz Al-Hasaneh Mehr Iran Bank,23
98,73_Bank Maskan,16
98,74_Bank Saderat Iran,36
98,75_Bank Sepah,36
98,76_Tejarat Bank,38
98,77_Bank Melli Iran,31
98,78_Bank mehr iran,28
98,79_Bank Sepah,47
98,80_Bank Sepah,33
98,81_Bank Melli Iran,38
98,82_Shahr Bank,36
98,83_Bank Sepah,39
98,84_Bank Melli Iran,44
98,85_Bank Saderat Iran,40
98,86_Bank Sepah,46
98,87_Bank Keshavarzi Iran,45
98,88_Bank Sepah,46
98,89_Bank Sepah,45
98,90_Bank Melli Iran,38
98,91_Ayandeh Bank,48
98,92_Bank Pasargad,42
98,93_Bank Melli Iran,38
98,94_Bank Mellat,46
98,95_Mehr Eqtesad Bank,46
98,96_EN Bank,52
98,97_Bank Keshavarzi Iran,52
98,98_Tejarat Bank,47
98,99_Bank Melli Iran,46
98,100_Bank Keshavarzi Iran,37
98,101_Bank Melli Iran,42
98,102_Bank Mellat,28
98,103_Bank Maskan,49
98,104_Tejarat Bank,47
98,105_Bank Maskan,44
98,106_Sarmayeh Bank,45
98,107_Bank Sepah,45
98,108_Bank Melli Iran,47
98,109_Sarmayeh Bank,46
98,110_Bank Saderat Iran,37
101,01_Bank Melli Iran,26
101,02_Bank Maskan,21
101,03_Bank Sepah,28
101,04_Bank Mellat,27
101,05_Bank Saderat Iran,22
101,06_Bank Mellat,23
101,07_Mehr,23
101,08_Refah Bank,23
101,09_Bank Maskan,40
101,10_Bank Sepah,56
101,11_Bank Sepah,46
101,12_Melli Bank,52
101,13_EN Bank,44
101,14_Bank Maskan,35
101,15_Bank Maskan,41
101,16_Bank Saderat Iran,40
101,17_Bank Mellat,41
101,18_Saman Bank,40
101,19_Bank Melli Iran,55
101,20_Gardeshgari,36
101,21_Bank Maskan,38
101,22_Samen Bank,40
101,23_Tejarat Bank,43
101,24_Bank Maskan,43
101,25_Bank Melli Iran,48
101,26_Bank Keshavarzi Iran,51
101,27_Bank Saderat Iran,40
101,28_Bank Saderat Iran,47
101,29_Bank Keshavarzi Iran,51
101,30_Bank Sepah,51
101,31_Refah Bank,51
101,32_Shahr Bank,28
101,33_Sepah Bank,33
101,34_Bank of Industry and Mine,29
101,35_Ghavamin Bank,24
101,36_Mehr Eqtesad Bank,53
101,37_Bank Melli Iran,62
101,38_Tejarat Bank,55
101,39_Bank Melli Iran,57
101,40_Bank Mellat,57
101,41_Bank Melli Iran,44
101,42_Bank Saderat Iran,47
101,43_Bank Sepah,47
101,44_Bank Maskan,12
101,45_Tejarat Bank,69
101,46_Bank Saderat Iran,39
101,47_Tejarat Bank,39
101,48_Ansar Bank,39
101,49_Bank Day,40
101,50_Bank Saderat Iran,43
101,51_Kosar Financial Institute,43
101,52_Bank Mellat,46
101,53_Post Bank of Iran,41
101,54_Tejarat Bank,46
101,55_Bank Keshavarzi Iran,45
101,56_Ansar Bank,45
101,57_Bank Melli Iran,47
101,58_Bank Melli Iran,42
101,59_Bank Saderat Iran,8
101,60_Bank Mellat,37
101,61_TT Bank,34
101,62_Bank Sepah,40
101,63_Hekmat Iranian Bank,49
101,64_Bank Mellat,49
101,65_Post Bank of Iran,50
101,66_Refah Bank,36
101,67_Bank Keshavarzi Iran,49
101,68_Refah Bank,57
101,69_Bank Keshavarzi Iran,59
101,70_Bank Melli Iran,59
101,71_Bank Saderat Iran,58
101,72_Qarz Al-Hasaneh Mehr Iran Bank,58
101,73_Bank Maskan,57
101,74_Bank Saderat Iran,54
101,75_Bank Sepah,55
101,76_Tejarat Bank,40
101,77_Bank Melli Iran,40
101,78_Bank mehr iran,44
101,79_Bank Sepah,20
101,80_Bank Sepah,45
101,81_Bank Melli Iran,26
101,82_Shahr Bank,37
101,83_Bank Sepah,37
101,84_Bank Melli Iran,41
101,85_Bank Saderat Iran,39
101,86_Bank Sepah,43
101,87_Bank Keshavarzi Iran,43
101,88_Bank Sepah,39
101,89_Bank Sepah,45
101,90_Bank Melli Iran,41
101,91_Ayandeh Bank,42
101,92_Bank Pasargad,40
101,93_Bank Melli Iran,36
101,94_Bank Mellat,42
101,95_Mehr Eqtesad Bank,42
101,96_EN Bank,47
101,97_Bank Keshavarzi Iran,71
101,98_Tejarat Bank,48
101,99_Bank Melli Iran,47
101,100_Bank Keshavarzi Iran,43
101,101_Bank Melli Iran,40
101,102_Bank Mellat,34
101,103_Bank Maskan,47
101,104_Tejarat Bank,42
101,105_Bank Maskan,42
101,106_Sarmayeh Bank,42
101,107_Bank Sepah,46
101,108_Bank Melli Iran,43
101,109_Sarmayeh Bank,39
101,110_Bank Saderat Iran,36
102,01_Bank Melli Iran,25
102,02_Bank Maskan,22
102,03_Bank Sepah,27
102,04_Bank Mellat,26
102,05_Bank Saderat Iran,20
102,06_Bank Mellat,22
102,07_Mehr,21
102,08_Refah Bank,21
102,09_Bank Maskan,38
102,10_Bank Sepah,54
102,11_Bank Sepah,46
102,12_Melli Bank,54
102,13_EN Bank,41
102,14_Bank Maskan,30
102,15_Bank Maskan,45
102,16_Bank Saderat Iran,44
102,17_Bank Mellat,45
102,18_Saman Bank,37
102,19_Bank Melli Iran,54
102,20_Gardeshgari,33
102,21_Bank Maskan,37
102,22_Samen Bank,38
102,23_Tejarat Bank,44
102,24_Bank Maskan,44
102,25_Bank Melli Iran,49
102,26_Bank Keshavarzi Iran,53
102,27_Bank Saderat Iran,45
102,28_Bank Saderat Iran,46
102,29_Bank Keshavarzi Iran,56
102,30_Bank Sepah,54
102,31_Refah Bank,54
102,32_Shahr Bank,26
102,33_Sepah Bank,38
102,34_Bank of Industry and Mine,34
102,35_Ghavamin Bank,22
102,36_Mehr Eqtesad Bank,54
102,37_Bank Melli Iran,60
102,38_Tejarat Bank,54
102,39_Bank Melli Iran,54
102,40_Bank Mellat,54
102,41_Bank Melli Iran,43
102,42_Bank Saderat Iran,45
102,43_Bank Sepah,47
102,44_Bank Maskan,20
102,45_Tejarat Bank,66
102,46_Bank Saderat Iran,37
102,47_Tejarat Bank,36
102,48_Ansar Bank,36
102,49_Bank Day,37
102,50_Bank Saderat Iran,44
102,51_Kosar Financial Institute,44
102,52_Bank Mellat,46
102,53_Post Bank of Iran,46
102,54_Tejarat Bank,47
102,55_Bank Keshavarzi Iran,47
102,56_Ansar Bank,47
102,57_Bank Melli Iran,47
102,58_Bank Melli Iran,46
102,59_Bank Saderat Iran,14
102,60_Bank Mellat,34
102,61_TT Bank,32
102,62_Bank Sepah,37
102,63_Hekmat Iranian Bank,48
102,64_Bank Mellat,47
102,65_Post Bank of Iran,47
102,66_Refah Bank,40
102,67_Bank Keshavarzi Iran,50
102,68_Refah Bank,57
102,69_Bank Keshavarzi Iran,59
102,70_Bank Melli Iran,59
102,71_Bank Saderat Iran,58
102,72_Qarz Al-Hasaneh Mehr Iran Bank,58
102,73_Bank Maskan,57
102,74_Bank Saderat Iran,52
102,75_Bank Sepah,53
102,76_Tejarat Bank,45
102,77_Bank Melli Iran,39
102,78_Bank mehr iran,44
102,79_Bank Sepah,12
102,80_Bank Sepah,45
102,81_Bank Melli Iran,29
102,82_Shahr Bank,34
102,83_Bank Sepah,41
102,84_Bank Melli Iran,42
102,85_Bank Saderat Iran,43
102,86_Bank Sepah,40
102,87_Bank Keshavarzi Iran,44
102,88_Bank Sepah,36
102,89_Bank Sepah,42
102,90_Bank Melli Iran,45
102,91_Ayandeh Bank,39
102,92_Bank Pasargad,42
102,93_Bank Melli Iran,41
102,94_Bank Mellat,39
102,95_Mehr Eqtesad Bank,39
102,96_EN Bank,48
102,97_Bank Keshavarzi Iran,68
102,98_Tejarat Bank,45
102,99_Bank Melli Iran,44
102,100_Bank Keshavarzi Iran,41
102,101_Bank Melli Iran,37
102,102_Bank Mellat,31
102,103_Bank Maskan,46
102,104_Tejarat Bank,39
102,105_Bank Maskan,39
102,106_Sarmayeh Bank,39
102,107_Bank Sepah,48
102,108_Bank Melli Iran,45
102,109_Sarmayeh Bank,36
102,110_Bank Saderat Iran,33
103,01_Bank Melli Iran,25
103,02_Bank Maskan,23
103,03_Bank Sepah,27
103,04_Bank Mellat,26
103,05_Bank Saderat Iran,21
103,06_Bank Mellat,22
103,07_Mehr,22
103,08_Refah Bank,22
103,09_Bank Maskan,39
103,10_Bank Sepah,55
103,11_Bank Sepah,48
103,12_Melli Bank,55
103,13_EN Bank,43
103,14_Bank Maskan,28
103,15_Bank Maskan,44
103,16_Bank Saderat Iran,43
103,17_Bank Mellat,44
103,18_Saman Bank,39
103,19_Bank Melli Iran,56
103,20_Gardeshgari,35
103,21_Bank Maskan,36
103,22_Samen Bank,40
103,23_Tejarat Bank,46
103,24_Bank Maskan,46
103,25_Bank Melli Iran,51
103,26_Bank Keshavarzi Iran,55
103,27_Bank Saderat Iran,44
103,28_Bank Saderat Iran,48
103,29_Bank Keshavarzi Iran,54
103,30_Bank Sepah,52
103,31_Refah Bank,52
103,32_Shahr Bank,27
103,33_Sepah Bank,37
103,34_Bank of Industry and Mine,33
103,35_Ghavamin Bank,23
103,36_Mehr Eqtesad Bank,53
103,37_Bank Melli Iran,61
103,38_Tejarat Bank,54
103,39_Bank Melli Iran,56
103,40_Bank Mellat,56
103,41_Bank Melli Iran,45
103,42_Bank Saderat Iran,46
103,43_Bank Sepah,47
103,44_Bank Maskan,21
103,45_Tejarat Bank,68
103,46_Bank Saderat Iran,37
103,47_Tejarat Bank,37
103,48_Ansar Bank,38
103,49_Bank Day,39
103,50_Bank Saderat Iran,46
103,51_Kosar Financial Institute,46
103,52_Bank Mellat,45
103,53_Post Bank of Iran,44
103,54_Tejarat Bank,47
103,55_Bank Keshavarzi Iran,46
103,56_Ansar Bank,46
103,57_Bank Melli Iran,47
103,58_Bank Melli Iran,44
103,59_Bank Saderat Iran,15
103,60_Bank Mellat,32
103,61_TT Bank,33
103,62_Bank Sepah,39
103,63_Hekmat Iranian Bank,50
103,64_Bank Mellat,49
103,65_Post Bank of Iran,49
103,66_Refah Bank,40
103,67_Bank Keshavarzi Iran,52
103,68_Refah Bank,54
103,69_Bank Keshavarzi Iran,59
103,70_Bank Melli Iran,59
103,71_Bank Saderat Iran,58
103,72_Qarz Al-Hasaneh Mehr Iran Bank,58
103,73_Bank Maskan,58
103,74_Bank Saderat Iran,54
103,75_Bank Sepah,55
103,76_Tejarat Bank,44
103,77_Bank Melli Iran,38
103,78_Bank mehr iran,43
103,79_Bank Sepah,9
103,80_Bank Sepah,47
103,81_Bank Melli Iran,29
103,82_Shahr Bank,36
103,83_Bank Sepah,41
103,84_Bank Melli Iran,44
103,85_Bank Saderat Iran,43
103,86_Bank Sepah,42
103,87_Bank Keshavarzi Iran,46
103,88_Bank Sepah,38
103,89_Bank Sepah,44
103,90_Bank Melli Iran,44
103,91_Ayandeh Bank,41
103,92_Bank Pasargad,44
103,93_Bank Melli Iran,41
103,94_Bank Mellat,41
103,95_Mehr Eqtesad Bank,41
103,96_EN Bank,48
103,97_Bank Keshavarzi Iran,70
103,98_Tejarat Bank,47
103,99_Bank Melli Iran,46
103,100_Bank Keshavarzi Iran,43
103,101_Bank Melli Iran,39
103,102_Bank Mellat,29
103,103_Bank Maskan,46
103,104_Tejarat Bank,41
103,105_Bank Maskan,41
103,106_Sarmayeh Bank,41
103,107_Bank Sepah,47
103,108_Bank Melli Iran,47
103,109_Sarmayeh Bank,38
103,110_Bank Saderat Iran,35
104,01_Bank Melli Iran,34
104,02_Bank Maskan,32
104,03_Bank Sepah,36
104,04_Bank Mellat,35
104,05_Bank Saderat Iran,30
104,06_Bank Mellat,31
104,07_Mehr,31
104,08_Refah Bank,31
104,09_Bank Maskan,47
104,10_Bank Sepah,64
104,11_Bank Sepah,55
104,12_Melli Bank,63
104,13_EN Bank,51
104,14_Bank Maskan,34
104,15_Bank Maskan,55
104,16_Bank Saderat Iran,54
104,17_Bank Mellat,55
104,18_Saman Bank,47
104,19_Bank Melli Iran,64
104,20_Gardeshgari,43
104,21_Bank Maskan,45
104,22_Samen Bank,48
104,23_Tejarat Bank,54
104,24_Bank Maskan,54
104,25_Bank Melli Iran,59
104,26_Bank Keshavarzi Iran,63
104,27_Bank Saderat Iran,54
104,28_Bank Saderat Iran,56
104,29_Bank Keshavarzi Iran,65
104,30_Bank Sepah,64
104,31_Refah Bank,63
104,32_Shahr Bank,36
104,33_Sepah Bank,47
104,34_Bank of Industry and Mine,43
104,35_Ghavamin Bank,32
104,36_Mehr Eqtesad Bank,63
104,37_Bank Melli Iran,70
104,38_Tejarat Bank,64
104,39_Bank Melli Iran,64
104,40_Bank Mellat,64
104,41_Bank Melli Iran,53
104,42_Bank Saderat Iran,55
104,43_Bank Sepah,57
104,44_Bank Maskan,29
104,45_Tejarat Bank,76
104,46_Bank Saderat Iran,44
104,47_Tejarat Bank,43
104,48_Ansar Bank,46
104,49_Bank Day,47
104,50_Bank Saderat Iran,54
104,51_Kosar Financial Institute,54
104,52_Bank Mellat,55
104,53_Post Bank of Iran,55
104,54_Tejarat Bank,57
104,55_Bank Keshavarzi Iran,57
104,56_Ansar Bank,57
104,57_Bank Melli Iran,57
104,58_Bank Melli Iran,56
104,59_Bank Saderat Iran,23
104,60_Bank Mellat,39
104,61_TT Bank,41
104,62_Bank Sepah,47
104,63_Hekmat Iranian Bank,58
104,64_Bank Mellat,57
104,65_Post Bank of Iran,57
104,66_Refah Bank,50
104,67_Bank Keshavarzi Iran,60
104,68_Refah Bank,65
104,69_Bank Keshavarzi Iran,67
104,70_Bank Melli Iran,67
104,71_Bank Saderat Iran,66
104,72_Qarz Al-Hasaneh Mehr Iran Bank,66
104,73_Bank Maskan,65
104,74_Bank Saderat Iran,62
104,75_Bank Sepah,63
104,76_Tejarat Bank,54
104,77_Bank Melli Iran,47
104,78_Bank mehr iran,53
104,79_Bank Sepah,21
104,80_Bank Sepah,54
104,81_Bank Melli Iran,38
104,82_Shahr Bank,44
104,83_Bank Sepah,51
104,84_Bank Melli Iran,52
104,85_Bank Saderat Iran,53
104,86_Bank Sepah,50
104,87_Bank Keshavarzi Iran,54
104,88_Bank Sepah,46
104,89_Bank Sepah,52
104,90_Bank Melli Iran,55
104,91_Ayandeh Bank,49
104,92_Bank Pasargad,52
104,93_Bank Melli Iran,50
104,94_Bank Mellat,49
104,95_Mehr Eqtesad Bank,49
104,96_EN Bank,58
104,97_Bank Keshavarzi Iran,78
104,98_Tejarat Bank,55
104,99_Bank Melli Iran,54
104,100_Bank Keshavarzi Iran,50
104,101_Bank Melli Iran,47
104,102_Bank Mellat,36
104,103_Bank Maskan,55
104,104_Tejarat Bank,49
104,105_Bank Maskan,49
104,106_Sarmayeh Bank,49
104,107_Bank Sepah,57
104,108_Bank Melli Iran,55
104,109_Sarmayeh Bank,46
104,110_Bank Saderat Iran,43
105,01_Bank Melli Iran,31
105,02_Bank Maskan,29
105,03_Bank Sepah,33
105,04_Bank Mellat,32
105,05_Bank Saderat Iran,27
105,06_Bank Mellat,28
105,07_Mehr,28
105,08_Refah Bank,28
105,09_Bank Maskan,44
105,10_Bank Sepah,61
105,11_Bank Sepah,50
105,12_Melli Bank,57
105,13_EN Bank,49
105,14_Bank Maskan,23
105,15_Bank Maskan,46
105,16_Bank Saderat Iran,45
105,17_Bank Mellat,46
105,18_Saman Bank,45
105,19_Bank Melli Iran,62
105,20_Gardeshgari,41
105,21_Bank Maskan,37
105,22_Samen Bank,46
105,23_Tejarat Bank,52
105,24_Bank Maskan,52
105,25_Bank Melli Iran,57
105,26_Bank Keshavarzi Iran,61
105,27_Bank Saderat Iran,45
105,28_Bank Saderat Iran,54
105,29_Bank Keshavarzi Iran,56
105,30_Bank Sepah,55
105,31_Refah Bank,55
105,32_Shahr Bank,33
105,33_Sepah Bank,41
105,34_Bank of Industry and Mine,37
105,35_Ghavamin Bank,29
105,36_Mehr Eqtesad Bank,57
105,37_Bank Melli Iran,67
105,38_Tejarat Bank,60
105,39_Bank Melli Iran,62
105,40_Bank Mellat,62
105,41_Bank Melli Iran,51
105,42_Bank Saderat Iran,52
105,43_Bank Sepah,51
105,44_Bank Maskan,27
105,45_Tejarat Bank,74
105,46_Bank Saderat Iran,37
105,47_Tejarat Bank,36
105,48_Ansar Bank,44
105,49_Bank Day,45
105,50_Bank Saderat Iran,52
105,51_Kosar Financial Institute,52
105,52_Bank Mellat,51
105,53_Post Bank of Iran,46
105,54_Tejarat Bank,50
105,55_Bank Keshavarzi Iran,49
105,56_Ansar Bank,49
105,57_Bank Melli Iran,51
105,58_Bank Melli Iran,47
105,59_Bank Saderat Iran,21
105,60_Bank Mellat,28
105,61_TT Bank,39
105,62_Bank Sepah,45
105,63_Hekmat Iranian Bank,56
105,64_Bank Mellat,55
105,65_Post Bank of Iran,55
105,66_Refah Bank,45
105,67_Bank Keshavarzi Iran,58
105,68_Refah Bank,50
105,69_Bank Keshavarzi Iran,57
105,70_Bank Melli Iran,57
105,71_Bank Saderat Iran,56
105,72_Qarz Al-Hasaneh Mehr Iran Bank,56
105,73_Bank Maskan,55
105,74_Bank Saderat Iran,60
105,75_Bank Sepah,61
105,76_Tejarat Bank,45
105,77_Bank Melli Iran,39
105,78_Bank mehr iran,45
105,79_Bank Sepah,12
105,80_Bank Sepah,49
105,81_Bank Melli Iran,35
105,82_Shahr Bank,42
105,83_Bank Sepah,47
105,84_Bank Melli Iran,50
105,85_Bank Saderat Iran,48
105,86_Bank Sepah,48
105,87_Bank Keshavarzi Iran,52
105,88_Bank Sepah,44
105,89_Bank Sepah,50
105,90_Bank Melli Iran,46
105,91_Ayandeh Bank,47
105,92_Bank Pasargad,50
105,93_Bank Melli Iran,46
105,94_Bank Mellat,47
105,95_Mehr Eqtesad Bank,47
105,96_EN Bank,54
105,97_Bank Keshavarzi Iran,76
105,98_Tejarat Bank,53
105,99_Bank Melli Iran,52
105,100_Bank Keshavarzi Iran,45
105,101_Bank Melli Iran,45
105,102_Bank Mellat,26
105,103_Bank Maskan,52
105,104_Tejarat Bank,47
105,105_Bank Maskan,47
105,106_Sarmayeh Bank,47
105,107_Bank Sepah,50
105,108_Bank Melli Iran,53
105,109_Sarmayeh Bank,44
105,110_Bank Saderat Iran,41
107,01_Bank Melli Iran,43
107,02_Bank Maskan,53
107,03_Bank Sepah,40
107,04_Bank Mellat,38
107,05_Bank Saderat Iran,50
107,06_Bank Mellat,49
107,07_Mehr,49
107,08_Refah Bank,49
107,09_Bank Maskan,42
107,10_Bank Sepah,61
107,11_Bank Sepah,38
107,12_Melli Bank,29
107,13_EN Bank,49
107,14_Bank Maskan,40
107,15_Bank Maskan,44
107,16_Bank Saderat Iran,43
107,17_Bank Mellat,44
107,18_Saman Bank,47
107,19_Bank Melli Iran,41
107,20_Gardeshgari,42
107,21_Bank Maskan,40
107,22_Samen Bank,46
107,23_Tejarat Bank,52
107,24_Bank Maskan,53
107,25_Bank Melli Iran,36
107,26_Bank Keshavarzi Iran,39
107,27_Bank Saderat Iran,45
107,28_Bank Saderat Iran,52
107,29_Bank Keshavarzi Iran,56
107,30_Bank Sepah,57
107,31_Refah Bank,58
107,32_Shahr Bank,45
107,33_Sepah Bank,39
107,34_Bank of Industry and Mine,36
107,35_Ghavamin Bank,49
107,36_Mehr Eqtesad Bank,59
107,37_Bank Melli Iran,58
107,38_Tejarat Bank,60
107,39_Bank Melli Iran,60
107,40_Bank Mellat,59
107,41_Bank Melli Iran,45
107,42_Bank Saderat Iran,53
107,43_Bank Sepah,52
107,44_Bank Maskan,54
107,45_Tejarat Bank,59
107,46_Bank Saderat Iran,40
107,47_Tejarat Bank,39
107,48_Ansar Bank,51
107,49_Bank Day,52
107,50_Bank Saderat Iran,52
107,51_Kosar Financial Institute,52
107,52_Bank Mellat,55
107,53_Post Bank of Iran,45
107,54_Tejarat Bank,52
107,55_Bank Keshavarzi Iran,50
107,56_Ansar Bank,50
107,57_Bank Melli Iran,51
107,58_Bank Melli Iran,46
107,59_Bank Saderat Iran,56
107,60_Bank Mellat,44
107,61_TT Bank,36
107,62_Bank Sepah,46
107,63_Hekmat Iranian Bank,39
107,64_Bank Mellat,39
107,65_Post Bank of Iran,53
107,66_Refah Bank,43
107,67_Bank Keshavarzi Iran,37
107,68_Refah Bank,32
107,69_Bank Keshavarzi Iran,11
107,70_Bank Melli Iran,12
107,71_Bank Saderat Iran,11
107,72_Qarz Al-Hasaneh Mehr Iran Bank,11
107,73_Bank Maskan,15
107,74_Bank Saderat Iran,41
107,75_Bank Sepah,41
107,76_Tejarat Bank,44
107,77_Bank Melli Iran,37
107,78_Bank mehr iran,33
107,79_Bank Sepah,57
107,80_Bank Sepah,38
107,81_Bank Melli Iran,50
107,82_Shahr Bank,42
107,83_Bank Sepah,45
107,84_Bank Melli Iran,49
107,85_Bank Saderat Iran,46
107,86_Bank Sepah,51
107,87_Bank Keshavarzi Iran,50
107,88_Bank Sepah,51
107,89_Bank Sepah,50
107,90_Bank Melli Iran,44
107,91_Ayandeh Bank,53
107,92_Bank Pasargad,47
107,93_Bank Melli Iran,44
107,94_Bank Mellat,51
107,95_Mehr Eqtesad Bank,51
107,96_EN Bank,57
107,97_Bank Keshavarzi Iran,57
107,98_Tejarat Bank,52
107,99_Bank Melli Iran,51
107,100_Bank Keshavarzi Iran,42
107,101_Bank Melli Iran,48
107,102_Bank Mellat,39
107,103_Bank Maskan,54
107,104_Tejarat Bank,52
107,105_Bank Maskan,49
107,106_Sarmayeh Bank,50
107,107_Bank Sepah,51
107,108_Bank Melli Iran,52
107,109_Sarmayeh Bank,51
107,110_Bank Saderat Iran,43
108,01_Bank Melli Iran,51
108,02_Bank Maskan,61
108,03_Bank Sepah,48
108,04_Bank Mellat,46
108,05_Bank Saderat Iran,58
108,06_Bank Mellat,57
108,07_Mehr,57
108,08_Refah Bank,57
108,09_Bank Maskan,50
108,10_Bank Sepah,69
108,11_Bank Sepah,46
108,12_Melli Bank,37
108,13_EN Bank,57
108,14_Bank Maskan,46
108,15_Bank Maskan,52
108,16_Bank Saderat Iran,51
108,17_Bank Mellat,52
108,18_Saman Bank,55
108,19_Bank Melli Iran,49
108,20_Gardeshgari,50
108,21_Bank Maskan,48
108,22_Samen Bank,54
108,23_Tejarat Bank,60
108,24_Bank Maskan,61
108,25_Bank Melli Iran,44
108,26_Bank Keshavarzi Iran,47
108,27_Bank Saderat Iran,53
108,28_Bank Saderat Iran,60
108,29_Bank Keshavarzi Iran,64
108,30_Bank Sepah,65
108,31_Refah Bank,66
108,32_Shahr Bank,53
108,33_Sepah Bank,47
108,34_Bank of Industry and Mine,44
108,35_Ghavamin Bank,57
108,36_Mehr Eqtesad Bank,67
108,37_Bank Melli Iran,66
108,38_Tejarat Bank,68
108,39_Bank Melli Iran,68
108,40_Bank Mellat,67
108,41_Bank Melli Iran,53
108,42_Bank Saderat Iran,61
108,43_Bank Sepah,60
108,44_Bank Maskan,60
108,45_Tejarat Bank,67
108,46_Bank Saderat Iran,48
108,47_Tejarat Bank,47
108,48_Ansar Bank,59
108,49_Bank Day,60
108,50_Bank Saderat Iran,60
108,51_Kosar Financial Institute,60
108,52_Bank Mellat,63
108,53_Post Bank of Iran,53
108,54_Tejarat Bank,60
108,55_Bank Keshavarzi Iran,58
108,56_Ansar Bank,58
108,57_Bank Melli Iran,59
108,58_Bank Melli Iran,54
108,59_Bank Saderat Iran,60
108,60_Bank Mellat,33
108,61_TT Bank,44
108,62_Bank Sepah,54
108,63_Hekmat Iranian Bank,47
108,64_Bank Mellat,47
108,65_Post Bank of Iran,61
108,66_Refah Bank,51
108,67_Bank Keshavarzi Iran,45
108,68_Refah Bank,27
108,69_Bank Keshavarzi Iran,13
108,70_Bank Melli Iran,13
108,71_Bank Saderat Iran,12
108,72_Qarz Al-Hasaneh Mehr Iran Bank,12
108,73_Bank Maskan,18
108,74_Bank Saderat Iran,49
108,75_Bank Sepah,49
108,76_Tejarat Bank,52
108,77_Bank Melli Iran,45
108,78_Bank mehr iran,41
108,79_Bank Sepah,58
108,80_Bank Sepah,46
108,81_Bank Melli Iran,56
108,82_Shahr Bank,50
108,83_Bank Sepah,53
108,84_Bank Melli Iran,57
108,85_Bank Saderat Iran,54
108,86_Bank Sepah,59
108,87_Bank Keshavarzi Iran,58
108,88_Bank Sepah,59
108,89_Bank Sepah,58
108,90_Bank Melli Iran,52
108,91_Ayandeh Bank,61
108,92_Bank Pasargad,55
108,93_Bank Melli Iran,52
108,94_Bank Mellat,59
108,95_Mehr Eqtesad Bank,59
108,96_EN Bank,65
108,97_Bank Keshavarzi Iran,65
108,98_Tejarat Bank,60
108,99_Bank Melli Iran,59
108,100_Bank Keshavarzi Iran,50
108,101_Bank Melli Iran,56
108,102_Bank Mellat,43
108,103_Bank Maskan,62
108,104_Tejarat Bank,60
108,105_Bank Maskan,57
108,106_Sarmayeh Bank,58
108,107_Bank Sepah,59
108,108_Bank Melli Iran,60
108,109_Sarmayeh Bank,59
108,110_Bank Saderat Iran,51
109,01_Bank Melli Iran,45
109,02_Bank Maskan,55
109,03_Bank Sepah,42
109,04_Bank Mellat,40
109,05_Bank Saderat Iran,52
109,06_Bank Mellat,51
109,07_Mehr,51
109,08_Refah Bank,51
109,09_Bank Maskan,44
109,10_Bank Sepah,64
109,11_Bank Sepah,41
109,12_Melli Bank,32
109,13_EN Bank,52
109,14_Bank Maskan,43
109,15_Bank Maskan,46
109,16_Bank Saderat Iran,45
109,17_Bank Mellat,46
109,18_Saman Bank,50
109,19_Bank Melli Iran,44
109,20_Gardeshgari,44
109,21_Bank Maskan,42
109,22_Samen Bank,49
109,23_Tejarat Bank,55
109,24_Bank Maskan,56
109,25_Bank Melli Iran,39
109,26_Bank Keshavarzi Iran,42
109,27_Bank Saderat Iran,47
109,28_Bank Saderat Iran,55
109,29_Bank Keshavarzi Iran,59
109,30_Bank Sepah,60
109,31_Refah Bank,61
109,32_Shahr Bank,47
109,33_Sepah Bank,41
109,34_Bank of Industry and Mine,38
109,35_Ghavamin Bank,51
109,36_Mehr Eqtesad Bank,62
109,37_Bank Melli Iran,61
109,38_Tejarat Bank,63
109,39_Bank Melli Iran,63
109,40_Bank Mellat,62
109,41_Bank Melli Iran,48
109,42_Bank Saderat Iran,56
109,43_Bank Sepah,55
109,44_Bank Maskan,56
109,45_Tejarat Bank,62
109,46_Bank Saderat Iran,43
109,47_Tejarat Bank,42
109,48_Ansar Bank,54
109,49_Bank Day,55
109,50_Bank Saderat Iran,55
109,51_Kosar Financial Institute,55
109,52_Bank Mellat,58
109,53_Post Bank of Iran,47
109,54_Tejarat Bank,54
109,55_Bank Keshavarzi Iran,52
109,56_Ansar Bank,52
109,57_Bank Melli Iran,54
109,58_Bank Melli Iran,48
109,59_Bank Saderat Iran,58
109,60_Bank Mellat,41
109,61_TT Bank,38
109,62_Bank Sepah,49
109,63_Hekmat Iranian Bank,42
109,64_Bank Mellat,42
109,65_Post Bank of Iran,56
109,66_Refah Bank,45
109,67_Bank Keshavarzi Iran,40
109,68_Refah Bank,27
109,69_Bank Keshavarzi Iran,9
109,70_Bank Melli Iran,8
109,71_Bank Saderat Iran,9
109,72_Qarz Al-Hasaneh Mehr Iran Bank,9
109,73_Bank Maskan,17
109,74_Bank Saderat Iran,44
109,75_Bank Sepah,44
109,76_Tejarat Bank,46
109,77_Bank Melli Iran,39
109,78_Bank mehr iran,36
109,79_Bank Sepah,60
109,80_Bank Sepah,41
109,81_Bank Melli Iran,53
109,82_Shahr Bank,44
109,83_Bank Sepah,47
109,84_Bank Melli Iran,52
109,85_Bank Saderat Iran,48
109,86_Bank Sepah,54
109,87_Bank Keshavarzi Iran,53
109,88_Bank Sepah,54
109,89_Bank Sepah,53
109,90_Bank Melli Iran,46
109,91_Ayandeh Bank,56
109,92_Bank Pasargad,50
109,93_Bank Melli Iran,46
109,94_Bank Mellat,54
109,95_Mehr Eqtesad Bank,54
109,96_EN Bank,60
109,97_Bank Keshavarzi Iran,60
109,98_Tejarat Bank,55
109,99_Bank Melli Iran,54
109,100_Bank Keshavarzi Iran,45
109,101_Bank Melli Iran,50
109,102_Bank Mellat,42
109,103_Bank Maskan,57
109,104_Tejarat Bank,55
109,105_Bank Maskan,52
109,106_Sarmayeh Bank,53
109,107_Bank Sepah,53
109,108_Bank Melli Iran,55
109,109_Sarmayeh Bank,54
109,110_Bank Saderat Iran,45
110,01_Bank Melli Iran,42
110,02_Bank Maskan,51
110,03_Bank Sepah,39
110,04_Bank Mellat,38
110,05_Bank Saderat Iran,48
110,06_Bank Mellat,46
110,07_Mehr,47
110,08_Refah Bank,47
110,09_Bank Maskan,40
110,10_Bank Sepah,61
110,11_Bank Sepah,36
110,12_Melli Bank,29
110,13_EN Bank,49
110,14_Bank Maskan,34
110,15_Bank Maskan,45
110,16_Bank Saderat Iran,44
110,17_Bank Mellat,45
110,18_Saman Bank,47
110,19_Bank Melli Iran,41
110,20_Gardeshgari,42
110,21_Bank Maskan,37
110,22_Samen Bank,46
110,23_Tejarat Bank,52
110,24_Bank Maskan,53
110,25_Bank Melli Iran,36
110,26_Bank Keshavarzi Iran,39
110,27_Bank Saderat Iran,46
110,28_Bank Saderat Iran,52
110,29_Bank Keshavarzi Iran,57
110,30_Bank Sepah,57
110,31_Refah Bank,58
110,32_Shahr Bank,42
110,33_Sepah Bank,40
110,34_Bank of Industry and Mine,37
110,35_Ghavamin Bank,46
110,36_Mehr Eqtesad Bank,59
110,37_Bank Melli Iran,58
110,38_Tejarat Bank,60
110,39_Bank Melli Iran,60
110,40_Bank Mellat,59
110,41_Bank Melli Iran,45
110,42_Bank Saderat Iran,53
110,43_Bank Sepah,52
110,44_Bank Maskan,51
110,45_Tejarat Bank,59
110,46_Bank Saderat Iran,36
110,47_Tejarat Bank,35
110,48_Ansar Bank,50
110,49_Bank Day,51
110,50_Bank Saderat Iran,52
110,51_Kosar Financial Institute,52
110,52_Bank Mellat,55
110,53_Post Bank of Iran,46
110,54_Tejarat Bank,52
110,55_Bank Keshavarzi Iran,51
110,56_Ansar Bank,51
110,57_Bank Melli Iran,51
110,58_Bank Melli Iran,47
110,59_Bank Saderat Iran,49
110,60_Bank Mellat,30
110,61_TT Bank,37
110,62_Bank Sepah,45
110,63_Hekmat Iranian Bank,38
110,64_Bank Mellat,38
110,65_Post Bank of Iran,53
110,66_Refah Bank,44
110,67_Bank Keshavarzi Iran,37
110,68_Refah Bank,29
110,69_Bank Keshavarzi Iran,17
110,70_Bank Melli Iran,17
110,71_Bank Saderat Iran,16
110,72_Qarz Al-Hasaneh Mehr Iran Bank,16
110,73_Bank Maskan,16
110,74_Bank Saderat Iran,41
110,75_Bank Sepah,41
110,76_Tejarat Bank,45
110,77_Bank Melli Iran,34
110,78_Bank mehr iran,31
110,79_Bank Sepah,51
110,80_Bank Sepah,36
110,81_Bank Melli Iran,42
110,82_Shahr Bank,42
110,83_Bank Sepah,46
110,84_Bank Melli Iran,49
110,85_Bank Saderat Iran,47
110,86_Bank Sepah,51
110,87_Bank Keshavarzi Iran,50
110,88_Bank Sepah,50
110,89_Bank Sepah,50
110,90_Bank Melli Iran,45
110,91_Ayandeh Bank,53
110,92_Bank Pasargad,47
110,93_Bank Melli Iran,45
110,94_Bank Mellat,52
110,95_Mehr Eqtesad Bank,52
110,96_EN Bank,57
110,97_Bank Keshavarzi Iran,57
110,98_Tejarat Bank,52
110,99_Bank Melli Iran,51
110,100_Bank Keshavarzi Iran,40
110,101_Bank Melli Iran,48
110,102_Bank Mellat,31
110,103_Bank Maskan,54
110,104_Tejarat Bank,52
110,105_Bank Maskan,50
110,106_Sarmayeh Bank,50
110,107_Bank Sepah,51
110,108_Bank Melli Iran,52
110,109_Sarmayeh Bank,50
110,110_Bank Saderat Iran,43
111,01_Bank Melli Iran,34
111,02_Bank Maskan,33
111,03_Bank Sepah,35
111,04_Bank Mellat,33
111,05_Bank Saderat Iran,34
111,06_Bank Mellat,36
111,07_Mehr,34
111,08_Refah Bank,34
111,09_Bank Maskan,34
111,10_Bank Sepah,51
111,11_Bank Sepah,36
111,12_Melli Bank,35
111,13_EN Bank,42
111,14_Bank Maskan,14
111,15_Bank Maskan,37
111,16_Bank Saderat Iran,36
111,17_Bank Mellat,37
111,18_Saman Bank,41
111,19_Bank Melli Iran,47
111,20_Gardeshgari,35
111,21_Bank Maskan,22
111,22_Samen Bank,40
111,23_Tejarat Bank,46
111,24_Bank Maskan,46
111,25_Bank Melli Iran,42
111,26_Bank Keshavarzi Iran,45
111,27_Bank Saderat Iran,36
111,28_Bank Saderat Iran,45
111,29_Bank Keshavarzi Iran,48
111,30_Bank Sepah,48
111,31_Refah Bank,48
111,32_Shahr Bank,34
111,33_Sepah Bank,33
111,34_Bank of Industry and Mine,29
111,35_Ghavamin Bank,37
111,36_Mehr Eqtesad Bank,49
111,37_Bank Melli Iran,56
111,38_Tejarat Bank,51
111,39_Bank Melli Iran,51
111,40_Bank Mellat,51
111,41_Bank Melli Iran,44
111,42_Bank Saderat Iran,42
111,43_Bank Sepah,44
111,44_Bank Maskan,34
111,45_Tejarat Bank,60
111,46_Bank Saderat Iran,22
111,47_Tejarat Bank,21
111,48_Ansar Bank,42
111,49_Bank Day,43
111,50_Bank Saderat Iran,49
111,51_Kosar Financial Institute,49
111,52_Bank Mellat,43
111,53_Post Bank of Iran,38
111,54_Tejarat Bank,43
111,55_Bank Keshavarzi Iran,42
111,56_Ansar Bank,42
111,57_Bank Melli Iran,44
111,58_Bank Melli Iran,39
111,59_Bank Saderat Iran,33
111,60_Bank Mellat,26
111,61_TT Bank,31
111,62_Bank Sepah,38
111,63_Hekmat Iranian Bank,44
111,64_Bank Mellat,44
111,65_Post Bank of Iran,45
111,66_Refah Bank,37
111,67_Bank Keshavarzi Iran,43
111,68_Refah Bank,39
111,69_Bank Keshavarzi Iran,30
111,70_Bank Melli Iran,30
111,71_Bank Saderat Iran,29
111,72_Qarz Al-Hasaneh Mehr Iran Bank,29
111,73_Bank Maskan,28
111,74_Bank Saderat Iran,46
111,75_Bank Sepah,47
111,76_Tejarat Bank,36
111,77_Bank Melli Iran,25
111,78_Bank mehr iran,33
111,79_Bank Sepah,35
111,80_Bank Sepah,36
111,81_Bank Melli Iran,25
111,82_Shahr Bank,35
111,83_Bank Sepah,39
111,84_Bank Melli Iran,44
111,85_Bank Saderat Iran,40
111,86_Bank Sepah,43
111,87_Bank Keshavarzi Iran,48
111,88_Bank Sepah,42
111,89_Bank Sepah,41
111,90_Bank Melli Iran,37
111,91_Ayandeh Bank,44
111,92_Bank Pasargad,42
111,93_Bank Melli Iran,38
111,94_Bank Mellat,43
111,95_Mehr Eqtesad Bank,43
111,96_EN Bank,45
111,97_Bank Keshavarzi Iran,60
111,98_Tejarat Bank,42
111,99_Bank Melli Iran,43
111,100_Bank Keshavarzi Iran,32
111,101_Bank Melli Iran,41
111,102_Bank Mellat,11
111,103_Bank Maskan,43
111,104_Tejarat Bank,44
111,105_Bank Maskan,42
111,106_Sarmayeh Bank,42
111,107_Bank Sepah,43
111,108_Bank Melli Iran,48
111,109_Sarmayeh Bank,42
111,110_Bank Saderat Iran,36
112,01_Bank Melli Iran,30
112,02_Bank Maskan,28
112,03_Bank Sepah,31
112,04_Bank Mellat,30
112,05_Bank Saderat Iran,26
112,06_Bank Mellat,27
112,07_Mehr,27
112,08_Refah Bank,27
112,09_Bank Maskan,37
112,10_Bank Sepah,54
112,11_Bank Sepah,39
112,12_Melli Bank,45
112,13_EN Bank,42
112,14_Bank Maskan,14
112,15_Bank Maskan,40
112,16_Bank Saderat Iran,39
112,17_Bank Mellat,40
112,18_Saman Bank,41
112,19_Bank Melli Iran,55
112,20_Gardeshgari,36
112,21_Bank Maskan,25
112,22_Samen Bank,41
112,23_Tejarat Bank,47
112,24_Bank Maskan,47
112,25_Bank Melli Iran,49
112,26_Bank Keshavarzi Iran,53
112,27_Bank Saderat Iran,39
112,28_Bank Saderat Iran,46
112,29_Bank Keshavarzi Iran,51
112,30_Bank Sepah,51
112,31_Refah Bank,51
112,32_Shahr Bank,31
112,33_Sepah Bank,36
112,34_Bank of Industry and Mine,32
112,35_Ghavamin Bank,28
112,36_Mehr Eqtesad Bank,51
112,37_Bank Melli Iran,58
112,38_Tejarat Bank,53
112,39_Bank Melli Iran,54
112,40_Bank Mellat,54
112,41_Bank Melli Iran,44
112,42_Bank Saderat Iran,45
112,43_Bank Sepah,47
112,44_Bank Maskan,26
112,45_Tejarat Bank,65
112,46_Bank Saderat Iran,24
112,47_Tejarat Bank,23
112,48_Ansar Bank,40
112,49_Bank Day,41
112,50_Bank Saderat Iran,48
112,51_Kosar Financial Institute,48
112,52_Bank Mellat,45
112,53_Post Bank of Iran,41
112,54_Tejarat Bank,46
112,55_Bank Keshavarzi Iran,45
112,56_Ansar Bank,45
112,57_Bank Melli Iran,47
112,58_Bank Melli Iran,42
112,59_Bank Saderat Iran,25
112,60_Bank Mellat,16
112,61_TT Bank,34
112,62_Bank Sepah,38
112,63_Hekmat Iranian Bank,49
112,64_Bank Mellat,49
112,65_Post Bank of Iran,47
112,66_Refah Bank,40
112,67_Bank Keshavarzi Iran,50
112,68_Refah Bank,37
112,69_Bank Keshavarzi Iran,46
112,70_Bank Melli Iran,46
112,71_Bank Saderat Iran,45
112,72_Qarz Al-Hasaneh Mehr Iran Bank,45
112,73_Bank Maskan,45
112,74_Bank Saderat Iran,55
112,75_Bank Sepah,55
112,76_Tejarat Bank,39
112,77_Bank Melli Iran,28
112,78_Bank mehr iran,35
112,79_Bank Sepah,19
112,80_Bank Sepah,39
112,81_Bank Melli Iran,31
112,82_Shahr Bank,37
112,83_Bank Sepah,42
112,84_Bank Melli Iran,45
112,85_Bank Saderat Iran,43
112,86_Bank Sepah,44
112,87_Bank Keshavarzi Iran,47
112,88_Bank Sepah,40
112,89_Bank Sepah,42
112,90_Bank Melli Iran,40
112,91_Ayandeh Bank,43
112,92_Bank Pasargad,45
112,93_Bank Melli Iran,41
112,94_Bank Mellat,43
112,95_Mehr Eqtesad Bank,43
112,96_EN Bank,48
112,97_Bank Keshavarzi Iran,67
112,98_Tejarat Bank,45
112,99_Bank Melli Iran,44
112,100_Bank Keshavarzi Iran,35
112,101_Bank Melli Iran,41
112,102_Bank Mellat,16
112,103_Bank Maskan,45
112,104_Tejarat Bank,43
112,105_Bank Maskan,43
112,106_Sarmayeh Bank,43
112,107_Bank Sepah,46
112,108_Bank Melli Iran,48
112,109_Sarmayeh Bank,40
112,110_Bank Saderat Iran,36
113,01_Bank Melli Iran,38
113,02_Bank Maskan,36
113,03_Bank Sepah,40
113,04_Bank Mellat,39
113,05_Bank Saderat Iran,34
113,06_Bank Mellat,35
113,07_Mehr,35
113,08_Refah Bank,35
113,09_Bank Maskan,52
113,10_Bank Sepah,68
113,11_Bank Sepah,58
113,12_Melli Bank,65
113,13_EN Bank,56
113,14_Bank Maskan,33
113,15_Bank Maskan,54
113,16_Bank Saderat Iran,53
113,17_Bank Mellat,54
113,18_Saman Bank,52
113,19_Bank Melli Iran,69
113,20_Gardeshgari,48
113,21_Bank Maskan,45
113,22_Samen Bank,53
113,23_Tejarat Bank,59
113,24_Bank Maskan,59
113,25_Bank Melli Iran,64
113,26_Bank Keshavarzi Iran,68
113,27_Bank Saderat Iran,54
113,28_Bank Saderat Iran,61
113,29_Bank Keshavarzi Iran,64
113,30_Bank Sepah,62
113,31_Refah Bank,62
113,32_Shahr Bank,40
113,33_Sepah Bank,49
113,34_Bank of Industry and Mine,45
113,35_Ghavamin Bank,36
113,36_Mehr Eqtesad Bank,64
113,37_Bank Melli Iran,74
113,38_Tejarat Bank,67
113,39_Bank Melli Iran,69
113,40_Bank Mellat,69
113,41_Bank Melli Iran,58
113,42_Bank Saderat Iran,59
113,43_Bank Sepah,58
113,44_Bank Maskan,34
113,45_Tejarat Bank,81
113,46_Bank Saderat Iran,44
113,47_Tejarat Bank,43
113,48_Ansar Bank,51
113,49_Bank Day,52
113,50_Bank Saderat Iran,59
113,51_Kosar Financial Institute,59
113,52_Bank Mellat,58
113,53_Post Bank of Iran,54
113,54_Tejarat Bank,57
113,55_Bank Keshavarzi Iran,56
113,56_Ansar Bank,56
113,57_Bank Melli Iran,58
113,58_Bank Melli Iran,54
113,59_Bank Saderat Iran,29
113,60_Bank Mellat,34
113,61_TT Bank,46
113,62_Bank Sepah,52
113,63_Hekmat Iranian Bank,63
113,64_Bank Mellat,62
113,65_Post Bank of Iran,62
113,66_Refah Bank,53
113,67_Bank Keshavarzi Iran,65
113,68_Refah Bank,60
113,69_Bank Keshavarzi Iran,67
113,70_Bank Melli Iran,67
113,71_Bank Saderat Iran,66
113,72_Qarz Al-Hasaneh Mehr Iran Bank,66
113,73_Bank Maskan,65
113,74_Bank Saderat Iran,67
113,75_Bank Sepah,68
113,76_Tejarat Bank,54
113,77_Bank Melli Iran,48
113,78_Bank mehr iran,54
113,79_Bank Sepah,24
113,80_Bank Sepah,58
113,81_Bank Melli Iran,42
113,82_Shahr Bank,49
113,83_Bank Sepah,54
113,84_Bank Melli Iran,57
113,85_Bank Saderat Iran,56
113,86_Bank Sepah,55
113,87_Bank Keshavarzi Iran,59
113,88_Bank Sepah,51
113,89_Bank Sepah,57
113,90_Bank Melli Iran,54
113,91_Ayandeh Bank,54
113,92_Bank Pasargad,57
113,93_Bank Melli Iran,54
113,94_Bank Mellat,54
113,95_Mehr Eqtesad Bank,54
113,96_EN Bank,61
113,97_Bank Keshavarzi Iran,83
113,98_Tejarat Bank,60
113,99_Bank Melli Iran,59
113,100_Bank Keshavarzi Iran,54
113,101_Bank Melli Iran,52
113,102_Bank Mellat,35
113,103_Bank Maskan,59
113,104_Tejarat Bank,54
113,105_Bank Maskan,54
113,106_Sarmayeh Bank,54
113,107_Bank Sepah,57
113,108_Bank Melli Iran,60
113,109_Sarmayeh Bank,51
113,110_Bank Saderat Iran,48
114,01_Bank Melli Iran,29
114,02_Bank Maskan,27
114,03_Bank Sepah,31
114,04_Bank Mellat,30
114,05_Bank Saderat Iran,25
114,06_Bank Mellat,26
114,07_Mehr,26
114,08_Refah Bank,26
114,09_Bank Maskan,40
114,10_Bank Sepah,57
114,11_Bank Sepah,43
114,12_Melli Bank,49
114,13_EN Bank,45
114,14_Bank Maskan,22
114,15_Bank Maskan,42
114,16_Bank Saderat Iran,41
114,17_Bank Mellat,42
114,18_Saman Bank,43
114,19_Bank Melli Iran,59
114,20_Gardeshgari,39
114,21_Bank Maskan,30
114,22_Samen Bank,44
114,23_Tejarat Bank,50
114,24_Bank Maskan,50
114,25_Bank Melli Iran,53
114,26_Bank Keshavarzi Iran,57
114,27_Bank Saderat Iran,41
114,28_Bank Saderat Iran,50
114,29_Bank Keshavarzi Iran,53
114,30_Bank Sepah,53
114,31_Refah Bank,53
114,32_Shahr Bank,31
114,33_Sepah Bank,38
114,34_Bank of Industry and Mine,34
114,35_Ghavamin Bank,27
114,36_Mehr Eqtesad Bank,55
114,37_Bank Melli Iran,63
114,38_Tejarat Bank,57
114,39_Bank Melli Iran,58
114,40_Bank Mellat,58
114,41_Bank Melli Iran,47
114,42_Bank Saderat Iran,48
114,43_Bank Sepah,49
114,44_Bank Maskan,25
114,45_Tejarat Bank,70
114,46_Bank Saderat Iran,29
114,47_Tejarat Bank,28
114,48_Ansar Bank,42
114,49_Bank Day,43
114,50_Bank Saderat Iran,50
114,51_Kosar Financial Institute,50
114,52_Bank Mellat,49
114,53_Post Bank of Iran,43
114,54_Tejarat Bank,48
114,55_Bank Keshavarzi Iran,47
114,56_Ansar Bank,47
114,57_Bank Melli Iran,49
114,58_Bank Melli Iran,44
114,59_Bank Saderat Iran,24
114,60_Bank Mellat,13
114,61_TT Bank,36
114,62_Bank Sepah,41
114,63_Hekmat Iranian Bank,52
114,64_Bank Mellat,51
114,65_Post Bank of Iran,51
114,66_Refah Bank,42
114,67_Bank Keshavarzi Iran,54
114,68_Refah Bank,38
114,69_Bank Keshavarzi Iran,49
114,70_Bank Melli Iran,49
114,71_Bank Saderat Iran,48
114,72_Qarz Al-Hasaneh Mehr Iran Bank,48
114,73_Bank Maskan,48
114,74_Bank Saderat Iran,58
114,75_Bank Sepah,59
114,76_Tejarat Bank,41
114,77_Bank Melli Iran,32
114,78_Bank mehr iran,40
114,79_Bank Sepah,18
114,80_Bank Sepah,43
114,81_Bank Melli Iran,33
114,82_Shahr Bank,40
114,83_Bank Sepah,44
114,84_Bank Melli Iran,48
114,85_Bank Saderat Iran,45
114,86_Bank Sepah,46
114,87_Bank Keshavarzi Iran,49
114,88_Bank Sepah,42
114,89_Bank Sepah,46
114,90_Bank Melli Iran,42
114,91_Ayandeh Bank,45
114,92_Bank Pasargad,48
114,93_Bank Melli Iran,43
114,94_Bank Mellat,45
114,95_Mehr Eqtesad Bank,45
114,96_EN Bank,51
114,97_Bank Keshavarzi Iran,72
114,98_Tejarat Bank,49
114,99_Bank Melli Iran,48
114,100_Bank Keshavarzi Iran,39
114,101_Bank Melli Iran,43
114,102_Bank Mellat,22
114,103_Bank Maskan,49
114,104_Tejarat Bank,45
114,105_Bank Maskan,45
114,106_Sarmayeh Bank,45
114,107_Bank Sepah,48
114,108_Bank Melli Iran,50
114,109_Sarmayeh Bank,42
114,110_Bank Saderat Iran,39
115,01_Bank Melli Iran,49
115,02_Bank Maskan,59
115,03_Bank Sepah,46
115,04_Bank Mellat,44
115,05_Bank Saderat Iran,56
115,06_Bank Mellat,55
115,07_Mehr,55
115,08_Refah Bank,55
115,09_Bank Maskan,48
115,10_Bank Sepah,67
115,11_Bank Sepah,44
115,12_Melli Bank,35
115,13_EN Bank,55
115,14_Bank Maskan,46
115,15_Bank Maskan,50
115,16_Bank Saderat Iran,49
115,17_Bank Mellat,50
115,18_Saman Bank,53
115,19_Bank Melli Iran,47
115,20_Gardeshgari,48
115,21_Bank Maskan,46
115,22_Samen Bank,52
115,23_Tejarat Bank,58
115,24_Bank Maskan,59
115,25_Bank Melli Iran,42
115,26_Bank Keshavarzi Iran,45
115,27_Bank Saderat Iran,51
115,28_Bank Saderat Iran,58
115,29_Bank Keshavarzi Iran,62
115,30_Bank Sepah,63
115,31_Refah Bank,64
115,32_Shahr Bank,51
115,33_Sepah Bank,45
115,34_Bank of Industry and Mine,42
115,35_Ghavamin Bank,55
115,36_Mehr Eqtesad Bank,65
115,37_Bank Melli Iran,64
115,38_Tejarat Bank,66
115,39_Bank Melli Iran,66
115,40_Bank Mellat,65
115,41_Bank Melli Iran,51
115,42_Bank Saderat Iran,59
115,43_Bank Sepah,58
115,44_Bank Maskan,60
115,45_Tejarat Bank,65
115,46_Bank Saderat Iran,46
115,47_Tejarat Bank,45
115,48_Ansar Bank,57
115,49_Bank Day,58
115,50_Bank Saderat Iran,58
115,51_Kosar Financial Institute,58
115,52_Bank Mellat,61
115,53_Post Bank of Iran,51
115,54_Tejarat Bank,58
115,55_Bank Keshavarzi Iran,56
115,56_Ansar Bank,56
115,57_Bank Melli Iran,57
115,58_Bank Melli Iran,52
115,59_Bank Saderat Iran,62
115,60_Bank Mellat,37
115,61_TT Bank,42
115,62_Bank Sepah,52
115,63_Hekmat Iranian Bank,45
115,64_Bank Mellat,45
115,65_Post Bank of Iran,59
115,66_Refah Bank,49
115,67_Bank Keshavarzi Iran,43
115,68_Refah Bank,18
115,69_Bank Keshavarzi Iran,24
115,70_Bank Melli Iran,24
115,71_Bank Saderat Iran,24
115,72_Qarz Al-Hasaneh Mehr Iran Bank,24
115,73_Bank Maskan,24
115,74_Bank Saderat Iran,47
115,75_Bank Sepah,47
115,76_Tejarat Bank,50
115,77_Bank Melli Iran,43
115,78_Bank mehr iran,39
115,79_Bank Sepah,62
115,80_Bank Sepah,44
115,81_Bank Melli Iran,55
115,82_Shahr Bank,48
115,83_Bank Sepah,51
115,84_Bank Melli Iran,55
115,85_Bank Saderat Iran,52
115,86_Bank Sepah,57
115,87_Bank Keshavarzi Iran,56
115,88_Bank Sepah,57
115,89_Bank Sepah,56
115,90_Bank Melli Iran,50
115,91_Ayandeh Bank,59
115,92_Bank Pasargad,53
115,93_Bank Melli Iran,50
115,94_Bank Mellat,57
115,95_Mehr Eqtesad Bank,57
115,96_EN Bank,63
115,97_Bank Keshavarzi Iran,63
115,98_Tejarat Bank,58
115,99_Bank Melli Iran,57
115,100_Bank Keshavarzi Iran,48
115,101_Bank Melli Iran,54
115,102_Bank Mellat,44
115,103_Bank Maskan,60
115,104_Tejarat Bank,58
115,105_Bank Maskan,55
115,106_Sarmayeh Bank,56
115,107_Bank Sepah,57
115,108_Bank Melli Iran,58
115,109_Sarmayeh Bank,57
115,110_Bank Saderat Iran,49
116,01_Bank Melli Iran,53
116,02_Bank Maskan,62
116,03_Bank Sepah,50
116,04_Bank Mellat,49
116,05_Bank Saderat Iran,59
116,06_Bank Mellat,57
116,07_Mehr,58
116,08_Refah Bank,58
116,09_Bank Maskan,51
116,10_Bank Sepah,72
116,11_Bank Sepah,47
116,12_Melli Bank,40
116,13_EN Bank,60
116,14_Bank Maskan,46
116,15_Bank Maskan,58
116,16_Bank Saderat Iran,57
116,17_Bank Mellat,58
116,18_Saman Bank,58
116,19_Bank Melli Iran,52
116,20_Gardeshgari,53
116,21_Bank Maskan,47
116,22_Samen Bank,57
116,23_Tejarat Bank,63
116,24_Bank Maskan,64
116,25_Bank Melli Iran,46
116,26_Bank Keshavarzi Iran,50
116,27_Bank Saderat Iran,59
116,28_Bank Saderat Iran,63
116,29_Bank Keshavarzi Iran,68
116,30_Bank Sepah,69
116,31_Refah Bank,69
116,32_Shahr Bank,53
116,33_Sepah Bank,53
116,34_Bank of Industry and Mine,50
116,35_Ghavamin Bank,57
116,36_Mehr Eqtesad Bank,70
116,37_Bank Melli Iran,69
116,38_Tejarat Bank,71
116,39_Bank Melli Iran,71
116,40_Bank Mellat,70
116,41_Bank Melli Iran,56
116,42_Bank Saderat Iran,64
116,43_Bank Sepah,64
116,44_Bank Maskan,65
116,45_Tejarat Bank,70
116,46_Bank Saderat Iran,48
116,47_Tejarat Bank,47
116,48_Ansar Bank,61
116,49_Bank Day,62
116,50_Bank Saderat Iran,63
116,51_Kosar Financial Institute,63
116,52_Bank Mellat,66
116,53_Post Bank of Iran,59
116,54_Tejarat Bank,63
116,55_Bank Keshavarzi Iran,62
116,56_Ansar Bank,62
116,57_Bank Melli Iran,63
116,58_Bank Melli Iran,60
116,59_Bank Saderat Iran,64
116,60_Bank Mellat,32
116,61_TT Bank,48
116,62_Bank Sepah,56
116,63_Hekmat Iranian Bank,48
116,64_Bank Mellat,48
116,65_Post Bank of Iran,64
116,66_Refah Bank,57
116,67_Bank Keshavarzi Iran,48
116,68_Refah Bank,5
116,69_Bank Keshavarzi Iran,28
116,70_Bank Melli Iran,27
116,71_Bank Saderat Iran,28
116,72_Qarz Al-Hasaneh Mehr Iran Bank,28
116,73_Bank Maskan,31
116,74_Bank Saderat Iran,52
116,75_Bank Sepah,52
116,76_Tejarat Bank,58
116,77_Bank Melli Iran,44
116,78_Bank mehr iran,42
116,79_Bank Sepah,58
116,80_Bank Sepah,47
116,81_Bank Melli Iran,55
116,82_Shahr Bank,53
116,83_Bank Sepah,57
116,84_Bank Melli Iran,60
116,85_Bank Saderat Iran,59
116,86_Bank Sepah,62
116,87_Bank Keshavarzi Iran,61
116,88_Bank Sepah,61
116,89_Bank Sepah,61
116,90_Bank Melli Iran,58
116,91_Ayandeh Bank,64
116,92_Bank Pasargad,59
116,93_Bank Melli Iran,57
116,94_Bank Mellat,63
116,95_Mehr Eqtesad Bank,63
116,96_EN Bank,68
116,97_Bank Keshavarzi Iran,68
116,98_Tejarat Bank,63
116,99_Bank Melli Iran,62
116,100_Bank Keshavarzi Iran,51
116,101_Bank Melli Iran,59
116,102_Bank Mellat,43
116,103_Bank Maskan,65
116,104_Tejarat Bank,63
116,105_Bank Maskan,61
116,106_Sarmayeh Bank,61
116,107_Bank Sepah,63
116,108_Bank Melli Iran,63
116,109_Sarmayeh Bank,61
116,110_Bank Saderat Iran,54
117,01_Bank Melli Iran,39
117,02_Bank Maskan,41
117,03_Bank Sepah,39
117,04_Bank Mellat,37
117,05_Bank Saderat Iran,39
117,06_Bank Mellat,40
117,07_Mehr,40
117,08_Refah Bank,40
117,09_Bank Maskan,39
117,10_Bank Sepah,56
117,11_Bank Sepah,41
117,12_Melli Bank,46
117,13_EN Bank,47
117,14_Bank Maskan,22
117,15_Bank Maskan,42
117,16_Bank Saderat Iran,41
117,17_Bank Mellat,42
117,18_Saman Bank,46
117,19_Bank Melli Iran,56
117,20_Gardeshgari,40
117,21_Bank Maskan,28
117,22_Samen Bank,45
117,23_Tejarat Bank,51
117,24_Bank Maskan,51
117,25_Bank Melli Iran,51
117,26_Bank Keshavarzi Iran,54
117,27_Bank Saderat Iran,41
117,28_Bank Saderat Iran,50
117,29_Bank Keshavarzi Iran,53
117,30_Bank Sepah,53
117,31_Refah Bank,53
117,32_Shahr Bank,38
117,33_Sepah Bank,38
117,34_Bank of Industry and Mine,34
117,35_Ghavamin Bank,41
117,36_Mehr Eqtesad Bank,54
117,37_Bank Melli Iran,61
117,38_Tejarat Bank,56
117,39_Bank Melli Iran,56
117,40_Bank Mellat,56
117,41_Bank Melli Iran,49
117,42_Bank Saderat Iran,47
117,43_Bank Sepah,49
117,44_Bank Maskan,39
117,45_Tejarat Bank,67
117,46_Bank Saderat Iran,27
117,47_Tejarat Bank,26
117,48_Ansar Bank,47
117,49_Bank Day,48
117,50_Bank Saderat Iran,54
117,51_Kosar Financial Institute,54
117,52_Bank Mellat,48
117,53_Post Bank of Iran,43
117,54_Tejarat Bank,48
117,55_Bank Keshavarzi Iran,47
117,56_Ansar Bank,47
117,57_Bank Melli Iran,49
117,58_Bank Melli Iran,44
117,59_Bank Saderat Iran,38
117,60_Bank Mellat,7
117,61_TT Bank,36
117,62_Bank Sepah,43
117,63_Hekmat Iranian Bank,52
117,64_Bank Mellat,53
117,65_Post Bank of Iran,50
117,66_Refah Bank,42
117,67_Bank Keshavarzi Iran,52
117,68_Refah Bank,32
117,69_Bank Keshavarzi Iran,43
117,70_Bank Melli Iran,43
117,71_Bank Saderat Iran,42
117,72_Qarz Al-Hasaneh Mehr Iran Bank,42
117,73_Bank Maskan,44
117,74_Bank Saderat Iran,55
117,75_Bank Sepah,56
117,76_Tejarat Bank,41
117,77_Bank Melli Iran,30
117,78_Bank mehr iran,38
117,79_Bank Sepah,32
117,80_Bank Sepah,41
117,81_Bank Melli Iran,36
117,82_Shahr Bank,40
117,83_Bank Sepah,44
117,84_Bank Melli Iran,49
117,85_Bank Saderat Iran,45
117,86_Bank Sepah,48
117,87_Bank Keshavarzi Iran,53
117,88_Bank Sepah,47
117,89_Bank Sepah,46
117,90_Bank Melli Iran,42
117,91_Ayandeh Bank,49
117,92_Bank Pasargad,47
117,93_Bank Melli Iran,43
117,94_Bank Mellat,48
117,95_Mehr Eqtesad Bank,48
117,96_EN Bank,50
117,97_Bank Keshavarzi Iran,69
117,98_Tejarat Bank,47
117,99_Bank Melli Iran,48
117,100_Bank Keshavarzi Iran,37
117,101_Bank Melli Iran,46
117,102_Bank Mellat,20
117,103_Bank Maskan,48
117,104_Tejarat Bank,49
117,105_Bank Maskan,47
117,106_Sarmayeh Bank,47
117,107_Bank Sepah,48
117,108_Bank Melli Iran,53
117,109_Sarmayeh Bank,47
117,110_Bank Saderat Iran,41
106,01_Bank Melli Iran,44
106,02_Bank Maskan,46
106,03_Bank Sepah,44
106,04_Bank Mellat,43
106,05_Bank Saderat Iran,44
106,06_Bank Mellat,45
106,07_Mehr,45
106,08_Refah Bank,45
106,09_Bank Maskan,45
106,10_Bank Sepah,62
106,11_Bank Sepah,46
106,12_Melli Bank,42
106,13_EN Bank,53
106,14_Bank Maskan,29
106,15_Bank Maskan,48
106,16_Bank Saderat Iran,47
106,17_Bank Mellat,48
106,18_Saman Bank,52
106,19_Bank Melli Iran,53
106,20_Gardeshgari,46
106,21_Bank Maskan,34
106,22_Samen Bank,51
106,23_Tejarat Bank,57
106,24_Bank Maskan,57
106,25_Bank Melli Iran,47
106,26_Bank Keshavarzi Iran,51
106,27_Bank Saderat Iran,47
106,28_Bank Saderat Iran,56
106,29_Bank Keshavarzi Iran,59
106,30_Bank Sepah,59
106,31_Refah Bank,59
106,32_Shahr Bank,44
106,33_Sepah Bank,44
106,34_Bank of Industry and Mine,40
106,35_Ghavamin Bank,46
106,36_Mehr Eqtesad Bank,60
106,37_Bank Melli Iran,66
106,38_Tejarat Bank,62
106,39_Bank Melli Iran,62
106,40_Bank Mellat,62
106,41_Bank Melli Iran,54
106,42_Bank Saderat Iran,53
106,43_Bank Sepah,55
106,44_Bank Maskan,44
106,45_Tejarat Bank,70
106,46_Bank Saderat Iran,33
106,47_Tejarat Bank,32
106,48_Ansar Bank,54
106,49_Bank Day,55
106,50_Bank Saderat Iran,60
106,51_Kosar Financial Institute,60
106,52_Bank Mellat,54
106,53_Post Bank of Iran,49
106,54_Tejarat Bank,54
106,55_Bank Keshavarzi Iran,53
106,56_Ansar Bank,53
106,57_Bank Melli Iran,55
106,58_Bank Melli Iran,50
106,59_Bank Saderat Iran,43
106,60_Bank Mellat,17
106,61_TT Bank,42
106,62_Bank Sepah,49
106,63_Hekmat Iranian Bank,48
106,64_Bank Mellat,49
106,65_Post Bank of Iran,56
106,66_Refah Bank,48
106,67_Bank Keshavarzi Iran,48
106,68_Refah Bank,27
106,69_Bank Keshavarzi Iran,34
106,70_Bank Melli Iran,34
106,71_Bank Saderat Iran,33
106,72_Qarz Al-Hasaneh Mehr Iran Bank,33
106,73_Bank Maskan,35
106,74_Bank Saderat Iran,53
106,75_Bank Sepah,54
106,76_Tejarat Bank,47
106,77_Bank Melli Iran,37
106,78_Bank mehr iran,39
106,79_Bank Sepah,37
106,80_Bank Sepah,46
106,81_Bank Melli Iran,42
106,82_Shahr Bank,47
106,83_Bank Sepah,50
106,84_Bank Melli Iran,55
106,85_Bank Saderat Iran,51
106,86_Bank Sepah,55
106,87_Bank Keshavarzi Iran,58
106,88_Bank Sepah,54
106,89_Bank Sepah,52
106,90_Bank Melli Iran,48
106,91_Ayandeh Bank,56
106,92_Bank Pasargad,53
106,93_Bank Melli Iran,49
106,94_Bank Mellat,55
106,95_Mehr Eqtesad Bank,55
106,96_EN Bank,56
106,97_Bank Keshavarzi Iran,69
106,98_Tejarat Bank,53
106,99_Bank Melli Iran,54
106,100_Bank Keshavarzi Iran,44
106,101_Bank Melli Iran,52
106,102_Bank Mellat,26
106,103_Bank Maskan,54
106,104_Tejarat Bank,56
106,105_Bank Maskan,54
106,106_Sarmayeh Bank,54
106,107_Bank Sepah,54
106,108_Bank Melli Iran,59
106,109_Sarmayeh Bank,54
106,110_Bank Saderat Iran,47
118,01_Bank Melli Iran,50
118,02_Bank Maskan,56
118,03_Bank Sepah,47
118,04_Bank Mellat,46
118,05_Bank Saderat Iran,54
118,06_Bank Mellat,53
118,07_Mehr,54
118,08_Refah Bank,54
118,09_Bank Maskan,47
118,10_Bank Sepah,67
118,11_Bank Sepah,42
118,12_Melli Bank,37
118,13_EN Bank,56
118,14_Bank Maskan,40
118,15_Bank Maskan,57
118,16_Bank Saderat Iran,56
118,17_Bank Mellat,57
118,18_Saman Bank,55
118,19_Bank Melli Iran,49
118,20_Gardeshgari,50
118,21_Bank Maskan,41
118,22_Samen Bank,54
118,23_Tejarat Bank,61
118,24_Bank Maskan,62
118,25_Bank Melli Iran,42
118,26_Bank Keshavarzi Iran,46
118,27_Bank Saderat Iran,57
118,28_Bank Saderat Iran,59
118,29_Bank Keshavarzi Iran,67
118,30_Bank Sepah,67
118,31_Refah Bank,67
118,32_Shahr Bank,49
118,33_Sepah Bank,52
118,34_Bank of Industry and Mine,49
118,35_Ghavamin Bank,53
118,36_Mehr Eqtesad Bank,67
118,37_Bank Melli Iran,64
118,38_Tejarat Bank,67
118,39_Bank Melli Iran,66
118,40_Bank Mellat,66
118,41_Bank Melli Iran,52
118,42_Bank Saderat Iran,59
118,43_Bank Sepah,62
118,44_Bank Maskan,59
118,45_Tejarat Bank,67
118,46_Bank Saderat Iran,42
118,47_Tejarat Bank,41
118,48_Ansar Bank,57
118,49_Bank Day,58
118,50_Bank Saderat Iran,59
118,51_Kosar Financial Institute,59
118,52_Bank Mellat,61
118,53_Post Bank of Iran,58
118,54_Tejarat Bank,62
118,55_Bank Keshavarzi Iran,61
118,56_Ansar Bank,61
118,57_Bank Melli Iran,62
118,58_Bank Melli Iran,59
118,59_Bank Saderat Iran,58
118,60_Bank Mellat,26
118,61_TT Bank,46
118,62_Bank Sepah,52
118,63_Hekmat Iranian Bank,43
118,64_Bank Mellat,44
118,65_Post Bank of Iran,60
118,66_Refah Bank,56
118,67_Bank Keshavarzi Iran,43
118,68_Refah Bank,6
118,69_Bank Keshavarzi Iran,29
118,70_Bank Melli Iran,29
118,71_Bank Saderat Iran,28
118,72_Qarz Al-Hasaneh Mehr Iran Bank,28
118,73_Bank Maskan,29
118,74_Bank Saderat Iran,49
118,75_Bank Sepah,49
118,76_Tejarat Bank,56
118,77_Bank Melli Iran,39
118,78_Bank mehr iran,37
118,79_Bank Sepah,52
118,80_Bank Sepah,43
118,81_Bank Melli Iran,49
118,82_Shahr Bank,51
118,83_Bank Sepah,57
118,84_Bank Melli Iran,57
118,85_Bank Saderat Iran,58
118,86_Bank Sepah,59
118,87_Bank Keshavarzi Iran,57
118,88_Bank Sepah,57
118,89_Bank Sepah,57
118,90_Bank Melli Iran,57
118,91_Ayandeh Bank,61
118,92_Bank Pasargad,56
118,93_Bank Melli Iran,57
118,94_Bank Mellat,60
118,95_Mehr Eqtesad Bank,60
118,96_EN Bank,64
118,97_Bank Keshavarzi Iran,65
118,98_Tejarat Bank,58
118,99_Bank Melli Iran,57
118,100_Bank Keshavarzi Iran,46
118,101_Bank Melli Iran,56
118,102_Bank Mellat,37
118,103_Bank Maskan,60
118,104_Tejarat Bank,60
118,105_Bank Maskan,58
118,106_Sarmayeh Bank,58
118,107_Bank Sepah,62
118,108_Bank Melli Iran,59
118,109_Sarmayeh Bank,57
118,110_Bank Saderat Iran,51
119,01_Bank Melli Iran,47
119,02_Bank Maskan,57
119,03_Bank Sepah,44
119,04_Bank Mellat,42
119,05_Bank Saderat Iran,54
119,06_Bank Mellat,53
119,07_Mehr,53
119,08_Refah Bank,53
119,09_Bank Maskan,46
119,10_Bank Sepah,66
119,11_Bank Sepah,43
119,12_Melli Bank,34
119,13_EN Bank,54
119,14_Bank Maskan,45
119,15_Bank Maskan,48
119,16_Bank Saderat Iran,47
119,17_Bank Mellat,48
119,18_Saman Bank,52
119,19_Bank Melli Iran,46
119,20_Gardeshgari,46
119,21_Bank Maskan,44
119,22_Samen Bank,51
119,23_Tejarat Bank,57
119,24_Bank Maskan,58
119,25_Bank Melli Iran,41
119,26_Bank Keshavarzi Iran,44
119,27_Bank Saderat Iran,49
119,28_Bank Saderat Iran,57
119,29_Bank Keshavarzi Iran,61
119,30_Bank Sepah,62
119,31_Refah Bank,63
119,32_Shahr Bank,49
119,33_Sepah Bank,43
119,34_Bank of Industry and Mine,40
119,35_Ghavamin Bank,53
119,36_Mehr Eqtesad Bank,64
119,37_Bank Melli Iran,63
119,38_Tejarat Bank,65
119,39_Bank Melli Iran,65
119,40_Bank Mellat,64
119,41_Bank Melli Iran,50
119,42_Bank Saderat Iran,58
119,43_Bank Sepah,57
119,44_Bank Maskan,58
119,45_Tejarat Bank,64
119,46_Bank Saderat Iran,45
119,47_Tejarat Bank,44
119,48_Ansar Bank,56
119,49_Bank Day,57
119,50_Bank Saderat Iran,57
119,51_Kosar Financial Institute,57
119,52_Bank Mellat,60
119,53_Post Bank of Iran,49
119,54_Tejarat Bank,56
119,55_Bank Keshavarzi Iran,54
119,56_Ansar Bank,54
119,57_Bank Melli Iran,56
119,58_Bank Melli Iran,50
119,59_Bank Saderat Iran,60
119,60_Bank Mellat,46
119,61_TT Bank,40
119,62_Bank Sepah,51
119,63_Hekmat Iranian Bank,44
119,64_Bank Mellat,44
119,65_Post Bank of Iran,58
119,66_Refah Bank,47
119,67_Bank Keshavarzi Iran,42
119,68_Refah Bank,20
119,69_Bank Keshavarzi Iran,23
119,70_Bank Melli Iran,24
119,71_Bank Saderat Iran,23
119,72_Qarz Al-Hasaneh Mehr Iran Bank,23
119,73_Bank Maskan,23
119,74_Bank Saderat Iran,46
119,75_Bank Sepah,46
119,76_Tejarat Bank,48
119,77_Bank Melli Iran,41
119,78_Bank mehr iran,38
119,79_Bank Sepah,62
119,80_Bank Sepah,43
119,81_Bank Melli Iran,55
119,82_Shahr Bank,46
119,83_Bank Sepah,49
119,84_Bank Melli Iran,54
119,85_Bank Saderat Iran,50
119,86_Bank Sepah,56
119,87_Bank Keshavarzi Iran,55
119,88_Bank Sepah,56
119,89_Bank Sepah,55
119,90_Bank Melli Iran,48
119,91_Ayandeh Bank,58
119,92_Bank Pasargad,52
119,93_Bank Melli Iran,48
119,94_Bank Mellat,56
119,95_Mehr Eqtesad Bank,56
119,96_EN Bank,62
119,97_Bank Keshavarzi Iran,62
119,98_Tejarat Bank,57
119,99_Bank Melli Iran,56
119,100_Bank Keshavarzi Iran,47
119,101_Bank Melli Iran,52
119,102_Bank Mellat,44
119,103_Bank Maskan,59
119,104_Tejarat Bank,57
119,105_Bank Maskan,54
119,106_Sarmayeh Bank,55
119,107_Bank Sepah,55
119,108_Bank Melli Iran,57
119,109_Sarmayeh Bank,56
119,110_Bank Saderat Iran,47
120,01_Bank Melli Iran,29
120,02_Bank Maskan,36
120,03_Bank Sepah,30
120,04_Bank Mellat,28
120,05_Bank Saderat Iran,33
120,06_Bank Mellat,32
120,07_Mehr,32
120,08_Refah Bank,32
120,09_Bank Maskan,32
120,10_Bank Sepah,36
120,11_Bank Sepah,30
120,12_Melli Bank,34
120,13_EN Bank,31
120,14_Bank Maskan,36
120,15_Bank Maskan,16
120,16_Bank Saderat Iran,15
120,17_Bank Mellat,16
120,18_Saman Bank,28
120,19_Bank Melli Iran,37
120,20_Gardeshgari,27
120,21_Bank Maskan,33
120,22_Samen Bank,27
120,23_Tejarat Bank,25
120,24_Bank Maskan,24
120,25_Bank Melli Iran,34
120,26_Bank Keshavarzi Iran,34
120,27_Bank Saderat Iran,19
120,28_Bank Saderat Iran,28
120,29_Bank Keshavarzi Iran,29
120,30_Bank Sepah,30
120,31_Refah Bank,30
120,32_Shahr Bank,31
120,33_Sepah Bank,22
120,34_Bank of Industry and Mine,24
120,35_Ghavamin Bank,32
120,36_Mehr Eqtesad Bank,32
120,37_Bank Melli Iran,42
120,38_Tejarat Bank,35
120,39_Bank Melli Iran,37
120,40_Bank Mellat,37
120,41_Bank Melli Iran,31
120,42_Bank Saderat Iran,26
120,43_Bank Sepah,21
120,44_Bank Maskan,37
120,45_Tejarat Bank,49
120,46_Bank Saderat Iran,32
120,47_Tejarat Bank,33
120,48_Ansar Bank,27
120,49_Bank Day,26
120,50_Bank Saderat Iran,22
120,51_Kosar Financial Institute,22
120,52_Bank Mellat,25
120,53_Post Bank of Iran,14
120,54_Tejarat Bank,20
120,55_Bank Keshavarzi Iran,18
120,56_Ansar Bank,18
120,57_Bank Melli Iran,20
120,58_Bank Melli Iran,14
120,59_Bank Saderat Iran,39
120,60_Bank Mellat,44
120,61_TT Bank,29
120,62_Bank Sepah,34
120,63_Hekmat Iranian Bank,36
120,64_Bank Mellat,36
120,65_Post Bank of Iran,31
120,66_Refah Bank,18
120,67_Bank Keshavarzi Iran,31
120,68_Refah Bank,56
120,69_Bank Keshavarzi Iran,47
120,70_Bank Melli Iran,47
120,71_Bank Saderat Iran,46
120,72_Qarz Al-Hasaneh Mehr Iran Bank,46
120,73_Bank Maskan,47
120,74_Bank Saderat Iran,36
120,75_Bank Sepah,37
120,76_Tejarat Bank,15
120,77_Bank Melli Iran,31
120,78_Bank mehr iran,33
120,79_Bank Sepah,41
120,80_Bank Sepah,30
120,81_Bank Melli Iran,42
120,82_Shahr Bank,27
120,83_Bank Sepah,20
120,84_Bank Melli Iran,24
120,85_Bank Saderat Iran,21
120,86_Bank Sepah,27
120,87_Bank Keshavarzi Iran,23
120,88_Bank Sepah,28
120,89_Bank Sepah,28
120,90_Bank Melli Iran,16
120,91_Ayandeh Bank,25
120,92_Bank Pasargad,22
120,93_Bank Melli Iran,19
120,94_Bank Mellat,26
120,95_Mehr Eqtesad Bank,26
120,96_EN Bank,25
120,97_Bank Keshavarzi Iran,51
120,98_Tejarat Bank,27
120,99_Bank Melli Iran,29
120,100_Bank Keshavarzi Iran,29
120,101_Bank Melli Iran,28
120,102_Bank Mellat,36
120,103_Bank Maskan,26
120,104_Tejarat Bank,25
120,105_Bank Maskan,28
120,106_Sarmayeh Bank,28
120,107_Bank Sepah,19
120,108_Bank Melli Iran,21
120,109_Sarmayeh Bank,27
120,110_Bank Saderat Iran,28
121,01_Bank Melli Iran,28
121,02_Bank Maskan,35
121,03_Bank Sepah,29
121,04_Bank Mellat,27
121,05_Bank Saderat Iran,32
121,06_Bank Mellat,31
121,07_Mehr,31
121,08_Refah Bank,31
121,09_Bank Maskan,32
121,10_Bank Sepah,31
121,11_Bank Sepah,33
121,12_Melli Bank,37
121,13_EN Bank,26
121,14_Bank Maskan,34
121,15_Bank Maskan,12
121,16_Bank Saderat Iran,11
121,17_Bank Mellat,13
121,18_Saman Bank,27
121,19_Bank Melli Iran,33
121,20_Gardeshgari,29
121,21_Bank Maskan,31
121,22_Samen Bank,28
121,23_Tejarat Bank,21
121,24_Bank Maskan,20
121,25_Bank Melli Iran,30
121,26_Bank Keshavarzi Iran,30
121,27_Bank Saderat Iran,17
121,28_Bank Saderat Iran,22
121,29_Bank Keshavarzi Iran,27
121,30_Bank Sepah,25
121,31_Refah Bank,25
121,32_Shahr Bank,30
121,33_Sepah Bank,21
121,34_Bank of Industry and Mine,20
121,35_Ghavamin Bank,31
121,36_Mehr Eqtesad Bank,27
121,37_Bank Melli Iran,37
121,38_Tejarat Bank,30
121,39_Bank Melli Iran,32
121,40_Bank Mellat,32
121,41_Bank Melli Iran,26
121,42_Bank Saderat Iran,20
121,43_Bank Sepah,15
121,44_Bank Maskan,36
121,45_Tejarat Bank,44
121,46_Bank Saderat Iran,30
121,47_Tejarat Bank,31
121,48_Ansar Bank,23
121,49_Bank Day,22
121,50_Bank Saderat Iran,18
121,51_Kosar Financial Institute,17
121,52_Bank Mellat,19
121,53_Post Bank of Iran,8
121,54_Tejarat Bank,13
121,55_Bank Keshavarzi Iran,12
121,56_Ansar Bank,12
121,57_Bank Melli Iran,14
121,58_Bank Melli Iran,8
121,59_Bank Saderat Iran,38
121,60_Bank Mellat,42
121,61_TT Bank,29
121,62_Bank Sepah,31
121,63_Hekmat Iranian Bank,33
121,64_Bank Mellat,33
121,65_Post Bank of Iran,25
121,66_Refah Bank,19
121,67_Bank Keshavarzi Iran,27
121,68_Refah Bank,54
121,69_Bank Keshavarzi Iran,45
121,70_Bank Melli Iran,45
121,71_Bank Saderat Iran,44
121,72_Qarz Al-Hasaneh Mehr Iran Bank,44
121,73_Bank Maskan,45
121,74_Bank Saderat Iran,32
121,75_Bank Sepah,33
121,76_Tejarat Bank,11
121,77_Bank Melli Iran,29
121,78_Bank mehr iran,33
121,79_Bank Sepah,40
121,80_Bank Sepah,33
121,81_Bank Melli Iran,41
121,82_Shahr Bank,29
121,83_Bank Sepah,20
121,84_Bank Melli Iran,26
121,85_Bank Saderat Iran,22
121,86_Bank Sepah,24
121,87_Bank Keshavarzi Iran,19
121,88_Bank Sepah,24
121,89_Bank Sepah,23
121,90_Bank Melli Iran,11
121,91_Ayandeh Bank,21
121,92_Bank Pasargad,25
121,93_Bank Melli Iran,19
121,94_Bank Mellat,22
121,95_Mehr Eqtesad Bank,23
121,96_EN Bank,19
121,97_Bank Keshavarzi Iran,46
121,98_Tejarat Bank,21
121,99_Bank Melli Iran,23
121,100_Bank Keshavarzi Iran,32
121,101_Bank Melli Iran,27
121,102_Bank Mellat,34
121,103_Bank Maskan,20
121,104_Tejarat Bank,21
121,105_Bank Maskan,25
121,106_Sarmayeh Bank,24
121,107_Bank Sepah,13
121,108_Bank Melli Iran,17
121,109_Sarmayeh Bank,23
121,110_Bank Saderat Iran,30
122,01_Bank Melli Iran,27
122,02_Bank Maskan,38
122,03_Bank Sepah,25
122,04_Bank Mellat,23
122,05_Bank Saderat Iran,36
122,06_Bank Mellat,33
122,07_Mehr,35
122,08_Refah Bank,35
122,09_Bank Maskan,19
122,10_Bank Sepah,43
122,11_Bank Sepah,8
122,12_Melli Bank,11
122,13_EN Bank,30
122,14_Bank Maskan,31
122,15_Bank Maskan,31
122,16_Bank Saderat Iran,30
122,17_Bank Mellat,31
122,18_Saman Bank,24
122,19_Bank Melli Iran,32
122,20_Gardeshgari,18
122,21_Bank Maskan,27
122,22_Samen Bank,23
122,23_Tejarat Bank,32
122,24_Bank Maskan,33
122,25_Bank Melli Iran,22
122,26_Bank Keshavarzi Iran,28
122,27_Bank Saderat Iran,31
122,28_Bank Saderat Iran,34
122,29_Bank Keshavarzi Iran,43
122,30_Bank Sepah,43
122,31_Refah Bank,43
122,32_Shahr Bank,29
122,33_Sepah Bank,26
122,34_Bank of Industry and Mine,23
122,35_Ghavamin Bank,33
122,36_Mehr Eqtesad Bank,43
122,37_Bank Melli Iran,43
122,38_Tejarat Bank,43
122,39_Bank Melli Iran,42
122,40_Bank Mellat,42
122,41_Bank Melli Iran,29
122,42_Bank Saderat Iran,34
122,43_Bank Sepah,37
122,44_Bank Maskan,41
122,45_Tejarat Bank,47
122,46_Bank Saderat Iran,25
122,47_Tejarat Bank,26
122,48_Ansar Bank,27
122,49_Bank Day,28
122,50_Bank Saderat Iran,34
122,51_Kosar Financial Institute,34
122,52_Bank Mellat,36
122,53_Post Bank of Iran,32
122,54_Tejarat Bank,38
122,55_Bank Keshavarzi Iran,36
122,56_Ansar Bank,36
122,57_Bank Melli Iran,37
122,58_Bank Melli Iran,33
122,59_Bank Saderat Iran,43
122,60_Bank Mellat,39
122,61_TT Bank,22
122,62_Bank Sepah,24
122,63_Hekmat Iranian Bank,21
122,64_Bank Mellat,22
122,65_Post Bank of Iran,35
122,66_Refah Bank,30
122,67_Bank Keshavarzi Iran,25
122,68_Refah Bank,41
122,69_Bank Keshavarzi Iran,34
122,70_Bank Melli Iran,34
122,71_Bank Saderat Iran,33
122,72_Qarz Al-Hasaneh Mehr Iran Bank,33
122,73_Bank Maskan,30
122,74_Bank Saderat Iran,32
122,75_Bank Sepah,32
122,76_Tejarat Bank,30
122,77_Bank Melli Iran,18
122,78_Bank mehr iran,4
122,79_Bank Sepah,44
122,80_Bank Sepah,9
122,81_Bank Melli Iran,39
122,82_Shahr Bank,19
122,83_Bank Sepah,30
122,84_Bank Melli Iran,28
122,85_Bank Saderat Iran,32
122,86_Bank Sepah,28
122,87_Bank Keshavarzi Iran,33
122,88_Bank Sepah,27
122,89_Bank Sepah,31
122,90_Bank Melli Iran,31
122,91_Ayandeh Bank,29
122,92_Bank Pasargad,27
122,93_Bank Melli Iran,31
122,94_Bank Mellat,29
122,95_Mehr Eqtesad Bank,29
122,96_EN Bank,38
122,97_Bank Keshavarzi Iran,47
122,98_Tejarat Bank,33
122,99_Bank Melli Iran,32
122,100_Bank Keshavarzi Iran,13
122,101_Bank Melli Iran,25
122,102_Bank Mellat,31
122,103_Bank Maskan,35
122,104_Tejarat Bank,30
122,105_Bank Maskan,26
122,106_Sarmayeh Bank,27
122,107_Bank Sepah,37
122,108_Bank Melli Iran,35
122,109_Sarmayeh Bank,27
122,110_Bank Saderat Iran,19
123,01_Bank Melli Iran,39
123,02_Bank Maskan,45
123,03_Bank Sepah,37
123,04_Bank Mellat,35
123,05_Bank Saderat Iran,45
123,06_Bank Mellat,45
123,07_Mehr,45
123,08_Refah Bank,45
123,09_Bank Maskan,38
123,10_Bank Sepah,53
123,11_Bank Sepah,31
123,12_Melli Bank,22
123,13_EN Bank,42
123,14_Bank Maskan,37
123,15_Bank Maskan,41
123,16_Bank Saderat Iran,40
123,17_Bank Mellat,41
123,18_Saman Bank,41
123,19_Bank Melli Iran,33
123,20_Gardeshgari,37
123,21_Bank Maskan,32
123,22_Samen Bank,40
123,23_Tejarat Bank,46
123,24_Bank Maskan,47
123,25_Bank Melli Iran,28
123,26_Bank Keshavarzi Iran,31
123,27_Bank Saderat Iran,42
123,28_Bank Saderat Iran,44
123,29_Bank Keshavarzi Iran,51
123,30_Bank Sepah,51
123,31_Refah Bank,51
123,32_Shahr Bank,41
123,33_Sepah Bank,36
123,34_Bank of Industry and Mine,33
123,35_Ghavamin Bank,45
123,36_Mehr Eqtesad Bank,52
123,37_Bank Melli Iran,50
123,38_Tejarat Bank,53
123,39_Bank Melli Iran,52
123,40_Bank Mellat,52
123,41_Bank Melli Iran,37
123,42_Bank Saderat Iran,45
123,43_Bank Sepah,46
123,44_Bank Maskan,48
123,45_Tejarat Bank,52
123,46_Bank Saderat Iran,33
123,47_Tejarat Bank,32
123,48_Ansar Bank,44
123,49_Bank Day,45
123,50_Bank Saderat Iran,44
123,51_Kosar Financial Institute,44
123,52_Bank Mellat,47
123,53_Post Bank of Iran,42
123,54_Tejarat Bank,46
123,55_Bank Keshavarzi Iran,45
123,56_Ansar Bank,45
123,57_Bank Melli Iran,45
123,58_Bank Melli Iran,43
123,59_Bank Saderat Iran,53
123,60_Bank Mellat,45
123,61_TT Bank,33
123,62_Bank Sepah,38
123,63_Hekmat Iranian Bank,31
123,64_Bank Mellat,31
123,65_Post Bank of Iran,46
123,66_Refah Bank,40
123,67_Bank Keshavarzi Iran,29
123,68_Refah Bank,44
123,69_Bank Keshavarzi Iran,26
123,70_Bank Melli Iran,27
123,71_Bank Saderat Iran,26
123,72_Qarz Al-Hasaneh Mehr Iran Bank,26
123,73_Bank Maskan,18
123,74_Bank Saderat Iran,34
123,75_Bank Sepah,34
123,76_Tejarat Bank,41
123,77_Bank Melli Iran,32
123,78_Bank mehr iran,28
123,79_Bank Sepah,53
123,80_Bank Sepah,31
123,81_Bank Melli Iran,36
123,82_Shahr Bank,36
123,83_Bank Sepah,40
123,84_Bank Melli Iran,43
123,85_Bank Saderat Iran,41
123,86_Bank Sepah,45
123,87_Bank Keshavarzi Iran,42
123,88_Bank Sepah,44
123,89_Bank Sepah,43
123,90_Bank Melli Iran,41
123,91_Ayandeh Bank,46
123,92_Bank Pasargad,41
123,93_Bank Melli Iran,40
123,94_Bank Mellat,45
123,95_Mehr Eqtesad Bank,45
123,96_EN Bank,50
123,97_Bank Keshavarzi Iran,50
123,98_Tejarat Bank,44
123,99_Bank Melli Iran,43
123,100_Bank Keshavarzi Iran,35
123,101_Bank Melli Iran,42
123,102_Bank Mellat,37
123,103_Bank Maskan,46
123,104_Tejarat Bank,46
123,105_Bank Maskan,44
123,106_Sarmayeh Bank,44
123,107_Bank Sepah,45
123,108_Bank Melli Iran,44
123,109_Sarmayeh Bank,44
123,110_Bank Saderat Iran,37
124,01_Bank Melli Iran,19
124,02_Bank Maskan,27
124,03_Bank Sepah,20
124,04_Bank Mellat,21
124,05_Bank Saderat Iran,25
124,06_Bank Mellat,20
124,07_Mehr,24
124,08_Refah Bank,24
124,09_Bank Maskan,27
124,10_Bank Sepah,44
124,11_Bank Sepah,27
124,12_Melli Bank,33
124,13_EN Bank,32
124,14_Bank Maskan,21
124,15_Bank Maskan,30
124,16_Bank Saderat Iran,29
124,17_Bank Mellat,30
124,18_Saman Bank,33
124,19_Bank Melli Iran,42
124,20_Gardeshgari,27
124,21_Bank Maskan,10
124,22_Samen Bank,32
124,23_Tejarat Bank,38
124,24_Bank Maskan,38
124,25_Bank Melli Iran,34
124,26_Bank Keshavarzi Iran,39
124,27_Bank Saderat Iran,30
124,28_Bank Saderat Iran,37
124,29_Bank Keshavarzi Iran,42
124,30_Bank Sepah,42
124,31_Refah Bank,41
124,32_Shahr Bank,19
124,33_Sepah Bank,26
124,34_Bank of Industry and Mine,22
124,35_Ghavamin Bank,20
124,36_Mehr Eqtesad Bank,41
124,37_Bank Melli Iran,48
124,38_Tejarat Bank,43
124,39_Bank Melli Iran,44
124,40_Bank Mellat,44
124,41_Bank Melli Iran,34
124,42_Bank Saderat Iran,35
124,43_Bank Sepah,37
124,44_Bank Maskan,33
124,45_Tejarat Bank,53
124,46_Bank Saderat Iran,7
124,47_Tejarat Bank,8
124,48_Ansar Bank,32
124,49_Bank Day,33
124,50_Bank Saderat Iran,39
124,51_Kosar Financial Institute,39
124,52_Bank Mellat,35
124,53_Post Bank of Iran,31
124,54_Tejarat Bank,37
124,55_Bank Keshavarzi Iran,36
124,56_Ansar Bank,36
124,57_Bank Melli Iran,37
124,58_Bank Melli Iran,32
124,59_Bank Saderat Iran,35
124,60_Bank Mellat,29
124,61_TT Bank,24
124,62_Bank Sepah,28
124,63_Hekmat Iranian Bank,34
124,64_Bank Mellat,34
124,65_Post Bank of Iran,37
124,66_Refah Bank,30
124,67_Bank Keshavarzi Iran,37
124,68_Refah Bank,38
124,69_Bank Keshavarzi Iran,32
124,70_Bank Melli Iran,32
124,71_Bank Saderat Iran,31
124,72_Qarz Al-Hasaneh Mehr Iran Bank,31
124,73_Bank Maskan,30
124,74_Bank Saderat Iran,42
124,75_Bank Sepah,42
124,76_Tejarat Bank,30
124,77_Bank Melli Iran,13
124,78_Bank mehr iran,23
124,79_Bank Sepah,35
124,80_Bank Sepah,27
124,81_Bank Melli Iran,22
124,82_Shahr Bank,27
124,83_Bank Sepah,32
124,84_Bank Melli Iran,36
124,85_Bank Saderat Iran,33
124,86_Bank Sepah,36
124,87_Bank Keshavarzi Iran,38
124,88_Bank Sepah,32
124,89_Bank Sepah,33
124,90_Bank Melli Iran,30
124,91_Ayandeh Bank,35
124,92_Bank Pasargad,34
124,93_Bank Melli Iran,31
124,94_Bank Mellat,35
124,95_Mehr Eqtesad Bank,35
124,96_EN Bank,38
124,97_Bank Keshavarzi Iran,55
124,98_Tejarat Bank,35
124,99_Bank Melli Iran,35
124,100_Bank Keshavarzi Iran,25
124,101_Bank Melli Iran,33
124,102_Bank Mellat,21
124,103_Bank Maskan,35
124,104_Tejarat Bank,35
124,105_Bank Maskan,35
124,106_Sarmayeh Bank,35
124,107_Bank Sepah,37
124,108_Bank Melli Iran,39
124,109_Sarmayeh Bank,32
124,110_Bank Saderat Iran,28
125,01_Bank Melli Iran,14
125,02_Bank Maskan,15
125,03_Bank Sepah,17
125,04_Bank Mellat,17
125,05_Bank Saderat Iran,12
125,06_Bank Mellat,8
125,07_Mehr,11
125,08_Refah Bank,11
125,09_Bank Maskan,26
125,10_Bank Sepah,43
125,11_Bank Sepah,30
125,12_Melli Bank,37
125,13_EN Bank,30
125,14_Bank Maskan,21
125,15_Bank Maskan,32
125,16_Bank Saderat Iran,31
125,17_Bank Mellat,32
125,18_Saman Bank,30
125,19_Bank Melli Iran,43
125,20_Gardeshgari,25
125,21_Bank Maskan,8
125,22_Samen Bank,30
125,23_Tejarat Bank,36
125,24_Bank Maskan,36
125,25_Bank Melli Iran,37
125,26_Bank Keshavarzi Iran,41
125,27_Bank Saderat Iran,31
125,28_Bank Saderat Iran,35
125,29_Bank Keshavarzi Iran,43
125,30_Bank Sepah,42
125,31_Refah Bank,42
125,32_Shahr Bank,12
125,33_Sepah Bank,27
125,34_Bank of Industry and Mine,23
125,35_Ghavamin Bank,8
125,36_Mehr Eqtesad Bank,42
125,37_Bank Melli Iran,48
125,38_Tejarat Bank,43
125,39_Bank Melli Iran,43
125,40_Bank Mellat,43
125,41_Bank Melli Iran,32
125,42_Bank Saderat Iran,34
125,43_Bank Sepah,37
125,44_Bank Maskan,21
125,45_Tejarat Bank,54
125,46_Bank Saderat Iran,8
125,47_Tejarat Bank,9
125,48_Ansar Bank,27
125,49_Bank Day,28
125,50_Bank Saderat Iran,35
125,51_Kosar Financial Institute,35
125,52_Bank Mellat,35
125,53_Post Bank of Iran,33
125,54_Tejarat Bank,38
125,55_Bank Keshavarzi Iran,37
125,56_Ansar Bank,37
125,57_Bank Melli Iran,37
125,58_Bank Melli Iran,34
125,59_Bank Saderat Iran,23
125,60_Bank Mellat,29
125,61_TT Bank,23
125,62_Bank Sepah,26
125,63_Hekmat Iranian Bank,37
125,64_Bank Mellat,36
125,65_Post Bank of Iran,36
125,66_Refah Bank,30
125,67_Bank Keshavarzi Iran,39
125,68_Refah Bank,45
125,69_Bank Keshavarzi Iran,43
125,70_Bank Melli Iran,43
125,71_Bank Saderat Iran,42
125,72_Qarz Al-Hasaneh Mehr Iran Bank,42
125,73_Bank Maskan,41
125,74_Bank Saderat Iran,42
125,75_Bank Sepah,43
125,76_Tejarat Bank,31
125,77_Bank Melli Iran,14
125,78_Bank mehr iran,27
125,79_Bank Sepah,25
125,80_Bank Sepah,30
125,81_Bank Melli Iran,13
125,82_Shahr Bank,26
125,83_Bank Sepah,31
125,84_Bank Melli Iran,34
125,85_Bank Saderat Iran,33
125,86_Bank Sepah,32
125,87_Bank Keshavarzi Iran,34
125,88_Bank Sepah,27
125,89_Bank Sepah,31
125,90_Bank Melli Iran,32
125,91_Ayandeh Bank,30
125,92_Bank Pasargad,34
125,93_Bank Melli Iran,30
125,94_Bank Mellat,31
125,95_Mehr Eqtesad Bank,31
125,96_EN Bank,37
125,97_Bank Keshavarzi Iran,56
125,98_Tejarat Bank,34
125,99_Bank Melli Iran,33
125,100_Bank Keshavarzi Iran,26
125,101_Bank Melli Iran,30
125,102_Bank Mellat,21
125,103_Bank Maskan,35
125,104_Tejarat Bank,30
125,105_Bank Maskan,31
125,106_Sarmayeh Bank,31
125,107_Bank Sepah,38
125,108_Bank Melli Iran,36
125,109_Sarmayeh Bank,27
125,110_Bank Saderat Iran,25
126,01_Bank Melli Iran,22
126,02_Bank Maskan,13
126,03_Bank Sepah,24
126,04_Bank Mellat,23
126,05_Bank Saderat Iran,16
126,06_Bank Mellat,19
126,07_Mehr,17
126,08_Refah Bank,17
126,09_Bank Maskan,36
126,10_Bank Sepah,52
126,11_Bank Sepah,39
126,12_Melli Bank,45
126,13_EN Bank,40
126,14_Bank Maskan,34
126,15_Bank Maskan,37
126,16_Bank Saderat Iran,36
126,17_Bank Mellat,37
126,18_Saman Bank,36
126,19_Bank Melli Iran,50
126,20_Gardeshgari,32
126,21_Bank Maskan,33
126,22_Samen Bank,36
126,23_Tejarat Bank,37
126,24_Bank Maskan,37
126,25_Bank Melli Iran,42
126,26_Bank Keshavarzi Iran,45
126,27_Bank Saderat Iran,36
126,28_Bank Saderat Iran,41
126,29_Bank Keshavarzi Iran,48
126,30_Bank Sepah,48
126,31_Refah Bank,48
126,32_Shahr Bank,24
126,33_Sepah Bank,27
126,34_Bank of Industry and Mine,23
126,35_Ghavamin Bank,20
126,36_Mehr Eqtesad Bank,50
126,37_Bank Melli Iran,58
126,38_Tejarat Bank,51
126,39_Bank Melli Iran,53
126,40_Bank Mellat,53
126,41_Bank Melli Iran,39
126,42_Bank Saderat Iran,43
126,43_Bank Sepah,43
126,44_Bank Maskan,5
126,45_Tejarat Bank,65
126,46_Bank Saderat Iran,35
126,47_Tejarat Bank,34
126,48_Ansar Bank,35
126,49_Bank Day,36
126,50_Bank Saderat Iran,37
126,51_Kosar Financial Institute,37
126,52_Bank Mellat,42
126,53_Post Bank of Iran,38
126,54_Tejarat Bank,43
126,55_Bank Keshavarzi Iran,42
126,56_Ansar Bank,42
126,57_Bank Melli Iran,43
126,58_Bank Melli Iran,39
126,59_Bank Saderat Iran,12
126,60_Bank Mellat,36
126,61_TT Bank,30
126,62_Bank Sepah,36
126,63_Hekmat Iranian Bank,44
126,64_Bank Mellat,44
126,65_Post Bank of Iran,46
126,66_Refah Bank,28
126,67_Bank Keshavarzi Iran,43
126,68_Refah Bank,56
126,69_Bank Keshavarzi Iran,56
126,70_Bank Melli Iran,56
126,71_Bank Saderat Iran,55
126,72_Qarz Al-Hasaneh Mehr Iran Bank,55
126,73_Bank Maskan,54
126,74_Bank Saderat Iran,50
126,75_Bank Sepah,50
126,76_Tejarat Bank,36
126,77_Bank Melli Iran,36
126,78_Bank mehr iran,40
126,79_Bank Sepah,19
126,80_Bank Sepah,39
126,81_Bank Melli Iran,19
126,82_Shahr Bank,33
126,83_Bank Sepah,29
126,84_Bank Melli Iran,34
126,85_Bank Saderat Iran,31
126,86_Bank Sepah,39
126,87_Bank Keshavarzi Iran,36
126,88_Bank Sepah,35
126,89_Bank Sepah,41
126,90_Bank Melli Iran,37
126,91_Ayandeh Bank,38
126,92_Bank Pasargad,33
126,93_Bank Melli Iran,28
126,94_Bank Mellat,38
126,95_Mehr Eqtesad Bank,38
126,96_EN Bank,42
126,97_Bank Keshavarzi Iran,67
126,98_Tejarat Bank,44
126,99_Bank Melli Iran,43
126,100_Bank Keshavarzi Iran,38
126,101_Bank Melli Iran,36
126,102_Bank Mellat,34
126,103_Bank Maskan,43
126,104_Tejarat Bank,38
126,105_Bank Maskan,38
126,106_Sarmayeh Bank,38
126,107_Bank Sepah,43
126,108_Bank Melli Iran,37
126,109_Sarmayeh Bank,35
126,110_Bank Saderat Iran,32
127,01_Bank Melli Iran,27
127,02_Bank Maskan,25
127,03_Bank Sepah,29
127,04_Bank Mellat,28
127,05_Bank Saderat Iran,23
127,06_Bank Mellat,24
127,07_Mehr,24
127,08_Refah Bank,24
127,09_Bank Maskan,41
127,10_Bank Sepah,57
127,11_Bank Sepah,47
127,12_Melli Bank,52
127,13_EN Bank,45
127,14_Bank Maskan,22
127,15_Bank Maskan,43
127,16_Bank Saderat Iran,42
127,17_Bank Mellat,43
127,18_Saman Bank,41
127,19_Bank Melli Iran,58
127,20_Gardeshgari,37
127,21_Bank Maskan,34
127,22_Samen Bank,42
127,23_Tejarat Bank,48
127,24_Bank Maskan,48
127,25_Bank Melli Iran,53
127,26_Bank Keshavarzi Iran,57
127,27_Bank Saderat Iran,43
127,28_Bank Saderat Iran,50
127,29_Bank Keshavarzi Iran,53
127,30_Bank Sepah,51
127,31_Refah Bank,51
127,32_Shahr Bank,29
127,33_Sepah Bank,38
127,34_Bank of Industry and Mine,34
127,35_Ghavamin Bank,25
127,36_Mehr Eqtesad Bank,53
127,37_Bank Melli Iran,63
127,38_Tejarat Bank,56
127,39_Bank Melli Iran,58
127,40_Bank Mellat,58
127,41_Bank Melli Iran,47
127,42_Bank Saderat Iran,48
127,43_Bank Sepah,47
127,44_Bank Maskan,16
127,45_Tejarat Bank,70
127,46_Bank Saderat Iran,35
127,47_Tejarat Bank,34
127,48_Ansar Bank,40
127,49_Bank Day,41
127,50_Bank Saderat Iran,48
127,51_Kosar Financial Institute,48
127,52_Bank Mellat,47
127,53_Post Bank of Iran,43
127,54_Tejarat Bank,46
127,55_Bank Keshavarzi Iran,45
127,56_Ansar Bank,45
127,57_Bank Melli Iran,47
127,58_Bank Melli Iran,43
127,59_Bank Saderat Iran,10
127,60_Bank Mellat,29
127,61_TT Bank,35
127,62_Bank Sepah,41
127,63_Hekmat Iranian Bank,52
127,64_Bank Mellat,51
127,65_Post Bank of Iran,51
127,66_Refah Bank,42
127,67_Bank Keshavarzi Iran,54
127,68_Refah Bank,50
127,69_Bank Keshavarzi Iran,48
127,70_Bank Melli Iran,48
127,71_Bank Saderat Iran,47
127,72_Qarz Al-Hasaneh Mehr Iran Bank,47
127,73_Bank Maskan,46
127,74_Bank Saderat Iran,56
127,75_Bank Sepah,57
127,76_Tejarat Bank,43
127,77_Bank Melli Iran,37
127,78_Bank mehr iran,42
127,79_Bank Sepah,8
127,80_Bank Sepah,47
127,81_Bank Melli Iran,26
127,82_Shahr Bank,38
127,83_Bank Sepah,43
127,84_Bank Melli Iran,46
127,85_Bank Saderat Iran,45
127,86_Bank Sepah,44
127,87_Bank Keshavarzi Iran,48
127,88_Bank Sepah,40
127,89_Bank Sepah,46
127,90_Bank Melli Iran,43
127,91_Ayandeh Bank,43
127,92_Bank Pasargad,46
127,93_Bank Melli Iran,43
127,94_Bank Mellat,43
127,95_Mehr Eqtesad Bank,43
127,96_EN Bank,50
127,97_Bank Keshavarzi Iran,72
127,98_Tejarat Bank,49
127,99_Bank Melli Iran,48
127,100_Bank Keshavarzi Iran,43
127,101_Bank Melli Iran,41
127,102_Bank Mellat,22
127,103_Bank Maskan,48
127,104_Tejarat Bank,43
127,105_Bank Maskan,43
127,106_Sarmayeh Bank,43
127,107_Bank Sepah,46
127,108_Bank Melli Iran,49
127,109_Sarmayeh Bank,40
127,110_Bank Saderat Iran,37
128,01_Bank Melli Iran,31
128,02_Bank Maskan,29
128,03_Bank Sepah,32
128,04_Bank Mellat,30
128,05_Bank Saderat Iran,30
128,06_Bank Mellat,31
128,07_Mehr,31
128,08_Refah Bank,31
128,09_Bank Maskan,34
128,10_Bank Sepah,51
128,11_Bank Sepah,36
128,12_Melli Bank,41
128,13_EN Bank,41
128,14_Bank Maskan,4
128,15_Bank Maskan,37
128,16_Bank Saderat Iran,36
128,17_Bank Mellat,37
128,18_Saman Bank,40
128,19_Bank Melli Iran,51
128,20_Gardeshgari,34
128,21_Bank Maskan,22
128,22_Samen Bank,39
128,23_Tejarat Bank,45
128,24_Bank Maskan,45
128,25_Bank Melli Iran,46
128,26_Bank Keshavarzi Iran,49
128,27_Bank Saderat Iran,36
128,28_Bank Saderat Iran,44
128,29_Bank Keshavarzi Iran,48
128,30_Bank Sepah,48
128,31_Refah Bank,48
128,32_Shahr Bank,32
128,33_Sepah Bank,33
128,34_Bank of Industry and Mine,29
128,35_Ghavamin Bank,32
128,36_Mehr Eqtesad Bank,48
128,37_Bank Melli Iran,55
128,38_Tejarat Bank,50
128,39_Bank Melli Iran,51
128,40_Bank Mellat,51
128,41_Bank Melli Iran,43
128,42_Bank Saderat Iran,42
128,43_Bank Sepah,44
128,44_Bank Maskan,27
128,45_Tejarat Bank,62
128,46_Bank Saderat Iran,21
128,47_Tejarat Bank,20
128,48_Ansar Bank,41
128,49_Bank Day,42
128,50_Bank Saderat Iran,48
128,51_Kosar Financial Institute,48
128,52_Bank Mellat,42
128,53_Post Bank of Iran,38
128,54_Tejarat Bank,43
128,55_Bank Keshavarzi Iran,42
128,56_Ansar Bank,42
128,57_Bank Melli Iran,44
128,58_Bank Melli Iran,39
128,59_Bank Saderat Iran,24
128,60_Bank Mellat,21
128,61_TT Bank,31
128,62_Bank Sepah,37
128,63_Hekmat Iranian Bank,48
128,64_Bank Mellat,48
128,65_Post Bank of Iran,44
128,66_Refah Bank,37
128,67_Bank Keshavarzi Iran,46
128,68_Refah Bank,40
128,69_Bank Keshavarzi Iran,38
128,70_Bank Melli Iran,38
128,71_Bank Saderat Iran,37
128,72_Qarz Al-Hasaneh Mehr Iran Bank,37
128,73_Bank Maskan,36
128,74_Bank Saderat Iran,51
128,75_Bank Sepah,51
128,76_Tejarat Bank,36
128,77_Bank Melli Iran,25
128,78_Bank mehr iran,32
128,79_Bank Sepah,20
128,80_Bank Sepah,36
128,81_Bank Melli Iran,25
128,82_Shahr Bank,35
128,83_Bank Sepah,39
128,84_Bank Melli Iran,43
128,85_Bank Saderat Iran,40
128,86_Bank Sepah,43
128,87_Bank Keshavarzi Iran,47
128,88_Bank Sepah,41
128,89_Bank Sepah,40
128,90_Bank Melli Iran,37
128,91_Ayandeh Bank,43
128,92_Bank Pasargad,42
128,93_Bank Melli Iran,38
128,94_Bank Mellat,42
128,95_Mehr Eqtesad Bank,42
128,96_EN Bank,45
128,97_Bank Keshavarzi Iran,64
128,98_Tejarat Bank,42
128,99_Bank Melli Iran,42
128,100_Bank Keshavarzi Iran,32
128,101_Bank Melli Iran,40
128,102_Bank Mellat,6
128,103_Bank Maskan,42
128,104_Tejarat Bank,43
128,105_Bank Maskan,42
128,106_Sarmayeh Bank,42
128,107_Bank Sepah,43
128,108_Bank Melli Iran,47
128,109_Sarmayeh Bank,41
128,110_Bank Saderat Iran,35
129,01_Bank Melli Iran,34
129,02_Bank Maskan,32
129,03_Bank Sepah,36
129,04_Bank Mellat,35
129,05_Bank Saderat Iran,30
129,06_Bank Mellat,31
129,07_Mehr,31
129,08_Refah Bank,31
129,09_Bank Maskan,48
129,10_Bank Sepah,64
129,11_Bank Sepah,54
129,12_Melli Bank,63
129,13_EN Bank,52
129,14_Bank Maskan,33
129,15_Bank Maskan,54
129,16_Bank Saderat Iran,53
129,17_Bank Mellat,54
129,18_Saman Bank,48
129,19_Bank Melli Iran,65
129,20_Gardeshgari,44
129,21_Bank Maskan,44
129,22_Samen Bank,49
129,23_Tejarat Bank,55
129,24_Bank Maskan,55
129,25_Bank Melli Iran,60
129,26_Bank Keshavarzi Iran,64
129,27_Bank Saderat Iran,54
129,28_Bank Saderat Iran,57
129,29_Bank Keshavarzi Iran,64
129,30_Bank Sepah,62
129,31_Refah Bank,62
129,32_Shahr Bank,36
129,33_Sepah Bank,47
129,34_Bank of Industry and Mine,43
129,35_Ghavamin Bank,32
129,36_Mehr Eqtesad Bank,63
129,37_Bank Melli Iran,70
129,38_Tejarat Bank,63
129,39_Bank Melli Iran,65
129,40_Bank Mellat,65
129,41_Bank Melli Iran,54
129,42_Bank Saderat Iran,55
129,43_Bank Sepah,56
129,44_Bank Maskan,30
129,45_Tejarat Bank,77
129,46_Bank Saderat Iran,43
129,47_Tejarat Bank,43
129,48_Ansar Bank,47
129,49_Bank Day,48
129,50_Bank Saderat Iran,55
129,51_Kosar Financial Institute,55
129,52_Bank Mellat,55
129,53_Post Bank of Iran,54
129,54_Tejarat Bank,56
129,55_Bank Keshavarzi Iran,56
129,56_Ansar Bank,56
129,57_Bank Melli Iran,56
129,58_Bank Melli Iran,54
129,59_Bank Saderat Iran,25
129,60_Bank Mellat,34
129,61_TT Bank,42
129,62_Bank Sepah,48
129,63_Hekmat Iranian Bank,59
129,64_Bank Mellat,58
129,65_Post Bank of Iran,58
129,66_Refah Bank,49
129,67_Bank Keshavarzi Iran,61
129,68_Refah Bank,59
129,69_Bank Keshavarzi Iran,65
129,70_Bank Melli Iran,65
129,71_Bank Saderat Iran,64
129,72_Qarz Al-Hasaneh Mehr Iran Bank,64
129,73_Bank Maskan,64
129,74_Bank Saderat Iran,63
129,75_Bank Sepah,64
129,76_Tejarat Bank,54
129,77_Bank Melli Iran,47
129,78_Bank mehr iran,53
129,79_Bank Sepah,21
129,80_Bank Sepah,54
129,81_Bank Melli Iran,38
129,82_Shahr Bank,45
129,83_Bank Sepah,50
129,84_Bank Melli Iran,53
129,85_Bank Saderat Iran,52
129,86_Bank Sepah,51
129,87_Bank Keshavarzi Iran,55
129,88_Bank Sepah,47
129,89_Bank Sepah,53
129,90_Bank Melli Iran,54
129,91_Ayandeh Bank,50
129,92_Bank Pasargad,53
129,93_Bank Melli Iran,50
129,94_Bank Mellat,50
129,95_Mehr Eqtesad Bank,50
129,96_EN Bank,57
129,97_Bank Keshavarzi Iran,79
129,98_Tejarat Bank,56
129,99_Bank Melli Iran,55
129,100_Bank Keshavarzi Iran,50
129,101_Bank Melli Iran,48
129,102_Bank Mellat,35
129,103_Bank Maskan,55
129,104_Tejarat Bank,50
129,105_Bank Maskan,50
129,106_Sarmayeh Bank,50
129,107_Bank Sepah,57
129,108_Bank Melli Iran,56
129,109_Sarmayeh Bank,47
129,110_Bank Saderat Iran,44
130,01_Bank Melli Iran,35
130,02_Bank Maskan,33
130,03_Bank Sepah,37
130,04_Bank Mellat,36
130,05_Bank Saderat Iran,31
130,06_Bank Mellat,32
130,07_Mehr,32
130,08_Refah Bank,32
130,09_Bank Maskan,47
130,10_Bank Sepah,65
130,11_Bank Sepah,52
130,12_Melli Bank,58
130,13_EN Bank,53
130,14_Bank Maskan,30
130,15_Bank Maskan,48
130,16_Bank Saderat Iran,47
130,17_Bank Mellat,48
130,18_Saman Bank,49
130,19_Bank Melli Iran,66
130,20_Gardeshgari,45
130,21_Bank Maskan,38
130,22_Samen Bank,50
130,23_Tejarat Bank,56
130,24_Bank Maskan,56
130,25_Bank Melli Iran,61
130,26_Bank Keshavarzi Iran,65
130,27_Bank Saderat Iran,48
130,28_Bank Saderat Iran,58
130,29_Bank Keshavarzi Iran,59
130,30_Bank Sepah,59
130,31_Refah Bank,59
130,32_Shahr Bank,37
130,33_Sepah Bank,44
130,34_Bank of Industry and Mine,40
130,35_Ghavamin Bank,33
130,36_Mehr Eqtesad Bank,61
130,37_Bank Melli Iran,71
130,38_Tejarat Bank,64
130,39_Bank Melli Iran,66
130,40_Bank Mellat,66
130,41_Bank Melli Iran,55
130,42_Bank Saderat Iran,56
130,43_Bank Sepah,55
130,44_Bank Maskan,31
130,45_Tejarat Bank,78
130,46_Bank Saderat Iran,37
130,47_Tejarat Bank,36
130,48_Ansar Bank,48
130,49_Bank Day,49
130,50_Bank Saderat Iran,56
130,51_Kosar Financial Institute,56
130,52_Bank Mellat,55
130,53_Post Bank of Iran,49
130,54_Tejarat Bank,54
130,55_Bank Keshavarzi Iran,53
130,56_Ansar Bank,53
130,57_Bank Melli Iran,55
130,58_Bank Melli Iran,50
130,59_Bank Saderat Iran,24
130,60_Bank Mellat,24
130,61_TT Bank,42
130,62_Bank Sepah,49
130,63_Hekmat Iranian Bank,60
130,64_Bank Mellat,59
130,65_Post Bank of Iran,59
130,66_Refah Bank,48
130,67_Bank Keshavarzi Iran,62
130,68_Refah Bank,48
130,69_Bank Keshavarzi Iran,59
130,70_Bank Melli Iran,59
130,71_Bank Saderat Iran,58
130,72_Qarz Al-Hasaneh Mehr Iran Bank,58
130,73_Bank Maskan,57
130,74_Bank Saderat Iran,64
130,75_Bank Sepah,65
130,76_Tejarat Bank,48
130,77_Bank Melli Iran,41
130,78_Bank mehr iran,47
130,79_Bank Sepah,19
130,80_Bank Sepah,52
130,81_Bank Melli Iran,39
130,82_Shahr Bank,46
130,83_Bank Sepah,50
130,84_Bank Melli Iran,54
130,85_Bank Saderat Iran,51
130,86_Bank Sepah,52
130,87_Bank Keshavarzi Iran,56
130,88_Bank Sepah,48
130,89_Bank Sepah,54
130,90_Bank Melli Iran,48
130,91_Ayandeh Bank,51
130,92_Bank Pasargad,54
130,93_Bank Melli Iran,49
130,94_Bank Mellat,51
130,95_Mehr Eqtesad Bank,51
130,96_EN Bank,58
130,97_Bank Keshavarzi Iran,80
130,98_Tejarat Bank,57
130,99_Bank Melli Iran,56
130,100_Bank Keshavarzi Iran,48
130,101_Bank Melli Iran,49
130,102_Bank Mellat,29
130,103_Bank Maskan,56
130,104_Tejarat Bank,51
130,105_Bank Maskan,51
130,106_Sarmayeh Bank,51
130,107_Bank Sepah,54
130,108_Bank Melli Iran,57
130,109_Sarmayeh Bank,48
130,110_Bank Saderat Iran,45
131,01_Bank Melli Iran,34
131,02_Bank Maskan,32
131,03_Bank Sepah,36
131,04_Bank Mellat,35
131,05_Bank Saderat Iran,30
131,06_Bank Mellat,31
131,07_Mehr,31
131,08_Refah Bank,31
131,09_Bank Maskan,46
131,10_Bank Sepah,64
131,11_Bank Sepah,51
131,12_Melli Bank,57
131,13_EN Bank,52
131,14_Bank Maskan,29
131,15_Bank Maskan,47
131,16_Bank Saderat Iran,46
131,17_Bank Mellat,47
131,18_Saman Bank,48
131,19_Bank Melli Iran,65
131,20_Gardeshgari,44
131,21_Bank Maskan,37
131,22_Samen Bank,49
131,23_Tejarat Bank,55
131,24_Bank Maskan,55
131,25_Bank Melli Iran,60
131,26_Bank Keshavarzi Iran,64
131,27_Bank Saderat Iran,47
131,28_Bank Saderat Iran,57
131,29_Bank Keshavarzi Iran,58
131,30_Bank Sepah,58
131,31_Refah Bank,58
131,32_Shahr Bank,36
131,33_Sepah Bank,43
131,34_Bank of Industry and Mine,39
131,35_Ghavamin Bank,32
131,36_Mehr Eqtesad Bank,60
131,37_Bank Melli Iran,70
131,38_Tejarat Bank,63
131,39_Bank Melli Iran,65
131,40_Bank Mellat,65
131,41_Bank Melli Iran,54
131,42_Bank Saderat Iran,55
131,43_Bank Sepah,54
131,44_Bank Maskan,30
131,45_Tejarat Bank,77
131,46_Bank Saderat Iran,36
131,47_Tejarat Bank,35
131,48_Ansar Bank,47
131,49_Bank Day,48
131,50_Bank Saderat Iran,55
131,51_Kosar Financial Institute,55
131,52_Bank Mellat,54
131,53_Post Bank of Iran,48
131,54_Tejarat Bank,53
131,55_Bank Keshavarzi Iran,52
131,56_Ansar Bank,52
131,57_Bank Melli Iran,54
131,58_Bank Melli Iran,49
131,59_Bank Saderat Iran,27
131,60_Bank Mellat,26
131,61_TT Bank,41
131,62_Bank Sepah,48
131,63_Hekmat Iranian Bank,59
131,64_Bank Mellat,58
131,65_Post Bank of Iran,58
131,66_Refah Bank,47
131,67_Bank Keshavarzi Iran,61
131,68_Refah Bank,48
131,69_Bank Keshavarzi Iran,58
131,70_Bank Melli Iran,58
131,71_Bank Saderat Iran,57
131,72_Qarz Al-Hasaneh Mehr Iran Bank,57
131,73_Bank Maskan,57
131,74_Bank Saderat Iran,63
131,75_Bank Sepah,64
131,76_Tejarat Bank,47
131,77_Bank Melli Iran,40
131,78_Bank mehr iran,46
131,79_Bank Sepah,21
131,80_Bank Sepah,51
131,81_Bank Melli Iran,38
131,82_Shahr Bank,45
131,83_Bank Sepah,49
131,84_Bank Melli Iran,53
131,85_Bank Saderat Iran,50
131,86_Bank Sepah,51
131,87_Bank Keshavarzi Iran,55
131,88_Bank Sepah,47
131,89_Bank Sepah,53
131,90_Bank Melli Iran,47
131,91_Ayandeh Bank,50
131,92_Bank Pasargad,53
131,93_Bank Melli Iran,48
131,94_Bank Mellat,50
131,95_Mehr Eqtesad Bank,50
131,96_EN Bank,57
131,97_Bank Keshavarzi Iran,79
131,98_Tejarat Bank,56
131,99_Bank Melli Iran,55
131,100_Bank Keshavarzi Iran,47
131,101_Bank Melli Iran,48
131,102_Bank Mellat,28
131,103_Bank Maskan,55
131,104_Tejarat Bank,50
131,105_Bank Maskan,50
131,106_Sarmayeh Bank,50
131,107_Bank Sepah,53
131,108_Bank Melli Iran,56
131,109_Sarmayeh Bank,47
131,110_Bank Saderat Iran,44
132,01_Bank Melli Iran,47
132,02_Bank Maskan,52
132,03_Bank Sepah,45
132,04_Bank Mellat,43
132,05_Bank Saderat Iran,50
132,06_Bank Mellat,50
132,07_Mehr,50
132,08_Refah Bank,50
132,09_Bank Maskan,45
132,10_Bank Sepah,66
132,11_Bank Sepah,41
132,12_Melli Bank,34
132,13_EN Bank,54
132,14_Bank Maskan,35
132,15_Bank Maskan,49
132,16_Bank Saderat Iran,48
132,17_Bank Mellat,49
132,18_Saman Bank,53
132,19_Bank Melli Iran,46
132,20_Gardeshgari,47
132,21_Bank Maskan,41
132,22_Samen Bank,52
132,23_Tejarat Bank,57
132,24_Bank Maskan,58
132,25_Bank Melli Iran,41
132,26_Bank Keshavarzi Iran,44
132,27_Bank Saderat Iran,49
132,28_Bank Saderat Iran,57
132,29_Bank Keshavarzi Iran,61
132,30_Bank Sepah,62
132,31_Refah Bank,62
132,32_Shahr Bank,48
132,33_Sepah Bank,45
132,34_Bank of Industry and Mine,41
132,35_Ghavamin Bank,50
132,36_Mehr Eqtesad Bank,63
132,37_Bank Melli Iran,63
132,38_Tejarat Bank,65
132,39_Bank Melli Iran,65
132,40_Bank Mellat,65
132,41_Bank Melli Iran,50
132,42_Bank Saderat Iran,57
132,43_Bank Sepah,57
132,44_Bank Maskan,50
132,45_Tejarat Bank,65
132,46_Bank Saderat Iran,40
132,47_Tejarat Bank,39
132,48_Ansar Bank,54
132,49_Bank Day,55
132,50_Bank Saderat Iran,57
132,51_Kosar Financial Institute,57
132,52_Bank Mellat,58
132,53_Post Bank of Iran,50
132,54_Tejarat Bank,56
132,55_Bank Keshavarzi Iran,55
132,56_Ansar Bank,55
132,57_Bank Melli Iran,56
132,58_Bank Melli Iran,51
132,59_Bank Saderat Iran,49
132,60_Bank Mellat,25
132,61_TT Bank,42
132,62_Bank Sepah,50
132,63_Hekmat Iranian Bank,43
132,64_Bank Mellat,43
132,65_Post Bank of Iran,59
132,66_Refah Bank,49
132,67_Bank Keshavarzi Iran,42
132,68_Refah Bank,30
132,69_Bank Keshavarzi Iran,28
132,70_Bank Melli Iran,28
132,71_Bank Saderat Iran,27
132,72_Qarz Al-Hasaneh Mehr Iran Bank,27
132,73_Bank Maskan,26
132,74_Bank Saderat Iran,47
132,75_Bank Sepah,47
132,76_Tejarat Bank,49
132,77_Bank Melli Iran,39
132,78_Bank mehr iran,36
132,79_Bank Sepah,43
132,80_Bank Sepah,42
132,81_Bank Melli Iran,46
132,82_Shahr Bank,48
132,83_Bank Sepah,51
132,84_Bank Melli Iran,54
132,85_Bank Saderat Iran,52
132,86_Bank Sepah,57
132,87_Bank Keshavarzi Iran,55
132,88_Bank Sepah,54
132,89_Bank Sepah,55
132,90_Bank Melli Iran,49
132,91_Ayandeh Bank,57
132,92_Bank Pasargad,53
132,93_Bank Melli Iran,50
132,94_Bank Mellat,57
132,95_Mehr Eqtesad Bank,57
132,96_EN Bank,61
132,97_Bank Keshavarzi Iran,63
132,98_Tejarat Bank,57
132,99_Bank Melli Iran,56
132,100_Bank Keshavarzi Iran,45
132,101_Bank Melli Iran,53
132,102_Bank Mellat,33
132,103_Bank Maskan,58
132,104_Tejarat Bank,57
132,105_Bank Maskan,55
132,106_Sarmayeh Bank,56
132,107_Bank Sepah,56
132,108_Bank Melli Iran,57
132,109_Sarmayeh Bank,54
132,110_Bank Saderat Iran,48
133,01_Bank Melli Iran,46
133,02_Bank Maskan,52
133,03_Bank Sepah,44
133,04_Bank Mellat,42
133,05_Bank Saderat Iran,50
133,06_Bank Mellat,50
133,07_Mehr,50
133,08_Refah Bank,50
133,09_Bank Maskan,44
133,10_Bank Sepah,65
133,11_Bank Sepah,40
133,12_Melli Bank,34
133,13_EN Bank,53
133,14_Bank Maskan,36
133,15_Bank Maskan,51
133,16_Bank Saderat Iran,50
133,17_Bank Mellat,51
133,18_Saman Bank,52
133,19_Bank Melli Iran,46
133,20_Gardeshgari,46
133,21_Bank Maskan,38
133,22_Samen Bank,51
133,23_Tejarat Bank,57
133,24_Bank Maskan,58
133,25_Bank Melli Iran,39
133,26_Bank Keshavarzi Iran,43
133,27_Bank Saderat Iran,51
133,28_Bank Saderat Iran,56
133,29_Bank Keshavarzi Iran,61
133,30_Bank Sepah,62
133,31_Refah Bank,62
133,32_Shahr Bank,47
133,33_Sepah Bank,46
133,34_Bank of Industry and Mine,43
133,35_Ghavamin Bank,51
133,36_Mehr Eqtesad Bank,63
133,37_Bank Melli Iran,62
133,38_Tejarat Bank,65
133,39_Bank Melli Iran,64
133,40_Bank Mellat,63
133,41_Bank Melli Iran,49
133,42_Bank Saderat Iran,57
133,43_Bank Sepah,57
133,44_Bank Maskan,54
133,45_Tejarat Bank,64
133,46_Bank Saderat Iran,37
133,47_Tejarat Bank,36
133,48_Ansar Bank,54
133,49_Bank Day,55
133,50_Bank Saderat Iran,56
133,51_Kosar Financial Institute,56
133,52_Bank Mellat,58
133,53_Post Bank of Iran,52
133,54_Tejarat Bank,56
133,55_Bank Keshavarzi Iran,55
133,56_Ansar Bank,55
133,57_Bank Melli Iran,57
133,58_Bank Melli Iran,53
133,59_Bank Saderat Iran,53
133,60_Bank Mellat,25
133,61_TT Bank,41
133,62_Bank Sepah,49
133,63_Hekmat Iranian Bank,41
133,64_Bank Mellat,42
133,65_Post Bank of Iran,57
133,66_Refah Bank,50
133,67_Bank Keshavarzi Iran,41
133,68_Refah Bank,22
133,69_Bank Keshavarzi Iran,21
133,70_Bank Melli Iran,21
133,71_Bank Saderat Iran,20
133,72_Qarz Al-Hasaneh Mehr Iran Bank,20
133,73_Bank Maskan,25
133,74_Bank Saderat Iran,46
133,75_Bank Sepah,46
133,76_Tejarat Bank,50
133,77_Bank Melli Iran,37
133,78_Bank mehr iran,35
133,79_Bank Sepah,47
133,80_Bank Sepah,41
133,81_Bank Melli Iran,47
133,82_Shahr Bank,47
133,83_Bank Sepah,51
133,84_Bank Melli Iran,54
133,85_Bank Saderat Iran,52
133,86_Bank Sepah,56
133,87_Bank Keshavarzi Iran,54
133,88_Bank Sepah,54
133,89_Bank Sepah,54
133,90_Bank Melli Iran,51
133,91_Ayandeh Bank,57
133,92_Bank Pasargad,52
133,93_Bank Melli Iran,51
133,94_Bank Mellat,56
133,95_Mehr Eqtesad Bank,56
133,96_EN Bank,61
133,97_Bank Keshavarzi Iran,62
133,98_Tejarat Bank,56
133,99_Bank Melli Iran,55
133,100_Bank Keshavarzi Iran,44
133,101_Bank Melli Iran,52
133,102_Bank Mellat,33
133,103_Bank Maskan,58
133,104_Tejarat Bank,57
133,105_Bank Maskan,54
133,106_Sarmayeh Bank,55
133,107_Bank Sepah,56
133,108_Bank Melli Iran,56
133,109_Sarmayeh Bank,54
133,110_Bank Saderat Iran,47
134,01_Bank Melli Iran,43
134,02_Bank Maskan,53
134,03_Bank Sepah,40
134,04_Bank Mellat,38
134,05_Bank Saderat Iran,50
134,06_Bank Mellat,49
134,07_Mehr,49
134,08_Refah Bank,49
134,09_Bank Maskan,42
134,10_Bank Sepah,60
134,11_Bank Sepah,37
134,12_Melli Bank,28
134,13_EN Bank,48
134,14_Bank Maskan,37
134,15_Bank Maskan,44
134,16_Bank Saderat Iran,43
134,17_Bank Mellat,44
134,18_Saman Bank,47
134,19_Bank Melli Iran,40
134,20_Gardeshgari,41
134,21_Bank Maskan,39
134,22_Samen Bank,46
134,23_Tejarat Bank,51
134,24_Bank Maskan,52
134,25_Bank Melli Iran,35
134,26_Bank Keshavarzi Iran,38
134,27_Bank Saderat Iran,45
134,28_Bank Saderat Iran,51
134,29_Bank Keshavarzi Iran,56
134,30_Bank Sepah,56
134,31_Refah Bank,57
134,32_Shahr Bank,45
134,33_Sepah Bank,39
134,34_Bank of Industry and Mine,36
134,35_Ghavamin Bank,49
134,36_Mehr Eqtesad Bank,58
134,37_Bank Melli Iran,57
134,38_Tejarat Bank,59
134,39_Bank Melli Iran,59
134,40_Bank Mellat,58
134,41_Bank Melli Iran,44
134,42_Bank Saderat Iran,52
134,43_Bank Sepah,51
134,44_Bank Maskan,54
134,45_Tejarat Bank,58
134,46_Bank Saderat Iran,39
134,47_Tejarat Bank,38
134,48_Ansar Bank,50
134,49_Bank Day,51
134,50_Bank Saderat Iran,51
134,51_Kosar Financial Institute,51
134,52_Bank Mellat,54
134,53_Post Bank of Iran,45
134,54_Tejarat Bank,51
134,55_Bank Keshavarzi Iran,50
134,56_Ansar Bank,50
134,57_Bank Melli Iran,51
134,58_Bank Melli Iran,46
134,59_Bank Saderat Iran,54
134,60_Bank Mellat,36
134,61_TT Bank,36
134,62_Bank Sepah,45
134,63_Hekmat Iranian Bank,38
134,64_Bank Mellat,38
134,65_Post Bank of Iran,52
134,66_Refah Bank,43
134,67_Bank Keshavarzi Iran,36
134,68_Refah Bank,23
134,69_Bank Keshavarzi Iran,11
134,70_Bank Melli Iran,11
134,71_Bank Saderat Iran,10
134,72_Qarz Al-Hasaneh Mehr Iran Bank,10
134,73_Bank Maskan,5
134,74_Bank Saderat Iran,40
134,75_Bank Sepah,40
134,76_Tejarat Bank,44
134,77_Bank Melli Iran,37
134,78_Bank mehr iran,32
134,79_Bank Sepah,55
134,80_Bank Sepah,37
134,81_Bank Melli Iran,47
134,82_Shahr Bank,42
134,83_Bank Sepah,45
134,84_Bank Melli Iran,48
134,85_Bank Saderat Iran,46
134,86_Bank Sepah,50
134,87_Bank Keshavarzi Iran,49
134,88_Bank Sepah,50
134,89_Bank Sepah,49
134,90_Bank Melli Iran,44
134,91_Ayandeh Bank,52
134,92_Bank Pasargad,46
134,93_Bank Melli Iran,44
134,94_Bank Mellat,50
134,95_Mehr Eqtesad Bank,50
134,96_EN Bank,56
134,97_Bank Keshavarzi Iran,56
134,98_Tejarat Bank,51
134,99_Bank Melli Iran,50
134,100_Bank Keshavarzi Iran,41
134,101_Bank Melli Iran,47
134,102_Bank Mellat,36
134,103_Bank Maskan,53
134,104_Tejarat Bank,51
134,105_Bank Maskan,49
134,106_Sarmayeh Bank,49
134,107_Bank Sepah,51
134,108_Bank Melli Iran,51
134,109_Sarmayeh Bank,50
134,110_Bank Saderat Iran,42
135,01_Bank Melli Iran,44
135,02_Bank Maskan,54
135,03_Bank Sepah,41
135,04_Bank Mellat,39
135,05_Bank Saderat Iran,51
135,06_Bank Mellat,50
135,07_Mehr,50
135,08_Refah Bank,50
135,09_Bank Maskan,43
135,10_Bank Sepah,63
135,11_Bank Sepah,40
135,12_Melli Bank,31
135,13_EN Bank,51
135,14_Bank Maskan,42
135,15_Bank Maskan,45
135,16_Bank Saderat Iran,44
135,17_Bank Mellat,45
135,18_Saman Bank,49
135,19_Bank Melli Iran,43
135,20_Gardeshgari,43
135,21_Bank Maskan,41
135,22_Samen Bank,48
135,23_Tejarat Bank,54
135,24_Bank Maskan,55
135,25_Bank Melli Iran,38
135,26_Bank Keshavarzi Iran,41
135,27_Bank Saderat Iran,46
135,28_Bank Saderat Iran,54
135,29_Bank Keshavarzi Iran,58
135,30_Bank Sepah,59
135,31_Refah Bank,60
135,32_Shahr Bank,46
135,33_Sepah Bank,40
135,34_Bank of Industry and Mine,37
135,35_Ghavamin Bank,50
135,36_Mehr Eqtesad Bank,61
135,37_Bank Melli Iran,60
135,38_Tejarat Bank,62
135,39_Bank Melli Iran,62
135,40_Bank Mellat,61
135,41_Bank Melli Iran,47
135,42_Bank Saderat Iran,55
135,43_Bank Sepah,54
135,44_Bank Maskan,55
135,45_Tejarat Bank,61
135,46_Bank Saderat Iran,42
135,47_Tejarat Bank,41
135,48_Ansar Bank,53
135,49_Bank Day,54
135,50_Bank Saderat Iran,54
135,51_Kosar Financial Institute,54
135,52_Bank Mellat,57
135,53_Post Bank of Iran,46
135,54_Tejarat Bank,53
135,55_Bank Keshavarzi Iran,51
135,56_Ansar Bank,51
135,57_Bank Melli Iran,53
135,58_Bank Melli Iran,47
135,59_Bank Saderat Iran,57
135,60_Bank Mellat,42
135,61_TT Bank,37
135,62_Bank Sepah,48
135,63_Hekmat Iranian Bank,41
135,64_Bank Mellat,41
135,65_Post Bank of Iran,55
135,66_Refah Bank,44
135,67_Bank Keshavarzi Iran,39
135,68_Refah Bank,24
135,69_Bank Keshavarzi Iran,20
135,70_Bank Melli Iran,21
135,71_Bank Saderat Iran,20
135,72_Qarz Al-Hasaneh Mehr Iran Bank,20
135,73_Bank Maskan,20
135,74_Bank Saderat Iran,43
135,75_Bank Sepah,43
135,76_Tejarat Bank,45
135,77_Bank Melli Iran,38
135,78_Bank mehr iran,35
135,79_Bank Sepah,59
135,80_Bank Sepah,40
135,81_Bank Melli Iran,52
135,82_Shahr Bank,43
135,83_Bank Sepah,46
135,84_Bank Melli Iran,51
135,85_Bank Saderat Iran,47
135,86_Bank Sepah,53
135,87_Bank Keshavarzi Iran,52
135,88_Bank Sepah,53
135,89_Bank Sepah,52
135,90_Bank Melli Iran,45
135,91_Ayandeh Bank,55
135,92_Bank Pasargad,49
135,93_Bank Melli Iran,45
135,94_Bank Mellat,53
135,95_Mehr Eqtesad Bank,53
135,96_EN Bank,59
135,97_Bank Keshavarzi Iran,59
135,98_Tejarat Bank,54
135,99_Bank Melli Iran,53
135,100_Bank Keshavarzi Iran,44
135,101_Bank Melli Iran,49
135,102_Bank Mellat,41
135,103_Bank Maskan,56
135,104_Tejarat Bank,54
135,105_Bank Maskan,51
135,106_Sarmayeh Bank,52
135,107_Bank Sepah,52
135,108_Bank Melli Iran,54
135,109_Sarmayeh Bank,53
135,110_Bank Saderat Iran,44
157,01_Bank Melli Iran,11
157,02_Bank Maskan,17
157,03_Bank Sepah,13
157,04_Bank Mellat,14
157,05_Bank Saderat Iran,14
157,06_Bank Mellat,10
157,07_Mehr,13
157,08_Refah Bank,13
157,09_Bank Maskan,28
157,10_Bank Sepah,45
157,11_Bank Sepah,34
157,12_Melli Bank,41
157,13_EN Bank,33
157,14_Bank Maskan,35
157,15_Bank Maskan,31
157,16_Bank Saderat Iran,30
157,17_Bank Mellat,31
157,18_Saman Bank,29
157,19_Bank Melli Iran,40
157,20_Gardeshgari,25
157,21_Bank Maskan,24
157,22_Samen Bank,30
157,23_Tejarat Bank,33
157,24_Bank Maskan,33
157,25_Bank Melli Iran,35
157,26_Bank Keshavarzi Iran,39
157,27_Bank Saderat Iran,31
157,28_Bank Saderat Iran,36
157,29_Bank Keshavarzi Iran,42
157,30_Bank Sepah,42
157,31_Refah Bank,42
157,32_Shahr Bank,8
157,33_Sepah Bank,24
157,34_Bank of Industry and Mine,20
157,35_Ghavamin Bank,10
157,36_Mehr Eqtesad Bank,43
157,37_Bank Melli Iran,50
157,38_Tejarat Bank,44
157,39_Bank Melli Iran,46
157,40_Bank Mellat,46
157,41_Bank Melli Iran,34
157,42_Bank Saderat Iran,36
157,43_Bank Sepah,37
157,44_Bank Maskan,22
157,45_Tejarat Bank,55
157,46_Bank Saderat Iran,23
157,47_Tejarat Bank,24
157,48_Ansar Bank,28
157,49_Bank Day,29
157,50_Bank Saderat Iran,33
157,51_Kosar Financial Institute,33
157,52_Bank Mellat,35
157,53_Post Bank of Iran,32
157,54_Tejarat Bank,37
157,55_Bank Keshavarzi Iran,36
157,56_Ansar Bank,36
157,57_Bank Melli Iran,37
157,58_Bank Melli Iran,33
157,59_Bank Saderat Iran,24
157,60_Bank Mellat,42
157,61_TT Bank,22
157,62_Bank Sepah,29
157,63_Hekmat Iranian Bank,37
157,64_Bank Mellat,36
157,65_Post Bank of Iran,39
157,66_Refah Bank,26
157,67_Bank Keshavarzi Iran,38
157,68_Refah Bank,54
157,69_Bank Keshavarzi Iran,45
157,70_Bank Melli Iran,45
157,71_Bank Saderat Iran,44
157,72_Qarz Al-Hasaneh Mehr Iran Bank,44
157,73_Bank Maskan,45
157,74_Bank Saderat Iran,38
157,75_Bank Sepah,39
157,76_Tejarat Bank,31
157,77_Bank Melli Iran,22
157,78_Bank mehr iran,32
157,79_Bank Sepah,26
157,80_Bank Sepah,34
157,81_Bank Melli Iran,22
157,82_Shahr Bank,26
157,83_Bank Sepah,27
157,84_Bank Melli Iran,30
157,85_Bank Saderat Iran,29
157,86_Bank Sepah,32
157,87_Bank Keshavarzi Iran,32
157,88_Bank Sepah,28
157,89_Bank Sepah,34
157,90_Bank Melli Iran,31
157,91_Ayandeh Bank,31
157,92_Bank Pasargad,29
157,93_Bank Melli Iran,27
157,94_Bank Mellat,31
157,95_Mehr Eqtesad Bank,31
157,96_EN Bank,37
157,97_Bank Keshavarzi Iran,54
157,98_Tejarat Bank,37
157,99_Bank Melli Iran,36
157,100_Bank Keshavarzi Iran,31
157,101_Bank Melli Iran,29
157,102_Bank Mellat,35
157,103_Bank Maskan,36
157,104_Tejarat Bank,31
157,105_Bank Maskan,31
157,106_Sarmayeh Bank,31
157,107_Bank Sepah,37
157,108_Bank Melli Iran,33
157,109_Sarmayeh Bank,28
157,110_Bank Saderat Iran,25
158,01_Bank Melli Iran,31
158,02_Bank Maskan,33
158,03_Bank Sepah,31
158,04_Bank Mellat,30
158,05_Bank Saderat Iran,32
158,06_Bank Mellat,32
158,07_Mehr,32
158,08_Refah Bank,32
158,09_Bank Maskan,31
158,10_Bank Sepah,48
158,11_Bank Sepah,33
158,12_Melli Bank,39
158,13_EN Bank,38
158,14_Bank Maskan,8
158,15_Bank Maskan,34
158,16_Bank Saderat Iran,33
158,17_Bank Mellat,34
158,18_Saman Bank,37
158,19_Bank Melli Iran,49
158,20_Gardeshgari,31
158,21_Bank Maskan,19
158,22_Samen Bank,36
158,23_Tejarat Bank,42
158,24_Bank Maskan,42
158,25_Bank Melli Iran,43
158,26_Bank Keshavarzi Iran,47
158,27_Bank Saderat Iran,33
158,28_Bank Saderat Iran,41
158,29_Bank Keshavarzi Iran,45
158,30_Bank Sepah,45
158,31_Refah Bank,45
158,32_Shahr Bank,30
158,33_Sepah Bank,30
158,34_Bank of Industry and Mine,26
158,35_Ghavamin Bank,33
158,36_Mehr Eqtesad Bank,45
158,37_Bank Melli Iran,52
158,38_Tejarat Bank,47
158,39_Bank Melli Iran,48
158,40_Bank Mellat,48
158,41_Bank Melli Iran,40
158,42_Bank Saderat Iran,39
158,43_Bank Sepah,41
158,44_Bank Maskan,33
158,45_Tejarat Bank,59
158,46_Bank Saderat Iran,18
158,47_Tejarat Bank,17
158,48_Ansar Bank,38
158,49_Bank Day,39
158,50_Bank Saderat Iran,45
158,51_Kosar Financial Institute,45
158,52_Bank Mellat,39
158,53_Post Bank of Iran,35
158,54_Tejarat Bank,40
158,55_Bank Keshavarzi Iran,39
158,56_Ansar Bank,39
158,57_Bank Melli Iran,41
158,58_Bank Melli Iran,36
158,59_Bank Saderat Iran,31
158,60_Bank Mellat,17
158,61_TT Bank,28
158,62_Bank Sepah,34
158,63_Hekmat Iranian Bank,45
158,64_Bank Mellat,45
158,65_Post Bank of Iran,41
158,66_Refah Bank,34
158,67_Bank Keshavarzi Iran,44
158,68_Refah Bank,35
158,69_Bank Keshavarzi Iran,40
158,70_Bank Melli Iran,40
158,71_Bank Saderat Iran,39
158,72_Qarz Al-Hasaneh Mehr Iran Bank,39
158,73_Bank Maskan,38
158,74_Bank Saderat Iran,49
158,75_Bank Sepah,49
158,76_Tejarat Bank,33
158,77_Bank Melli Iran,22
158,78_Bank mehr iran,29
158,79_Bank Sepah,23
158,80_Bank Sepah,33
158,81_Bank Melli Iran,27
158,82_Shahr Bank,32
158,83_Bank Sepah,36
158,84_Bank Melli Iran,40
158,85_Bank Saderat Iran,37
158,86_Bank Sepah,40
158,87_Bank Keshavarzi Iran,44
158,88_Bank Sepah,38
158,89_Bank Sepah,37
158,90_Bank Melli Iran,34
158,91_Ayandeh Bank,40
158,92_Bank Pasargad,39
158,93_Bank Melli Iran,35
158,94_Bank Mellat,39
158,95_Mehr Eqtesad Bank,39
158,96_EN Bank,42
158,97_Bank Keshavarzi Iran,61
158,98_Tejarat Bank,39
158,99_Bank Melli Iran,39
158,100_Bank Keshavarzi Iran,29
158,101_Bank Melli Iran,37
158,102_Bank Mellat,11
158,103_Bank Maskan,39
158,104_Tejarat Bank,40
158,105_Bank Maskan,39
158,106_Sarmayeh Bank,39
158,107_Bank Sepah,40
158,108_Bank Melli Iran,44
158,109_Sarmayeh Bank,38
158,110_Bank Saderat Iran,32
160,01_Bank Melli Iran,31
160,02_Bank Maskan,28
160,03_Bank Sepah,31
160,04_Bank Mellat,30
160,05_Bank Saderat Iran,28
160,06_Bank Mellat,30
160,07_Mehr,28
160,08_Refah Bank,28
160,09_Bank Maskan,31
160,10_Bank Sepah,48
160,11_Bank Sepah,33
160,12_Melli Bank,37
160,13_EN Bank,36
160,14_Bank Maskan,19
160,15_Bank Maskan,36
160,16_Bank Saderat Iran,35
160,17_Bank Mellat,36
160,18_Saman Bank,37
160,19_Bank Melli Iran,47
160,20_Gardeshgari,31
160,21_Bank Maskan,16
160,22_Samen Bank,36
160,23_Tejarat Bank,42
160,24_Bank Maskan,42
160,25_Bank Melli Iran,41
160,26_Bank Keshavarzi Iran,44
160,27_Bank Saderat Iran,35
160,28_Bank Saderat Iran,41
160,29_Bank Keshavarzi Iran,47
160,30_Bank Sepah,46
160,31_Refah Bank,45
160,32_Shahr Bank,30
160,33_Sepah Bank,32
160,34_Bank of Industry and Mine,28
160,35_Ghavamin Bank,30
160,36_Mehr Eqtesad Bank,45
160,37_Bank Melli Iran,52
160,38_Tejarat Bank,47
160,39_Bank Melli Iran,48
160,40_Bank Mellat,48
160,41_Bank Melli Iran,38
160,42_Bank Saderat Iran,39
160,43_Bank Sepah,41
160,44_Bank Maskan,30
160,45_Tejarat Bank,57
160,46_Bank Saderat Iran,17
160,47_Tejarat Bank,16
160,48_Ansar Bank,36
160,49_Bank Day,37
160,50_Bank Saderat Iran,44
160,51_Kosar Financial Institute,44
160,52_Bank Mellat,39
160,53_Post Bank of Iran,37
160,54_Tejarat Bank,42
160,55_Bank Keshavarzi Iran,41
160,56_Ansar Bank,41
160,57_Bank Melli Iran,41
160,58_Bank Melli Iran,38
160,59_Bank Saderat Iran,34
160,60_Bank Mellat,28
160,61_TT Bank,30
160,62_Bank Sepah,32
160,63_Hekmat Iranian Bank,43
160,64_Bank Mellat,43
160,65_Post Bank of Iran,41
160,66_Refah Bank,36
160,67_Bank Keshavarzi Iran,42
160,68_Refah Bank,42
160,69_Bank Keshavarzi Iran,34
160,70_Bank Melli Iran,34
160,71_Bank Saderat Iran,33
160,72_Qarz Al-Hasaneh Mehr Iran Bank,33
160,73_Bank Maskan,32
160,74_Bank Saderat Iran,47
160,75_Bank Sepah,47
160,76_Tejarat Bank,35
160,77_Bank Melli Iran,22
160,78_Bank mehr iran,29
160,79_Bank Sepah,37
160,80_Bank Sepah,33
160,81_Bank Melli Iran,19
160,82_Shahr Bank,32
160,83_Bank Sepah,38
160,84_Bank Melli Iran,40
160,85_Bank Saderat Iran,39
160,86_Bank Sepah,40
160,87_Bank Keshavarzi Iran,42
160,88_Bank Sepah,36
160,89_Bank Sepah,37
160,90_Bank Melli Iran,36
160,91_Ayandeh Bank,39
160,92_Bank Pasargad,39
160,93_Bank Melli Iran,37
160,94_Bank Mellat,39
160,95_Mehr Eqtesad Bank,39
160,96_EN Bank,42
160,97_Bank Keshavarzi Iran,59
160,98_Tejarat Bank,39
160,99_Bank Melli Iran,39
160,100_Bank Keshavarzi Iran,29
160,101_Bank Melli Iran,37
160,102_Bank Mellat,17
160,103_Bank Maskan,39
160,104_Tejarat Bank,39
160,105_Bank Maskan,39
160,106_Sarmayeh Bank,39
160,107_Bank Sepah,42
160,108_Bank Melli Iran,44
160,109_Sarmayeh Bank,36
160,110_Bank Saderat Iran,32
